{"model_name": "triplet_model", "nr_test_samples": 221, "avg_rank": 7.3031674208144794, "top_10_acc": 90.49773755656109, "top_1_acc": 76.01809954751131}