{
  "type": "FeatureCollection",
  "crs": {
    "type": "name",
    "properties": {
      "name": "urn:ogc:def:crs:OGC:1.3:CRS84"
    }
  },
  "features": [
    {
      "type": "Feature",
      "properties": {
        "timestamp": "2026-06-04T03:50:14.473786",
        "country_name": "Brazil",
        "author": "",
        "author_id": "2a3ca5e9-f9c6-4790-88b8-c2742e7e1d87",
        "validated": false,
        "ranking": [
          [
            "Brazil",
            0.7369167804718018
          ],
          [
            "Venezuela",
            0.09089598804712296
          ],
          [
            "Lithuania",
            0.08738338947296143
          ],
          [
            "Bosnia & Herzegovina",
            0.025280242785811424
          ],
          [
            "Belgium",
            0.006108298897743225
          ],
          [
            "Iran",
            0.005448637995868921
          ],
          [
            "Costa Rica",
            0.0020008112769573927
          ],
          [
            "Sudan",
            0.001901008072309196
          ],
          [
            "Moldova",
            0.001838458701968193
          ],
          [
            "Ukraine",
            0.0016676179366186261
          ],
          [
            "Cambodia",
            0.0013739250134676695
          ],
          [
            "Martinique",
            0.0013520258944481611
          ],
          [
            "North Macedonia",
            0.0010620139073580503
          ],
          [
            "Paraguay",
            0.0010455111041665077
          ],
          [
            "Dominica",
            0.0010362851899117231
          ],
          [
            "Cape Verde",
            0.0010079428320750594
          ],
          [
            "Greenland",
            0.0009934523841366172
          ],
          [
            "Heard and McDonald Islands",
            0.0009648983832448721
          ],
          [
            "Saudi Arabia",
            0.0009065436315722764
          ],
          [
            "Côte d'Ivoire",
            0.0008792474400252104
          ],
          [
            "Burundi",
            0.0008360268548130989
          ],
          [
            "Suriname",
            0.00077111303107813
          ],
          [
            "Lesotho",
            0.0007672311621718109
          ],
          [
            "Iceland",
            0.0007603028207086027
          ],
          [
            "Nigeria",
            0.0007415679283440113
          ],
          [
            "Estonia",
            0.0007332877139560878
          ],
          [
            "Kenya",
            0.0007066312246024609
          ],
          [
            "Botswana",
            0.0006469797808676958
          ],
          [
            "Peru",
            0.0006457358249463141
          ],
          [
            "France",
            0.0006368144531734288
          ],
          [
            "French Guiana",
            0.0005946142482571304
          ],
          [
            "Namibia",
            0.0005784233217127621
          ],
          [
            "Sierra Leone",
            0.0005733573925681412
          ],
          [
            "Croatia",
            0.0005624500336125493
          ],
          [
            "Guinea",
            0.0005604025791399181
          ],
          [
            "Egypt",
            0.00055363291176036
          ],
          [
            "Gabon",
            0.000544635986443609
          ],
          [
            "Romania",
            0.000536226958502084
          ],
          [
            "Australia",
            0.0005147666088305414
          ],
          [
            "Reunion",
            0.0005051885964348912
          ],
          [
            "Ecuador",
            0.0004991154419258237
          ],
          [
            "Uganda",
            0.00041866835090331733
          ],
          [
            "Comoros",
            0.0004107084241695702
          ],
          [
            "Poland",
            0.00041063554817810655
          ],
          [
            "Armenia",
            0.0004096787888556719
          ],
          [
            "Rwanda",
            0.0003724274574778974
          ],
          [
            "Serbia",
            0.0003695397754199803
          ],
          [
            "Tanzania",
            0.00036705791717395186
          ],
          [
            "Angola",
            0.0003532675909809768
          ],
          [
            "Mali",
            0.00032100232783704996
          ],
          [
            "Colombia",
            0.0003113612183369696
          ],
          [
            "Kazakhstan",
            0.0003032049862667918
          ],
          [
            "Eswatini",
            0.0002971221983898431
          ],
          [
            "Solomon Islands",
            0.0002960191632155329
          ],
          [
            "Bulgaria",
            0.00028356086113490164
          ],
          [
            "Turkmenistan",
            0.00027763639809563756
          ],
          [
            "Liberia",
            0.00027633309946395457
          ],
          [
            "Guyana",
            0.00027459190459921956
          ],
          [
            "Uzbekistan",
            0.0002722384233493358
          ],
          [
            "Benin",
            0.00026217440608888865
          ],
          [
            "Latvia",
            0.0002516473177820444
          ],
          [
            "Syria",
            0.00023046827118378133
          ],
          [
            "Bahrain",
            0.00022686102602165192
          ],
          [
            "Libya",
            0.00021553171973209828
          ],
          [
            "Uruguay",
            0.00021420962002594024
          ],
          [
            "Burkina Faso",
            0.00020718193263746798
          ],
          [
            "Antigua & Barbuda",
            0.00020188755297567695
          ],
          [
            "Bangladesh",
            0.00019679787510540336
          ],
          [
            "Nicaragua",
            0.00019654352217912674
          ],
          [
            "Netherlands Antilles",
            0.00019128478015772998
          ],
          [
            "New Caledonia",
            0.00019040753250010312
          ],
          [
            "Zimbabwe",
            0.00018956793064717203
          ],
          [
            "Vietnam",
            0.0001827108790166676
          ],
          [
            "Madeira Islands",
            0.00018164343782700598
          ],
          [
            "Switzerland",
            0.00018146786896977574
          ],
          [
            "Spain",
            0.0001772621471900493
          ],
          [
            "Bolivia",
            0.00017615864635445178
          ],
          [
            "United States Virgin Islands",
            0.00016901087656151503
          ],
          [
            "Togo",
            0.00016350566875189543
          ],
          [
            "Azerbaijan",
            0.0001528494613012299
          ],
          [
            "South Sudan",
            0.00015160327893681824
          ],
          [
            "Hungary",
            0.0001451309653930366
          ],
          [
            "Equatorial Guinea",
            0.00013862103514838964
          ],
          [
            "Turkey",
            0.0001348181685898453
          ],
          [
            "Faroe Islands",
            0.00013287999900057912
          ],
          [
            "Mexico",
            0.00013136070629116148
          ],
          [
            "Guatemala",
            0.00013100041542202234
          ],
          [
            "Belarus",
            0.00012435700045898557
          ],
          [
            "Guadeloupe",
            0.00012421287829056382
          ],
          [
            "Czech Republic",
            0.00012095792772015557
          ],
          [
            "Italy",
            0.00011788333358708769
          ],
          [
            "Mayotte",
            0.00011721632472472265
          ],
          [
            "Malawi",
            0.00011365264799678698
          ],
          [
            "Vanuatu",
            0.00010562218085397035
          ],
          [
            "Niger",
            0.00010359170846641064
          ],
          [
            "Georgia",
            0.0001008390390779823
          ],
          [
            "Chile",
            0.00010010202822741121
          ],
          [
            "South Africa",
            9.852433868218213e-05
          ],
          [
            "United States of America",
            9.534382843412459e-05
          ],
          [
            "Algeria",
            9.47831867961213e-05
          ],
          [
            "Papua New Guinea",
            9.454971586819738e-05
          ],
          [
            "Zambia",
            9.36258802539669e-05
          ],
          [
            "Thailand",
            9.283333929488435e-05
          ],
          [
            "DR Congo",
            8.962550782598555e-05
          ],
          [
            "Malaysia",
            8.962260471889749e-05
          ],
          [
            "Svalbard",
            8.873827027855441e-05
          ],
          [
            "Turks and Caicos Islands",
            8.729571709409356e-05
          ],
          [
            "India",
            8.682744373800233e-05
          ],
          [
            "Guinea-Bissau",
            8.291930134873837e-05
          ],
          [
            "Yemen",
            8.289937250083312e-05
          ],
          [
            "Israel",
            7.887849642429501e-05
          ],
          [
            "Hong Kong",
            7.802022446412593e-05
          ],
          [
            "Tunisia",
            7.793678378220648e-05
          ],
          [
            "Myanmar",
            7.74714135332033e-05
          ],
          [
            "Montenegro",
            7.721193105680868e-05
          ],
          [
            "Belize",
            7.710450154263526e-05
          ],
          [
            "Austria",
            7.505621761083603e-05
          ],
          [
            "Bahamas",
            7.453451689798385e-05
          ],
          [
            "West Bank",
            7.361728057730943e-05
          ],
          [
            "Qatar",
            7.299828575924039e-05
          ],
          [
            "Ethiopia",
            7.17427465133369e-05
          ],
          [
            "Mongolia",
            7.015666051302105e-05
          ],
          [
            "Mauritania",
            7.012976857367903e-05
          ],
          [
            "United Arab Emirates",
            6.870344805065542e-05
          ],
          [
            "El Salvador",
            6.516919529531151e-05
          ],
          [
            "Laos",
            6.403719453373924e-05
          ],
          [
            "Germany",
            6.151729030534625e-05
          ],
          [
            "China",
            5.9359754231991246e-05
          ],
          [
            "Iraq",
            5.624185723718256e-05
          ],
          [
            "Fiji",
            5.5034564866218716e-05
          ],
          [
            "South Georgia Islands",
            5.400088775786571e-05
          ],
          [
            "Kuwait",
            5.3370844398159534e-05
          ],
          [
            "Finland",
            5.2116014558123425e-05
          ],
          [
            "Sri Lanka",
            5.134513776283711e-05
          ],
          [
            "South Korea",
            5.079827315057628e-05
          ],
          [
            "Puerto Rico",
            5.051903281128034e-05
          ],
          [
            "Albania",
            4.990114030078985e-05
          ],
          [
            "Bhutan",
            4.893755613011308e-05
          ],
          [
            "Chad",
            4.761582022183575e-05
          ],
          [
            "Senegal",
            4.693451046478003e-05
          ],
          [
            "Panama",
            4.639619874069467e-05
          ],
          [
            "Mozambique",
            4.316335616749711e-05
          ],
          [
            "New Zealand",
            4.1292794776381925e-05
          ],
          [
            "Djibouti",
            4.103652463527396e-05
          ],
          [
            "Indonesia",
            4.02463338105008e-05
          ],
          [
            "Jamaica",
            4.01587676606141e-05
          ],
          [
            "United Kingdom",
            3.8947644497966394e-05
          ],
          [
            "Jordan",
            3.851981819025241e-05
          ],
          [
            "Oman",
            3.6268524127081037e-05
          ],
          [
            "Portugal",
            3.553122587618418e-05
          ],
          [
            "Saint Lucia",
            3.482578176772222e-05
          ],
          [
            "Argentina",
            3.469020884949714e-05
          ],
          [
            "Central African Republic",
            3.452354212640785e-05
          ],
          [
            "Congo",
            3.448944698902778e-05
          ],
          [
            "Samoa",
            3.147507959511131e-05
          ],
          [
            "Greece",
            3.0881546990713105e-05
          ],
          [
            "Cuba",
            2.8991831641178578e-05
          ],
          [
            "Brunei",
            2.8541482606669888e-05
          ],
          [
            "Dominican Republic",
            2.8535714591271244e-05
          ],
          [
            "Ghana",
            2.8202723115100525e-05
          ],
          [
            "Sweden",
            2.771284016489517e-05
          ],
          [
            "Ireland",
            2.7199122996535152e-05
          ],
          [
            "Tajikistan",
            2.7036194296670146e-05
          ],
          [
            "Eritrea",
            2.639922604430467e-05
          ],
          [
            "Pakistan",
            2.470492836437188e-05
          ],
          [
            "Sao Tome and Principe",
            2.4501176085323095e-05
          ],
          [
            "Slovenia",
            2.4488746930728666e-05
          ],
          [
            "Somalia",
            2.3920645617181435e-05
          ],
          [
            "Barbados",
            2.3670208975090645e-05
          ],
          [
            "Honduras",
            2.332141957595013e-05
          ],
          [
            "Falkland Islands",
            2.317871621926315e-05
          ],
          [
            "Nepal",
            2.3106413209461607e-05
          ],
          [
            "Slovakia",
            2.296721504535526e-05
          ],
          [
            "Kyrgyzstan",
            2.1332431060727686e-05
          ],
          [
            "Russia",
            2.0700606910395436e-05
          ],
          [
            "Luxembourg",
            1.9620709281298332e-05
          ],
          [
            "Cameroon",
            1.8946913769468665e-05
          ],
          [
            "Isle of Man",
            1.6967616829788312e-05
          ],
          [
            "Canada",
            1.6794328985270113e-05
          ],
          [
            "Timor-Leste",
            1.6462996427435428e-05
          ],
          [
            "Taiwan",
            1.2796230294043198e-05
          ],
          [
            "Guam",
            1.144795442087343e-05
          ],
          [
            "Japan",
            1.0074631973111536e-05
          ],
          [
            "Netherlands",
            9.763812158780638e-06
          ],
          [
            "Philippines",
            9.096516805584542e-06
          ],
          [
            "Gambia",
            6.980104444664903e-06
          ],
          [
            "Haiti",
            6.96818597134552e-06
          ],
          [
            "Afghanistan",
            6.9131015152379405e-06
          ],
          [
            "Trinidad and Tobago",
            6.884154117869912e-06
          ],
          [
            "Palau",
            6.864866463729413e-06
          ],
          [
            "Western Sahara",
            6.797647074563429e-06
          ],
          [
            "Norway",
            6.6846819208876695e-06
          ],
          [
            "North Korea",
            6.374821623467142e-06
          ],
          [
            "Cyprus",
            6.358270638884278e-06
          ],
          [
            "Denmark",
            5.450438493426191e-06
          ],
          [
            "Madagascar",
            4.953432380716549e-06
          ],
          [
            "Morocco",
            4.718959189631278e-06
          ],
          [
            "Lebanon",
            1.9106398667645408e-06
          ],
          [
            "Kiribati",
            1.6219040617215796e-06
          ]
        ]
      },
      "geometry": {
        "type": "MultiLineString",
        "coordinates": [
          [
            [
              22.01689189189193,
              61.898648648648646
            ],
            [
              22.625,
              61.898648648648646
            ],
            [
              23.131756756756772,
              61.898648648648646
            ],
            [
              23.33445945945948,
              61.59459459459458
            ],
            [
              23.131756756756772,
              61.29054054054052
            ],
            [
              23.33445945945948,
              60.783783783783804
            ],
            [
              23.841216216216253,
              60.378378378378386
            ],
            [
              23.942567567567608,
              60.07432432432432
            ],
            [
              23.638513513513544,
              60.581081081081095
            ],
            [
              23.435810810810835,
              60.88513513513516
            ],
            [
              23.233108108108127,
              61.18918918918922
            ],
            [
              23.33445945945948,
              61.59459459459458
            ],
            [
              22.929054054054063,
              62.0
            ],
            [
              22.21959459459464,
              61.69594594594594
            ],
            [
              21.81418918918922,
              61.18918918918922
            ],
            [
              21.206081081081095,
              60.98648648648651
            ],
            [
              21.611486486486513,
              60.88513513513516
            ],
            [
              21.003378378378386,
              60.783783783783804
            ],
            [
              20.395270270270316,
              60.378378378378386
            ],
            [
              19.483108108108127,
              60.17567567567568
            ],
            [
              18.875,
              59.871621621621614
            ],
            [
              19.58445945945948,
              60.17567567567568
            ],
            [
              19.9898648648649,
              60.27702702702703
            ],
            [
              20.90202702702703,
              60.47972972972974
            ],
            [
              20.192567567567608,
              60.27702702702703
            ],
            [
              21.003378378378386,
              60.581081081081095
            ],
            [
              21.10472972972974,
              60.88513513513516
            ],
            [
              21.81418918918922,
              61.08783783783787
            ],
            [
              22.21959459459464,
              61.39189189189187
            ],
            [
              22.21959459459464,
              61.79729729729729
            ]
          ],
          [
            [
              16.03716216216219,
              60.378378378378386
            ],
            [
              16.645270270270316,
              60.378378378378386
            ],
            [
              17.15202702702703,
              60.07432432432432
            ],
            [
              17.962837837837867,
              59.97297297297297
            ],
            [
              17.658783783783804,
              59.871621621621614
            ],
            [
              18.469594594594582,
              59.668918918918905
            ],
            [
              18.26689189189193,
              59.97297297297297
            ],
            [
              17.35472972972974,
              60.07432432432432
            ],
            [
              16.746621621621614,
              60.47972972972974
            ],
            [
              16.03716216216219,
              60.17567567567568
            ],
            [
              16.746621621621614,
              59.77027027027026
            ],
            [
              16.2398648648649,
              60.07432432432432
            ],
            [
              16.2398648648649,
              60.47972972972974
            ]
          ],
          [
            [
              36.10472972972974,
              60.27702702702703
            ],
            [
              36.61148648648651,
              60.17567567567568
            ],
            [
              36.915540540540576,
              59.668918918918905
            ],
            [
              36.915540540540576,
              59.060810810810835
            ],
            [
              37.01689189189193,
              58.55405405405406
            ],
            [
              37.118243243243285,
              58.148648648648646
            ],
            [
              37.42229729729729,
              57.64189189189187
            ],
            [
              37.42229729729729,
              57.13513513513516
            ],
            [
              37.625,
              56.831081081081095
            ],
            [
              38.13175675675677,
              56.52702702702703
            ],
            [
              38.638513513513544,
              56.32432432432432
            ],
            [
              38.7398648648649,
              55.716216216216196
            ],
            [
              38.53716216216219,
              55.41216216216219
            ],
            [
              38.13175675675677,
              55.00675675675677
            ],
            [
              38.03040540540542,
              54.601351351351354
            ],
            [
              37.92905405405406,
              54.29729729729729
            ],
            [
              38.435810810810835,
              54.398648648648646
            ],
            [
              38.23310810810813,
              54.09459459459458
            ],
            [
              38.84121621621625,
              54.19594594594594
            ],
            [
              39.04391891891896,
              53.89189189189187
            ],
            [
              38.03040540540542,
              53.99324324324323
            ],
            [
              37.42229729729729,
              53.689189189189165
            ],
            [
              37.625,
              54.29729729729729
            ],
            [
              37.21959459459458,
              53.689189189189165
            ],
            [
              37.523648648648646,
              53.48648648648651
            ],
            [
              36.915540540540576,
              53.283783783783804
            ],
            [
              37.726351351351354,
              53.48648648648651
            ],
            [
              38.33445945945948,
              53.689189189189165
            ],
            [
              38.84121621621625,
              53.689189189189165
            ],
            [
              39.44932432432432,
              53.79054054054052
            ],
            [
              38.53716216216219,
              53.48648648648651
            ],
            [
              39.04391891891896,
              53.58783783783787
            ],
            [
              39.65202702702703,
              53.689189189189165
            ],
            [
              38.94256756756761,
              53.38513513513516
            ],
            [
              39.55067567567568,
              53.48648648648651
            ],
            [
              40.665540540540576,
              53.38513513513516
            ],
            [
              41.17229729729729,
              53.081081081081095
            ],
            [
              40.96959459459458,
              52.57432432432432
            ],
            [
              40.665540540540576,
              52.06756756756755
            ],
            [
              40.56418918918922,
              51.763513513513544
            ],
            [
              40.05743243243245,
              51.560810810810835
            ],
            [
              39.34797297297297,
              51.35810810810813
            ],
            [
              38.435810810810835,
              51.05405405405406
            ],
            [
              37.523648648648646,
              51.560810810810835
            ],
            [
              36.51013513513516,
              51.763513513513544
            ],
            [
              36.61148648648651,
              52.77702702702703
            ],
            [
              37.118243243243285,
              53.18243243243245
            ],
            [
              38.03040540540542,
              53.283783783783804
            ],
            [
              37.523648648648646,
              53.18243243243245
            ],
            [
              36.51013513513516,
              52.97972972972974
            ],
            [
              36.206081081081095,
              52.67567567567568
            ],
            [
              36.81418918918922,
              52.878378378378386
            ],
            [
              37.42229729729729,
              53.081081081081095
            ],
            [
              37.92905405405406,
              52.878378378378386
            ],
            [
              37.625,
              52.47297297297297
            ],
            [
              37.625,
              51.966216216216196
            ],
            [
              37.32094594594594,
              51.66216216216219
            ],
            [
              37.625,
              51.25675675675677
            ],
            [
              38.53716216216219,
              50.95270270270271
            ],
            [
              39.34797297297297,
              51.15540540540542
            ],
            [
              40.46283783783787,
              51.560810810810835
            ],
            [
              41.07094594594594,
              52.06756756756755
            ],
            [
              41.67905405405406,
              52.77702702702703
            ],
            [
              42.388513513513544,
              52.97972972972974
            ],
            [
              42.69256756756761,
              52.77702702702703
            ],
            [
              41.98310810810813,
              52.67567567567568
            ],
            [
              41.375,
              52.27027027027026
            ],
            [
              41.17229729729729,
              51.86486486486484
            ],
            [
              40.46283783783787,
              51.15540540540542
            ],
            [
              39.85472972972974,
              51.25675675675677
            ],
            [
              39.44932432432432,
              50.851351351351354
            ],
            [
              38.84121621621625,
              50.851351351351354
            ],
            [
              38.33445945945948,
              50.851351351351354
            ],
            [
              37.625,
              50.95270270270271
            ],
            [
              38.03040540540542,
              50.648648648648646
            ],
            [
              37.625,
              50.851351351351354
            ],
            [
              38.33445945945948,
              50.75
            ],
            [
              38.84121621621625,
              50.75
            ],
            [
              39.34797297297297,
              50.75
            ],
            [
              38.84121621621625,
              50.851351351351354
            ],
            [
              39.753378378378386,
              50.851351351351354
            ],
            [
              40.46283783783787,
              51.05405405405406
            ],
            [
              39.65202702702703,
              50.75
            ],
            [
              39.956081081081095,
              50.851351351351354
            ],
            [
              39.55067567567568,
              50.851351351351354
            ],
            [
              39.85472972972974,
              51.25675675675677
            ],
            [
              40.665540540540576,
              51.25675675675677
            ],
            [
              41.273648648648646,
              52.168918918918905
            ],
            [
              41.78040540540542,
              52.67567567567568
            ],
            [
              42.69256756756761,
              52.67567567567568
            ],
            [
              41.88175675675677,
              52.67567567567568
            ],
            [
              42.79391891891896,
              52.77702702702703
            ],
            [
              43.503378378378386,
              52.67567567567568
            ],
            [
              43.706081081081095,
              52.371621621621614
            ],
            [
              44.11148648648651,
              52.27027027027026
            ],
            [
              44.415540540540576,
              52.06756756756755
            ],
            [
              45.125,
              51.966216216216196
            ],
            [
              44.82094594594594,
              51.86486486486484
            ],
            [
              45.63175675675677,
              51.66216216216219
            ],
            [
              45.935810810810835,
              51.45945945945948
            ],
            [
              46.54391891891896,
              51.25675675675677
            ],
            [
              46.84797297297297,
              51.05405405405406
            ],
            [
              47.05067567567568,
              50.75
            ],
            [
              47.253378378378386,
              50.34459459459458
            ],
            [
              47.15202702702703,
              49.83783783783787
            ],
            [
              46.84797297297297,
              49.43243243243245
            ],
            [
              47.15202702702703,
              49.331081081081095
            ],
            [
              48.06418918918922,
              49.73648648648651
            ],
            [
              48.875,
              50.14189189189187
            ],
            [
              48.57094594594594,
              49.83783783783787
            ],
            [
              47.86148648648651,
              49.533783783783804
            ],
            [
              47.15202702702703,
              49.128378378378386
            ],
            [
              47.456081081081095,
              49.43243243243245
            ],
            [
              48.368243243243285,
              49.73648648648651
            ],
            [
              48.976351351351354,
              50.04054054054052
            ],
            [
              49.48310810810813,
              49.939189189189165
            ],
            [
              49.9898648648649,
              49.63513513513516
            ],
            [
              50.395270270270316,
              49.43243243243245
            ],
            [
              51.206081081081095,
              49.43243243243245
            ],
            [
              51.61148648648651,
              49.128378378378386
            ],
            [
              52.523648648648646,
              49.22972972972974
            ],
            [
              53.33445945945948,
              49.331081081081095
            ],
            [
              53.84121621621625,
              49.22972972972974
            ],
            [
              52.82770270270271,
              49.22972972972974
            ],
            [
              53.84121621621625,
              49.22972972972974
            ],
            [
              54.24662162162167,
              49.02702702702703
            ],
            [
              54.753378378378386,
              48.92567567567568
            ],
            [
              55.26013513513516,
              48.52027027027026
            ],
            [
              55.665540540540576,
              48.216216216216196
            ],
            [
              56.07094594594594,
              48.013513513513544
            ],
            [
              56.57770270270271,
              47.70945945945948
            ],
            [
              56.98310810810813,
              47.30405405405406
            ],
            [
              57.28716216216219,
              47.0
            ],
            [
              57.59121621621625,
              46.69594594594594
            ],
            [
              58.30067567567568,
              46.189189189189165
            ],
            [
              59.11148648648651,
              45.88513513513516
            ],
            [
              60.023648648648646,
              45.98648648648651
            ],
            [
              60.32770270270271,
              45.783783783783804
            ],
            [
              60.63175675675677,
              45.68243243243245
            ],
            [
              61.03716216216219,
              45.47972972972974
            ],
            [
              61.2398648648649,
              44.97297297297297
            ],
            [
              61.34121621621625,
              44.263513513513544
            ],
            [
              61.54391891891896,
              43.85810810810813
            ],
            [
              61.44256756756761,
              43.45270270270271
            ],
            [
              61.74662162162167,
              43.148648648648646
            ],
            [
              61.74662162162167,
              42.439189189189165
            ],
            [
              61.645270270270316,
              41.93243243243245
            ],
            [
              61.54391891891896,
              41.52702702702703
            ],
            [
              61.54391891891896,
              41.121621621621614
            ],
            [
              61.44256756756761,
              40.716216216216196
            ],
            [
              61.2398648648649,
              40.20945945945948
            ],
            [
              61.138513513513544,
              39.80405405405406
            ],
            [
              60.83445945945948,
              39.398648648648646
            ],
            [
              60.53040540540542,
              39.09459459459458
            ],
            [
              60.32770270270271,
              38.79054054054052
            ],
            [
              60.023648648648646,
              38.38513513513516
            ],
            [
              59.21283783783787,
              37.67567567567568
            ],
            [
              58.908783783783804,
              37.27027027027026
            ],
            [
              58.503378378378386,
              36.966216216216196
            ],
            [
              58.40202702702703,
              36.66216216216219
            ],
            [
              57.4898648648649,
              35.24324324324323
            ],
            [
              57.28716216216219,
              34.83783783783787
            ],
            [
              56.78040540540542,
              34.331081081081095
            ],
            [
              56.273648648648646,
              34.02702702702703
            ],
            [
              55.868243243243285,
              34.02702702702703
            ],
            [
              55.76689189189193,
              33.621621621621614
            ],
            [
              55.56418918918922,
              32.91216216216219
            ],
            [
              55.46283783783787,
              32.20270270270271
            ],
            [
              55.56418918918922,
              31.898648648648646
            ],
            [
              55.36148648648651,
              31.189189189189165
            ],
            [
              55.36148648648651,
              30.378378378378386
            ],
            [
              55.56418918918922,
              29.871621621621614
            ],
            [
              55.665540540540576,
              29.3648648648649
            ],
            [
              55.36148648648651,
              28.858108108108127
            ],
            [
              55.36148648648651,
              28.25
            ],
            [
              55.05743243243245,
              27.743243243243228
            ],
            [
              55.158783783783804,
              27.439189189189165
            ],
            [
              55.158783783783804,
              26.831081081081095
            ],
            [
              54.753378378378386,
              26.425675675675677
            ],
            [
              54.65202702702703,
              26.121621621621614
            ],
            [
              54.44932432432432,
              25.716216216216196
            ],
            [
              54.34797297297297,
              25.20945945945948
            ],
            [
              54.34797297297297,
              24.601351351351354
            ],
            [
              54.24662162162167,
              23.891891891891873
            ],
            [
              54.145270270270316,
              23.58783783783781
            ],
            [
              53.94256756756761,
              23.283783783783804
            ],
            [
              53.435810810810835,
              22.77702702702703
            ],
            [
              53.23310810810813,
              22.168918918918905
            ],
            [
              52.726351351351354,
              21.763513513513544
            ],
            [
              52.523648648648646,
              21.358108108108127
            ],
            [
              52.32094594594594,
              21.054054054054063
            ],
            [
              52.32094594594594,
              20.648648648648646
            ],
            [
              52.523648648648646,
              20.344594594594582
            ],
            [
              51.71283783783787,
              19.736486486486513
            ],
            [
              51.30743243243245,
              19.43243243243245
            ],
            [
              51.10472972972974,
              18.925675675675677
            ],
            [
              50.29391891891896,
              18.621621621621614
            ],
            [
              49.48310810810813,
              18.52027027027026
            ],
            [
              50.19256756756761,
              18.621621621621614
            ],
            [
              50.80067567567568,
              18.621621621621614
            ],
            [
              51.30743243243245,
              19.43243243243245
            ],
            [
              52.118243243243285,
              19.83783783783781
            ],
            [
              52.523648648648646,
              20.243243243243228
            ],
            [
              52.32094594594594,
              20.54729729729729
            ],
            [
              52.32094594594594,
              21.054054054054063
            ],
            [
              52.625,
              21.45945945945948
            ],
            [
              52.92905405405406,
              21.8648648648649
            ],
            [
              53.33445945945948,
              22.168918918918905
            ],
            [
              53.53716216216219,
              22.675675675675677
            ],
            [
              53.7398648648649,
              23.18243243243245
            ],
            [
              53.94256756756761,
              23.58783783783781
            ],
            [
              54.34797297297297,
              24.195945945945937
            ],
            [
              54.24662162162167,
              24.905405405405418
            ],
            [
              54.44932432432432,
              25.513513513513544
            ],
            [
              54.34797297297297,
              25.918918918918905
            ],
            [
              54.65202702702703,
              26.324324324324323
            ],
            [
              55.158783783783804,
              26.831081081081095
            ],
            [
              55.05743243243245,
              27.33783783783781
            ],
            [
              55.158783783783804,
              27.844594594594582
            ],
            [
              55.36148648648651,
              28.351351351351354
            ],
            [
              55.36148648648651,
              28.858108108108127
            ],
            [
              55.56418918918922,
              29.263513513513544
            ],
            [
              55.56418918918922,
              29.77027027027026
            ],
            [
              55.46283783783787,
              30.378378378378386
            ],
            [
              55.36148648648651,
              30.885135135135158
            ],
            [
              55.36148648648651,
              31.493243243243228
            ],
            [
              55.46283783783787,
              32.0
            ],
            [
              55.36148648648651,
              32.50675675675677
            ],
            [
              55.665540540540576,
              32.91216216216219
            ],
            [
              55.665540540540576,
              33.418918918918905
            ],
            [
              55.76689189189193,
              33.72297297297297
            ],
            [
              55.96959459459464,
              34.22972972972974
            ],
            [
              56.17229729729729,
              33.92567567567568
            ],
            [
              56.57770270270271,
              33.92567567567568
            ],
            [
              56.17229729729729,
              34.02702702702703
            ],
            [
              56.07094594594594,
              34.43243243243245
            ],
            [
              56.375,
              33.92567567567568
            ],
            [
              56.67905405405406,
              34.128378378378386
            ],
            [
              56.78040540540542,
              34.43243243243245
            ],
            [
              57.185810810810835,
              34.73648648648651
            ],
            [
              57.28716216216219,
              35.04054054054052
            ],
            [
              57.59121621621625,
              35.34459459459458
            ],
            [
              57.69256756756761,
              35.648648648648646
            ],
            [
              57.99662162162167,
              36.05405405405406
            ],
            [
              58.30067567567568,
              36.45945945945948
            ],
            [
              58.40202702702703,
              36.763513513513544
            ],
            [
              58.60472972972974,
              37.168918918918905
            ],
            [
              59.21283783783787,
              37.57432432432432
            ],
            [
              59.51689189189193,
              37.77702702702703
            ],
            [
              59.82094594594594,
              38.18243243243245
            ],
            [
              60.125,
              38.79054054054052
            ],
            [
              60.73310810810813,
              39.19594594594594
            ],
            [
              61.03716216216219,
              39.601351351351354
            ],
            [
              61.138513513513544,
              40.00675675675677
            ],
            [
              61.34121621621625,
              40.41216216216219
            ],
            [
              61.54391891891896,
              40.918918918918905
            ],
            [
              61.54391891891896,
              41.52702702702703
            ],
            [
              61.645270270270316,
              41.831081081081095
            ],
            [
              61.847972972973025,
              42.33783783783787
            ],
            [
              61.74662162162167,
              42.64189189189187
            ],
            [
              61.74662162162167,
              43.25
            ],
            [
              61.54391891891896,
              43.55405405405406
            ],
            [
              61.44256756756761,
              44.16216216216219
            ],
            [
              61.34121621621625,
              44.466216216216196
            ],
            [
              61.2398648648649,
              44.77027027027026
            ],
            [
              61.03716216216219,
              45.378378378378386
            ],
            [
              60.83445945945948,
              45.68243243243245
            ],
            [
              60.32770270270271,
              45.88513513513516
            ],
            [
              59.71959459459464,
              45.783783783783804
            ],
            [
              59.31418918918922,
              45.88513513513516
            ],
            [
              58.60472972972974,
              45.98648648648651
            ],
            [
              58.19932432432432,
              46.29054054054052
            ],
            [
              57.69256756756761,
              46.59459459459458
            ],
            [
              57.28716216216219,
              46.898648648648646
            ],
            [
              56.98310810810813,
              47.101351351351354
            ],
            [
              56.88175675675677,
              47.40540540540542
            ],
            [
              56.57770270270271,
              47.60810810810813
            ],
            [
              56.07094594594594,
              48.11486486486484
            ],
            [
              55.76689189189193,
              48.31756756756755
            ],
            [
              55.158783783783804,
              48.52027027027026
            ],
            [
              54.65202702702703,
              48.82432432432432
            ],
            [
              54.24662162162167,
              49.02702702702703
            ],
            [
              53.94256756756761,
              49.22972972972974
            ],
            [
              53.33445945945948,
              49.331081081081095
            ],
            [
              52.523648648648646,
              49.128378378378386
            ],
            [
              51.915540540540576,
              49.02702702702703
            ],
            [
              52.21959459459464,
              49.22972972972974
            ],
            [
              51.61148648648651,
              49.128378378378386
            ],
            [
              51.30743243243245,
              49.43243243243245
            ],
            [
              50.90202702702703,
              49.43243243243245
            ],
            [
              50.19256756756761,
              49.533783783783804
            ],
            [
              49.78716216216219,
              49.73648648648651
            ],
            [
              49.28040540540542,
              49.939189189189165
            ],
            [
              48.976351351351354,
              50.14189189189187
            ],
            [
              48.06418918918922,
              49.73648648648651
            ],
            [
              47.35472972972974,
              49.533783783783804
            ],
            [
              46.84797297297297,
              49.22972972972974
            ],
            [
              47.05067567567568,
              49.63513513513516
            ],
            [
              47.253378378378386,
              50.04054054054052
            ],
            [
              47.05067567567568,
              50.44594594594594
            ],
            [
              46.94932432432432,
              50.851351351351354
            ],
            [
              46.44256756756761,
              51.25675675675677
            ],
            [
              45.73310810810813,
              51.45945945945948
            ],
            [
              45.42905405405406,
              51.86486486486484
            ],
            [
              45.023648648648646,
              51.966216216216196
            ],
            [
              44.415540540540576,
              52.168918918918905
            ],
            [
              44.11148648648651,
              52.371621621621614
            ],
            [
              43.706081081081095,
              52.57432432432432
            ],
            [
              43.40202702702703,
              52.67567567567568
            ],
            [
              42.895270270270316,
              52.878378378378386
            ],
            [
              42.08445945945948,
              52.878378378378386
            ],
            [
              41.273648648648646,
              52.371621621621614
            ],
            [
              40.76689189189193,
              51.45945945945948
            ],
            [
              40.26013513513516,
              51.35810810810813
            ],
            [
              39.85472972972974,
              51.35810810810813
            ],
            [
              39.34797297297297,
              50.95270270270271
            ],
            [
              38.638513513513544,
              50.95270270270271
            ],
            [
              37.82770270270271,
              51.15540540540542
            ],
            [
              37.523648648648646,
              51.35810810810813
            ],
            [
              37.726351351351354,
              51.66216216216219
            ],
            [
              37.625,
              52.06756756756755
            ],
            [
              37.625,
              52.57432432432432
            ],
            [
              38.03040540540542,
              52.97972972972974
            ],
            [
              37.523648648648646,
              53.081081081081095
            ],
            [
              37.118243243243285,
              52.67567567567568
            ],
            [
              36.71283783783787,
              52.57432432432432
            ],
            [
              37.21959459459458,
              52.47297297297297
            ],
            [
              36.81418918918922,
              52.67567567567568
            ],
            [
              37.32094594594594,
              53.081081081081095
            ],
            [
              36.81418918918922,
              52.878378378378386
            ],
            [
              36.30743243243245,
              52.67567567567568
            ],
            [
              36.003378378378386,
              52.371621621621614
            ],
            [
              36.003378378378386,
              51.86486486486484
            ],
            [
              36.71283783783787,
              51.763513513513544
            ],
            [
              35.69932432432432,
              51.560810810810835
            ],
            [
              35.19256756756761,
              51.35810810810813
            ],
            [
              35.80067567567568,
              51.35810810810813
            ],
            [
              35.09121621621625,
              51.25675675675677
            ],
            [
              35.29391891891896,
              51.560810810810835
            ],
            [
              36.10472972972974,
              51.560810810810835
            ],
            [
              35.80067567567568,
              51.763513513513544
            ],
            [
              36.10472972972974,
              51.966216216216196
            ],
            [
              36.10472972972974,
              52.47297297297297
            ],
            [
              37.118243243243285,
              53.081081081081095
            ],
            [
              37.92905405405406,
              53.18243243243245
            ],
            [
              37.118243243243285,
              53.18243243243245
            ],
            [
              36.51013513513516,
              52.878378378378386
            ],
            [
              36.51013513513516,
              52.27027027027026
            ],
            [
              36.915540540540576,
              51.966216216216196
            ],
            [
              37.726351351351354,
              51.35810810810813
            ],
            [
              38.7398648648649,
              51.05405405405406
            ],
            [
              39.44932432432432,
              51.45945945945948
            ],
            [
              39.956081081081095,
              51.66216216216219
            ],
            [
              40.56418918918922,
              51.86486486486484
            ],
            [
              40.76689189189193,
              52.371621621621614
            ],
            [
              40.96959459459458,
              52.878378378378386
            ],
            [
              41.07094594594594,
              53.38513513513516
            ],
            [
              40.26013513513516,
              53.48648648648651
            ],
            [
              39.44932432432432,
              53.48648648648651
            ],
            [
              38.53716216216219,
              53.38513513513516
            ],
            [
              39.145270270270316,
              53.689189189189165
            ],
            [
              38.435810810810835,
              53.58783783783787
            ],
            [
              37.726351351351354,
              53.48648648648651
            ],
            [
              36.915540540540576,
              53.283783783783804
            ],
            [
              37.523648648648646,
              53.48648648648651
            ],
            [
              36.915540540540576,
              53.48648648648651
            ],
            [
              37.42229729729729,
              54.29729729729729
            ],
            [
              37.21959459459458,
              53.79054054054052
            ],
            [
              39.24662162162167,
              53.99324324324323
            ],
            [
              38.84121621621625,
              54.19594594594594
            ],
            [
              38.13175675675677,
              54.19594594594594
            ],
            [
              38.53716216216219,
              54.601351351351354
            ],
            [
              37.726351351351354,
              54.398648648648646
            ],
            [
              38.13175675675677,
              55.10810810810813
            ],
            [
              38.435810810810835,
              55.41216216216219
            ],
            [
              38.84121621621625,
              55.81756756756755
            ],
            [
              38.7398648648649,
              56.22297297297297
            ],
            [
              38.435810810810835,
              56.52702702702703
            ],
            [
              37.82770270270271,
              56.628378378378386
            ],
            [
              37.523648648648646,
              57.033783783783804
            ],
            [
              37.42229729729729,
              57.439189189189165
            ],
            [
              37.32094594594594,
              57.94594594594594
            ],
            [
              37.118243243243285,
              58.351351351351354
            ],
            [
              37.01689189189193,
              58.75675675675677
            ],
            [
              37.01689189189193,
              59.16216216216219
            ],
            [
              37.01689189189193,
              59.56756756756755
            ],
            [
              36.71283783783787,
              60.07432432432432
            ],
            [
              36.30743243243245,
              60.17567567567568
            ],
            [
              35.80067567567568,
              59.77027027027026
            ],
            [
              35.395270270270316,
              58.95945945945948
            ],
            [
              34.9898648648649,
              58.65540540540542
            ],
            [
              34.888513513513544,
              58.25
            ],
            [
              34.685810810810835,
              57.74324324324323
            ],
            [
              34.48310810810813,
              57.33783783783787
            ],
            [
              33.773648648648646,
              57.13513513513516
            ],
            [
              33.06418918918922,
              57.23648648648651
            ],
            [
              32.55743243243245,
              57.13513513513516
            ],
            [
              31.84797297297297,
              57.13513513513516
            ],
            [
              30.935810810810835,
              57.74324324324323
            ],
            [
              30.023648648648646,
              57.54054054054052
            ],
            [
              29.415540540540576,
              57.439189189189165
            ],
            [
              29.415540540540576,
              56.93243243243245
            ],
            [
              28.908783783783804,
              56.72972972972974
            ],
            [
              28.09797297297297,
              56.628378378378386
            ],
            [
              27.28716216216219,
              56.628378378378386
            ],
            [
              28.199324324324323,
              56.52702702702703
            ],
            [
              27.692567567567608,
              56.72972972972974
            ],
            [
              27.08445945945948,
              56.32432432432432
            ],
            [
              26.17229729729729,
              56.22297297297297
            ],
            [
              25.868243243243285,
              56.02027027027026
            ],
            [
              26.679054054054063,
              56.22297297297297
            ],
            [
              25.868243243243285,
              56.02027027027026
            ],
            [
              25.462837837837867,
              55.716216216216196
            ],
            [
              24.550675675675677,
              56.02027027027026
            ],
            [
              23.841216216216253,
              56.628378378378386
            ],
            [
              23.53716216216219,
              57.439189189189165
            ],
            [
              23.7398648648649,
              56.628378378378386
            ],
            [
              24.550675675675677,
              55.918918918918905
            ],
            [
              24.246621621621614,
              56.121621621621614
            ],
            [
              23.7398648648649,
              56.72972972972974
            ],
            [
              24.449324324324323,
              56.121621621621614
            ],
            [
              24.956081081081095,
              55.918918918918905
            ],
            [
              25.361486486486513,
              55.61486486486484
            ],
            [
              24.85472972972974,
              55.81756756756755
            ],
            [
              25.462837837837867,
              55.716216216216196
            ],
            [
              25.96959459459464,
              56.121621621621614
            ],
            [
              26.57770270270271,
              56.32432432432432
            ],
            [
              27.08445945945948,
              56.42567567567568
            ],
            [
              28.09797297297297,
              56.628378378378386
            ],
            [
              29.010135135135158,
              56.52702702702703
            ],
            [
              29.415540540540576,
              56.93243243243245
            ],
            [
              29.31418918918922,
              57.33783783783787
            ],
            [
              29.92229729729729,
              57.439189189189165
            ],
            [
              30.83445945945948,
              57.64189189189187
            ],
            [
              31.543918918918962,
              57.23648648648651
            ],
            [
              32.05067567567568,
              56.93243243243245
            ],
            [
              31.2398648648649,
              57.439189189189165
            ],
            [
              30.32770270270271,
              57.439189189189165
            ],
            [
              31.341216216216253,
              57.54054054054052
            ],
            [
              32.35472972972974,
              56.93243243243245
            ],
            [
              32.76013513513516,
              57.23648648648651
            ],
            [
              33.67229729729729,
              57.033783783783804
            ],
            [
              34.28040540540542,
              57.13513513513516
            ],
            [
              33.26689189189193,
              57.13513513513516
            ],
            [
              32.96283783783787,
              57.33783783783787
            ],
            [
              33.67229729729729,
              57.13513513513516
            ],
            [
              34.28040540540542,
              57.23648648648651
            ],
            [
              34.78716216216219,
              57.94594594594594
            ],
            [
              34.9898648648649,
              58.45270270270271
            ],
            [
              35.29391891891896,
              58.85810810810813
            ],
            [
              35.69932432432432,
              59.36486486486484
            ],
            [
              35.90202702702703,
              59.871621621621614
            ],
            [
              36.206081081081095,
              60.17567567567568
            ]
          ],
          [
            [
              16.746621621621614,
              59.060810810810835
            ],
            [
              16.645270270270316,
              58.351351351351354
            ],
            [
              16.746621621621614,
              58.85810810810813
            ]
          ],
          [
            [
              16.746621621621614,
              57.74324324324323
            ],
            [
              17.253378378378386,
              57.54054054054052
            ],
            [
              17.760135135135158,
              57.54054054054052
            ],
            [
              17.050675675675677,
              57.439189189189165
            ],
            [
              17.962837837837867,
              57.54054054054052
            ],
            [
              17.658783783783804,
              57.13513513513516
            ],
            [
              17.050675675675677,
              56.831081081081095
            ],
            [
              16.949324324324323,
              56.42567567567568
            ],
            [
              16.442567567567608,
              56.02027027027026
            ],
            [
              15.631756756756772,
              55.716216216216196
            ],
            [
              15.429054054054063,
              55.41216216216219
            ],
            [
              14.922297297297291,
              55.10810810810813
            ],
            [
              14.314189189189221,
              55.310810810810835
            ],
            [
              14.71959459459464,
              55.00675675675677
            ],
            [
              14.111486486486513,
              55.20945945945948
            ],
            [
              13.097972972972968,
              55.41216216216219
            ],
            [
              12.185810810810835,
              56.02027027027026
            ],
            [
              11.780405405405418,
              57.033783783783804
            ],
            [
              12.185810810810835,
              56.72972972972974
            ],
            [
              12.185810810810835,
              55.81756756756755
            ],
            [
              12.185810810810835,
              56.72972972972974
            ],
            [
              11.375,
              56.72972972972974
            ],
            [
              10.665540540540576,
              56.72972972972974
            ],
            [
              10.361486486486513,
              56.52702702702703
            ],
            [
              9.347972972972968,
              56.42567567567568
            ],
            [
              8.435810810810835,
              56.42567567567568
            ],
            [
              9.652027027027032,
              56.32432432432432
            ],
            [
              10.564189189189221,
              56.42567567567568
            ],
            [
              9.85472972972974,
              56.32432432432432
            ],
            [
              8.841216216216253,
              56.32432432432432
            ],
            [
              8.030405405405418,
              56.02027027027026
            ],
            [
              8.030405405405418,
              55.513513513513544
            ],
            [
              8.334459459459481,
              55.20945945945948
            ],
            [
              9.043918918918962,
              55.10810810810813
            ],
            [
              8.942567567567608,
              54.70270270270271
            ],
            [
              8.233108108108127,
              54.601351351351354
            ],
            [
              8.942567567567608,
              54.601351351351354
            ],
            [
              8.233108108108127,
              54.5
            ],
            [
              7.827702702702709,
              54.09459459459458
            ],
            [
              7.726351351351354,
              53.58783783783787
            ],
            [
              7.827702702702709,
              53.283783783783804
            ],
            [
              8.334459459459481,
              52.97972972972974
            ],
            [
              8.334459459459481,
              52.27027027027026
            ],
            [
              8.638513513513544,
              51.966216216216196
            ],
            [
              8.638513513513544,
              51.45945945945948
            ],
            [
              8.638513513513544,
              51.05405405405406
            ],
            [
              8.53716216216219,
              50.648648648648646
            ],
            [
              8.334459459459481,
              50.04054054054052
            ],
            [
              8.233108108108127,
              49.63513513513516
            ],
            [
              8.334459459459481,
              49.22972972972974
            ],
            [
              8.233108108108127,
              48.82432432432432
            ],
            [
              8.131756756756772,
              48.31756756756755
            ],
            [
              8.131756756756772,
              47.91216216216219
            ],
            [
              8.030405405405418,
              47.40540540540542
            ],
            [
              6.915540540540576,
              47.30405405405406
            ],
            [
              6.611486486486513,
              47.20270270270271
            ],
            [
              7.219594594594639,
              47.20270270270271
            ],
            [
              7.523648648648646,
              47.0
            ],
            [
              7.320945945945937,
              47.30405405405406
            ],
            [
              7.827702702702709,
              47.30405405405406
            ],
            [
              7.929054054054063,
              47.60810810810813
            ],
            [
              8.131756756756772,
              48.11486486486484
            ],
            [
              8.131756756756772,
              48.52027027027026
            ],
            [
              8.334459459459481,
              49.02702702702703
            ],
            [
              8.233108108108127,
              49.43243243243245
            ],
            [
              8.435810810810835,
              49.83783783783787
            ],
            [
              8.435810810810835,
              50.34459459459458
            ],
            [
              8.53716216216219,
              50.75
            ],
            [
              8.739864864864899,
              51.25675675675677
            ],
            [
              8.435810810810835,
              52.06756756756755
            ],
            [
              8.334459459459481,
              52.371621621621614
            ],
            [
              8.435810810810835,
              52.878378378378386
            ],
            [
              7.929054054054063,
              53.18243243243245
            ],
            [
              7.827702702702709,
              53.58783783783787
            ],
            [
              7.827702702702709,
              53.99324324324323
            ],
            [
              7.827702702702709,
              54.398648648648646
            ],
            [
              8.638513513513544,
              54.80405405405406
            ],
            [
              9.043918918918962,
              54.90540540540542
            ],
            [
              8.841216216216253,
              55.20945945945948
            ],
            [
              8.030405405405418,
              55.20945945945948
            ],
            [
              7.929054054054063,
              55.918918918918905
            ],
            [
              8.233108108108127,
              56.32432432432432
            ],
            [
              8.942567567567608,
              56.42567567567568
            ],
            [
              9.85472972972974,
              56.42567567567568
            ],
            [
              10.868243243243285,
              56.42567567567568
            ],
            [
              11.273648648648646,
              56.42567567567568
            ],
            [
              10.564189189189221,
              56.628378378378386
            ],
            [
              11.070945945945937,
              56.52702702702703
            ],
            [
              11.679054054054063,
              56.93243243243245
            ],
            [
              12.185810810810835,
              56.42567567567568
            ],
            [
              12.489864864864899,
              55.61486486486484
            ],
            [
              13.199324324324323,
              55.20945945945948
            ],
            [
              14.010135135135158,
              55.00675675675677
            ],
            [
              13.402027027027032,
              55.10810810810813
            ],
            [
              12.692567567567608,
              55.61486486486484
            ],
            [
              13.199324324324323,
              55.310810810810835
            ],
            [
              14.111486486486513,
              55.20945945945948
            ],
            [
              14.922297297297291,
              55.10810810810813
            ],
            [
              15.226351351351354,
              55.41216216216219
            ],
            [
              15.834459459459481,
              55.81756756756755
            ],
            [
              16.2398648648649,
              55.918918918918905
            ],
            [
              16.746621621621614,
              56.22297297297297
            ],
            [
              16.949324324324323,
              56.72972972972974
            ],
            [
              17.35472972972974,
              56.831081081081095
            ],
            [
              17.658783783783804,
              57.033783783783804
            ],
            [
              17.962837837837867,
              57.54054054054052
            ],
            [
              17.35472972972974,
              57.54054054054052
            ],
            [
              16.746621621621614,
              57.84459459459458
            ]
          ],
          [
            [
              5.091216216216253,
              46.59459459459458
            ],
            [
              4.584459459459481,
              46.59459459459458
            ],
            [
              3.7736486486486456,
              45.98648648648651
            ],
            [
              3.5709459459459367,
              45.68243243243245
            ],
            [
              3.5709459459459367,
              45.17567567567568
            ],
            [
              3.2668918918919303,
              44.77027027027026
            ],
            [
              3.0641891891892215,
              44.36486486486484
            ],
            [
              3.165540540540576,
              43.85810810810813
            ],
            [
              2.760135135135158,
              43.351351351351354
            ],
            [
              2.253378378378386,
              42.94594594594594
            ],
            [
              2.3547297297297405,
              42.54054054054052
            ],
            [
              2.253378378378386,
              42.23648648648651
            ],
            [
              2.1520270270270316,
              41.93243243243245
            ],
            [
              2.456081081081095,
              41.72972972972974
            ],
            [
              2.6587837837838038,
              41.32432432432432
            ],
            [
              2.760135135135158,
              40.918918918918905
            ],
            [
              3.0641891891892215,
              40.41216216216219
            ],
            [
              3.3682432432432847,
              40.00675675675677
            ],
            [
              3.3682432432432847,
              39.601351351351354
            ],
            [
              3.672297297297291,
              39.398648648648646
            ],
            [
              4.280405405405418,
              39.19594594594594
            ],
            [
              4.4831081081081265,
              38.89189189189187
            ],
            [
              4.685810810810835,
              38.48648648648651
            ],
            [
              5.091216216216253,
              38.283783783783804
            ],
            [
              5.902027027027032,
              38.38513513513516
            ],
            [
              6.8141891891892215,
              39.09459459459458
            ],
            [
              6.915540540540576,
              38.38513513513516
            ],
            [
              6.8141891891892215,
              37.97972972972974
            ],
            [
              6.915540540540576,
              37.57432432432432
            ],
            [
              6.8141891891892215,
              37.06756756756755
            ],
            [
              7.320945945945937,
              36.763513513513544
            ],
            [
              8.131756756756772,
              36.966216216216196
            ],
            [
              7.625,
              36.763513513513544
            ],
            [
              8.435810810810835,
              36.86486486486484
            ],
            [
              8.942567567567608,
              36.86486486486484
            ],
            [
              9.652027027027032,
              36.763513513513544
            ],
            [
              10.564189189189221,
              37.168918918918905
            ],
            [
              11.375,
              37.47297297297297
            ],
            [
              12.388513513513544,
              38.18243243243245
            ],
            [
              13.402027027027032,
              38.58783783783787
            ],
            [
              14.314189189189221,
              38.689189189189165
            ],
            [
              14.820945945945937,
              38.689189189189165
            ],
            [
              13.80743243243245,
              38.58783783783787
            ],
            [
              14.314189189189221,
              38.58783783783787
            ],
            [
              14.922297297297291,
              38.38513513513516
            ],
            [
              14.922297297297291,
              37.77702702702703
            ],
            [
              14.922297297297291,
              37.27027027027026
            ],
            [
              15.023648648648646,
              36.86486486486484
            ],
            [
              14.922297297297291,
              36.35810810810813
            ],
            [
              15.125,
              35.95270270270271
            ],
            [
              15.226351351351354,
              35.648648648648646
            ],
            [
              15.631756756756772,
              35.44594594594594
            ],
            [
              15.733108108108127,
              35.14189189189187
            ],
            [
              16.138513513513544,
              34.939189189189165
            ],
            [
              16.2398648648649,
              34.63513513513516
            ],
            [
              16.84797297297297,
              34.533783783783804
            ],
            [
              17.15202702702703,
              34.63513513513516
            ],
            [
              17.760135135135158,
              34.43243243243245
            ],
            [
              18.368243243243285,
              34.22972972972974
            ],
            [
              18.570945945945937,
              33.92567567567568
            ],
            [
              19.179054054054063,
              33.82432432432432
            ],
            [
              19.685810810810835,
              33.52027027027026
            ],
            [
              19.9898648648649,
              33.216216216216196
            ],
            [
              20.59797297297297,
              33.11486486486484
            ],
            [
              21.408783783783804,
              33.11486486486484
            ],
            [
              20.90202702702703,
              33.013513513513544
            ],
            [
              21.712837837837867,
              33.013513513513544
            ],
            [
              22.01689189189193,
              32.810810810810835
            ],
            [
              21.611486486486513,
              33.013513513513544
            ],
            [
              20.800675675675677,
              33.11486486486484
            ],
            [
              19.9898648648649,
              33.31756756756755
            ],
            [
              19.58445945945948,
              33.621621621621614
            ],
            [
              19.07770270270271,
              33.82432432432432
            ],
            [
              18.570945945945937,
              34.128378378378386
            ],
            [
              18.165540540540576,
              34.43243243243245
            ],
            [
              17.456081081081095,
              34.63513513513516
            ],
            [
              16.746621621621614,
              34.533783783783804
            ],
            [
              16.138513513513544,
              34.73648648648651
            ],
            [
              16.03716216216219,
              35.14189189189187
            ],
            [
              15.631756756756772,
              35.44594594594594
            ],
            [
              15.226351351351354,
              35.75
            ],
            [
              15.023648648648646,
              36.25675675675677
            ],
            [
              14.922297297297291,
              36.763513513513544
            ],
            [
              14.820945945945937,
              37.27027027027026
            ],
            [
              14.922297297297291,
              37.77702702702703
            ],
            [
              14.922297297297291,
              38.689189189189165
            ],
            [
              14.415540540540576,
              38.689189189189165
            ],
            [
              13.402027027027032,
              38.48648648648651
            ],
            [
              12.996621621621614,
              38.38513513513516
            ],
            [
              12.28716216216219,
              37.97972972972974
            ],
            [
              12.793918918918962,
              38.283783783783804
            ],
            [
              12.388513513513544,
              38.18243243243245
            ],
            [
              11.577702702702709,
              37.47297297297297
            ],
            [
              10.665540540540576,
              37.168918918918905
            ],
            [
              10.260135135135158,
              36.763513513513544
            ],
            [
              10.868243243243285,
              37.27027027027026
            ],
            [
              11.577702702702709,
              37.57432432432432
            ],
            [
              11.070945945945937,
              37.371621621621614
            ],
            [
              10.158783783783804,
              36.763513513513544
            ],
            [
              9.85472972972974,
              36.66216216216219
            ],
            [
              9.145270270270316,
              36.86486486486484
            ],
            [
              8.334459459459481,
              36.86486486486484
            ],
            [
              7.726351351351354,
              36.86486486486484
            ],
            [
              6.915540540540576,
              36.966216216216196
            ],
            [
              6.915540540540576,
              37.47297297297297
            ],
            [
              6.8141891891892215,
              37.878378378378386
            ],
            [
              7.01689189189193,
              38.38513513513516
            ],
            [
              7.118243243243285,
              39.09459459459458
            ],
            [
              6.206081081081095,
              38.48648648648651
            ],
            [
              5.3952702702702595,
              38.18243243243245
            ],
            [
              6.510135135135158,
              38.689189189189165
            ],
            [
              7.01689189189193,
              39.19594594594594
            ],
            [
              6.1047297297297405,
              38.48648648648651
            ],
            [
              5.1925675675676075,
              38.283783783783804
            ],
            [
              4.584459459459481,
              38.48648648648651
            ],
            [
              4.4831081081081265,
              39.09459459459458
            ],
            [
              3.9763513513513544,
              39.398648648648646
            ],
            [
              3.3682432432432847,
              39.29729729729729
            ],
            [
              3.469594594594639,
              39.80405405405406
            ],
            [
              3.2668918918919303,
              40.310810810810835
            ],
            [
              2.8614864864865126,
              40.716216216216196
            ],
            [
              2.5574324324324493,
              41.22297297297297
            ],
            [
              2.3547297297297405,
              41.628378378378386
            ],
            [
              2.253378378378386,
              42.33783783783787
            ],
            [
              2.253378378378386,
              42.84459459459458
            ],
            [
              2.6587837837838038,
              43.351351351351354
            ],
            [
              3.0641891891892215,
              43.65540540540542
            ],
            [
              3.165540540540576,
              44.263513513513544
            ],
            [
              3.165540540540576,
              44.77027027027026
            ],
            [
              3.469594594594639,
              45.27702702702703
            ],
            [
              3.672297297297291,
              45.88513513513516
            ],
            [
              4.4831081081081265,
              46.39189189189187
            ],
            [
              4.989864864864899,
              46.59459459459458
            ]
          ],
          [
            [
              22.82770270270271,
              31.08783783783781
            ],
            [
              22.82770270270271,
              30.68243243243245
            ],
            [
              22.523648648648646,
              30.378378378378386
            ],
            [
              22.82770270270271,
              29.97297297297297
            ],
            [
              22.82770270270271,
              29.56756756756755
            ],
            [
              22.929054054054063,
              29.060810810810835
            ],
            [
              23.233108108108127,
              28.858108108108127
            ],
            [
              24.043918918918962,
              28.95945945945948
            ],
            [
              23.7398648648649,
              28.858108108108127
            ],
            [
              24.65202702702703,
              28.858108108108127
            ],
            [
              25.462837837837867,
              28.858108108108127
            ],
            [
              25.158783783783804,
              28.756756756756772
            ],
            [
              24.753378378378386,
              28.756756756756772
            ],
            [
              25.665540540540576,
              28.655405405405418
            ],
            [
              25.665540540540576,
              27.945945945945937
            ],
            [
              25.665540540540576,
              27.439189189189165
            ],
            [
              25.96959459459464,
              27.135135135135158
            ],
            [
              26.476351351351354,
              26.93243243243245
            ],
            [
              26.679054054054063,
              26.52702702702703
            ],
            [
              26.780405405405418,
              26.121621621621614
            ],
            [
              26.983108108108127,
              25.716216216216196
            ],
            [
              26.679054054054063,
              25.310810810810835
            ],
            [
              26.780405405405418,
              24.905405405405418
            ],
            [
              26.57770270270271,
              24.398648648648646
            ],
            [
              26.273648648648646,
              23.993243243243228
            ],
            [
              26.17229729729729,
              23.486486486486513
            ],
            [
              26.273648648648646,
              23.081081081081095
            ],
            [
              26.17229729729729,
              22.675675675675677
            ],
            [
              26.375,
              22.06756756756755
            ],
            [
              26.476351351351354,
              21.45945945945948
            ],
            [
              26.375,
              20.851351351351354
            ],
            [
              26.476351351351354,
              20.445945945945937
            ],
            [
              26.375,
              19.939189189189165
            ],
            [
              26.881756756756772,
              19.736486486486513
            ],
            [
              27.895270270270316,
              19.635135135135158
            ],
            [
              27.185810810810835,
              19.736486486486513
            ],
            [
              26.375,
              19.736486486486513
            ],
            [
              26.476351351351354,
              20.243243243243228
            ],
            [
              26.476351351351354,
              20.648648648648646
            ],
            [
              26.476351351351354,
              21.155405405405418
            ],
            [
              26.375,
              21.66216216216219
            ],
            [
              26.273648648648646,
              22.168918918918905
            ],
            [
              26.070945945945937,
              22.574324324324323
            ],
            [
              26.375,
              23.081081081081095
            ],
            [
              26.17229729729729,
              23.486486486486513
            ],
            [
              26.476351351351354,
              24.094594594594582
            ],
            [
              26.679054054054063,
              24.601351351351354
            ],
            [
              26.780405405405418,
              25.108108108108127
            ],
            [
              26.780405405405418,
              25.513513513513544
            ],
            [
              26.780405405405418,
              26.02027027027026
            ],
            [
              26.679054054054063,
              26.425675675675677
            ],
            [
              26.375,
              26.831081081081095
            ],
            [
              25.96959459459464,
              27.135135135135158
            ],
            [
              25.665540540540576,
              27.54054054054052
            ],
            [
              25.56418918918922,
              27.945945945945937
            ],
            [
              25.76689189189193,
              28.351351351351354
            ],
            [
              25.76689189189193,
              28.756756756756772
            ],
            [
              25.260135135135158,
              28.858108108108127
            ],
            [
              24.449324324324323,
              28.858108108108127
            ],
            [
              23.7398648648649,
              28.95945945945948
            ],
            [
              23.131756756756772,
              28.95945945945948
            ],
            [
              22.82770270270271,
              29.263513513513544
            ],
            [
              22.82770270270271,
              29.77027027027026
            ],
            [
              22.726351351351354,
              30.074324324324323
            ],
            [
              22.523648648648646,
              30.47972972972974
            ],
            [
              22.82770270270271,
              30.783783783783804
            ],
            [
              22.82770270270271,
              31.189189189189165
            ]
          ],
          [
            [
              28.706081081081095,
              19.83783783783781
            ],
            [
              28.09797297297297,
              19.635135135135158
            ],
            [
              28.80743243243245,
              19.736486486486513
            ],
            [
              28.300675675675677,
              19.635135135135158
            ],
            [
              28.706081081081095,
              19.939189189189165
            ]
          ],
          [
            [
              29.51689189189193,
              19.43243243243245
            ],
            [
              29.820945945945937,
              19.128378378378386
            ],
            [
              29.92229729729729,
              18.824324324324323
            ],
            [
              29.71959459459464,
              19.331081081081095
            ]
          ],
          [
            [
              48.875,
              18.824324324324323
            ],
            [
              48.67229729729729,
              18.418918918918905
            ],
            [
              47.658783783783804,
              18.52027027027026
            ],
            [
              47.05067567567568,
              18.418918918918905
            ],
            [
              47.05067567567568,
              18.013513513513544
            ],
            [
              46.03716216216219,
              17.810810810810835
            ],
            [
              45.63175675675677,
              17.304054054054063
            ],
            [
              44.71959459459458,
              17.304054054054063
            ],
            [
              44.21283783783787,
              16.898648648648646
            ],
            [
              43.80743243243245,
              16.79729729729729
            ],
            [
              42.99662162162167,
              16.29054054054052
            ],
            [
              42.69256756756761,
              15.986486486486513
            ],
            [
              42.28716216216219,
              15.68243243243245
            ],
            [
              41.88175675675677,
              15.47972972972974
            ],
            [
              41.57770270270271,
              14.972972972972968
            ],
            [
              41.273648648648646,
              14.668918918918905
            ],
            [
              40.868243243243285,
              14.263513513513544
            ],
            [
              40.76689189189193,
              13.756756756756772
            ],
            [
              40.76689189189193,
              13.351351351351354
            ],
            [
              40.56418918918922,
              12.945945945945937
            ],
            [
              40.76689189189193,
              12.641891891891873
            ],
            [
              40.76689189189193,
              12.033783783783804
            ],
            [
              40.76689189189193,
              11.222972972972968
            ],
            [
              40.665540540540576,
              10.614864864864842
            ],
            [
              40.46283783783787,
              10.310810810810835
            ],
            [
              40.158783783783804,
              9.804054054054063
            ],
            [
              39.753378378378386,
              9.398648648648646
            ],
            [
              39.44932432432432,
              9.094594594594582
            ],
            [
              39.145270270270316,
              8.891891891891873
            ],
            [
              38.94256756756761,
              8.486486486486513
            ],
            [
              38.53716216216219,
              7.9797297297297405
            ],
            [
              38.33445945945948,
              7.574324324324323
            ],
            [
              38.13175675675677,
              7.168918918918905
            ],
            [
              38.33445945945948,
              7.777027027027032
            ],
            [
              38.638513513513544,
              8.081081081081095
            ],
            [
              38.94256756756761,
              8.486486486486513
            ],
            [
              39.24662162162167,
              8.891891891891873
            ],
            [
              39.44932432432432,
              9.195945945945937
            ],
            [
              40.05743243243245,
              9.601351351351354
            ],
            [
              40.36148648648651,
              9.905405405405418
            ],
            [
              40.56418918918922,
              10.41216216216219
            ],
            [
              40.76689189189193,
              10.918918918918905
            ],
            [
              40.76689189189193,
              11.72972972972974
            ],
            [
              40.76689189189193,
              12.641891891891873
            ],
            [
              40.56418918918922,
              13.047297297297291
            ],
            [
              40.665540540540576,
              13.554054054054063
            ],
            [
              40.868243243243285,
              14.263513513513544
            ],
            [
              41.375,
              14.77027027027026
            ],
            [
              41.78040540540542,
              15.175675675675677
            ],
            [
              42.08445945945948,
              15.581081081081095
            ],
            [
              42.4898648648649,
              15.986486486486513
            ],
            [
              43.19932432432432,
              16.29054054054052
            ],
            [
              43.908783783783804,
              16.79729729729729
            ],
            [
              44.51689189189193,
              17.20270270270271
            ],
            [
              45.53040540540542,
              17.20270270270271
            ],
            [
              45.83445945945948,
              16.898648648648646
            ],
            [
              45.53040540540542,
              17.20270270270271
            ],
            [
              45.83445945945948,
              17.304054054054063
            ],
            [
              45.83445945945948,
              17.70945945945948
            ],
            [
              46.54391891891896,
              17.91216216216219
            ],
            [
              46.94932432432432,
              18.216216216216196
            ],
            [
              47.15202702702703,
              18.52027027027026
            ],
            [
              48.26689189189193,
              18.52027027027026
            ],
            [
              48.57094594594594,
              18.418918918918905
            ],
            [
              48.06418918918922,
              18.418918918918905
            ],
            [
              47.456081081081095,
              18.418918918918905
            ],
            [
              48.165540540540576,
              18.621621621621614
            ],
            [
              49.17905405405406,
              18.418918918918905
            ],
            [
              48.875,
              18.925675675675677
            ]
          ],
          [
            [
              30.023648648648646,
              18.013513513513544
            ],
            [
              30.125,
              17.608108108108127
            ],
            [
              30.226351351351354,
              17.101351351351354
            ],
            [
              30.935810810810835,
              17.0
            ],
            [
              31.341216216216253,
              17.101351351351354
            ],
            [
              31.84797297297297,
              16.79729729729729
            ],
            [
              32.05067567567568,
              16.29054054054052
            ],
            [
              32.05067567567568,
              15.783783783783804
            ],
            [
              31.949324324324323,
              15.378378378378386
            ],
            [
              31.645270270270316,
              14.871621621621614
            ],
            [
              31.84797297297297,
              14.56756756756755
            ],
            [
              32.55743243243245,
              14.364864864864899
            ],
            [
              32.76013513513516,
              13.858108108108127
            ],
            [
              32.86148648648651,
              13.351351351351354
            ],
            [
              32.76013513513516,
              12.844594594594582
            ],
            [
              32.96283783783787,
              12.439189189189165
            ],
            [
              32.35472972972974,
              12.033783783783804
            ],
            [
              31.2398648648649,
              11.527027027027032
            ],
            [
              31.645270270270316,
              11.628378378378386
            ],
            [
              31.138513513513544,
              11.222972972972968
            ],
            [
              30.226351351351354,
              10.81756756756755
            ],
            [
              29.820945945945937,
              10.513513513513544
            ],
            [
              29.618243243243285,
              10.108108108108127
            ],
            [
              29.212837837837867,
              9.804054054054063
            ],
            [
              28.503378378378386,
              9.094594594594582
            ],
            [
              27.895270270270316,
              8.385135135135158
            ],
            [
              27.692567567567608,
              8.081081081081095
            ],
            [
              27.28716216216219,
              7.777027027027032
            ],
            [
              27.185810810810835,
              7.472972972972968
            ],
            [
              28.09797297297297,
              7.675675675675677
            ],
            [
              28.40202702702703,
              7.371621621621614
            ],
            [
              28.80743243243245,
              6.966216216216196
            ],
            [
              29.212837837837867,
              6.560810810810835
            ],
            [
              29.415540540540576,
              6.155405405405418
            ],
            [
              30.226351351351354,
              6.459459459459481
            ],
            [
              29.51689189189193,
              6.054054054054063
            ],
            [
              30.023648648648646,
              6.3581081081081265
            ],
            [
              30.429054054054063,
              6.054054054054063
            ],
            [
              30.733108108108127,
              5.75
            ],
            [
              31.2398648648649,
              5.648648648648646
            ],
            [
              31.84797297297297,
              5.1418918918918735
            ],
            [
              32.253378378378386,
              4.83783783783781
            ],
            [
              32.76013513513516,
              4.533783783783804
            ],
            [
              33.06418918918922,
              4.128378378378386
            ],
            [
              33.46959459459458,
              3.824324324324323
            ],
            [
              33.46959459459458,
              3.3175675675675507
            ],
            [
              33.26689189189193,
              3.0135135135135442
            ],
            [
              33.06418918918922,
              2.6081081081081265
            ],
            [
              33.26689189189193,
              2.202702702702709
            ],
            [
              34.17905405405406,
              2.6081081081081265
            ],
            [
              34.685810810810835,
              3.418918918918905
            ],
            [
              35.09121621621625,
              4.331081081081095
            ],
            [
              35.19256756756761,
              5.1418918918918735
            ],
            [
              35.69932432432432,
              5.75
            ],
            [
              36.30743243243245,
              6.3581081081081265
            ],
            [
              36.71283783783787,
              7.168918918918905
            ],
            [
              37.32094594594594,
              7.2702702702702595
            ],
            [
              37.726351351351354,
              7.168918918918905
            ],
            [
              37.523648648648646,
              6.66216216216219
            ],
            [
              37.92905405405406,
              6.763513513513544
            ],
            [
              37.523648648648646,
              6.459459459459481
            ],
            [
              37.21959459459458,
              6.256756756756772
            ],
            [
              36.81418918918922,
              5.851351351351354
            ],
            [
              37.32094594594594,
              5.952702702702709
            ],
            [
              36.71283783783787,
              5.547297297297291
            ],
            [
              36.408783783783804,
              5.344594594594582
            ],
            [
              35.90202702702703,
              5.040540540540519
            ],
            [
              35.29391891891896,
              5.040540540540519
            ],
            [
              35.90202702702703,
              4.939189189189165
            ],
            [
              35.395270270270316,
              4.83783783783781
            ],
            [
              35.69932432432432,
              4.736486486486513
            ],
            [
              35.29391891891896,
              4.533783783783804
            ],
            [
              34.9898648648649,
              3.925675675675677
            ],
            [
              35.29391891891896,
              4.635135135135158
            ],
            [
              35.59797297297297,
              4.736486486486513
            ],
            [
              35.19256756756761,
              4.83783783783781
            ],
            [
              35.90202702702703,
              4.83783783783781
            ],
            [
              36.206081081081095,
              5.040540540540519
            ],
            [
              35.59797297297297,
              4.939189189189165
            ],
            [
              35.19256756756761,
              5.040540540540519
            ],
            [
              35.80067567567568,
              5.040540540540519
            ],
            [
              36.408783783783804,
              5.1418918918918735
            ],
            [
              36.51013513513516,
              5.445945945945937
            ],
            [
              37.01689189189193,
              5.648648648648646
            ],
            [
              36.71283783783787,
              5.75
            ],
            [
              37.01689189189193,
              6.155405405405418
            ],
            [
              37.32094594594594,
              6.256756756756772
            ],
            [
              37.625,
              6.459459459459481
            ],
            [
              37.523648648648646,
              6.763513513513544
            ],
            [
              37.726351351351354,
              7.067567567567551
            ],
            [
              37.32094594594594,
              7.168918918918905
            ],
            [
              37.625,
              7.371621621621614
            ],
            [
              37.21959459459458,
              7.168918918918905
            ],
            [
              36.81418918918922,
              7.067567567567551
            ],
            [
              36.51013513513516,
              6.560810810810835
            ],
            [
              36.30743243243245,
              6.054054054054063
            ],
            [
              35.90202702702703,
              5.851351351351354
            ],
            [
              35.19256756756761,
              5.1418918918918735
            ],
            [
              35.09121621621625,
              4.331081081081095
            ],
            [
              34.78716216216219,
              3.5202702702702595
            ],
            [
              34.48310810810813,
              2.8108108108108354
            ],
            [
              33.875,
              2.3040540540540633
            ],
            [
              33.368243243243285,
              2.0
            ],
            [
              33.773648648648646,
              2.3040540540540633
            ],
            [
              34.58445945945948,
              2.91216216216219
            ],
            [
              34.78716216216219,
              3.621621621621614
            ],
            [
              34.38175675675677,
              2.8108108108108354
            ],
            [
              33.67229729729729,
              2.3040540540540633
            ],
            [
              33.06418918918922,
              2.3040540540540633
            ],
            [
              33.06418918918922,
              2.709459459459481
            ],
            [
              33.368243243243285,
              3.0135135135135442
            ],
            [
              33.46959459459458,
              3.3175675675675507
            ],
            [
              33.67229729729729,
              3.7229729729729684
            ],
            [
              33.165540540540576,
              4.027027027027032
            ],
            [
              32.86148648648651,
              4.2297297297297405
            ],
            [
              32.658783783783804,
              4.635135135135158
            ],
            [
              32.253378378378386,
              4.939189189189165
            ],
            [
              31.645270270270316,
              5.1418918918918735
            ],
            [
              31.341216216216253,
              5.547297297297291
            ],
            [
              30.935810810810835,
              5.75
            ],
            [
              30.429054054054063,
              6.054054054054063
            ],
            [
              30.125,
              6.459459459459481
            ],
            [
              29.415540540540576,
              6.256756756756772
            ],
            [
              29.212837837837867,
              6.763513513513544
            ],
            [
              28.706081081081095,
              7.067567567567551
            ],
            [
              28.40202702702703,
              7.472972972972968
            ],
            [
              27.793918918918962,
              7.574324324324323
            ],
            [
              27.388513513513544,
              7.371621621621614
            ],
            [
              27.08445945945948,
              7.574324324324323
            ],
            [
              27.4898648648649,
              8.081081081081095
            ],
            [
              27.895270270270316,
              8.385135135135158
            ],
            [
              28.300675675675677,
              8.891891891891873
            ],
            [
              28.80743243243245,
              9.297297297297291
            ],
            [
              29.111486486486513,
              9.804054054054063
            ],
            [
              29.618243243243285,
              10.108108108108127
            ],
            [
              30.023648648648646,
              10.513513513513544
            ],
            [
              30.429054054054063,
              10.918918918918905
            ],
            [
              31.03716216216219,
              11.222972972972968
            ],
            [
              31.645270270270316,
              11.72972972972974
            ],
            [
              32.35472972972974,
              12.033783783783804
            ],
            [
              32.86148648648651,
              12.33783783783781
            ],
            [
              32.86148648648651,
              12.844594594594582
            ],
            [
              32.86148648648651,
              13.351351351351354
            ],
            [
              32.658783783783804,
              13.858108108108127
            ],
            [
              32.55743243243245,
              14.364864864864899
            ],
            [
              31.84797297297297,
              14.466216216216196
            ],
            [
              31.645270270270316,
              14.77027027027026
            ],
            [
              31.949324324324323,
              15.074324324324323
            ],
            [
              32.05067567567568,
              15.581081081081095
            ],
            [
              32.15202702702703,
              16.08783783783781
            ],
            [
              32.05067567567568,
              16.493243243243228
            ],
            [
              31.84797297297297,
              17.0
            ],
            [
              31.138513513513544,
              17.0
            ],
            [
              30.631756756756772,
              16.898648648648646
            ],
            [
              30.125,
              17.20270270270271
            ],
            [
              30.125,
              17.70945945945948
            ],
            [
              30.023648648648646,
              18.1148648648649
            ]
          ],
          [
            [
              29.415540540540576,
              19.43243243243245
            ],
            [
              29.71959459459464,
              19.128378378378386
            ],
            [
              30.023648648648646,
              19.02702702702703
            ],
            [
              30.32770270270271,
              18.72297297297297
            ]
          ],
          [
            [
              30.32770270270271,
              17.810810810810835
            ],
            [
              30.226351351351354,
              18.1148648648649
            ],
            [
              29.92229729729729,
              18.418918918918905
            ],
            [
              29.618243243243285,
              18.72297297297297
            ],
            [
              29.415540540540576,
              19.02702702702703
            ],
            [
              29.111486486486513,
              19.128378378378386
            ],
            [
              29.010135135135158,
              19.43243243243245
            ]
          ]
        ]
      }
    }
  ]
}