{
  "type": "FeatureCollection",
  "crs": {
    "type": "name",
    "properties": {
      "name": "urn:ogc:def:crs:OGC:1.3:CRS84"
    }
  },
  "features": [
    {
      "type": "Feature",
      "properties": {
        "timestamp": "2026-07-18T12:22:53.040940",
        "country_name": "Canada",
        "author": "",
        "author_id": "b119df33-0557-4dd3-bc61-b321859c3e95",
        "validated": false,
        "ranking": [
          [
            "Canada",
            0.26310813426971436
          ],
          [
            "Greece",
            0.03408323973417282
          ],
          [
            "Bangladesh",
            0.033532656729221344
          ],
          [
            "Mozambique",
            0.02729315310716629
          ],
          [
            "Croatia",
            0.026901576668024063
          ],
          [
            "Thailand",
            0.026369580999016762
          ],
          [
            "Ireland",
            0.024413449689745903
          ],
          [
            "Philippines",
            0.021421518176794052
          ],
          [
            "United Kingdom",
            0.020784536376595497
          ],
          [
            "Svalbard",
            0.019529325887560844
          ],
          [
            "Peru",
            0.018107721582055092
          ],
          [
            "Guyana",
            0.01783565990626812
          ],
          [
            "Greenland",
            0.017468350008130074
          ],
          [
            "Denmark",
            0.01497453823685646
          ],
          [
            "Papua New Guinea",
            0.013741853646934032
          ],
          [
            "Guadeloupe",
            0.011786696501076221
          ],
          [
            "Somalia",
            0.010011827573180199
          ],
          [
            "Falkland Islands",
            0.008125629276037216
          ],
          [
            "France",
            0.007896175608038902
          ],
          [
            "South Korea",
            0.007611761335283518
          ],
          [
            "Faroe Islands",
            0.0075754509307444096
          ],
          [
            "Benin",
            0.00745127908885479
          ],
          [
            "Switzerland",
            0.007297158241271973
          ],
          [
            "Finland",
            0.007223142776638269
          ],
          [
            "Congo",
            0.007105694152414799
          ],
          [
            "Serbia",
            0.0068276431411504745
          ],
          [
            "Togo",
            0.006665474735200405
          ],
          [
            "Russia",
            0.006605610717087984
          ],
          [
            "Fiji",
            0.0064399647526443005
          ],
          [
            "Senegal",
            0.006373696029186249
          ],
          [
            "Vietnam",
            0.006319284904748201
          ],
          [
            "Tajikistan",
            0.006229149643331766
          ],
          [
            "Rwanda",
            0.006140992045402527
          ],
          [
            "Italy",
            0.006054820027202368
          ],
          [
            "Tunisia",
            0.0055458820424973965
          ],
          [
            "Belize",
            0.005477811209857464
          ],
          [
            "Romania",
            0.0052798897959291935
          ],
          [
            "Sweden",
            0.005042008589953184
          ],
          [
            "Hong Kong",
            0.004918845370411873
          ],
          [
            "Jordan",
            0.004833828192204237
          ],
          [
            "Albania",
            0.0047928644344210625
          ],
          [
            "North Korea",
            0.004784370306879282
          ],
          [
            "Burundi",
            0.004654343705624342
          ],
          [
            "Cameroon",
            0.004652461502701044
          ],
          [
            "Argentina",
            0.004618510603904724
          ],
          [
            "Malawi",
            0.004443950951099396
          ],
          [
            "Myanmar",
            0.003971514757722616
          ],
          [
            "Belarus",
            0.003968758042901754
          ],
          [
            "Azerbaijan",
            0.0038322624750435352
          ],
          [
            "Guinea-Bissau",
            0.003827959531918168
          ],
          [
            "Spain",
            0.0037459738086909056
          ],
          [
            "Netherlands",
            0.0037110208068042994
          ],
          [
            "Qatar",
            0.003659393871203065
          ],
          [
            "Burkina Faso",
            0.003615105291828513
          ],
          [
            "Namibia",
            0.0034822735469788313
          ],
          [
            "Germany",
            0.0034652920439839363
          ],
          [
            "Portugal",
            0.0034646443091332912
          ],
          [
            "Sri Lanka",
            0.0033978784922510386
          ],
          [
            "Angola",
            0.003303112694993615
          ],
          [
            "Mauritania",
            0.003170241368934512
          ],
          [
            "India",
            0.003090306418016553
          ],
          [
            "Guatemala",
            0.00306618120521307
          ],
          [
            "Ukraine",
            0.003008774947375059
          ],
          [
            "Saudi Arabia",
            0.002973999595269561
          ],
          [
            "China",
            0.002913819393143058
          ],
          [
            "French Guiana",
            0.0028309118933975697
          ],
          [
            "South Africa",
            0.002782688243314624
          ],
          [
            "Laos",
            0.0027543166652321815
          ],
          [
            "Moldova",
            0.0027107822243124247
          ],
          [
            "Gabon",
            0.0027008524630218744
          ],
          [
            "Iceland",
            0.0026530579198151827
          ],
          [
            "Vanuatu",
            0.0026120850816369057
          ],
          [
            "Norway",
            0.00259660673327744
          ],
          [
            "Indonesia",
            0.0025772452354431152
          ],
          [
            "North Macedonia",
            0.0025561407674103975
          ],
          [
            "New Zealand",
            0.00231758039444685
          ],
          [
            "Mayotte",
            0.0022971162106841803
          ],
          [
            "South Sudan",
            0.0022939201444387436
          ],
          [
            "Colombia",
            0.0022804923355579376
          ],
          [
            "Brunei",
            0.0022566942498087883
          ],
          [
            "Ghana",
            0.0022354754619300365
          ],
          [
            "Oman",
            0.002159493276849389
          ],
          [
            "South Georgia Islands",
            0.0021571055985987186
          ],
          [
            "Lithuania",
            0.0021266178227961063
          ],
          [
            "Chad",
            0.0019797924906015396
          ],
          [
            "Estonia",
            0.0019695290829986334
          ],
          [
            "Israel",
            0.001962988404557109
          ],
          [
            "Guam",
            0.0018847978208214045
          ],
          [
            "Luxembourg",
            0.0018803130369633436
          ],
          [
            "Montenegro",
            0.0018504307372495532
          ],
          [
            "West Bank",
            0.0018484448082745075
          ],
          [
            "Ethiopia",
            0.0018065798794850707
          ],
          [
            "Turkmenistan",
            0.0017828509444370866
          ],
          [
            "Mali",
            0.0017585043096914887
          ],
          [
            "Australia",
            0.0016912176506593823
          ],
          [
            "Dominica",
            0.0016292225336655974
          ],
          [
            "Venezuela",
            0.001617848640307784
          ],
          [
            "Latvia",
            0.00159469956997782
          ],
          [
            "Syria",
            0.0015650339191779494
          ],
          [
            "Japan",
            0.0015439827693626285
          ],
          [
            "Iran",
            0.0015323765110224485
          ],
          [
            "Lesotho",
            0.0015264926478266716
          ],
          [
            "Kuwait",
            0.0015170942060649395
          ],
          [
            "Cambodia",
            0.0014669835800305009
          ],
          [
            "Costa Rica",
            0.0014650681987404823
          ],
          [
            "Slovakia",
            0.0014442759566009045
          ],
          [
            "Central African Republic",
            0.0014347047545015812
          ],
          [
            "Saint Lucia",
            0.0014243246987462044
          ],
          [
            "Trinidad and Tobago",
            0.0014234012924134731
          ],
          [
            "Uzbekistan",
            0.0014123539440333843
          ],
          [
            "Zambia",
            0.00141042098402977
          ],
          [
            "Heard and McDonald Islands",
            0.0013965705875307322
          ],
          [
            "Panama",
            0.0013947871048003435
          ],
          [
            "El Salvador",
            0.001388260629028082
          ],
          [
            "Belgium",
            0.001382318208925426
          ],
          [
            "Kazakhstan",
            0.0013616299256682396
          ],
          [
            "Czech Republic",
            0.001342618023045361
          ],
          [
            "Iraq",
            0.0013420599279925227
          ],
          [
            "Bahamas",
            0.0013415941502898932
          ],
          [
            "Uganda",
            0.0013164033880457282
          ],
          [
            "Brazil",
            0.001216589706018567
          ],
          [
            "Yemen",
            0.0011942380806431174
          ],
          [
            "Bahrain",
            0.0011855796910822392
          ],
          [
            "Honduras",
            0.0011855456978082657
          ],
          [
            "Nicaragua",
            0.001183388289064169
          ],
          [
            "Kyrgyzstan",
            0.001175891375169158
          ],
          [
            "Algeria",
            0.0011451997561380267
          ],
          [
            "New Caledonia",
            0.0011393174063414335
          ],
          [
            "Mexico",
            0.0011354839662089944
          ],
          [
            "Martinique",
            0.0010873619467020035
          ],
          [
            "Turkey",
            0.0010720323771238327
          ],
          [
            "Antigua & Barbuda",
            0.0010711903451010585
          ],
          [
            "Eswatini",
            0.0010343058966100216
          ],
          [
            "Pakistan",
            0.001028455444611609
          ],
          [
            "Reunion",
            0.0010080324718728662
          ],
          [
            "Cape Verde",
            0.000996626797132194
          ],
          [
            "Taiwan",
            0.0009667804115451872
          ],
          [
            "Djibouti",
            0.0009617796167731285
          ],
          [
            "Bhutan",
            0.0009510986274108291
          ],
          [
            "Guinea",
            0.0008836549241095781
          ],
          [
            "Chile",
            0.0008737549069337547
          ],
          [
            "United States of America",
            0.0008668130612932146
          ],
          [
            "Kenya",
            0.0008664378547109663
          ],
          [
            "Bolivia",
            0.0008509298786520958
          ],
          [
            "Cuba",
            0.0008444238337688148
          ],
          [
            "Suriname",
            0.0008313211146742105
          ],
          [
            "Sierra Leone",
            0.0007904068334028125
          ],
          [
            "Egypt",
            0.0007763647590763867
          ],
          [
            "Slovenia",
            0.0007721750880591571
          ],
          [
            "Paraguay",
            0.0007669935584999621
          ],
          [
            "Isle of Man",
            0.0007307474734261632
          ],
          [
            "Armenia",
            0.0007212662603706121
          ],
          [
            "Dominican Republic",
            0.0007209815667010844
          ],
          [
            "Western Sahara",
            0.0007123195682652295
          ],
          [
            "Afghanistan",
            0.0007051752181723714
          ],
          [
            "Niger",
            0.0006980132893659174
          ],
          [
            "Sudan",
            0.0006860195426270366
          ],
          [
            "Madagascar",
            0.0006517265574075282
          ],
          [
            "Georgia",
            0.0006507192738354206
          ],
          [
            "Eritrea",
            0.0006491658859886229
          ],
          [
            "Libya",
            0.0006468312349170446
          ],
          [
            "Mongolia",
            0.0006375432130880654
          ],
          [
            "Nigeria",
            0.0006367216119542718
          ],
          [
            "United States Virgin Islands",
            0.0006320378161035478
          ],
          [
            "Timor-Leste",
            0.0006274172337725759
          ],
          [
            "Palau",
            0.0006141011836007237
          ],
          [
            "Côte d'Ivoire",
            0.0006099106394685805
          ],
          [
            "Botswana",
            0.0006069166120141745
          ],
          [
            "Solomon Islands",
            0.0005602856399491429
          ],
          [
            "United Arab Emirates",
            0.0005455786013044417
          ],
          [
            "Jamaica",
            0.000545088725630194
          ],
          [
            "Liberia",
            0.0005068763857707381
          ],
          [
            "Ecuador",
            0.0004878181789536029
          ],
          [
            "Bosnia & Herzegovina",
            0.00047298456775024533
          ],
          [
            "Haiti",
            0.0004626619629561901
          ],
          [
            "Lebanon",
            0.0004401055630296469
          ],
          [
            "Nepal",
            0.0004234949010424316
          ],
          [
            "Zimbabwe",
            0.0004234149237163365
          ],
          [
            "Bulgaria",
            0.00042008544551208615
          ],
          [
            "Barbados",
            0.0004129538428969681
          ],
          [
            "Uruguay",
            0.00040854859980754554
          ],
          [
            "Puerto Rico",
            0.0004052370204590261
          ],
          [
            "Hungary",
            0.0003945231146644801
          ],
          [
            "Cyprus",
            0.0003491489915177226
          ],
          [
            "Turks and Caicos Islands",
            0.0003177679900545627
          ],
          [
            "Gambia",
            0.0003087411751039326
          ],
          [
            "Equatorial Guinea",
            0.0003078262379858643
          ],
          [
            "Morocco",
            0.0002911373449023813
          ],
          [
            "Tanzania",
            0.0002479310496710241
          ],
          [
            "Poland",
            0.00024752988247200847
          ],
          [
            "DR Congo",
            0.0002459814422763884
          ],
          [
            "Samoa",
            0.0002436592912999913
          ],
          [
            "Sao Tome and Principe",
            0.00019892770797014236
          ],
          [
            "Comoros",
            0.00019650140893645585
          ],
          [
            "Austria",
            0.00015966374485287815
          ],
          [
            "Malaysia",
            0.00015941361198201776
          ],
          [
            "Kiribati",
            0.00015499717846978456
          ],
          [
            "Madeira Islands",
            0.00013507547555491328
          ],
          [
            "Netherlands Antilles",
            0.00011699621973093599
          ]
        ]
      },
      "geometry": {
        "type": "MultiLineString",
        "coordinates": [
          [
            [
              8.867783644843854,
              43.77083406250361
            ],
            [
              9.388777676087813,
              43.77083406250361
            ],
            [
              11.055958576068491,
              43.666666367519866
            ],
            [
              11.785359792506995,
              43.45833576390092
            ],
            [
              12.51475143624856,
              43.041669770314485
            ],
            [
              13.348351458935838,
              42.62500138355384
            ],
            [
              14.28614071517498,
              42.20833299679319
            ],
            [
              15.432337156608668,
              41.68750170139731
            ],
            [
              16.8911108713948,
              41.16666801282716
            ],
            [
              18.454102537823672,
              40.750004412414995
            ],
            [
              20.017094204252516,
              40.43750372063806
            ],
            [
              21.788483483178936,
              40.12500302886113
            ],
            [
              23.455673955856582,
              40.020835333877415
            ],
            [
              24.914457243339683,
              39.9166676388937
            ],
            [
              26.164842918325206,
              39.9166676388937
            ],
            [
              27.20684055351009,
              39.9166676388937
            ],
            [
              28.04043100350043,
              39.9166676388937
            ],
            [
              28.769822647241995,
              39.9166676388937
            ],
            [
              29.49922386368047,
              39.9166676388937
            ],
            [
              30.228625080118974,
              40.020835333877415
            ],
            [
              30.95801672386054,
              40.22916833067063
            ],
            [
              31.5832095613533,
              40.43750372063806
            ],
            [
              32.3125916323979,
              40.958337409208184
            ],
            [
              32.833595236338795,
              41.47916870460409
            ],
            [
              33.35458926758278,
              42.20833299679319
            ],
            [
              33.66718568632916,
              42.833334380347054
            ],
            [
              33.97979167777248,
              43.45833576390092
            ],
            [
              34.083990484021285,
              44.08333475428054
            ],
            [
              34.18818929027006,
              44.70833613783438
            ],
            [
              34.292378523821924,
              45.43750521637196
            ],
            [
              34.292378523821924,
              46.16666950856106
            ],
            [
              34.292378523821924,
              46.89583858709864
            ],
            [
              34.292378523821924,
              47.52083518430402
            ],
            [
              34.292378523821924,
              48.1458317815094
            ],
            [
              34.292378523821924,
              48.77083795141172
            ],
            [
              34.18818929027006,
              49.29166924680763
            ],
            [
              33.97979167777248,
              50.02083593217097
            ],
            [
              34.083990484021285,
              49.50000463677506
            ],
            [
              34.39658690276764,
              48.66666547007955
            ],
            [
              34.70917374881708,
              48.1458317815094
            ],
            [
              35.02178931295737,
              47.52083518430402
            ],
            [
              35.33436658630984,
              47.0000014957339
            ],
            [
              35.64697257775316,
              46.375002505354274
            ],
            [
              35.9595594238026,
              45.75000112180041
            ],
            [
              36.376364221494725,
              45.12499973824657
            ],
            [
              36.68897978563501,
              44.604168442850664
            ],
            [
              37.10576543793323,
              43.97917184564528
            ],
            [
              37.41836185667961,
              43.35417046209142
            ],
            [
              37.835157081674765,
              42.72916907853755
            ],
            [
              38.25195230666995,
              42.10417008815796
            ],
            [
              38.772946337913936,
              41.47916870460409
            ],
            [
              39.18974156290909,
              40.85416732105023
            ],
            [
              39.606546360601214,
              40.43750372063806
            ],
            [
              40.127530819148234,
              39.9166676388937
            ],
            [
              40.64853442308913,
              39.60416694711677
            ],
            [
              41.065329648084315,
              39.29167104168832
            ],
            [
              41.586323679328274,
              38.979170349911385
            ],
            [
              42.10731771057226,
              38.66666965813445
            ],
            [
              42.62832131451316,
              38.45833426816702
            ],
            [
              43.5661105707523,
              38.04167066775483
            ],
            [
              44.191312980942,
              37.83333767096161
            ],
            [
              44.816496245737824,
              37.7291699759779
            ],
            [
              45.33749027698178,
              37.7291699759779
            ],
            [
              46.06691063881419,
              37.7291699759779
            ],
            [
              46.79628313716182,
              37.7291699759779
            ],
            [
              47.62987358715219,
              37.93750057959687
            ],
            [
              48.567662843391304,
              38.45833426816702
            ],
            [
              49.297064059829836,
              38.87500026175343
            ],
            [
              49.92226647001951,
              39.39583395032355
            ],
            [
              50.33905212231775,
              39.9166676388937
            ],
            [
              50.75586649270684,
              40.541669022447536
            ],
            [
              51.068453338756285,
              41.062500317843444
            ],
            [
              51.276850951253834,
              41.58333639958781
            ],
            [
              51.48525813644835,
              42.520838474918605
            ],
            [
              51.48525813644835,
              43.14583507212399
            ],
            [
              51.48525813644835,
              44.18750244926426
            ],
            [
              51.589456942697154,
              45.43750521637196
            ],
            [
              51.589456942697154,
              46.58333310897325
            ],
            [
              51.589456942697154,
              47.625002879287734
            ],
            [
              51.589456942697154,
              48.56250256144429
            ],
            [
              51.69364617624899,
              49.29166924680763
            ],
            [
              51.69364617624899,
              49.81250054220354
            ],
            [
              51.69364617624899,
              50.33333183759942
            ],
            [
              52.0062425949954,
              49.91666823718725
            ],
            [
              52.214649780189916,
              49.29166924680763
            ],
            [
              52.31883901374175,
              48.458334866460575
            ],
            [
              52.42304739268752,
              47.52083518430402
            ],
            [
              52.52722705354245,
              46.89583858709864
            ],
            [
              52.52722705354245,
              46.27083720354477
            ],
            [
              52.52722705354245,
              45.12499973824657
            ],
            [
              52.52722705354245,
              43.97917184564528
            ],
            [
              52.52722705354245,
              42.833334380347054
            ],
            [
              52.52722705354245,
              41.79167178955527
            ],
            [
              52.52722705354245,
              40.85416732105023
            ],
            [
              52.31883901374175,
              40.12500302886113
            ],
            [
              52.214649780189916,
              39.39583395032355
            ],
            [
              51.902043788746596,
              38.66666965813445
            ],
            [
              51.589456942697154,
              38.04167066775483
            ],
            [
              51.276850951253834,
              37.41666689102675
            ],
            [
              51.068453338756285,
              36.79167029382137
            ],
            [
              50.75586649270684,
              36.27083899842546
            ],
            [
              50.443250928566556,
              35.85416821849057
            ],
            [
              50.13065450982015,
              35.33333213674621
            ],
            [
              49.60966047857619,
              34.29166954595442
            ],
            [
              49.297064059829836,
              33.666668162400555
            ],
            [
              48.984477213780394,
              33.04166677884669
            ],
            [
              48.567662843391304,
              32.41666539529285
            ],
            [
              48.15086761839615,
              31.791673584435927
            ],
            [
              47.73409153879487,
              31.166662628185122
            ],
            [
              47.31727716840578,
              30.437500729170267
            ],
            [
              46.79628313716182,
              29.708329257458445
            ],
            [
              46.37948791216667,
              28.97916735844359
            ],
            [
              45.96270225986842,
              28.35417076123821
            ],
            [
              45.54588788947939,
              27.72916459133586
            ],
            [
              45.129102237181144,
              27.000002692321004
            ],
            [
              44.50389982699144,
              26.270831220609182
            ],
            [
              43.87870698949868,
              25.43749923343637
            ],
            [
              43.25350457930898,
              24.604172032612013
            ],
            [
              42.524112935567416,
              23.7708400454392
            ],
            [
              41.69052248557708,
              22.93749848556942
            ],
            [
              40.96112126913857,
              21.89583110842915
            ],
            [
              40.127530819148234,
              21.166669209414295
            ],
            [
              39.39814874810361,
              20.333337222241454
            ],
            [
              38.66874753166513,
              19.708340625036072
            ],
            [
              38.14774392772421,
              19.083339241482236
            ],
            [
              37.52257023562535,
              18.562507946086328
            ],
            [
              37.001566631684426,
              17.937506562532462
            ],
            [
              36.48056302774353,
              17.4166704807881
            ],
            [
              36.063758230051405,
              16.99999970085321
            ],
            [
              35.43857496525558,
              16.583333707266803
            ],
            [
              34.917590506708564,
              16.166672500028852
            ],
            [
              34.50078570901644,
              15.750006506442446
            ],
            [
              33.97979167777248,
              15.333335726507556
            ],
            [
              33.56298688008036,
              15.020839821079107
            ],
            [
              33.0419928488364,
              14.604173827492701
            ],
            [
              32.62519762384122,
              14.291668349367285
            ],
            [
              32.10419401990032,
              13.875007142129363
            ],
            [
              31.5832095613533,
              13.666666965813448
            ],
            [
              31.062205957412374,
              13.354171060385
            ],
            [
              30.437013119919612,
              13.145830884069085
            ],
            [
              29.916019088675654,
              12.937500280450081
            ],
            [
              29.290826251182892,
              12.729174463179618
            ],
            [
              28.35302742224681,
              12.312498896896244
            ],
            [
              27.832033391002824,
              12.104173079625753
            ],
            [
              26.998442941012485,
              11.687507086039318
            ],
            [
              26.164842918325206,
              11.37500160791393
            ],
            [
              25.539650080832445,
              11.062505702485481
            ],
            [
              24.81025843709088,
              10.64584449524753
            ],
            [
              24.393463212095725,
              10.333339017122142
            ],
            [
              23.768270374602963,
              10.020833538996726
            ],
            [
              23.03886915816446,
              9.604172331758804
            ],
            [
              22.413676320671698,
              9.39583215544289
            ],
            [
              21.684275104233194,
              9.187506338172398
            ],
            [
              21.05909183943737,
              8.875000860046981
            ],
            [
              20.538097808193413,
              8.66667504277649
            ],
            [
              20.017094204252516,
              8.562504954618532
            ],
            [
              19.391901366759754,
              8.562504954618532
            ],
            [
              18.558310916769415,
              8.562504954618532
            ],
            [
              17.933118079276653,
              8.875000860046981
            ],
            [
              17.412114475335727,
              9.291671639981871
            ],
            [
              16.995319250340543,
              9.708332847219822
            ],
            [
              16.474315646399646,
              10.125003627154683
            ],
            [
              16.161719227653265,
              10.64584449524753
            ],
            [
              15.744924002658081,
              11.270831519755973
            ],
            [
              15.432337156608668,
              12.104173079625753
            ],
            [
              15.015532358916545,
              13.145830884069085
            ],
            [
              14.807125173722,
              13.875007142129363
            ],
            [
              14.598737133921361,
              14.500003739334744
            ],
            [
              14.28614071517498,
              15.229165638349599
            ],
            [
              13.9735442964286,
              16.06249762552244
            ],
            [
              13.66093830498528,
              17.104165002662683
            ],
            [
              13.452540692487702,
              18.145832379802982
            ],
            [
              13.13995384643826,
              19.499995662371703
            ],
            [
              13.035745467492518,
              20.645837914018387
            ],
            [
              12.82734785499494,
              21.89583110842915
            ],
            [
              12.723158621443076,
              22.93749848556942
            ],
            [
              12.723158621443076,
              24.187501252677123
            ],
            [
              12.723158621443076,
              25.43749923343637
            ],
            [
              12.723158621443076,
              26.791667302353574
            ],
            [
              12.723158621443076,
              28.249995886731767
            ],
            [
              12.723158621443076,
              29.708329257458445
            ],
            [
              12.723158621443076,
              30.7500014209472
            ],
            [
              12.82734785499494,
              31.687498709929514
            ],
            [
              12.931556233940682,
              32.6249959989118
            ],
            [
              13.035745467492518,
              33.5624980742426
            ],
            [
              13.13995384643826,
              34.29166954595442
            ],
            [
              13.348351458935838,
              35.12500153312723
            ],
            [
              13.556749071433444,
              36.166668910267504
            ],
            [
              13.765146683931022,
              37.31250637556573
            ],
            [
              13.9735442964286,
              38.250003664548046
            ],
            [
              14.181941908926206,
              39.08333565172086
            ],
            [
              14.494528754975619,
              40.12500302886113
            ],
            [
              14.807125173722,
              41.062500317843444
            ],
            [
              15.015532358916545,
              42.00000239317421
            ],
            [
              15.328128777662926,
              42.72916907853755
            ],
            [
              15.536535962857442,
              43.562503458884635
            ],
            [
              15.744924002658081,
              44.50000314104119
            ],
            [
              16.057520421404462,
              45.43750521637196
            ],
            [
              16.265937179295946,
              46.06250181357734
            ],
            [
              16.578524025345388,
              46.79167089211492
            ],
            [
              16.995319250340543,
              47.52083518430402
            ],
            [
              17.412114475335727,
              48.56250256144429
            ],
            [
              17.933118079276653,
              49.708335240394035
            ],
            [
              18.558310916769415,
              50.85416791934381
            ],
            [
              19.18349418156521,
              52.000002991467795
            ],
            [
              19.704497785506135,
              53.14583806359178
            ],
            [
              20.121302583198258,
              54.083335352574096
            ],
            [
              20.43388942924767,
              54.812502037937435
            ],
            [
              20.746476275297113,
              55.333333333333314
            ],
            [
              21.163281072989236,
              56.1666677136804
            ],
            [
              21.371688258183752,
              56.895834399043736
            ],
            [
              21.371688258183752,
              55.95833471688718
            ],
            [
              21.371688258183752,
              55.333333333333314
            ],
            [
              21.371688258183752,
              54.812502037937435
            ],
            [
              21.371688258183752,
              54.291668349367285
            ],
            [
              21.371688258183752,
              53.35416866721076
            ],
            [
              21.684275104233194,
              51.687504692865105
            ],
            [
              22.101079901925317,
              49.29166924680763
            ],
            [
              22.622073933169276,
              46.79167089211492
            ],
            [
              22.934670351915656,
              44.29166775107373
            ],
            [
              23.143067964413262,
              42.20833299679319
            ],
            [
              23.247266770662037,
              40.750004412414995
            ],
            [
              23.247266770662037,
              39.81250473025844
            ],
            [
              23.247266770662037,
              38.979170349911385
            ],
            [
              23.247266770662037,
              38.250003664548046
            ],
            [
              23.247266770662037,
              37.7291699759779
            ],
            [
              23.247266770662037,
              37.000000897440316
            ],
            [
              23.455673955856582,
              36.375004300234934
            ],
            [
              23.768270374602963,
              35.95833352030007
            ],
            [
              24.18506559959812,
              35.54166274036518
            ],
            [
              24.81025843709088,
              35.437502224904165
            ],
            [
              25.3312428956379,
              35.437502224904165
            ],
            [
              25.95644530582763,
              35.437502224904165
            ],
            [
              26.89425370746065,
              35.85416821849057
            ],
            [
              27.519427399559504,
              36.166668910267504
            ],
            [
              28.04043100350043,
              36.47916481569595
            ],
            [
              28.66562384099319,
              36.895837988805084
            ],
            [
              29.18662744493409,
              37.31250637556573
            ],
            [
              29.707621476178076,
              37.83333767096161
            ],
            [
              30.228625080118974,
              38.35417135953176
            ],
            [
              30.853808344914796,
              39.08333565172086
            ],
            [
              31.5832095613533,
              39.81250473025844
            ],
            [
              32.41680001134364,
              40.64583671743128
            ],
            [
              33.0419928488364,
              41.47916870460409
            ],
            [
              33.56298688008036,
              42.41667077993486
            ],
            [
              34.083990484021285,
              43.35417046209142
            ],
            [
              34.604984515265244,
              44.39583544605745
            ],
            [
              34.917590506708564,
              45.333337521388245
            ],
            [
              35.1259785465092,
              46.06250181357734
            ],
            [
              35.230167780061066,
              46.68749841078272
            ],
            [
              35.230167780061066,
              47.208332099352845
            ],
            [
              35.230167780061066,
              47.83333587608095
            ],
            [
              35.33436658630984,
              48.56250256144429
            ],
            [
              35.33436658630984,
              49.29166924680763
            ],
            [
              35.33436658630984,
              49.81250054220354
            ],
            [
              35.33436658630984,
              50.437501925757374
            ],
            [
              35.33436658630984,
              51.062498522962755
            ],
            [
              35.33436658630984,
              51.89583529648405
            ],
            [
              35.33436658630984,
              53.14583806359178
            ],
            [
              35.33436658630984,
              54.18750304755781
            ],
            [
              35.230167780061066,
              54.91666973292115
            ],
            [
              35.1259785465092,
              55.54166872330077
            ],
            [
              35.02178931295737,
              56.06250001869665
            ],
            [
              34.81338212776282,
              56.583336100441045
            ],
            [
              34.50078570901644,
              57.520834586010466
            ],
            [
              34.18818929027006,
              58.35416776977041
            ],
            [
              33.97979167777248,
              58.97916915332425
            ],
            [
              33.87558329882674,
              59.5000028418944
            ],
            [
              33.87558329882674,
              60.020835333877415
            ],
            [
              33.87558329882674,
              60.645835520844145
            ],
            [
              33.66718568632916,
              61.37500340279462
            ],
            [
              33.458788073831556,
              62.0
            ],
            [
              33.35458926758278,
              61.37500340279462
            ],
            [
              33.35458926758278,
              60.75000201924075
            ],
            [
              33.458788073831556,
              59.812499943909955
            ],
            [
              33.771394065274905,
              57.833336474374505
            ],
            [
              34.18818929027006,
              55.54166872330077
            ],
            [
              34.604984515265244,
              53.2499985790528
            ],
            [
              34.917590506708564,
              51.37500160791393
            ],
            [
              35.230167780061066,
              49.708335240394035
            ],
            [
              35.542773771504386,
              48.2500042628416
            ],
            [
              35.855379762947706,
              47.0000014957339
            ],
            [
              36.27216541524592,
              45.43750521637196
            ],
            [
              36.897358252738684,
              43.87500415066157
            ],
            [
              37.41836185667961,
              42.312500691776904
            ],
            [
              38.04355469417237,
              40.750004412414995
            ],
            [
              38.46034034647059,
              39.60416694711677
            ],
            [
              38.772946337913936,
              38.979170349911385
            ],
            [
              39.085552329357256,
              38.45833426816702
            ],
            [
              39.085552329357256,
              38.979170349911385
            ],
            [
              39.085552329357256,
              40.12500302886113
            ],
            [
              38.772946337913936,
              42.312500691776904
            ],
            [
              38.772946337913936,
              44.29166775107373
            ],
            [
              38.66874753166513,
              46.16666950856106
            ],
            [
              38.772946337913936,
              47.72917057427145
            ],
            [
              38.98135352310845,
              49.08333625001441
            ],
            [
              39.18974156290909,
              50.437501925757374
            ],
            [
              39.50234755435241,
              52.10416829327727
            ],
            [
              39.919133206650656,
              53.66666935898766
            ],
            [
              40.231739198093976,
              55.020835034730624
            ],
            [
              40.544345189537296,
              56.1666677136804
            ],
            [
              40.752723656640995,
              57.104169789011166
            ],
            [
              40.96112126913857,
              57.72916877939079
            ],
            [
              41.065329648084315,
              58.25000246796091
            ],
            [
              41.16952845433312,
              58.77083615653106
            ],
            [
              41.27372726058189,
              59.291668648514076
            ],
            [
              41.377945212224574,
              59.812499943909955
            ],
            [
              41.586323679328274,
              60.33333602565435
            ],
            [
              41.79473086452282,
              60.85416851763736
            ],
            [
              42.21153566221494,
              61.166669209414295
            ],
            [
              42.9409081605626,
              60.85416851763736
            ],
            [
              43.25350457930898,
              60.437502524050956
            ],
            [
              43.4619117645035,
              59.812499943909955
            ],
            [
              43.77451775594682,
              59.08333445513375
            ],
            [
              44.191312980942,
              58.25000246796091
            ],
            [
              44.71229743948902,
              57.104169789011166
            ],
            [
              45.23330104342995,
              55.854169415077706
            ],
            [
              45.85849388092271,
              54.70833434295372
            ],
            [
              46.37948791216667,
              53.562501664003946
            ],
            [
              46.9005010888045,
              52.52083189368943
            ],
            [
              47.42148554735155,
              51.37500160791393
            ],
            [
              47.83826162695283,
              50.12500123398047
            ],
            [
              48.46347360983947,
              48.77083795141172
            ],
            [
              48.880268834834624,
              47.625002879287734
            ],
            [
              49.297064059829836,
              46.58333310897325
            ],
            [
              49.60966047857619,
              45.333337521388245
            ],
            [
              50.0264557035714,
              44.18750244926426
            ],
            [
              50.443250928566556,
              43.041669770314485
            ],
            [
              50.86005572625868,
              41.58333639958781
            ],
            [
              51.276850951253834,
              40.333333632480105
            ],
            [
              51.48525813644835,
              39.29167104168832
            ],
            [
              51.69364617624899,
              38.35417135953176
            ],
            [
              51.69364617624899,
              37.52083697918471
            ],
            [
              51.79783540980088,
              36.68750020566341
            ],
            [
              51.79783540980088,
              35.95833352030007
            ],
            [
              51.79783540980088,
              35.229166834936734
            ],
            [
              51.69364617624899,
              34.39583484776389
            ],
            [
              51.589456942697154,
              33.45833755878158
            ],
            [
              51.381059330199605,
              32.6249959989118
            ],
            [
              50.86005572625868,
              31.791673584435927
            ],
            [
              50.23484374337204,
              30.7500014209472
            ],
            [
              49.50546167232744,
              29.708329257458445
            ],
            [
              48.77607002858588,
              29.083337446601547
            ],
            [
              48.15086761839615,
              28.562501364857155
            ],
            [
              47.525684353600354,
              28.145835371270778
            ],
            [
              46.9005010888045,
              27.520833987716912
            ],
            [
              46.17109987236603,
              26.791667302353574
            ],
            [
              45.129102237181144,
              25.541669321594327
            ],
            [
              43.982905795747484,
              24.291676127183564
            ],
            [
              42.836718927010736,
              23.041668573727378
            ],
            [
              41.89892967077162,
              22.00000598293559
            ],
            [
              40.96112126913857,
              21.062499121256337
            ],
            [
              40.127530819148234,
              20.22917192043198
            ],
            [
              39.18974156290909,
              19.395835146910684
            ],
            [
              38.25195230666995,
              18.458323498882947
            ],
            [
              37.209964244182004,
              17.4166704807881
            ],
            [
              36.27216541524592,
              16.583333707266803
            ],
            [
              35.230167780061066,
              15.750006506442446
            ],
            [
              34.292378523821924,
              15.020839821079107
            ],
            [
              33.458788073831556,
              14.291668349367285
            ],
            [
              32.62519762384122,
              13.562511236700914
            ],
            [
              31.374811948855694,
              12.416668985054201
            ],
            [
              30.12441670117323,
              11.270831519755973
            ],
            [
              29.395025057431695,
              10.333339017122142
            ],
            [
              28.66562384099319,
              9.500002243600846
            ],
            [
              27.936232197251627,
              8.770840344585963
            ],
            [
              27.20684055351009,
              8.041673659222624
            ],
            [
              26.477448909768526,
              7.520837577478261
            ],
            [
              25.852256072275765,
              7.104166797543371
            ],
            [
              25.227053662086064,
              6.7916661057664385
            ],
            [
              24.4976620183445,
              6.583345074844431
            ],
            [
              23.66406199565722,
              6.479165413989506
            ],
            [
              23.03886915816446,
              6.375004898528516
            ],
            [
              22.413676320671698,
              6.375004898528516
            ],
            [
              21.89267271673077,
              6.375004898528516
            ],
            [
              21.371688258183752,
              6.375004898528516
            ],
            [
              20.850684654242855,
              6.375004898528516
            ],
            [
              20.32968105030193,
              6.375004898528516
            ],
            [
              19.704497785506135,
              6.375004898528516
            ],
            [
              19.18349418156521,
              6.375004898528516
            ],
            [
              18.245704925326066,
              6.583345074844431
            ],
            [
              17.307906096389985,
              7.104166797543371
            ],
            [
              16.786921637842966,
              7.520837577478261
            ],
            [
              16.265937179295946,
              8.041673659222624
            ],
            [
              15.640725196409306,
              8.562504954618532
            ],
            [
              15.015532358916545,
              9.39583215544289
            ],
            [
              14.28614071517498,
              10.437504318931616
            ],
            [
              13.452540692487702,
              11.479166909723403
            ],
            [
              12.82734785499494,
              12.729174463179618
            ],
            [
              12.306353823750953,
              13.875007142129363
            ],
            [
              11.99376697770154,
              14.91666973292115
            ],
            [
              11.785359792506995,
              15.750006506442446
            ],
            [
              11.681160986258192,
              16.791673883582718
            ],
            [
              11.681160986258192,
              17.937506562532462
            ],
            [
              11.681160986258192,
              19.18750454329171
            ],
            [
              11.681160986258192,
              20.54166782586043
            ],
            [
              11.681160986258192,
              21.79167059296813
            ],
            [
              11.889558598755798,
              22.93749848556942
            ],
            [
              12.202155017502179,
              24.291676127183564
            ],
            [
              12.51475143624856,
              25.541669321594327
            ],
            [
              12.82734785499494,
              26.791667302353574
            ],
            [
              13.244143079990096,
              28.145835371270778
            ],
            [
              13.556749071433444,
              29.604168741997455
            ],
            [
              13.765146683931022,
              30.7500014209472
            ],
            [
              13.9735442964286,
              31.791673584435927
            ],
            [
              14.181941908926206,
              32.72916608706976
            ],
            [
              14.390339521423783,
              33.5624980742426
            ],
            [
              14.598737133921361,
              34.39583484776389
            ],
            [
              14.702935940170164,
              35.229166834936734
            ],
            [
              14.807125173722,
              35.95833352030007
            ],
            [
              15.015532358916545,
              36.895837988805084
            ],
            [
              15.015532358916545,
              37.83333767096161
            ],
            [
              15.119740737862287,
              38.979170349911385
            ],
            [
              15.328128777662926,
              40.43750372063806
            ],
            [
              15.328128777662926,
              41.68750170139731
            ],
            [
              15.328128777662926,
              42.520838474918605
            ],
            [
              15.432337156608668,
              43.250005160281944
            ],
            [
              15.536535962857442,
              43.97917184564528
            ],
            [
              15.640725196409306,
              44.812503832818095
            ],
            [
              15.640725196409306,
              45.43750521637196
            ],
            [
              15.849132381603823,
              46.27083720354477
            ],
            [
              16.578524025345388,
              47.416669882494546
            ],
            [
              17.620512087833305,
              49.08333625001441
            ],
            [
              18.66250972301819,
              50.33333183759942
            ],
            [
              19.49610017300853,
              51.16666861112071
            ],
            [
              20.121302583198258,
              51.687504692865105
            ],
            [
              20.642287041745277,
              51.791665208326094
            ],
            [
              21.05909183943737,
              51.27083630610446
            ],
            [
              21.371688258183752,
              50.33333183759942
            ],
            [
              21.684275104233194,
              48.77083795141172
            ],
            [
              21.89267271673077,
              47.208332099352845
            ],
            [
              21.996871522979575,
              45.54166812500722
            ],
            [
              21.996871522979575,
              44.18750244926426
            ],
            [
              21.996871522979575,
              43.250005160281944
            ],
            [
              21.996871522979575,
              42.312500691776904
            ],
            [
              21.996871522979575,
              41.27083810098512
            ],
            [
              22.101079901925317,
              39.9166676388937
            ],
            [
              22.101079901925317,
              38.250003664548046
            ],
            [
              22.101079901925317,
              36.166668910267504
            ],
            [
              22.101079901925317,
              33.97916885417749
            ],
            [
              22.101079901925317,
              31.895834099896945
            ],
            [
              22.101079901925317,
              29.812504131964886
            ],
            [
              21.996871522979575,
              27.937504767651774
            ],
            [
              21.89267271673077,
              26.166670705148192
            ],
            [
              21.788483483178936,
              24.187501252677123
            ],
            [
              21.684275104233194,
              22.31250188836404
            ],
            [
              21.58007629798442,
              20.54166782586043
            ],
            [
              21.58007629798442,
              19.395835146910684
            ],
            [
              21.58007629798442,
              18.875003851514776
            ],
            [
              21.58007629798442,
              18.25000246796094
            ],
            [
              21.58007629798442,
              17.520830996249117
            ],
            [
              21.788483483178936,
              16.89583918539219
            ],
            [
              21.89267271673077,
              16.374998317299344
            ],
            [
              21.996871522979575,
              15.750006506442446
            ],
            [
              22.101079901925317,
              14.91666973292115
            ],
            [
              22.101079901925317,
              14.395833651176787
            ],
            [
              22.101079901925317,
              13.770837053971405
            ],
            [
              22.101079901925317,
              12.833339764989091
            ],
            [
              22.101079901925317,
              12.208338381435226
            ],
            [
              22.101079901925317,
              11.583341784229845
            ],
            [
              22.101079901925317,
              12.520834286863675
            ],
            [
              22.20527870817412,
              13.354171060385
            ],
            [
              22.72627273941808,
              14.812504431111677
            ],
            [
              23.768270374602963,
              17.104165002662683
            ],
            [
              24.706069203539045,
              20.020831744116066
            ],
            [
              25.643858459778187,
              22.93749848556942
            ],
            [
              26.373240530822784,
              25.333333931626896
            ],
            [
              27.10263217456435,
              27.520833987716912
            ],
            [
              27.623635778505246,
              29.604168741997455
            ],
            [
              28.144639382446172,
              31.375002804501037
            ],
            [
              28.66562384099319,
              33.35416747062362
            ],
            [
              29.082428638685315,
              35.229166834936734
            ],
            [
              29.395025057431695,
              37.10416859242406
            ],
            [
              29.603422669929273,
              38.35417135953176
            ],
            [
              29.81182028242685,
              39.08333565172086
            ],
            [
              29.916019088675654,
              39.60416694711677
            ],
            [
              30.02021789492443,
              40.12500302886113
            ],
            [
              30.228625080118974,
              39.60416694711677
            ],
            [
              30.332823886367777,
              38.77083974629241
            ],
            [
              30.332823886367777,
              38.04167066775483
            ],
            [
              30.437013119919612,
              37.41666689102675
            ],
            [
              30.437013119919612,
              36.68750020566341
            ],
            [
              30.437013119919612,
              35.95833352030007
            ],
            [
              30.437013119919612,
              35.12500153312723
            ],
            [
              30.437013119919612,
              34.083329369638506
            ],
            [
              30.332823886367777,
              32.833336175227714
            ],
            [
              30.228625080118974,
              31.375002804501037
            ],
            [
              30.02021789492443,
              29.499998653839498
            ],
            [
              29.81182028242685,
              27.72916459133586
            ],
            [
              29.603422669929273,
              26.06250540333869
            ],
            [
              29.49922386368047,
              24.708337334421515
            ],
            [
              29.395025057431695,
              23.56250465547174
            ],
            [
              29.290826251182892,
              22.416662403825057
            ],
            [
              29.18662744493409,
              21.166669209414295
            ],
            [
              28.97822983243651,
              20.020831744116066
            ],
            [
              28.87402145349077,
              18.979164366975795
            ],
            [
              28.87402145349077,
              17.937506562532462
            ],
            [
              28.769822647241995,
              16.89583918539219
            ],
            [
              28.66562384099319,
              15.958337110061422
            ],
            [
              28.561434607441356,
              15.020839821079107
            ],
            [
              28.457226228495585,
              13.979172443938836
            ],
            [
              28.35302742224681,
              13.145830884069085
            ],
            [
              28.248828615998008,
              12.312498896896244
            ],
            [
              28.144639382446172,
              11.687507086039318
            ],
            [
              28.04043100350043,
              11.1666662179465
            ],
            [
              27.936232197251627,
              12.416668985054201
            ],
            [
              28.04043100350043,
              13.562511236700914
            ],
            [
              28.769822647241995,
              15.437501028317058
            ],
            [
              29.81182028242685,
              17.625001084407074
            ],
            [
              30.95801672386054,
              20.22917192043198
            ],
            [
              32.10419401990032,
              23.041668573727378
            ],
            [
              33.0419928488364,
              25.6458346234038
            ],
            [
              33.87558329882674,
              28.249995886731767
            ],
            [
              34.604984515265244,
              30.854171509105157
            ],
            [
              35.230167780061066,
              33.45833755878158
            ],
            [
              35.855379762947706,
              36.166668910267504
            ],
            [
              36.376364221494725,
              38.66666965813445
            ],
            [
              36.79315944648991,
              40.750004412414995
            ],
            [
              37.209964244182004,
              42.520838474918605
            ],
            [
              37.52257023562535,
              44.18750244926426
            ],
            [
              37.93935588792357,
              46.06250181357734
            ],
            [
              38.35614154022181,
              48.04167126604838
            ],
            [
              39.085552329357256,
              50.22917132213843
            ],
            [
              40.02333201289943,
              52.729169676831134
            ],
            [
              41.16952845433312,
              55.333333333333314
            ],
            [
              42.21153566221494,
              57.520834586010466
            ],
            [
              43.045097394114435,
              58.87500265492767
            ],
            [
              43.357703385557784,
              59.5000028418944
            ],
            [
              43.4619117645035,
              58.35416776977041
            ],
            [
              43.4619117645035,
              57.520834586010466
            ],
            [
              43.4619117645035,
              56.687502598837625
            ],
            [
              43.4619117645035,
              55.75000172009396
            ],
            [
              43.5661105707523,
              54.70833434295372
            ],
            [
              43.5661105707523,
              53.2499985790528
            ],
            [
              43.670309377001104,
              51.479169302897645
            ],
            [
              43.670309377001104,
              49.395836941791345
            ],
            [
              43.670309377001104,
              47.3125021875108
            ],
            [
              43.670309377001104,
              45.22916743323029
            ],
            [
              43.670309377001104,
              43.35417046209142
            ],
            [
              43.670309377001104,
              41.16666801282716
            ],
            [
              43.5661105707523,
              38.979170349911385
            ],
            [
              43.4619117645035,
              36.58333729702815
            ],
            [
              43.357703385557784,
              33.77083825055851
            ],
            [
              43.25350457930898,
              31.270837502691563
            ],
            [
              43.045097394114435,
              28.87500684298257
            ],
            [
              42.73252012076196,
              27.000002692321004
            ],
            [
              42.524112935567416,
              25.229168629817394
            ],
            [
              42.31571532306984,
              23.87500056090022
            ],
            [
              42.0031284770204,
              22.72917266829893
            ],
            [
              41.69052248557708,
              21.375004599381725
            ],
            [
              41.377945212224574,
              20.020831744116066
            ],
            [
              41.16952845433312,
              18.77084333605376
            ],
            [
              40.96112126913857,
              17.833336474374505
            ],
            [
              40.85692246288977,
              17.20833509082064
            ],
            [
              40.64853442308913,
              16.68750379542476
            ],
            [
              40.64853442308913,
              17.20833509082064
            ],
            [
              40.64853442308913,
              17.72917117256503
            ],
            [
              40.64853442308913,
              17.20833509082064
            ],
            [
              40.752723656640995,
              16.583333707266803
            ],
            [
              40.752723656640995,
              15.958337110061422
            ],
            [
              40.752723656640995,
              15.437501028317058
            ],
            [
              40.752723656640995,
              14.70833434295372
            ],
            [
              40.64853442308913,
              13.979172443938836
            ],
            [
              40.440136810591554,
              13.354171060385
            ],
            [
              40.33593800434278,
              12.729174463179618
            ],
            [
              40.127530819148234,
              12.104173079625753
            ],
            [
              40.02333201289943,
              11.479166909723403
            ],
            [
              39.71075473954696,
              10.854170312518022
            ],
            [
              39.39814874810361,
              10.125003627154683
            ],
            [
              39.18974156290909,
              9.604172331758804
            ],
            [
              38.98135352310845,
              9.08333625001444
            ],
            [
              38.66874753166513,
              8.562504954618532
            ],
            [
              38.35614154022181,
              7.937503571064667
            ],
            [
              38.04355469417237,
              7.416667489320304
            ],
            [
              37.835157081674765,
              6.8958409802728795
            ],
            [
              37.62674989648025,
              6.375004898528516
            ],
            [
              37.52257023562535,
              5.750008301323135
            ],
            [
              37.41836185667961,
              5.229172219578743
            ],
            [
              37.10576543793323,
              4.604175622373361
            ],
            [
              36.68897978563501,
              3.9791742388195246
            ],
            [
              36.376364221494725,
              3.5625082452331185
            ],
            [
              35.9595594238026,
              3.1458374652982286
            ],
            [
              35.43857496525558,
              2.8333415598697798
            ],
            [
              34.70917374881708,
              2.520831295395908
            ],
            [
              34.18818929027006,
              2.312505478125388
            ],
            [
              33.56298688008036,
              2.2083401763159145
            ],
            [
              32.9377940425876,
              2.1041700881579573
            ],
            [
              32.20840239884603,
              2.0
            ],
            [
              31.479001182407558,
              2.0
            ],
            [
              30.95801672386054,
              2.0
            ],
            [
              30.332823886367777,
              2.0
            ],
            [
              29.603422669929273,
              2.2083401763159145
            ],
            [
              28.769822647241995,
              2.312505478125388
            ],
            [
              28.248828615998008,
              2.416665993586406
            ],
            [
              27.41523816600767,
              2.520831295395908
            ],
            [
              26.89425370746065,
              2.6250061699023206
            ],
            [
              26.373240530822784,
              2.7291714717118225
            ],
            [
              25.852256072275765,
              2.8333415598697798
            ],
            [
              25.3312428956379,
              3.041667377140243
            ],
            [
              24.706069203539045,
              3.250002767107702
            ],
            [
              23.97666798710054,
              3.4583381570751612
            ],
            [
              23.143067964413262,
              3.7708388488520654
            ],
            [
              22.413676320671698,
              3.9791742388195246
            ],
            [
              21.58007629798442,
              4.395830659708992
            ],
            [
              20.746476275297113,
              4.708340924182863
            ],
            [
              19.600289406560393,
              5.229172219578743
            ],
            [
              18.66250972301819,
              5.645838213165177
            ],
            [
              17.933118079276653,
              6.0625042067515835
            ],
            [
              17.307906096389985,
              6.375004898528516
            ],
            [
              16.37012641284781,
              7.000006282082353
            ],
            [
              15.953331187852626,
              7.3124974011623465
            ],
            [
              15.432337156608668,
              7.83333348290671
            ],
            [
              14.911323979970803,
              8.354164778302618
            ],
            [
              14.390339521423783,
              9.187506338172398
            ],
            [
              13.765146683931022,
              10.333339017122142
            ],
            [
              13.244143079990096,
              11.37500160791393
            ],
            [
              12.82734785499494,
              12.312498896896244
            ],
            [
              12.618950242497334,
              13.041670368608038
            ],
            [
              12.51475143624856,
              13.666666965813448
            ],
            [
              12.51475143624856,
              14.187498261209328
            ],
            [
              12.51475143624856,
              14.70833434295372
            ],
            [
              12.51475143624856,
              15.229165638349599
            ],
            [
              12.51475143624856,
              15.750006506442446
            ],
            [
              12.51475143624856,
              16.270837801838354
            ],
            [
              12.51475143624856,
              16.89583918539219
            ],
            [
              12.51475143624856,
              17.4166704807881
            ],
            [
              12.51475143624856,
              18.25000246796094
            ],
            [
              12.51475143624856,
              18.979164366975795
            ],
            [
              12.618950242497334,
              19.499995662371703
            ]
          ],
          [
            [
              48.984477213780394,
              49.18749915864967
            ],
            [
              50.75586649270684,
              47.72917057427145
            ],
            [
              52.94405099662845,
              45.22916743323029
            ],
            [
              54.507023517663356,
              42.62500138355384
            ],
            [
              55.13221635515612,
              39.70833464210048
            ],
            [
              55.13221635515612,
              36.58333729702815
            ],
            [
              54.40282471141461,
              33.14583208065619
            ],
            [
              53.25665698807177,
              29.39583813837848
            ],
            [
              52.0062425949954,
              25.958335315180733
            ],
            [
              50.65166768645804,
              22.52083727833147
            ],
            [
              49.297064059829836,
              19.291665058752727
            ],
            [
              47.94247000589854,
              16.583333707266803
            ],
            [
              46.69209390360999,
              14.604173827492701
            ],
            [
              45.65008669572819,
              13.145830884069085
            ],
            [
              44.71229743948902,
              12.208338381435226
            ],
            [
              43.77451775594682,
              11.583341784229845
            ],
            [
              42.73252012076196,
              11.062505702485481
            ],
            [
              41.377945212224574,
              10.750000224360065
            ],
            [
              40.02333201289943,
              10.64584449524753
            ],
            [
              38.772946337913936,
              10.541674407089573
            ],
            [
              37.41836185667961,
              10.854170312518022
            ]
          ],
          [
            [
              42.31571532306984,
              49.29166924680763
            ],
            [
              42.31571532306984,
              48.66666547007955
            ],
            [
              42.41991412931861,
              48.04167126604838
            ],
            [
              42.31571532306984,
              47.3125021875108
            ],
            [
              42.10731771057226,
              46.79167089211492
            ],
            [
              41.79473086452282,
              46.27083720354477
            ],
            [
              41.27372726058189,
              45.645835819990936
            ],
            [
              40.85692246288977,
              44.9166691346276
            ],
            [
              40.440136810591554,
              44.29166775107373
            ],
            [
              40.02333201289943,
              43.562503458884635
            ],
            [
              39.606546360601214,
              43.041669770314485
            ],
            [
              39.293940369157895,
              42.520838474918605
            ],
            [
              38.87714514416271,
              41.68750170139731
            ],
            [
              38.46034034647059,
              41.062500317843444
            ],
            [
              38.04355469417237,
              40.43750372063806
            ],
            [
              37.73094870272905,
              39.9166676388937
            ],
            [
              37.314172623127774,
              39.50000403848151
            ],
            [
              36.584752261295364,
              38.979170349911385
            ],
            [
              36.16795703630021,
              38.56250196315074
            ],
            [
              35.7511809566989,
              38.250003664548046
            ],
            [
              35.43857496525558,
              37.7291699759779
            ],
            [
              35.1259785465092,
              37.31250637556573
            ],
            [
              34.81338212776282,
              36.895837988805084
            ],
            [
              34.39658690276764,
              36.47916481569595
            ],
            [
              34.083990484021285,
              36.062498822109546
            ],
            [
              33.771394065274905,
              35.54166274036518
            ],
            [
              33.458788073831556,
              35.12500153312723
            ],
            [
              33.35458926758278,
              34.18749945779646
            ],
            [
              33.35458926758278,
              33.45833755878158
            ],
            [
              33.25039046133398,
              32.937501477037216
            ],
            [
              33.146191655085204,
              32.10416470351592
            ],
            [
              32.833595236338795,
              31.583333408120012
            ],
            [
              32.520989244895475,
              31.166662628185122
            ],
            [
              32.000004786348455,
              30.854171509105157
            ],
            [
              31.5832095613533,
              30.229165339202837
            ],
            [
              31.27060356990995,
              29.39583813837848
            ],
            [
              31.062205957412374,
              28.666666666666657
            ],
            [
              30.853808344914796,
              27.937504767651774
            ],
            [
              30.64541073241719,
              27.416673472255894
            ],
            [
              30.437013119919612,
              26.791667302353574
            ],
            [
              30.228625080118974,
              26.270831220609182
            ],
            [
              30.12441670117323,
              25.750004711561758
            ],
            [
              29.916019088675654,
              25.229168629817394
            ],
            [
              29.707621476178076,
              24.604172032612013
            ],
            [
              29.395025057431695,
              23.979165862709692
            ],
            [
              29.082428638685315,
              23.250003963694837
            ],
            [
              28.769822647241995,
              22.72917266829893
            ],
            [
              28.457226228495585,
              22.104171284745064
            ],
            [
              28.04043100350043,
              21.375004599381725
            ],
            [
              27.623635778505246,
              20.854173303985817
            ],
            [
              27.41523816600767,
              20.333337222241454
            ],
            [
              27.10263217456435,
              19.916666442306564
            ],
            [
              26.790045328514907,
              19.291665058752727
            ],
            [
              26.477448909768526,
              18.6666732478958
            ],
            [
              26.373240530822784,
              18.145832379802982
            ],
            [
              26.26905129727095,
              17.520830996249117
            ],
            [
              26.164842918325206,
              16.99999970085321
            ],
            [
              26.060653684773342,
              16.4791684054573
            ],
            [
              25.748047693330022,
              15.958337110061422
            ],
            [
              25.3312428956379,
              15.541666330126532
            ],
            [
              24.914457243339683,
              15.229165638349599
            ],
            [
              24.18506559959812,
              15.125005122888581
            ],
            [
              23.559872762105385,
              15.020839821079107
            ],
            [
              23.03886915816446,
              15.020839821079107
            ],
            [
              22.5178751269205,
              15.020839821079107
            ],
            [
              22.20527870817412,
              15.437501028317058
            ],
            [
              22.309477514422895,
              16.270837801838354
            ],
            [
              22.413676320671698,
              17.104165002662683
            ],
            [
              22.413676320671698,
              17.72917117256503
            ],
            [
              22.622073933169276,
              18.25000246796094
            ],
            [
              22.72627273941808,
              18.77084333605376
            ],
            [
              22.413676320671698,
              19.291665058752727
            ],
            [
              21.89267271673077,
              19.604170536878115
            ],
            [
              21.371688258183752,
              19.708340625036072
            ],
            [
              20.642287041745277,
              19.812505926845574
            ],
            [
              19.80869659175491,
              20.020831744116066
            ],
            [
              19.18349418156521,
              20.333337222241454
            ],
            [
              18.766698956570053,
              20.854173303985817
            ],
            [
              18.558310916769415,
              21.583339989349156
            ],
            [
              18.454102537823672,
              22.104171284745064
            ],
            [
              18.14150611907729,
              22.72917266829893
            ],
            [
              17.724710894082108,
              23.250003963694837
            ],
            [
              17.51632285428147,
              23.979165862709692
            ],
            [
              17.307906096389985,
              24.812497849882504
            ],
            [
              16.995319250340543,
              25.229168629817394
            ],
            [
              16.68273240429113,
              25.6458346234038
            ],
            [
              16.265937179295946,
              25.958335315180733
            ],
            [
              15.744924002658081,
              26.166670705148192
            ],
            [
              16.68273240429113,
              25.6458346234038
            ],
            [
              17.20371686283815,
              23.979165862709692
            ]
          ],
          [
            [
              44.39971059343958,
              39.50000403848151
            ],
            [
              45.129102237181144,
              38.77083974629241
            ],
            [
              46.06691063881419,
              37.93750057959687
            ],
            [
              46.587895097361184,
              37.208336287407775
            ],
            [
              47.10887955590823,
              36.166668910267504
            ],
            [
              47.525684353600354,
              34.8125008413503
            ],
            [
              47.83826162695283,
              33.14583208065619
            ],
            [
              48.15086761839615,
              31.375002804501037
            ],
            [
              48.359274803590665,
              29.604168741997455
            ],
            [
              48.671871222337074,
              27.833334679493817
            ],
            [
              48.77607002858588,
              25.958335315180733
            ],
            [
              48.984477213780394,
              24.187501252677123
            ],
            [
              49.0886760200292,
              22.52083727833147
            ],
            [
              49.19286525358103,
              20.854173303985817
            ],
            [
              49.40125329338167,
              19.499995662371703
            ],
            [
              49.50546167232744,
              18.354167769770413
            ],
            [
              49.60966047857619,
              17.20833509082064
            ],
            [
              49.81806766377076,
              16.06249762552244
            ],
            [
              50.0264557035714,
              15.125005122888581
            ],
            [
              50.13065450982015,
              14.604173827492701
            ],
            [
              50.33905212231775,
              13.770837053971405
            ],
            [
              50.54744973481536,
              13.041670368608038
            ],
            [
              50.65166768645804,
              12.312498896896244
            ],
            [
              50.75586649270684,
              11.791667601500336
            ],
            [
              50.75586649270684,
              11.1666662179465
            ],
            [
              50.13065450982015,
              10.541674407089573
            ],
            [
              49.40125329338167,
              10.125003627154683
            ],
            [
              48.567662843391304,
              9.812507721726234
            ],
            [
              47.73409153879487,
              9.500002243600846
            ],
            [
              46.69209390360999,
              9.187506338172398
            ],
            [
              45.54588788947939,
              8.979170948204938
            ],
            [
              44.295511787190804,
              8.875000860046981
            ],
            [
              43.14930577306018,
              8.66667504277649
            ],
            [
              41.79473086452282,
              8.562504954618532
            ],
            [
              40.231739198093976,
              8.562504954618532
            ],
            [
              38.25195230666995,
              8.562504954618532
            ],
            [
              35.9595594238026,
              8.562504954618532
            ],
            [
              33.771394065274905,
              8.66667504277649
            ],
            [
              31.479001182407558,
              8.66667504277649
            ],
            [
              29.395025057431695,
              8.66667504277649
            ],
            [
              27.519427399559504,
              8.770840344585963
            ],
            [
              25.643858459778187,
              8.875000860046981
            ],
            [
              23.872469180851738,
              9.08333625001444
            ],
            [
              22.309477514422895,
              9.187506338172398
            ],
            [
              20.746476275297113,
              9.187506338172398
            ],
            [
              19.079304948013373,
              9.39583215544289
            ],
            [
              17.51632285428147,
              9.708332847219822
            ],
            [
              15.849132381603823,
              9.812507721726234
            ],
            [
              14.390339521423783,
              9.916673023535736
            ],
            [
              13.035745467492518,
              9.916673023535736
            ],
            [
              12.097956211253376,
              10.020833538996726
            ],
            [
              11.264356188566097,
              10.125003627154683
            ],
            [
              10.743371730019078,
              10.229164142615701
            ],
            [
              10.326576505023894,
              10.541674407089573
            ],
            [
              9.492986055033555,
              12.104173079625753
            ]
          ],
          [
            [
              50.65166768645804,
              13.354171060385
            ],
            [
              49.92226647001951,
              12.416668985054201
            ],
            [
              49.40125329338167,
              12.000002991467795
            ],
            [
              48.77607002858588,
              12.000002991467795
            ],
            [
              47.94247000589854,
              12.937500280450081
            ],
            [
              47.10887955590823,
              14.812504431111677
            ],
            [
              46.48368671841547,
              17.104165002662683
            ],
            [
              46.17109987236603,
              19.083339241482236
            ],
            [
              46.06691063881419,
              21.375004599381725
            ],
            [
              46.06691063881419,
              23.458334567313784
            ],
            [
              46.06691063881419,
              25.541669321594327
            ],
            [
              46.06691063881419,
              27.416673472255894
            ],
            [
              46.17109987236603,
              29.083337446601547
            ],
            [
              46.37948791216667,
              30.33334021370925
            ],
            [
              46.48368671841547,
              31.47916810631054
            ],
            [
              46.69209390360999,
              32.6249959989118
            ],
            [
              46.9005010888045,
              33.87499876601953
            ],
            [
              47.10887955590823,
              35.229166834936734
            ],
            [
              47.213078362157034,
              36.895837988805084
            ],
            [
              47.31727716840578,
              38.45833426816702
            ],
            [
              47.42148554735155,
              40.12500302886113
            ],
            [
              47.42148554735155,
              41.79167178955527
            ],
            [
              47.42148554735155,
              43.250005160281944
            ],
            [
              47.42148554735155,
              44.70833613783438
            ],
            [
              47.42148554735155,
              45.854168816784124
            ],
            [
              47.42148554735155,
              46.79167089211492
            ],
            [
              47.213078362157034,
              47.72917057427145
            ],
            [
              47.10887955590823,
              48.77083795141172
            ],
            [
              46.79628313716182,
              49.81250054220354
            ],
            [
              46.587895097361184,
              50.75000261753431
            ],
            [
              46.37948791216667,
              51.479169302897645
            ],
            [
              46.06691063881419,
              52.208335988260984
            ],
            [
              46.06691063881419,
              51.37500160791393
            ],
            [
              46.06691063881419,
              50.85416791934381
            ],
            [
              46.17109987236603,
              50.22917132213843
            ],
            [
              46.37948791216667,
              49.60416515223608
            ],
            [
              46.587895097361184,
              48.87500325322122
            ],
            [
              46.9005010888045,
              48.1458317815094
            ],
            [
              47.213078362157034,
              47.0000014957339
            ],
            [
              47.62987358715219,
              45.333337521388245
            ],
            [
              48.046668812147345,
              43.250005160281944
            ],
            [
              48.567662843391304,
              41.062500317843444
            ],
            [
              48.880268834834624,
              38.87500026175343
            ],
            [
              49.19286525358103,
              36.79167029382137
            ],
            [
              49.50546167232744,
              34.8125008413503
            ],
            [
              49.71385928482499,
              32.72916608706976
            ],
            [
              49.81806766377076,
              30.854171509105157
            ],
            [
              49.92226647001951,
              28.87500684298257
            ],
            [
              49.92226647001951,
              27.20833329593998
            ],
            [
              50.0264557035714,
              25.750004711561758
            ],
            [
              50.13065450982015,
              24.395836642644582
            ],
            [
              50.23484374337204,
              23.250003963694837
            ],
            [
              50.443250928566556,
              22.00000598293559
            ],
            [
              50.65166768645804,
              20.75000321582786
            ],
            [
              50.75586649270684,
              19.604170536878115
            ],
            [
              50.964244959810515,
              18.562507946086328
            ],
            [
              51.17265214500503,
              17.312505178978597
            ],
            [
              51.276850951253834,
              16.374998317299344
            ],
            [
              51.381059330199605,
              15.645841204632973
            ],
            [
              51.48525813644835,
              15.020839821079107
            ],
            [
              51.48525813644835,
              14.395833651176787
            ],
            [
              51.48525813644835,
              13.875007142129363
            ],
            [
              51.48525813644835,
              13.354171060385
            ],
            [
              51.48525813644835,
              12.729174463179618
            ],
            [
              51.48525813644835,
              12.208338381435226
            ],
            [
              51.48525813644835,
              11.583341784229845
            ],
            [
              51.48525813644835,
              11.062505702485481
            ],
            [
              50.75586649270684,
              11.062505702485481
            ],
            [
              50.33905212231775,
              11.479166909723403
            ],
            [
              49.297064059829836,
              12.937500280450081
            ],
            [
              47.83826162695283,
              15.333335726507556
            ],
            [
              46.69209390360999,
              17.833336474374505
            ],
            [
              45.65008669572819,
              20.333337222241454
            ],
            [
              44.71229743948902,
              23.041668573727378
            ],
            [
              44.191312980942,
              25.541669321594327
            ],
            [
              43.87870698949868,
              27.937504767651774
            ],
            [
              43.670309377001104,
              30.33334021370925
            ],
            [
              43.5661105707523,
              32.52083548345081
            ],
            [
              43.5661105707523,
              34.60416545138287
            ],
            [
              43.5661105707523,
              36.47916481569595
            ],
            [
              43.5661105707523,
              38.04167066775483
            ],
            [
              43.5661105707523,
              39.1875033467046
            ],
            [
              43.5661105707523,
              40.12500302886113
            ],
            [
              43.5661105707523,
              40.958337409208184
            ],
            [
              43.5661105707523,
              41.58333639958781
            ],
            [
              43.5661105707523,
              42.10417008815796
            ],
            [
              43.5661105707523,
              42.62500138355384
            ],
            [
              43.5661105707523,
              43.35417046209142
            ],
            [
              43.5661105707523,
              44.39583544605745
            ],
            [
              43.5661105707523,
              45.43750521637196
            ],
            [
              43.5661105707523,
              46.58333310897325
            ],
            [
              43.5661105707523,
              47.72917057427145
            ],
            [
              43.670309377001104,
              48.87500325322122
            ],
            [
              43.77451775594682,
              49.81250054220354
            ],
            [
              43.87870698949868,
              50.54166962074112
            ],
            [
              43.87870698949868,
              51.16666861112071
            ],
            [
              43.87870698949868,
              51.687504692865105
            ],
            [
              43.87870698949868,
              52.312501290070486
            ],
            [
              43.87870698949868,
              53.14583806359178
            ],
            [
              43.87870698949868,
              53.66666935898766
            ],
            [
              44.295511787190804,
              52.93750267362432
            ],
            [
              44.816496245737824,
              51.687504692865105
            ],
            [
              45.65008669572819,
              49.18749915864967
            ],
            [
              46.37948791216667,
              46.68749841078272
            ],
            [
              47.00467117696246,
              44.39583544605745
            ],
            [
              47.31727716840578,
              42.62500138355384
            ],
            [
              47.62987358715219,
              40.750004412414995
            ],
            [
              47.94247000589854,
              39.08333565172086
            ],
            [
              48.25507599734192,
              36.79167029382137
            ],
            [
              48.77607002858588,
              33.97916885417749
            ],
            [
              49.19286525358103,
              31.062502112724133
            ],
            [
              49.40125329338167,
              28.458336063047682
            ],
            [
              49.40125329338167,
              26.68750200054407
            ],
            [
              49.40125329338167,
              25.124998541659437
            ],
            [
              49.40125329338167,
              23.979165862709692
            ],
            [
              49.40125329338167,
              23.041668573727378
            ],
            [
              49.50546167232744,
              21.89583110842915
            ],
            [
              49.71385928482499,
              20.854173303985817
            ],
            [
              49.81806766377076,
              20.020831744116066
            ],
            [
              49.81806766377076,
              19.395835146910684
            ],
            [
              49.92226647001951,
              18.875003851514776
            ],
            [
              49.92226647001951,
              18.25000246796094
            ],
            [
              49.92226647001951,
              17.625001084407074
            ],
            [
              50.0264557035714,
              17.104165002662683
            ],
            [
              50.0264557035714,
              16.4791684054573
            ],
            [
              49.40125329338167,
              16.4791684054573
            ],
            [
              48.984477213780394,
              16.791673883582718
            ],
            [
              48.25507599734192,
              18.25000246796094
            ],
            [
              47.31727716840578,
              20.75000321582786
            ],
            [
              46.587895097361184,
              23.56250465547174
            ],
            [
              46.06691063881419,
              26.791667302353574
            ],
            [
              45.85849388092271,
              30.125000037393335
            ],
            [
              45.85849388092271,
              33.04166677884669
            ],
            [
              45.85849388092271,
              35.64583282852314
            ],
            [
              45.85849388092271,
              38.04167066775483
            ],
            [
              45.85849388092271,
              40.12500302886113
            ],
            [
              45.85849388092271,
              41.89583709136474
            ],
            [
              45.96270225986842,
              43.250005160281944
            ],
            [
              45.96270225986842,
              44.604168442850664
            ],
            [
              45.96270225986842,
              45.854168816784124
            ],
            [
              45.75428550197694,
              46.89583858709864
            ],
            [
              45.65008669572819,
              48.04167126604838
            ],
            [
              45.441679510533646,
              49.395836941791345
            ],
            [
              45.23330104342995,
              50.437501925757374
            ],
            [
              45.129102237181144,
              51.37500160791393
            ],
            [
              45.129102237181144,
              52.312501290070486
            ],
            [
              45.02490343093234,
              53.041667975433825
            ],
            [
              45.02490343093234,
              53.562501664003946
            ],
            [
              45.02490343093234,
              54.395836044351
            ],
            [
              45.23330104342995,
              53.562501664003946
            ],
            [
              45.33749027698178,
              53.041667975433825
            ],
            [
              45.441679510533646,
              52.52083189368943
            ],
            [
              45.54588788947939,
              51.89583529648405
            ],
            [
              45.65008669572819,
              51.16666861112071
            ],
            [
              45.75428550197694,
              50.02083593217097
            ],
            [
              45.96270225986842,
              48.2500042628416
            ],
            [
              46.06691063881419,
              46.16666950856106
            ],
            [
              46.17109987236603,
              43.87500415066157
            ],
            [
              46.275289105917864,
              41.79167178955527
            ],
            [
              46.37948791216667,
              39.81250473025844
            ],
            [
              46.37948791216667,
              38.04167066775483
            ],
            [
              46.37948791216667,
              36.27083899842546
            ],
            [
              46.37948791216667,
              34.708335539540826
            ],
            [
              46.37948791216667,
              33.04166677884669
            ],
            [
              46.37948791216667,
              31.791673584435927
            ],
            [
              46.37948791216667,
              30.7500014209472
            ],
            [
              46.37948791216667,
              29.604168741997455
            ],
            [
              46.37948791216667,
              28.666666666666657
            ],
            [
              46.37948791216667,
              27.833334679493817
            ],
            [
              46.37948791216667,
              27.104167994130478
            ],
            [
              46.37948791216667,
              26.270831220609182
            ],
            [
              46.37948791216667,
              25.333333931626896
            ],
            [
              46.275289105917864,
              24.500001944454056
            ],
            [
              46.275289105917864,
              23.66666517093276
            ],
            [
              46.17109987236603,
              22.93749848556942
            ],
            [
              46.17109987236603,
              22.00000598293559
            ],
            [
              46.06691063881419,
              21.062499121256337
            ],
            [
              46.06691063881419,
              20.333337222241454
            ],
            [
              46.06691063881419,
              19.708340625036072
            ],
            [
              46.06691063881419,
              19.18750454329171
            ],
            [
              45.96270225986842,
              18.458323498882947
            ],
            [
              45.96270225986842,
              17.72917117256503
            ],
            [
              45.96270225986842,
              17.104165002662683
            ],
            [
              45.96270225986842,
              16.4791684054573
            ],
            [
              45.85849388092271,
              15.958337110061422
            ],
            [
              45.85849388092271,
              15.437501028317058
            ],
            [
              45.85849388092271,
              14.91666973292115
            ],
            [
              45.75428550197694,
              14.395833651176787
            ],
            [
              45.65008669572819,
              13.562511236700914
            ],
            [
              45.441679510533646,
              12.833339764989091
            ],
            [
              45.23330104342995,
              12.312498896896244
            ],
            [
              44.71229743948902,
              12.416668985054201
            ],
            [
              44.39971059343958,
              12.937500280450081
            ],
            [
              44.191312980942,
              13.458331575845989
            ],
            [
              43.87870698949868,
              14.604173827492701
            ],
            [
              43.357703385557784,
              16.68750379542476
            ],
            [
              43.045097394114435,
              18.979164366975795
            ],
            [
              43.045097394114435,
              21.583339989349156
            ],
            [
              43.25350457930898,
              23.979165862709692
            ],
            [
              43.670309377001104,
              25.85417001337126
            ],
            [
              44.295511787190804,
              27.416673472255894
            ],
            [
              44.816496245737824,
              28.87500684298257
            ],
            [
              45.23330104342995,
              30.125000037393335
            ],
            [
              45.441679510533646,
              31.166662628185122
            ],
            [
              45.54588788947939,
              31.895834099896945
            ],
            [
              45.54588788947939,
              32.937501477037216
            ],
            [
              45.54588788947939,
              33.77083825055851
            ],
            [
              45.54588788947939,
              34.708335539540826
            ],
            [
              45.54588788947939,
              35.437502224904165
            ],
            [
              45.441679510533646,
              37.000000897440316
            ],
            [
              45.33749027698178,
              38.87500026175343
            ],
            [
              45.33749027698178,
              40.958337409208184
            ],
            [
              45.33749027698178,
              42.62500138355384
            ],
            [
              45.33749027698178,
              44.29166775107373
            ],
            [
              45.54588788947939,
              45.54166812500722
            ],
            [
              45.75428550197694,
              46.47917020033799
            ],
            [
              45.85849388092271,
              47.208332099352845
            ],
            [
              45.85849388092271,
              48.04167126604838
            ],
            [
              45.96270225986842,
              48.77083795141172
            ],
            [
              45.96270225986842,
              49.395836941791345
            ],
            [
              45.96270225986842,
              49.91666823718725
            ],
            [
              45.96270225986842,
              50.85416791934381
            ],
            [
              45.96270225986842,
              51.687504692865105
            ],
            [
              45.96270225986842,
              52.208335988260984
            ],
            [
              45.96270225986842,
              53.041667975433825
            ],
            [
              45.85849388092271,
              53.77083466079716
            ],
            [
              45.54588788947939,
              54.395836044351
            ],
            [
              45.33749027698178,
              53.87499996260664
            ],
            [
              45.33749027698178,
              53.35416866721076
            ],
            [
              45.33749027698178,
              52.729169676831134
            ],
            [
              45.54588788947939,
              52.000002991467795
            ],
            [
              45.75428550197694,
              51.16666861112071
            ],
            [
              46.17109987236603,
              49.81250054220354
            ],
            [
              46.587895097361184,
              48.2500042628416
            ],
            [
              46.9005010888045,
              46.79167089211492
            ],
            [
              47.213078362157034,
              45.02083682961131
            ],
            [
              47.42148554735155,
              43.562503458884635
            ],
            [
              47.525684353600354,
              41.89583709136474
            ],
            [
              47.62987358715219,
              40.12500302886113
            ],
            [
              47.62987358715219,
              38.250003664548046
            ],
            [
              47.62987358715219,
              36.166668910267504
            ],
            [
              47.62987358715219,
              33.87499876601953
            ],
            [
              47.62987358715219,
              31.687498709929514
            ],
            [
              47.62987358715219,
              29.39583813837848
            ],
            [
              47.62987358715219,
              27.62500407587487
            ],
            [
              47.62987358715219,
              25.6458346234038
            ],
            [
              47.62987358715219,
              23.87500056090022
            ],
            [
              47.73409153879487,
              22.00000598293559
            ],
            [
              47.73409153879487,
              20.125001832274023
            ],
            [
              47.73409153879487,
              18.041671864341936
            ],
            [
              47.73409153879487,
              16.06249762552244
            ],
            [
              47.73409153879487,
              14.187498261209328
            ],
            [
              47.62987358715219,
              12.729174463179618
            ],
            [
              47.525684353600354,
              11.687507086039318
            ],
            [
              47.42148554735155,
              11.062505702485481
            ],
            [
              47.213078362157034,
              10.437504318931616
            ],
            [
              47.00467117696246,
              9.916673023535736
            ]
          ],
          [
            [
              22.83047154566688,
              34.083329369638506
            ],
            [
              22.83047154566688,
              33.45833755878158
            ],
            [
              22.934670351915656,
              31.791673584435927
            ],
            [
              23.143067964413262,
              29.604168741997455
            ],
            [
              23.143067964413262,
              27.62500407587487
            ],
            [
              23.143067964413262,
              25.750004711561758
            ],
            [
              23.143067964413262,
              24.187501252677123
            ],
            [
              23.143067964413262,
              22.833342756456886
            ],
            [
              23.455673955856582,
              20.95833860579532
            ],
            [
              23.872469180851738,
              18.77084333605376
            ],
            [
              24.28926440584692,
              16.4791684054573
            ],
            [
              24.601860824593302,
              14.91666973292115
            ],
            [
              24.706069203539045,
              13.979172443938836
            ],
            [
              24.81025843709088,
              13.458331575845989
            ],
            [
              24.18506559959812,
              25.85417001337126
            ],
            [
              24.18506559959812,
              25.333333931626896
            ],
            [
              24.18506559959812,
              24.812497849882504
            ],
            [
              24.28926440584692,
              24.187501252677123
            ],
            [
              24.81025843709088,
              22.72917266829893
            ],
            [
              25.539650080832445,
              20.125001832274023
            ],
            [
              25.95644530582763,
              18.25000246796094
            ],
            [
              26.060653684773342,
              16.89583918539219
            ],
            [
              26.164842918325206,
              16.166672500028852
            ],
            [
              26.164842918325206,
              15.541666330126532
            ],
            [
              25.643858459778187,
              15.437501028317058
            ],
            [
              25.018656049588486,
              17.312505178978597
            ],
            [
              24.706069203539045,
              19.708340625036072
            ],
            [
              24.706069203539045,
              22.00000598293559
            ],
            [
              24.706069203539045,
              24.291676127183564
            ],
            [
              25.018656049588486,
              26.791667302353574
            ],
            [
              25.539650080832445,
              29.91666943377436
            ],
            [
              25.95644530582763,
              32.72916608706976
            ],
            [
              26.164842918325206,
              34.91667092950826
            ],
            [
              26.26905129727095,
              36.47916481569595
            ],
            [
              26.26905129727095,
              37.7291699759779
            ],
            [
              26.26905129727095,
              38.66666965813445
            ],
            [
              26.26905129727095,
              39.39583395032355
            ],
            [
              26.164842918325206,
              40.22916833067063
            ],
            [
              25.95644530582763,
              40.958337409208184
            ],
            [
              25.852256072275765,
              41.47916870460409
            ],
            [
              25.43545127458364,
              42.20833299679319
            ],
            [
              25.227053662086064,
              42.72916907853755
            ],
            [
              25.3312428956379,
              41.89583709136474
            ],
            [
              25.643858459778187,
              40.020835333877415
            ],
            [
              26.060653684773342,
              37.62500228099418
            ],
            [
              26.26905129727095,
              35.54166274036518
            ],
            [
              26.373240530822784,
              33.5624980742426
            ],
            [
              26.373240530822784,
              32.6249959989118
            ],
            [
              26.373240530822784,
              29.812504131964886
            ],
            [
              26.373240530822784,
              28.249995886731767
            ],
            [
              26.373240530822784,
              26.791667302353574
            ],
            [
              26.477448909768526,
              25.124998541659437
            ],
            [
              26.685846522266104,
              23.7708400454392
            ],
            [
              26.790045328514907,
              22.833342756456886
            ],
            [
              26.89425370746065,
              22.00000598293559
            ],
            [
              26.998442941012485,
              21.375004599381725
            ],
            [
              27.10263217456435,
              20.645837914018387
            ],
            [
              27.311039359758865,
              20.020831744116066
            ],
            [
              27.519427399559504,
              19.18750454329171
            ],
            [
              27.623635778505246,
              18.354167769770413
            ],
            [
              27.72783458475405,
              17.625001084407074
            ],
            [
              27.832033391002824,
              16.99999970085321
            ],
            [
              27.832033391002824,
              16.4791684054573
            ],
            [
              27.936232197251627,
              15.541666330126532
            ],
            [
              28.04043100350043,
              14.812504431111677
            ],
            [
              28.144639382446172,
              13.979172443938836
            ],
            [
              27.41523816600767,
              13.770837053971405
            ],
            [
              26.89425370746065,
              14.083332959399854
            ],
            [
              26.477448909768526,
              14.604173827492701
            ],
            [
              26.164842918325206,
              15.125005122888581
            ],
            [
              25.43545127458364,
              17.520830996249117
            ],
            [
              24.81025843709088,
              20.333337222241454
            ],
            [
              24.393463212095725,
              23.145838661885335
            ],
            [
              24.28926440584692,
              25.85417001337126
            ],
            [
              24.28926440584692,
              28.145835371270778
            ],
            [
              24.28926440584692,
              30.02083473558386
            ],
            [
              24.28926440584692,
              31.166662628185122
            ],
            [
              24.18506559959812,
              32.312504879831835
            ],
            [
              24.080857220652376,
              33.5624980742426
            ],
            [
              23.872469180851738,
              34.8125008413503
            ],
            [
              23.768270374602963,
              35.95833352030007
            ],
            [
              23.66406199565722,
              37.000000897440316
            ],
            [
              23.66406199565722,
              37.93750057959687
            ],
            [
              23.559872762105385,
              38.87500026175343
            ],
            [
              23.455673955856582,
              39.9166676388937
            ],
            [
              23.455673955856582,
              41.062500317843444
            ],
            [
              23.455673955856582,
              41.89583709136474
            ],
            [
              23.455673955856582,
              42.62500138355384
            ],
            [
              23.455673955856582,
              43.250005160281944
            ],
            [
              23.455673955856582,
              43.97917184564528
            ],
            [
              23.455673955856582,
              44.70833613783438
            ],
            [
              23.455673955856582,
              45.43750521637196
            ],
            [
              23.455673955856582,
              46.06250181357734
            ],
            [
              23.455673955856582,
              46.89583858709864
            ],
            [
              23.455673955856582,
              47.52083518430402
            ],
            [
              23.455673955856582,
              48.2500042628416
            ],
            [
              23.455673955856582,
              48.87500325322122
            ],
            [
              23.559872762105385,
              48.2500042628416
            ],
            [
              23.768270374602963,
              47.52083518430402
            ],
            [
              24.080857220652376,
              46.58333310897325
            ],
            [
              24.393463212095725,
              44.50000314104119
            ],
            [
              24.601860824593302,
              41.68750170139731
            ],
            [
              24.706069203539045,
              38.77083974629241
            ],
            [
              24.706069203539045,
              35.95833352030007
            ],
            [
              24.706069203539045,
              33.45833755878158
            ],
            [
              24.706069203539045,
              31.166662628185122
            ],
            [
              24.706069203539045,
              28.458336063047682
            ],
            [
              24.81025843709088,
              25.43749923343637
            ],
            [
              24.914457243339683,
              22.52083727833147
            ],
            [
              25.12286442853423,
              19.708340625036072
            ],
            [
              25.12286442853423,
              17.520830996249117
            ],
            [
              25.12286442853423,
              16.166672500028852
            ],
            [
              25.12286442853423,
              15.437501028317058
            ],
            [
              25.018656049588486,
              14.91666973292115
            ],
            [
              24.18506559959812,
              15.541666330126532
            ],
            [
              23.872469180851738,
              16.166672500028852
            ],
            [
              23.66406199565722,
              16.68750379542476
            ],
            [
              23.455673955856582,
              17.520830996249117
            ],
            [
              23.143067964413262,
              20.54166782586043
            ],
            [
              23.03886915816446,
              23.87500056090022
            ],
            [
              23.247266770662037,
              26.583331912386114
            ],
            [
              23.66406199565722,
              29.083337446601547
            ],
            [
              23.97666798710054,
              30.7500014209472
            ],
            [
              24.18506559959812,
              32.10416470351592
            ],
            [
              24.393463212095725,
              33.5624980742426
            ],
            [
              24.4976620183445,
              35.229166834936734
            ],
            [
              24.4976620183445,
              37.10416859242406
            ],
            [
              24.4976620183445,
              38.45833426816702
            ],
            [
              24.393463212095725,
              39.60416694711677
            ],
            [
              24.18506559959812,
              40.541669022447536
            ],
            [
              23.872469180851738,
              41.37500100962038
            ],
            [
              23.455673955856582,
              42.00000239317421
            ],
            [
              23.247266770662037,
              42.62500138355384
            ],
            [
              22.83047154566688,
              43.562503458884635
            ],
            [
              22.413676320671698,
              44.70833613783438
            ],
            [
              22.20527870817412,
              45.22916743323029
            ],
            [
              21.996871522979575,
              45.75000112180041
            ],
            [
              21.684275104233194,
              46.375002505354274
            ],
            [
              21.58007629798442,
              47.0000014957339
            ]
          ],
          [
            [
              27.832033391002824,
              40.43750372063806
            ],
            [
              28.35302742224681,
              39.9166676388937
            ],
            [
              28.87402145349077,
              39.50000403848151
            ],
            [
              29.49922386368047,
              39.08333565172086
            ],
            [
              30.02021789492443,
              38.87500026175343
            ],
            [
              30.64541073241719,
              38.77083974629241
            ],
            [
              31.166414336358116,
              38.77083974629241
            ],
            [
              31.895796407402713,
              38.77083974629241
            ],
            [
              33.0419928488364,
              38.77083974629241
            ],
            [
              34.604984515265244,
              38.77083974629241
            ],
            [
              36.48056302774353,
              38.979170349911385
            ],
            [
              38.66874753166513,
              39.50000403848151
            ],
            [
              40.96112126913857,
              40.43750372063806
            ],
            [
              43.045097394114435,
              41.58333639958781
            ],
            [
              44.39971059343958,
              42.72916907853755
            ],
            [
              45.02490343093234,
              43.562503458884635
            ],
            [
              45.33749027698178,
              44.08333475428054
            ],
            [
              45.441679510533646,
              44.9166691346276
            ],
            [
              45.441679510533646,
              45.95833651176787
            ],
            [
              45.23330104342995,
              46.47917020033799
            ],
            [
              44.92069505198663,
              47.10416919071761
            ],
            [
              44.50389982699144,
              47.93750357106467
            ],
            [
              44.08710460199626,
              49.08333625001441
            ],
            [
              43.87870698949868,
              49.81250054220354
            ],
            [
              43.77451775594682,
              50.33333183759942
            ],
            [
              43.4619117645035,
              49.60416515223608
            ],
            [
              43.25350457930898,
              48.9791685550307
            ],
            [
              43.045097394114435,
              48.2500042628416
            ],
            [
              42.73252012076196,
              46.79167089211492
            ],
            [
              42.21153566221494,
              44.29166775107373
            ],
            [
              41.79473086452282,
              42.10417008815796
            ],
            [
              41.4821248730795,
              40.43750372063806
            ],
            [
              41.27372726058189,
              39.39583395032355
            ],
            [
              41.27372726058189,
              38.66666965813445
            ],
            [
              41.16952845433312,
              38.04167066775483
            ],
            [
              41.16952845433312,
              37.208336287407775
            ],
            [
              41.27372726058189,
              36.062498822109546
            ],
            [
              41.586323679328274,
              33.97916885417749
            ],
            [
              41.69052248557708,
              31.895834099896945
            ],
            [
              41.79473086452282,
              29.812504131964886
            ],
            [
              41.79473086452282,
              27.833334679493817
            ],
            [
              41.79473086452282,
              25.750004711561758
            ],
            [
              41.79473086452282,
              23.66666517093276
            ],
            [
              41.79473086452282,
              21.4791699011912
            ],
            [
              41.79473086452282,
              19.604170536878115
            ],
            [
              41.79473086452282,
              17.833336474374505
            ],
            [
              41.79473086452282,
              16.4791684054573
            ],
            [
              41.79473086452282,
              15.541666330126532
            ],
            [
              41.79473086452282,
              14.500003739334744
            ],
            [
              41.79473086452282,
              13.354171060385
            ],
            [
              41.79473086452282,
              12.312498896896244
            ],
            [
              41.79473086452282,
              11.479166909723403
            ],
            [
              41.79473086452282,
              10.750000224360065
            ],
            [
              41.79473086452282,
              10.020833538996726
            ],
            [
              41.69052248557708,
              9.500002243600846
            ],
            [
              41.065329648084315,
              9.291671639981871
            ],
            [
              40.544345189537296,
              9.812507721726234
            ],
            [
              39.39814874810361,
              13.250005758575497
            ],
            [
              38.56453915271939,
              17.312505178978597
            ],
            [
              38.14774392772421,
              22.208331800206082
            ],
            [
              38.04355469417237,
              27.20833329593998
            ],
            [
              38.35614154022181,
              31.895834099896945
            ],
            [
              38.772946337913936,
              35.64583282852314
            ],
            [
              38.98135352310845,
              38.56250196315074
            ],
            [
              39.18974156290909,
              40.750004412414995
            ],
            [
              39.18974156290909,
              42.41667077993486
            ],
            [
              39.18974156290909,
              43.87500415066157
            ],
            [
              38.98135352310845,
              45.12499973824657
            ],
            [
              38.772946337913936,
              46.06250181357734
            ],
            [
              38.56453915271939,
              46.68749841078272
            ],
            [
              38.35614154022181,
              47.52083518430402
            ],
            [
              38.35614154022181,
              48.04167126604838
            ],
            [
              38.35614154022181,
              48.87500325322122
            ],
            [
              38.35614154022181,
              49.60416515223608
            ],
            [
              38.772946337913936,
              49.91666823718725
            ],
            [
              39.085552329357256,
              49.50000463677506
            ],
            [
              39.39814874810361,
              48.87500325322122
            ],
            [
              40.231739198093976,
              46.375002505354274
            ],
            [
              41.27372726058189,
              42.93750207533077
            ],
            [
              42.10731771057226,
              39.1875033467046
            ],
            [
              42.836718927010736,
              35.33333213674621
            ],
            [
              43.357703385557784,
              31.47916810631054
            ],
            [
              43.77451775594682,
              27.416673472255894
            ],
            [
              44.39971059343958,
              22.833342756456886
            ],
            [
              45.23330104342995,
              17.520830996249117
            ],
            [
              46.17109987236603,
              12.000002991467795
            ],
            [
              46.48368671841547,
              7.83333348290671
            ],
            [
              46.48368671841547,
              5.125006917769269
            ],
            [
              46.48368671841547,
              3.8749993643130836
            ],
            [
              46.275289105917864,
              3.3541728552656593
            ],
            [
              45.96270225986842,
              2.8333415598697798
            ],
            [
              44.608108205937185,
              4.500000747866949
            ],
            [
              43.25350457930898,
              8.249999476493144
            ],
            [
              42.41991412931861,
              12.729174463179618
            ],
            [
              42.21153566221494,
              17.4166704807881
            ],
            [
              42.31571532306984,
              22.104171284745064
            ],
            [
              42.62832131451316,
              26.68750200054407
            ],
            [
              42.836718927010736,
              31.375002804501037
            ],
            [
              43.045097394114435,
              35.95833352030007
            ],
            [
              43.045097394114435,
              40.333333632480105
            ],
            [
              43.045097394114435,
              44.08333475428054
            ],
            [
              42.9409081605626,
              47.0000014957339
            ],
            [
              42.836718927010736,
              49.29166924680763
            ],
            [
              42.62832131451316,
              51.37500160791393
            ],
            [
              42.524112935567416,
              53.35416866721076
            ],
            [
              42.31571532306984,
              55.333333333333314
            ],
            [
              42.10731771057226,
              58.45833546475413
            ],
            [
              42.10731771057226,
              62.0
            ]
          ],
          [
            [
              22.934670351915656,
              32.72916608706976
            ],
            [
              22.5178751269205,
              30.958332024566175
            ],
            [
              22.413676320671698,
              26.479171396925096
            ],
            [
              22.413676320671698,
              22.00000598293559
            ],
            [
              22.72627273941808,
              17.72917117256503
            ],
            [
              22.934670351915656,
              13.979172443938836
            ],
            [
              23.03886915816446,
              11.479166909723403
            ],
            [
              23.03886915816446,
              10.229164142615701
            ],
            [
              23.247266770662037,
              11.895837689658293
            ],
            [
              23.455673955856582,
              15.854176594600403
            ],
            [
              23.455673955856582,
              20.75000321582786
            ],
            [
              23.247266770662037,
              25.6458346234038
            ],
            [
              22.72627273941808,
              30.541670817328225
            ],
            [
              22.20527870817412,
              34.91667092950826
            ],
            [
              21.58007629798442,
              38.45833426816702
            ],
            [
              21.05909183943737,
              41.27083810098512
            ],
            [
              20.538097808193413,
              43.14583507212399
            ],
            [
              20.225491816750093,
              44.50000314104119
            ],
            [
              20.121302583198258,
              45.22916743323029
            ],
            [
              20.43388942924767,
              42.93750207533077
            ],
            [
              21.26747987923801,
              39.08333565172086
            ],
            [
              21.89267271673077,
              34.8125008413503
            ],
            [
              22.413676320671698,
              30.02083473558386
            ],
            [
              22.622073933169276,
              25.750004711561758
            ],
            [
              22.622073933169276,
              22.31250188836404
            ],
            [
              22.622073933169276,
              19.604170536878115
            ],
            [
              22.622073933169276,
              17.833336474374505
            ],
            [
              22.622073933169276,
              16.89583918539219
            ],
            [
              22.83047154566688,
              19.604170536878115
            ],
            [
              22.83047154566688,
              24.91666793804046
            ],
            [
              22.5178751269205,
              31.583333408120012
            ],
            [
              22.413676320671698,
              37.83333767096161
            ],
            [
              22.622073933169276,
              42.833334380347054
            ],
            [
              22.934670351915656,
              46.79167089211492
            ],
            [
              23.03886915816446,
              49.60416515223608
            ],
            [
              23.03886915816446,
              51.062498522962755
            ],
            [
              22.72627273941808,
              51.58333460470715
            ],
            [
              21.58007629798442,
              51.479169302897645
            ],
            [
              19.18349418156521,
              49.50000463677506
            ],
            [
              16.68273240429113,
              45.75000112180041
            ],
            [
              14.911323979970803,
              41.16666801282716
            ],
            [
              13.869335917482857,
              35.64583282852314
            ],
            [
              13.556749071433444,
              29.708329257458445
            ],
            [
              13.556749071433444,
              23.979165862709692
            ],
            [
              13.9735442964286,
              19.18750454329171
            ],
            [
              14.911323979970803,
              15.541666330126532
            ],
            [
              16.057520421404462,
              13.145830884069085
            ],
            [
              17.20371686283815,
              12.000002991467795
            ],
            [
              18.245704925326066,
              11.479166909723403
            ],
            [
              19.391901366759754,
              11.479166909723403
            ],
            [
              20.850684654242855,
              11.687507086039318
            ],
            [
              22.413676320671698,
              12.729174463179618
            ],
            [
              23.66406199565722,
              14.604173827492701
            ],
            [
              24.393463212095725,
              17.72917117256503
            ],
            [
              24.393463212095725,
              22.104171284745064
            ],
            [
              23.768270374602963,
              27.000002692321004
            ],
            [
              22.72627273941808,
              32.20833479167388
            ],
            [
              21.89267271673077,
              37.10416859242406
            ],
            [
              21.26747987923801,
              41.27083810098512
            ],
            [
              20.850684654242855,
              44.39583544605745
            ],
            [
              20.642287041745277,
              46.375002505354274
            ],
            [
              20.538097808193413,
              47.625002879287734
            ],
            [
              20.538097808193413,
              48.1458317815094
            ],
            [
              20.538097808193413,
              46.89583858709864
            ],
            [
              20.746476275297113,
              42.520838474918605
            ],
            [
              21.26747987923801,
              37.41666689102675
            ],
            [
              21.89267271673077,
              30.958332024566175
            ],
            [
              22.20527870817412,
              23.87500056090022
            ],
            [
              22.309477514422895,
              17.937506562532462
            ],
            [
              22.20527870817412,
              12.937500280450081
            ],
            [
              21.89267271673077,
              9.291671639981871
            ],
            [
              21.58007629798442,
              7.625007665636218
            ],
            [
              21.26747987923801,
              8.354164778302618
            ],
            [
              20.538097808193413,
              13.875007142129363
            ],
            [
              20.121302583198258,
              22.104171284745064
            ],
            [
              17.412114475335727,
              15.541666330126532
            ],
            [
              17.412114475335727,
              16.06249762552244
            ],
            [
              17.412114475335727,
              16.89583918539219
            ],
            [
              17.412114475335727,
              17.72917117256503
            ],
            [
              17.51632285428147,
              18.979164366975795
            ],
            [
              17.724710894082108,
              20.854173303985817
            ],
            [
              18.03730731282849,
              23.145838661885335
            ],
            [
              18.34989415887793,
              25.541669321594327
            ],
            [
              18.66250972301819,
              27.833334679493817
            ],
            [
              18.97510614176457,
              30.02083473558386
            ],
            [
              19.18349418156521,
              32.10416470351592
            ],
            [
              19.28770256051095,
              34.29166954595442
            ],
            [
              19.28770256051095,
              36.47916481569595
            ],
            [
              19.28770256051095,
              38.14583357639009
            ],
            [
              19.18349418156521,
              39.1875033467046
            ],
            [
              19.079304948013373,
              40.020835333877415
            ],
            [
              18.870907335515767,
              40.750004412414995
            ],
            [
              18.766698956570053,
              41.37500100962038
            ],
            [
              18.66250972301819,
              41.89583709136474
            ],
            [
              18.558310916769415,
              42.41667077993486
            ],
            [
              18.558310916769415,
              41.68750170139731
            ],
            [
              18.558310916769415,
              39.39583395032355
            ],
            [
              18.558310916769415,
              36.062498822109546
            ],
            [
              18.558310916769415,
              32.312504879831835
            ],
            [
              18.454102537823672,
              28.562501364857155
            ],
            [
              18.245704925326066,
              25.43749923343637
            ],
            [
              18.03730731282849,
              22.93749848556942
            ],
            [
              18.03730731282849,
              20.645837914018387
            ],
            [
              18.14150611907729,
              18.458323498882947
            ],
            [
              18.454102537823672,
              16.4791684054573
            ],
            [
              18.870907335515767,
              15.229165638349599
            ],
            [
              19.18349418156521,
              14.812504431111677
            ],
            [
              19.079304948013373,
              17.937506562532462
            ],
            [
              18.870907335515767,
              22.52083727833147
            ],
            [
              18.766698956570053,
              28.35417076123821
            ],
            [
              18.870907335515767,
              34.39583484776389
            ],
            [
              19.49610017300853,
              40.12500302886113
            ],
            [
              20.225491816750093,
              45.02083682961131
            ],
            [
              21.05909183943737,
              48.458334866460575
            ],
            [
              21.58007629798442,
              50.54166962074112
            ],
            [
              21.684275104233194,
              51.16666861112071
            ],
            [
              21.684275104233194,
              49.29166924680763
            ],
            [
              21.58007629798442,
              44.9166691346276
            ],
            [
              21.475887064432555,
              39.9166676388937
            ],
            [
              21.05909183943737,
              35.33333213674621
            ],
            [
              20.43388942924767,
              31.166662628185122
            ],
            [
              19.49610017300853,
              27.62500407587487
            ],
            [
              18.766698956570053,
              24.604172032612013
            ],
            [
              18.245704925326066,
              21.79167059296813
            ],
            [
              17.933118079276653,
              19.499995662371703
            ],
            [
              17.933118079276653,
              17.4166704807881
            ],
            [
              17.933118079276653,
              16.270837801838354
            ],
            [
              18.03730731282849,
              15.645841204632973
            ],
            [
              16.995319250340543,
              19.18750454329171
            ],
            [
              16.474315646399646,
              23.041668573727378
            ],
            [
              16.265937179295946,
              26.89583739051153
            ],
            [
              16.37012641284781,
              30.854171509105157
            ],
            [
              16.68273240429113,
              34.39583484776389
            ],
            [
              17.20371686283815,
              37.83333767096161
            ],
            [
              17.51632285428147,
              40.958337409208184
            ],
            [
              17.620512087833305,
              43.97917184564528
            ],
            [
              17.620512087833305,
              46.06250181357734
            ],
            [
              17.620512087833305,
              46.79167089211492
            ],
            [
              17.620512087833305,
              47.3125021875108
            ],
            [
              17.307906096389985,
              46.68749841078272
            ],
            [
              17.307906096389985,
              44.604168442850664
            ],
            [
              17.307906096389985,
              40.541669022447536
            ],
            [
              17.307906096389985,
              35.95833352030007
            ],
            [
              17.307906096389985,
              32.0000041880549
            ],
            [
              16.8911108713948,
              29.291668050220522
            ],
            [
              16.37012641284781,
              27.520833987716912
            ],
            [
              16.057520421404462,
              25.750004711561758
            ],
            [
              15.953331187852626,
              24.291676127183564
            ],
            [
              15.953331187852626,
              23.56250465547174
            ],
            [
              15.744924002658081,
              25.43749923343637
            ],
            [
              15.536535962857442,
              28.04166528311282
            ],
            [
              15.536535962857442,
              31.062502112724133
            ],
            [
              15.536535962857442,
              34.500000149573395
            ],
            [
              15.640725196409306,
              37.83333767096161
            ],
            [
              15.953331187852626,
              40.333333632480105
            ],
            [
              16.265937179295946,
              42.62500138355384
            ],
            [
              16.578524025345388,
              45.43750521637196
            ],
            [
              16.995319250340543,
              48.2500042628416
            ],
            [
              17.412114475335727,
              50.64583492255059
            ],
            [
              17.724710894082108,
              52.62500198184739
            ],
            [
              17.82890970033091,
              54.083335352574096
            ],
            [
              18.03730731282849,
              55.333333333333314
            ],
            [
              18.14150611907729,
              56.687502598837625
            ],
            [
              18.245704925326066,
              57.833336474374505
            ],
            [
              18.34989415887793,
              58.666668461547346
            ],
            [
              18.34989415887793,
              59.291668648514076
            ],
            [
              18.766698956570053,
              58.77083615653106
            ],
            [
              18.97510614176457,
              58.14583596956433
            ],
            [
              19.391901366759754,
              57.104169789011166
            ],
            [
              19.912885825306773,
              55.64583641828449
            ],
            [
              20.538097808193413,
              53.97916765759035
            ],
            [
              21.05909183943737,
              51.89583529648405
            ],
            [
              21.58007629798442,
              49.81250054220354
            ],
            [
              22.101079901925317,
              47.83333587608095
            ],
            [
              22.309477514422895,
              46.27083720354477
            ],
            [
              22.5178751269205,
              44.70833613783438
            ],
            [
              22.622073933169276,
              43.250005160281944
            ],
            [
              22.72627273941808,
              41.58333639958781
            ],
            [
              22.83047154566688,
              39.9166676388937
            ],
            [
              22.934670351915656,
              38.56250196315074
            ],
            [
              23.03886915816446,
              37.208336287407775
            ],
            [
              23.03886915816446,
              36.166668910267504
            ],
            [
              23.143067964413262,
              35.437502224904165
            ],
            [
              23.143067964413262,
              34.708335539540826
            ],
            [
              23.143067964413262,
              34.18749945779646
            ],
            [
              22.83047154566688,
              34.60416545138287
            ],
            [
              22.622073933169276,
              35.229166834936734
            ],
            [
              22.20527870817412,
              36.68750020566341
            ],
            [
              21.788483483178936,
              39.70833464210048
            ],
            [
              21.58007629798442,
              42.00000239317421
            ],
            [
              21.475887064432555,
              44.08333475428054
            ],
            [
              21.475887064432555,
              46.06250181357734
            ],
            [
              21.475887064432555,
              47.72917057427145
            ],
            [
              21.58007629798442,
              49.29166924680763
            ],
            [
              21.58007629798442,
              50.33333183759942
            ],
            [
              21.475887064432555,
              51.16666861112071
            ],
            [
              21.26747987923801,
              51.89583529648405
            ],
            [
              20.954893033188597,
              52.729169676831134
            ],
            [
              20.642287041745277,
              53.45833636219447
            ],
            [
              20.32968105030193,
              54.18750304755781
            ],
            [
              19.912885825306773,
              54.91666973292115
            ],
            [
              19.600289406560393,
              55.64583641828449
            ],
            [
              19.18349418156521,
              56.79166790064713
            ],
            [
              19.28770256051095,
              59.395835146910684
            ],
            [
              19.391901366759754,
              60.020835333877415
            ]
          ],
          [
            [
              26.164842918325206,
              9.500002243600846
            ],
            [
              27.832033391002824,
              10.229164142615701
            ],
            [
              29.603422669929273,
              10.750000224360065
            ],
            [
              31.5832095613533,
              10.95834040067598
            ],
            [
              33.771394065274905,
              11.062505702485481
            ],
            [
              36.063758230051405,
              11.1666662179465
            ],
            [
              37.73094870272905,
              11.270831519755973
            ],
            [
              38.87714514416271,
              11.37500160791393
            ],
            [
              39.71075473954696,
              11.479166909723403
            ],
            [
              40.440136810591554,
              11.479166909723403
            ],
            [
              41.065329648084315,
              11.479166909723403
            ],
            [
              41.89892967077162,
              11.479166909723403
            ],
            [
              42.41991412931861,
              11.37500160791393
            ],
            [
              43.25350457930898,
              10.95834040067598
            ],
            [
              43.87870698949868,
              10.750000224360065
            ],
            [
              42.62832131451316,
              10.229164142615701
            ],
            [
              40.544345189537296,
              10.020833538996726
            ],
            [
              38.56453915271939,
              9.812507721726234
            ],
            [
              36.584752261295364,
              9.604172331758804
            ],
            [
              34.81338212776282,
              9.187506338172398
            ],
            [
              33.25039046133398,
              8.875000860046981
            ],
            [
              31.791607173850878,
              8.562504954618532
            ],
            [
              30.228625080118974,
              8.458334866460575
            ],
            [
              28.561434607441356,
              8.354164778302618
            ],
            [
              26.998442941012485,
              8.249999476493144
            ],
            [
              25.539650080832445,
              8.249999476493144
            ],
            [
              24.28926440584692,
              8.249999476493144
            ],
            [
              23.143067964413262,
              8.458334866460575
            ],
            [
              22.20527870817412,
              8.66667504277649
            ],
            [
              21.475887064432555,
              9.08333625001444
            ],
            [
              20.954893033188597,
              9.500002243600846
            ],
            [
              20.642287041745277,
              10.020833538996726
            ],
            [
              22.309477514422895,
              10.750000224360065
            ],
            [
              23.872469180851738,
              10.750000224360065
            ],
            [
              24.4976620183445,
              10.750000224360065
            ]
          ],
          [
            [
              41.89892967077162,
              11.270831519755973
            ],
            [
              41.377945212224574,
              13.979172443938836
            ],
            [
              40.544345189537296,
              19.083339241482236
            ],
            [
              40.02333201289943,
              24.708337334421515
            ],
            [
              39.71075473954696,
              29.604168741997455
            ],
            [
              39.50234755435241,
              32.6249959989118
            ],
            [
              39.50234755435241,
              34.083329369638506
            ],
            [
              39.71075473954696,
              30.125000037393335
            ],
            [
              40.544345189537296,
              25.541669321594327
            ],
            [
              41.377945212224574,
              20.95833860579532
            ],
            [
              41.69052248557708,
              17.72917117256503
            ],
            [
              41.69052248557708,
              16.06249762552244
            ],
            [
              40.544345189537296,
              18.145832379802982
            ],
            [
              39.71075473954696,
              22.72917266829893
            ],
            [
              39.085552329357256,
              28.87500684298257
            ],
            [
              38.87714514416271,
              35.437502224904165
            ],
            [
              39.085552329357256,
              40.64583671743128
            ],
            [
              39.606546360601214,
              43.35417046209142
            ],
            [
              39.81494397309879,
              44.50000314104119
            ],
            [
              40.02333201289943,
              42.62500138355384
            ],
            [
              40.231739198093976,
              37.41666689102675
            ],
            [
              40.440136810591554,
              31.270837502691563
            ],
            [
              40.440136810591554,
              26.166670705148192
            ],
            [
              40.02333201289943,
              22.625007366489427
            ],
            [
              39.71075473954696,
              20.645837914018387
            ],
            [
              39.606546360601214,
              20.125001832274023
            ],
            [
              39.293940369157895,
              23.87500056090022
            ],
            [
              39.18974156290909,
              30.02083473558386
            ],
            [
              39.39814874810361,
              35.85416821849057
            ],
            [
              40.231739198093976,
              40.020835333877415
            ],
            [
              40.96112126913857,
              42.312500691776904
            ],
            [
              41.16952845433312,
              42.93750207533077
            ],
            [
              41.4821248730795,
              41.37500100962038
            ],
            [
              41.89892967077162,
              35.54166274036518
            ],
            [
              41.89892967077162,
              28.35417076123821
            ],
            [
              41.16952845433312,
              21.166669209414295
            ],
            [
              40.85692246288977,
              19.291665058752727
            ]
          ]
        ]
      }
    }
  ]
}