{
  "type": "FeatureCollection",
  "crs": {
    "type": "name",
    "properties": {
      "name": "urn:ogc:def:crs:OGC:1.3:CRS84"
    }
  },
  "features": [
    {
      "type": "Feature",
      "properties": {
        "timestamp": "2026-05-07T13:57:20.411016",
        "country_name": "Canada",
        "author": "",
        "author_id": "7c7dd772-8245-47a8-83bd-b8793050fe03",
        "validated": false,
        "ranking": [
          [
            "Peru",
            0.11670792102813721
          ],
          [
            "Guadeloupe",
            0.05258883163332939
          ],
          [
            "South Georgia Islands",
            0.050033099949359894
          ],
          [
            "Greece",
            0.04753737896680832
          ],
          [
            "Canada",
            0.0347038172185421
          ],
          [
            "Laos",
            0.03129779174923897
          ],
          [
            "Denmark",
            0.02907448634505272
          ],
          [
            "North Macedonia",
            0.02807919681072235
          ],
          [
            "Faroe Islands",
            0.027926761656999588
          ],
          [
            "Italy",
            0.025057462975382805
          ],
          [
            "Romania",
            0.02196126990020275
          ],
          [
            "Guyana",
            0.01695440337061882
          ],
          [
            "Svalbard",
            0.015958966687321663
          ],
          [
            "Vietnam",
            0.015780171379446983
          ],
          [
            "Bangladesh",
            0.01373368315398693
          ],
          [
            "Tajikistan",
            0.013515631668269634
          ],
          [
            "Ethiopia",
            0.012290546670556068
          ],
          [
            "Rwanda",
            0.011447683908045292
          ],
          [
            "United States of America",
            0.011058649979531765
          ],
          [
            "Bahamas",
            0.010283385403454304
          ],
          [
            "France",
            0.009122833609580994
          ],
          [
            "Uruguay",
            0.00853428803384304
          ],
          [
            "Guinea",
            0.008533474057912827
          ],
          [
            "Australia",
            0.00802571326494217
          ],
          [
            "Iraq",
            0.007909941487014294
          ],
          [
            "Finland",
            0.007737193256616592
          ],
          [
            "Saudi Arabia",
            0.007415396627038717
          ],
          [
            "Bolivia",
            0.0073637403547763824
          ],
          [
            "Turkmenistan",
            0.0071288831532001495
          ],
          [
            "Azerbaijan",
            0.006559297908097506
          ],
          [
            "Gabon",
            0.006529178470373154
          ],
          [
            "Somalia",
            0.00651751970872283
          ],
          [
            "Angola",
            0.006496173329651356
          ],
          [
            "Costa Rica",
            0.006351889576762915
          ],
          [
            "Belize",
            0.00632626935839653
          ],
          [
            "Senegal",
            0.006269379984587431
          ],
          [
            "Guatemala",
            0.006164382211863995
          ],
          [
            "Switzerland",
            0.005422933958470821
          ],
          [
            "Mexico",
            0.005422426853328943
          ],
          [
            "Belarus",
            0.005334146786481142
          ],
          [
            "Mozambique",
            0.005329448264092207
          ],
          [
            "Cambodia",
            0.005229488480836153
          ],
          [
            "Armenia",
            0.005158408544957638
          ],
          [
            "Djibouti",
            0.005156894214451313
          ],
          [
            "Togo",
            0.005092645529657602
          ],
          [
            "Mauritania",
            0.005055163986980915
          ],
          [
            "Philippines",
            0.004930635914206505
          ],
          [
            "Benin",
            0.004899418447166681
          ],
          [
            "Vanuatu",
            0.004578796215355396
          ],
          [
            "Syria",
            0.004461668897420168
          ],
          [
            "India",
            0.0044017392210662365
          ],
          [
            "Germany",
            0.00424431636929512
          ],
          [
            "Papua New Guinea",
            0.004210307262837887
          ],
          [
            "Cuba",
            0.0041267783381044865
          ],
          [
            "United Kingdom",
            0.003914808854460716
          ],
          [
            "Malawi",
            0.003778928192332387
          ],
          [
            "Lesotho",
            0.0037672771140933037
          ],
          [
            "Reunion",
            0.003654337953776121
          ],
          [
            "Burundi",
            0.00359287578612566
          ],
          [
            "Barbados",
            0.003587055718526244
          ],
          [
            "Latvia",
            0.0035639775451272726
          ],
          [
            "Eritrea",
            0.0034908135421574116
          ],
          [
            "Ukraine",
            0.0034880582243204117
          ],
          [
            "Ireland",
            0.00341365160420537
          ],
          [
            "Spain",
            0.0034074783325195312
          ],
          [
            "Croatia",
            0.0034033667761832476
          ],
          [
            "Sri Lanka",
            0.0032985869329422712
          ],
          [
            "Zambia",
            0.003206792287528515
          ],
          [
            "Czech Republic",
            0.0031234384514391422
          ],
          [
            "Jordan",
            0.0031146397814154625
          ],
          [
            "Yemen",
            0.0030631073750555515
          ],
          [
            "Kiribati",
            0.0030383483972400427
          ],
          [
            "Myanmar",
            0.0030341672245413065
          ],
          [
            "Moldova",
            0.0029653680976480246
          ],
          [
            "Greenland",
            0.0028687878511846066
          ],
          [
            "Nepal",
            0.0028625186532735825
          ],
          [
            "Sudan",
            0.0026636456605046988
          ],
          [
            "Serbia",
            0.002625547582283616
          ],
          [
            "Congo",
            0.002610526978969574
          ],
          [
            "South Sudan",
            0.0025877770967781544
          ],
          [
            "Algeria",
            0.0025529256090521812
          ],
          [
            "Tunisia",
            0.0025081357453018427
          ],
          [
            "El Salvador",
            0.0024916143156588078
          ],
          [
            "Fiji",
            0.0024501890875399113
          ],
          [
            "Martinique",
            0.0024083086755126715
          ],
          [
            "South Africa",
            0.0023606964386999607
          ],
          [
            "Thailand",
            0.0023585406597703695
          ],
          [
            "Côte d'Ivoire",
            0.0023451820015907288
          ],
          [
            "Nicaragua",
            0.002323335036635399
          ],
          [
            "Iran",
            0.0020638329442590475
          ],
          [
            "Egypt",
            0.0020456211641430855
          ],
          [
            "Belgium",
            0.002044930588454008
          ],
          [
            "Eswatini",
            0.0020408236887305975
          ],
          [
            "Suriname",
            0.0019383664475753903
          ],
          [
            "Dominican Republic",
            0.0019150495063513517
          ],
          [
            "Lithuania",
            0.0018878997070714831
          ],
          [
            "Liberia",
            0.0018601344199851155
          ],
          [
            "Falkland Islands",
            0.0018530696397647262
          ],
          [
            "Heard and McDonald Islands",
            0.0018085662741214037
          ],
          [
            "Turks and Caicos Islands",
            0.001804152736440301
          ],
          [
            "Burkina Faso",
            0.0017937219236046076
          ],
          [
            "Albania",
            0.0017246074276044965
          ],
          [
            "Qatar",
            0.0016928319819271564
          ],
          [
            "Portugal",
            0.0016824156045913696
          ],
          [
            "Samoa",
            0.001665484276600182
          ],
          [
            "Brunei",
            0.001631552237085998
          ],
          [
            "Sweden",
            0.0016243701102212071
          ],
          [
            "Luxembourg",
            0.0015959019074216485
          ],
          [
            "Cameroon",
            0.001593930646777153
          ],
          [
            "Russia",
            0.0015535514103248715
          ],
          [
            "Namibia",
            0.001531456597149372
          ],
          [
            "Afghanistan",
            0.001506609725765884
          ],
          [
            "Estonia",
            0.0014925375580787659
          ],
          [
            "Zimbabwe",
            0.0014747747918590903
          ],
          [
            "Nigeria",
            0.0014469233574345708
          ],
          [
            "Montenegro",
            0.0013670092448592186
          ],
          [
            "Colombia",
            0.0013183335540816188
          ],
          [
            "Guinea-Bissau",
            0.0013151614693924785
          ],
          [
            "South Korea",
            0.001233756192959845
          ],
          [
            "Uzbekistan",
            0.0012187453685328364
          ],
          [
            "Cape Verde",
            0.001212822855450213
          ],
          [
            "French Guiana",
            0.0012053924147039652
          ],
          [
            "Bhutan",
            0.00119565159548074
          ],
          [
            "Sierra Leone",
            0.0011844387045130134
          ],
          [
            "Venezuela",
            0.0011536626843735576
          ],
          [
            "Bahrain",
            0.0011405744589865208
          ],
          [
            "Kenya",
            0.0011111650383099914
          ],
          [
            "Israel",
            0.001090983278118074
          ],
          [
            "Kuwait",
            0.001070343074388802
          ],
          [
            "Ghana",
            0.0010648511815816164
          ],
          [
            "Hong Kong",
            0.001026063458994031
          ],
          [
            "Argentina",
            0.0010164991253986955
          ],
          [
            "Uganda",
            0.0010159292723983526
          ],
          [
            "Dominica",
            0.0010099072242155671
          ],
          [
            "Libya",
            0.0009970397222787142
          ],
          [
            "Georgia",
            0.0009778522653505206
          ],
          [
            "Paraguay",
            0.0009774755453690886
          ],
          [
            "New Zealand",
            0.0009659641655161977
          ],
          [
            "Bulgaria",
            0.0009515307610854506
          ],
          [
            "Saint Lucia",
            0.0009366142912767828
          ],
          [
            "Poland",
            0.0009213076555170119
          ],
          [
            "New Caledonia",
            0.0009094822453334928
          ],
          [
            "Oman",
            0.0008980279671959579
          ],
          [
            "Central African Republic",
            0.0008921329281292856
          ],
          [
            "Honduras",
            0.0008845995180308819
          ],
          [
            "North Korea",
            0.0008711126865819097
          ],
          [
            "Haiti",
            0.0008665786008350551
          ],
          [
            "Taiwan",
            0.0008442034595645964
          ],
          [
            "Equatorial Guinea",
            0.0008308442775160074
          ],
          [
            "Slovakia",
            0.0008284595678560436
          ],
          [
            "Botswana",
            0.0008238693117164075
          ],
          [
            "China",
            0.0008057443774305284
          ],
          [
            "Iceland",
            0.0007786666392348707
          ],
          [
            "Solomon Islands",
            0.000752425694372505
          ],
          [
            "Guam",
            0.0007431732956320047
          ],
          [
            "Turkey",
            0.000732047890778631
          ],
          [
            "Netherlands",
            0.0007251467322930694
          ],
          [
            "Antigua & Barbuda",
            0.000700287229847163
          ],
          [
            "Indonesia",
            0.0006928431685082614
          ],
          [
            "Brazil",
            0.000665508268866688
          ],
          [
            "Mayotte",
            0.0005973945953883231
          ],
          [
            "Kazakhstan",
            0.0005867244908586144
          ],
          [
            "Norway",
            0.0005731866112910211
          ],
          [
            "Chile",
            0.0005591232911683619
          ],
          [
            "Slovenia",
            0.000554027734324336
          ],
          [
            "Comoros",
            0.0005520141567103565
          ],
          [
            "Tanzania",
            0.0005475198850035667
          ],
          [
            "Chad",
            0.0005145327304489911
          ],
          [
            "Jamaica",
            0.0004944137181155384
          ],
          [
            "Ecuador",
            0.0004941667430102825
          ],
          [
            "Hungary",
            0.0004544183611869812
          ],
          [
            "Mali",
            0.00045342446537688375
          ],
          [
            "Puerto Rico",
            0.0004517032648436725
          ],
          [
            "Western Sahara",
            0.00041750469245016575
          ],
          [
            "Niger",
            0.0004098951176274568
          ],
          [
            "United States Virgin Islands",
            0.00039359426591545343
          ],
          [
            "Kyrgyzstan",
            0.00039163153269328177
          ],
          [
            "West Bank",
            0.00038346380461007357
          ],
          [
            "Trinidad and Tobago",
            0.00037443157634697855
          ],
          [
            "Panama",
            0.0003621923679020256
          ],
          [
            "Mongolia",
            0.0003563846694305539
          ],
          [
            "Madagascar",
            0.0003257812059018761
          ],
          [
            "Isle of Man",
            0.00026978968526236713
          ],
          [
            "Pakistan",
            0.00025627107243053615
          ],
          [
            "Bosnia & Herzegovina",
            0.00023690128000453115
          ],
          [
            "Japan",
            0.000219109992031008
          ],
          [
            "Palau",
            0.00018999280291609466
          ],
          [
            "Timor-Leste",
            0.0001756975252646953
          ],
          [
            "DR Congo",
            0.00015540691674686968
          ],
          [
            "Malaysia",
            0.00014912051847204566
          ],
          [
            "Madeira Islands",
            0.0001475010358262807
          ],
          [
            "United Arab Emirates",
            0.00014393091259989887
          ],
          [
            "Lebanon",
            0.00014139250561129302
          ],
          [
            "Cyprus",
            0.00013822573237121105
          ],
          [
            "Sao Tome and Principe",
            0.00011574706877581775
          ],
          [
            "Gambia",
            8.82039894349873e-05
          ],
          [
            "Morocco",
            7.284456660272554e-05
          ],
          [
            "Netherlands Antilles",
            6.013784877723083e-05
          ],
          [
            "Austria",
            3.803183790296316e-05
          ]
        ]
      },
      "geometry": {
        "type": "MultiLineString",
        "coordinates": [
          [
            [
              7.4812398042413975,
              12.277324632952684
            ],
            [
              7.872756933115795,
              11.787928221859715
            ],
            [
              8.36215334420882,
              11.494290375203889
            ],
            [
              8.85154975530179,
              11.29853181076669
            ],
            [
              9.438825448613386,
              10.907014681892349
            ],
            [
              10.026101141924926,
              10.613376835236522
            ],
            [
              10.515497553017951,
              10.417618270799323
            ],
            [
              10.907014681892292,
              10.221859706362125
            ],
            [
              11.200652528548119,
              10.026101141924983
            ],
            [
              11.592169657422517,
              9.830342577487784
            ],
            [
              11.885807504078286,
              9.634584013050585
            ],
            [
              12.473083197389883,
              9.14518760195756
            ],
            [
              13.256117455138622,
              8.753670473083218
            ],
            [
              14.137030995106045,
              8.460032626427392
            ],
            [
              14.920065252854783,
              8.166394779771622
            ],
            [
              15.605220228384951,
              7.872756933115852
            ],
            [
              16.192495921696548,
              7.774877650897224
            ],
            [
              16.584013050570945,
              7.676998368678596
            ],
            [
              16.877650897226715,
              7.579119086460025
            ],
            [
              17.36704730831974,
              7.481239804241454
            ],
            [
              18.345840130505678,
              7.187601957585628
            ],
            [
              19.618270799347442,
              6.893964110929858
            ],
            [
              20.597063621533437,
              6.698205546492659
            ],
            [
              21.477977161500803,
              6.404567699836889
            ],
            [
              21.96737357259377,
              6.306688417618261
            ],
            [
              22.456769983686797,
              6.20880913539969
            ],
            [
              23.044045676998337,
              6.20880913539969
            ],
            [
              23.924959216965703,
              6.20880913539969
            ],
            [
              25.099510603588897,
              6.20880913539969
            ],
            [
              26.078303425774834,
              6.20880913539969
            ],
            [
              26.86133768352363,
              6.20880913539969
            ],
            [
              27.252854812398027,
              6.20880913539969
            ],
            [
              27.742251223490996,
              6.20880913539969
            ],
            [
              28.23164763458402,
              6.20880913539969
            ],
            [
              28.72104404567699,
              6.306688417618261
            ],
            [
              29.21044045676996,
              6.306688417618261
            ],
            [
              29.895595432300127,
              6.306688417618261
            ],
            [
              30.384991843393152,
              6.306688417618261
            ],
            [
              30.776508972267493,
              6.306688417618261
            ],
            [
              31.26590538336052,
              6.306688417618261
            ],
            [
              31.755301794453487,
              6.306688417618261
            ],
            [
              32.244698205546456,
              6.306688417618261
            ],
            [
              32.73409461663948,
              6.404567699836889
            ],
            [
              33.22349102773245,
              6.50244698205546
            ],
            [
              33.61500815660685,
              6.50244698205546
            ],
            [
              34.006525285481246,
              6.50244698205546
            ],
            [
              34.39804241435559,
              6.600326264274031
            ],
            [
              34.789559543229984,
              6.600326264274031
            ],
            [
              35.18107667210438,
              6.404567699836889
            ],
            [
              35.57259380097878,
              6.306688417618261
            ],
            [
              35.86623164763455,
              6.013050570962491
            ],
            [
              36.355628058727575,
              5.817292006525292
            ],
            [
              36.649265905383345,
              5.719412724306665
            ],
            [
              36.942903752039115,
              5.523654159869466
            ],
            [
              37.23654159869494,
              5.327895595432324
            ],
            [
              37.53017944535071,
              5.132137030995125
            ],
            [
              37.62805872756934,
              4.838499184339298
            ],
            [
              37.62805872756934,
              4.349102773246329
            ],
            [
              37.62805872756934,
              3.761827079934733
            ],
            [
              37.62805872756934,
              3.272430668841764
            ],
            [
              37.53017944535071,
              2.9787928221859374
            ],
            [
              37.33442088091351,
              2.5872756933115966
            ],
            [
              37.04078303425774,
              2.4893964110929687
            ],
            [
              36.551386623164774,
              2.195758564437199
            ],
            [
              36.942903752039115,
              2.0
            ],
            [
              37.33442088091351,
              2.0
            ],
            [
              37.82381729200654,
              2.0
            ],
            [
              38.41109298531808,
              2.097879282218571
            ],
            [
              38.802610114192476,
              2.097879282218571
            ],
            [
              39.38988580750407,
              2.195758564437199
            ],
            [
              39.87928221859704,
              2.195758564437199
            ],
            [
              40.46655791190864,
              2.29363784665577
            ],
            [
              40.955954323001606,
              2.3915171288743977
            ],
            [
              41.347471451876004,
              2.3915171288743977
            ],
            [
              41.641109298531774,
              2.4893964110929687
            ],
            [
              42.03262642740617,
              2.6851549755301676
            ],
            [
              42.42414355628057,
              2.9787928221859374
            ],
            [
              42.5220228384992,
              3.272430668841764
            ],
            [
              42.71778140293634,
              3.663947797716162
            ],
            [
              43.011419249592166,
              3.9575856443719317
            ],
            [
              43.305057096247936,
              4.251223491027758
            ],
            [
              43.500815660685134,
              4.544861337683528
            ],
            [
              43.794453507340904,
              4.936378466557926
            ],
            [
              44.1859706362153,
              5.230016313213696
            ],
            [
              44.47960848287113,
              5.523654159869466
            ],
            [
              44.7732463295269,
              5.817292006525292
            ],
            [
              45.164763458401296,
              6.20880913539969
            ],
            [
              45.556280587275694,
              6.404567699836889
            ],
            [
              45.849918433931464,
              6.698205546492659
            ],
            [
              46.14355628058729,
              7.089722675367057
            ],
            [
              46.53507340946163,
              7.3833605220228264
            ],
            [
              46.82871125611746,
              7.676998368678596
            ],
            [
              47.31810766721043,
              7.970636215334423
            ],
            [
              47.6117455138662,
              8.166394779771622
            ],
            [
              47.90538336052202,
              8.264274061990193
            ],
            [
              48.19902120717779,
              8.36215334420882
            ],
            [
              48.59053833605219,
              8.460032626427392
            ],
            [
              48.98205546492659,
              8.460032626427392
            ],
            [
              49.27569331158236,
              8.36215334420882
            ],
            [
              49.56933115823813,
              8.068515497552994
            ],
            [
              49.862969004893955,
              7.774877650897224
            ],
            [
              50.058727569331154,
              7.481239804241454
            ],
            [
              50.352365415986924,
              7.285481239804255
            ],
            [
              50.352365415986924,
              6.79608482871123
            ],
            [
              50.352365415986924,
              6.306688417618261
            ],
            [
              50.352365415986924,
              5.915171288743863
            ],
            [
              50.54812398042412,
              5.523654159869466
            ],
            [
              50.93964110929852,
              5.327895595432324
            ],
            [
              51.33115823817292,
              5.327895595432324
            ],
            [
              51.82055464926589,
              5.523654159869466
            ],
            [
              52.212071778140285,
              5.719412724306665
            ],
            [
              52.505709624796054,
              6.013050570962491
            ],
            [
              52.79934747145188,
              6.306688417618261
            ],
            [
              53.19086460032622,
              6.600326264274031
            ],
            [
              53.38662316476342,
              6.893964110929858
            ],
            [
              53.876019575856446,
              7.187601957585628
            ],
            [
              54.169657422512216,
              7.481239804241454
            ],
            [
              54.365415986949415,
              7.774877650897224
            ],
            [
              54.659053833605185,
              8.166394779771622
            ],
            [
              54.75693311582381,
              8.65579119086459
            ],
            [
              54.95269168026101,
              8.949429037520417
            ],
            [
              54.95269168026101,
              9.340946166394758
            ],
            [
              54.854812398042384,
              9.830342577487784
            ],
            [
              54.75693311582381,
              10.123980424143554
            ],
            [
              54.46329526916804,
              10.613376835236522
            ],
            [
              54.26753670473079,
              11.00489396411092
            ],
            [
              53.97389885807502,
              11.200652528548119
            ],
            [
              53.68026101141925,
              11.396411092985318
            ],
            [
              53.28874388254485,
              11.396411092985318
            ],
            [
              52.89722675367045,
              11.396411092985318
            ],
            [
              52.40783034257748,
              11.396411092985318
            ],
            [
              51.918433931484515,
              11.396411092985318
            ],
            [
              51.42903752039149,
              11.396411092985318
            ],
            [
              51.13539967373572,
              11.29853181076669
            ],
            [
              50.84176182707995,
              11.200652528548119
            ],
            [
              50.54812398042412,
              11.102773246329548
            ],
            [
              50.25448613376835,
              10.907014681892349
            ],
            [
              49.960848287112526,
              10.71125611745515
            ],
            [
              49.667210440456756,
              10.515497553017951
            ],
            [
              49.373572593800986,
              10.221859706362125
            ],
            [
              49.07993474714516,
              10.026101141924983
            ],
            [
              48.68841761827076,
              9.830342577487784
            ],
            [
              48.29690048939642,
              9.536704730831957
            ],
            [
              48.003262642740594,
              9.438825448613386
            ],
            [
              47.6117455138662,
              9.243066884176187
            ],
            [
              47.220228384991856,
              8.949429037520417
            ],
            [
              46.82871125611746,
              8.753670473083218
            ],
            [
              46.43719412724306,
              8.55791190864602
            ],
            [
              46.04567699836866,
              8.264274061990193
            ],
            [
              45.75203915171289,
              8.166394779771622
            ],
            [
              45.458401305057066,
              7.970636215334423
            ],
            [
              45.164763458401296,
              7.872756933115852
            ],
            [
              44.87112561174547,
              7.774877650897224
            ],
            [
              44.5774877650897,
              7.579119086460025
            ],
            [
              44.28384991843393,
              7.481239804241454
            ],
            [
              43.9902120717781,
              7.285481239804255
            ],
            [
              43.69657422512233,
              7.089722675367057
            ],
            [
              43.40293637846656,
              6.991843393148429
            ],
            [
              43.011419249592166,
              6.893964110929858
            ],
            [
              42.61990212071777,
              6.79608482871123
            ],
            [
              42.326264274062,
              6.698205546492659
            ],
            [
              41.9347471451876,
              6.50244698205546
            ],
            [
              41.641109298531774,
              6.404567699836889
            ],
            [
              42.22838499184337,
              6.698205546492659
            ],
            [
              42.71778140293634,
              6.991843393148429
            ],
            [
              43.305057096247936,
              7.285481239804255
            ],
            [
              43.89233278955953,
              7.579119086460025
            ],
            [
              44.3817292006525,
              7.872756933115852
            ],
            [
              44.7732463295269,
              8.068515497552994
            ],
            [
              45.066884176182725,
              8.264274061990193
            ],
            [
              45.458401305057066,
              8.460032626427392
            ],
            [
              45.75203915171289,
              8.55791190864602
            ],
            [
              46.04567699836866,
              8.65579119086459
            ],
            [
              46.53507340946163,
              8.85154975530179
            ],
            [
              47.12234910277323,
              9.047308319738988
            ],
            [
              47.415986949429,
              9.14518760195756
            ],
            [
              47.709624796084825,
              9.340946166394758
            ],
            [
              48.10114192495922,
              9.536704730831957
            ],
            [
              48.49265905383356,
              9.732463295269156
            ],
            [
              48.78629690048939,
              9.928221859706355
            ],
            [
              49.07993474714516,
              10.123980424143554
            ],
            [
              49.47145187601956,
              10.417618270799323
            ],
            [
              49.765089722675384,
              10.613376835236522
            ],
            [
              50.156606851549725,
              10.907014681892349
            ],
            [
              50.45024469820555,
              11.200652528548119
            ],
            [
              50.74388254486132,
              11.494290375203889
            ],
            [
              50.93964110929852,
              11.787928221859715
            ],
            [
              51.03752039151709,
              12.081566068515485
            ],
            [
              51.13539967373572,
              12.375203915171255
            ],
            [
              51.33115823817292,
              12.668841761827082
            ],
            [
              51.52691680261012,
              13.06035889070148
            ],
            [
              51.722675367047316,
              13.35399673735725
            ],
            [
              51.82055464926589,
              13.647634584013076
            ],
            [
              52.11419249592166,
              13.843393148450218
            ],
            [
              52.309951060358856,
              14.137030995106045
            ],
            [
              52.60358890701468,
              14.332789559543244
            ],
            [
              52.99510603588908,
              14.626427406199014
            ],
            [
              53.38662316476342,
              14.920065252854783
            ],
            [
              53.68026101141925,
              15.017944535073411
            ],
            [
              54.071778140293645,
              15.21370309951061
            ],
            [
              54.46329526916804,
              15.311582381729181
            ],
            [
              54.854812398042384,
              15.409461663947809
            ],
            [
              55.14845024469821,
              15.50734094616638
            ],
            [
              55.44208809135398,
              15.605220228385008
            ],
            [
              55.83360522022838,
              15.605220228385008
            ],
            [
              56.225122349102776,
              15.311582381729181
            ],
            [
              56.616639477977174,
              15.115823817291982
            ],
            [
              57.008156606851514,
              15.017944535073411
            ],
            [
              57.20391517128871,
              14.724306688417641
            ],
            [
              57.39967373572591,
              14.430668841761815
            ],
            [
              57.49755301794454,
              14.039151712887417
            ],
            [
              57.49755301794454,
              13.647634584013076
            ],
            [
              57.39967373572591,
              13.256117455138678
            ],
            [
              57.10603588907014,
              12.86460032626428
            ],
            [
              56.812398042414316,
              12.57096247960851
            ],
            [
              56.616639477977174,
              12.277324632952684
            ],
            [
              56.420880913539975,
              11.983686786296914
            ],
            [
              56.32300163132135,
              11.690048939641088
            ],
            [
              56.518760195758546,
              11.396411092985318
            ],
            [
              56.812398042414316,
              11.200652528548119
            ],
            [
              57.20391517128871,
              11.200652528548119
            ],
            [
              57.59543230016311,
              11.200652528548119
            ],
            [
              58.28058727569328,
              11.396411092985318
            ],
            [
              58.672104404567676,
              11.690048939641088
            ],
            [
              58.965742251223446,
              11.885807504078286
            ],
            [
              59.45513866231647,
              12.179445350734113
            ],
            [
              59.84665579119087,
              12.375203915171255
            ],
            [
              60.14029363784664,
              12.57096247960851
            ],
            [
              60.43393148450241,
              12.962479608482852
            ],
            [
              60.727569331158236,
              13.35399673735725
            ],
            [
              60.923327895595435,
              13.745513866231647
            ],
            [
              61.119086460032634,
              14.039151712887417
            ],
            [
              61.216965742251205,
              14.332789559543244
            ],
            [
              61.4127243066884,
              14.626427406199014
            ],
            [
              61.6084828711256,
              14.920065252854783
            ],
            [
              61.8042414355628,
              15.21370309951061
            ],
            [
              61.90212071778137,
              15.703099510603579
            ],
            [
              61.70636215334417,
              15.996737357259349
            ],
            [
              61.4127243066884,
              16.192495921696548
            ],
            [
              60.923327895595435,
              16.192495921696548
            ],
            [
              60.43393148450241,
              16.192495921696548
            ],
            [
              60.04241435562807,
              16.094616639477977
            ],
            [
              59.65089722675367,
              15.996737357259349
            ],
            [
              59.357259380097844,
              15.898858075040778
            ],
            [
              59.063621533442074,
              15.800978792822207
            ],
            [
              58.574225122349105,
              15.800978792822207
            ],
            [
              58.28058727569328,
              15.703099510603579
            ],
            [
              57.98694942903751,
              15.800978792822207
            ],
            [
              57.69331158238174,
              15.898858075040778
            ],
            [
              57.30179445350734,
              15.703099510603579
            ],
            [
              57.008156606851514,
              15.605220228385008
            ],
            [
              56.714518760195745,
              15.50734094616638
            ],
            [
              56.420880913539975,
              15.311582381729181
            ],
            [
              56.518760195758546,
              15.800978792822207
            ],
            [
              56.812398042414316,
              16.290375203915175
            ],
            [
              57.10603588907014,
              16.584013050570945
            ],
            [
              57.39967373572591,
              16.975530179445343
            ],
            [
              57.69331158238174,
              17.36704730831974
            ],
            [
              57.98694942903751,
              17.75856443719414
            ],
            [
              58.18270799347471,
              18.150081566068536
            ],
            [
              58.378466557911906,
              18.541598694942877
            ],
            [
              58.378466557911906,
              19.030995106035903
            ],
            [
              58.378466557911906,
              19.4225122349103
            ],
            [
              58.28058727569328,
              19.71615008156607
            ],
            [
              57.98694942903751,
              20.00978792822184
            ],
            [
              57.69331158238174,
              20.303425774877667
            ],
            [
              57.39967373572591,
              20.597063621533437
            ],
            [
              57.10603588907014,
              20.988580750407834
            ],
            [
              56.714518760195745,
              21.380097879282232
            ],
            [
              56.420880913539975,
              21.57585644371943
            ],
            [
              56.12724306688415,
              21.8694942903752
            ],
            [
              55.73572593800975,
              22.2610114192496
            ],
            [
              55.44208809135398,
              22.456769983686797
            ],
            [
              54.95269168026101,
              22.456769983686797
            ],
            [
              54.561174551386614,
              22.456769983686797
            ],
            [
              54.169657422512216,
              22.456769983686797
            ],
            [
              53.77814029363782,
              22.456769983686797
            ],
            [
              53.38662316476342,
              22.35889070146817
            ],
            [
              52.99510603588908,
              22.35889070146817
            ],
            [
              52.70146818923325,
              22.456769983686797
            ],
            [
              52.309951060358856,
              22.946166394779766
            ],
            [
              52.11419249592166,
              23.435562805872735
            ],
            [
              51.918433931484515,
              23.827079934747132
            ],
            [
              51.82055464926589,
              24.12071778140296
            ],
            [
              51.82055464926589,
              24.610114192495928
            ],
            [
              51.82055464926589,
              25.197389885807524
            ],
            [
              51.82055464926589,
              25.588907014681865
            ],
            [
              51.82055464926589,
              25.980424143556263
            ],
            [
              51.82055464926589,
              26.37194127243066
            ],
            [
              51.52691680261012,
              26.86133768352363
            ],
            [
              51.23327895595429,
              27.154975530179456
            ],
            [
              50.84176182707995,
              27.252854812398027
            ],
            [
              50.45024469820555,
              27.448613376835226
            ],
            [
              49.960848287112526,
              27.546492659053854
            ],
            [
              49.47145187601956,
              27.644371941272425
            ],
            [
              49.07993474714516,
              27.742251223491053
            ],
            [
              48.78629690048939,
              27.938009787928195
            ],
            [
              48.68841761827076,
              28.329526916802592
            ],
            [
              48.59053833605219,
              28.62316476345842
            ],
            [
              48.49265905383356,
              28.91680261011419
            ],
            [
              48.29690048939642,
              29.21044045676996
            ],
            [
              48.10114192495922,
              29.504078303425786
            ],
            [
              47.807504078303396,
              29.797716150081555
            ],
            [
              47.513866231647626,
              30.189233278955953
            ],
            [
              47.31810766721043,
              30.58075040783035
            ],
            [
              47.12234910277323,
              30.87438825448612
            ],
            [
              47.02446982055466,
              31.168026101141947
            ],
            [
              46.63295269168026,
              31.657422512234916
            ],
            [
              46.43719412724306,
              32.048939641109314
            ],
            [
              46.24143556280586,
              32.342577487765084
            ],
            [
              45.94779771615009,
              32.73409461663948
            ],
            [
              45.654159869494265,
              32.92985318107668
            ],
            [
              45.360522022838495,
              33.22349102773245
            ],
            [
              45.066884176182725,
              33.51712887438828
            ],
            [
              44.7732463295269,
              33.71288743882542
            ],
            [
              44.3817292006525,
              33.71288743882542
            ],
            [
              44.08809135399673,
              33.61500815660685
            ],
            [
              43.794453507340904,
              33.32137030995108
            ],
            [
              43.59869494290376,
              32.92985318107668
            ],
            [
              43.500815660685134,
              32.636215334420854
            ],
            [
              43.40293637846656,
              32.24469820554651
            ],
            [
              43.207177814029365,
              31.951060358890686
            ],
            [
              43.207177814029365,
              31.55954323001629
            ],
            [
              43.207177814029365,
              31.07014681892332
            ],
            [
              43.207177814029365,
              30.58075040783035
            ],
            [
              43.207177814029365,
              29.993474714518754
            ],
            [
              43.305057096247936,
              29.601957585644357
            ],
            [
              43.305057096247936,
              28.91680261011419
            ],
            [
              43.305057096247936,
              28.52528548123979
            ],
            [
              43.305057096247936,
              28.035889070146823
            ],
            [
              43.305057096247936,
              27.644371941272425
            ],
            [
              43.207177814029365,
              27.350734094616655
            ],
            [
              43.207177814029365,
              26.86133768352363
            ],
            [
              43.207177814029365,
              26.469820554649232
            ],
            [
              43.207177814029365,
              26.07830342577489
            ],
            [
              43.207177814029365,
              25.588907014681865
            ],
            [
              43.10929853181074,
              25.295269168026095
            ],
            [
              43.10929853181074,
              24.805872756933127
            ],
            [
              43.011419249592166,
              24.5122349102773
            ],
            [
              43.011419249592166,
              24.02283849918433
            ],
            [
              42.91353996737354,
              23.631321370309934
            ],
            [
              42.71778140293634,
              23.337683523654164
            ],
            [
              42.5220228384992,
              22.946166394779766
            ],
            [
              42.22838499184337,
              22.848287112561195
            ],
            [
              41.9347471451876,
              22.55464926590537
            ],
            [
              41.5432300163132,
              22.35889070146817
            ],
            [
              41.151712887438805,
              22.16313213703097
            ],
            [
              40.858075040783035,
              21.96737357259383
            ],
            [
              40.56443719412721,
              21.771615008156573
            ],
            [
              40.27079934747144,
              21.57585644371943
            ],
            [
              39.87928221859704,
              21.380097879282232
            ],
            [
              39.48776508972264,
              21.184339314845033
            ],
            [
              39.292006525285444,
              20.890701468189206
            ],
            [
              39.19412724306687,
              20.499184339314866
            ],
            [
              39.096247960848245,
              20.00978792822184
            ],
            [
              39.096247960848245,
              19.618270799347442
            ],
            [
              38.998368678629674,
              19.324632952691672
            ],
            [
              38.9004893964111,
              18.933115823817275
            ],
            [
              38.704730831973905,
              18.443719412724306
            ],
            [
              38.508972267536706,
              17.954323001631337
            ],
            [
              38.41109298531808,
              17.66068515497551
            ],
            [
              38.31321370309951,
              17.36704730831974
            ],
            [
              38.11745513866231,
              16.877650897226772
            ],
            [
              37.92169657422511,
              16.388254486133746
            ],
            [
              37.82381729200654,
              16.094616639477977
            ],
            [
              37.62805872756934,
              15.800978792822207
            ],
            [
              37.33442088091351,
              15.409461663947809
            ],
            [
              37.23654159869494,
              15.115823817291982
            ],
            [
              36.74714518760197,
              15.605220228385008
            ],
            [
              36.551386623164774,
              15.898858075040778
            ],
            [
              36.355628058727575,
              16.192495921696548
            ],
            [
              36.159869494290376,
              16.681892332789573
            ],
            [
              36.159869494290376,
              17.26916802610117
            ],
            [
              36.159869494290376,
              17.75856443719414
            ],
            [
              36.159869494290376,
              18.150081566068536
            ],
            [
              36.159869494290376,
              18.737357259380076
            ],
            [
              36.25774877650895,
              19.128874388254474
            ],
            [
              36.355628058727575,
              19.52039151712887
            ],
            [
              36.355628058727575,
              19.91190864600327
            ],
            [
              36.355628058727575,
              20.401305057096238
            ],
            [
              36.453507340946146,
              20.890701468189206
            ],
            [
              36.159869494290376,
              21.086460032626405
            ],
            [
              35.76835236541598,
              20.988580750407834
            ],
            [
              35.37683523654158,
              20.890701468189206
            ],
            [
              34.98531810766718,
              20.890701468189206
            ],
            [
              34.593800978792785,
              20.890701468189206
            ],
            [
              34.202283849918445,
              20.890701468189206
            ],
            [
              33.81076672104405,
              20.988580750407834
            ],
            [
              33.51712887438822,
              21.282218597063604
            ],
            [
              33.32137030995102,
              21.673735725938002
            ],
            [
              33.22349102773245,
              22.0652528548124
            ],
            [
              33.22349102773245,
              22.55464926590537
            ],
            [
              33.12561174551388,
              22.848287112561195
            ],
            [
              33.02773246329525,
              23.141924959216965
            ],
            [
              33.02773246329525,
              23.533442088091363
            ],
            [
              32.92985318107668,
              23.92495921696576
            ],
            [
              32.83197389885805,
              24.41435562805873
            ],
            [
              32.73409461663948,
              24.7079934747145
            ],
            [
              32.636215334420854,
              25.099510603588897
            ],
            [
              32.53833605220228,
              25.393148450244666
            ],
            [
              32.440456769983655,
              25.980424143556263
            ],
            [
              32.342577487765084,
              26.56769983686786
            ],
            [
              32.244698205546456,
              26.86133768352363
            ],
            [
              32.146818923327885,
              27.252854812398027
            ],
            [
              32.048939641109314,
              27.546492659053854
            ],
            [
              32.048939641109314,
              27.938009787928195
            ],
            [
              32.048939641109314,
              28.329526916802592
            ],
            [
              32.048939641109314,
              28.818923327895618
            ],
            [
              32.048939641109314,
              29.308319738988587
            ],
            [
              32.048939641109314,
              29.699836867862984
            ],
            [
              32.244698205546456,
              29.993474714518754
            ],
            [
              32.342577487765084,
              30.28711256117458
            ],
            [
              32.440456769983655,
              30.58075040783035
            ],
            [
              32.73409461663948,
              30.97226753670475
            ],
            [
              32.83197389885805,
              31.26590538336052
            ],
            [
              32.92985318107668,
              31.55954323001629
            ],
            [
              33.22349102773245,
              31.853181076672115
            ],
            [
              33.51712887438822,
              32.146818923327885
            ],
            [
              33.81076672104405,
              32.44045676998371
            ],
            [
              34.006525285481246,
              32.73409461663948
            ],
            [
              34.300163132137016,
              32.83197389885805
            ],
            [
              34.495921696574214,
              33.12561174551388
            ],
            [
              34.789559543229984,
              33.32137030995108
            ],
            [
              34.98531810766718,
              33.61500815660685
            ],
            [
              35.27895595432301,
              33.71288743882542
            ],
            [
              35.47471451876015,
              34.006525285481246
            ],
            [
              35.76835236541598,
              34.202283849918445
            ],
            [
              36.06199021207175,
              34.39804241435564
            ],
            [
              36.355628058727575,
              34.69168026101141
            ],
            [
              36.649265905383345,
              34.88743882544861
            ],
            [
              37.138662316476314,
              35.18107667210438
            ],
            [
              37.43230016313214,
              35.27895595432301
            ],
            [
              37.92169657422511,
              35.47471451876021
            ],
            [
              38.41109298531808,
              35.57259380097878
            ],
            [
              38.802610114192476,
              35.67047308319741
            ],
            [
              39.096247960848245,
              35.76835236541598
            ],
            [
              39.38988580750407,
              35.866231647634606
            ],
            [
              39.68352365415984,
              35.96411092985318
            ],
            [
              39.97716150081567,
              36.061990212071805
            ],
            [
              40.368678629690066,
              36.159869494290376
            ],
            [
              40.76019575856441,
              36.355628058727575
            ],
            [
              41.151712887438805,
              36.551386623164774
            ],
            [
              41.44535073409463,
              36.74714518760197
            ],
            [
              41.7389885807504,
              36.94290375203917
            ],
            [
              42.03262642740617,
              37.13866231647637
            ],
            [
              42.42414355628057,
              37.43230016313214
            ],
            [
              42.61990212071777,
              37.82381729200654
            ],
            [
              42.91353996737354,
              38.11745513866231
            ],
            [
              43.011419249592166,
              38.41109298531808
            ],
            [
              43.011419249592166,
              38.802610114192476
            ],
            [
              42.81566068515497,
              39.19412724306687
            ],
            [
              42.5220228384992,
              39.38988580750407
            ],
            [
              42.22838499184337,
              39.78140293637847
            ],
            [
              42.1305057096248,
              40.17292006525287
            ],
            [
              41.9347471451876,
              40.564437194127265
            ],
            [
              41.83686786296897,
              40.858075040783035
            ],
            [
              41.7389885807504,
              41.151712887438805
            ],
            [
              41.641109298531774,
              41.44535073409463
            ],
            [
              41.5432300163132,
              41.7389885807504
            ],
            [
              41.5432300163132,
              42.1305057096248
            ],
            [
              41.7389885807504,
              42.42414355628057
            ],
            [
              42.03262642740617,
              42.61990212071777
            ],
            [
              42.326264274062,
              42.717781402936396
            ],
            [
              42.61990212071777,
              42.913539967373595
            ],
            [
              42.61990212071777,
              43.305057096247936
            ],
            [
              42.326264274062,
              43.59869494290376
            ],
            [
              41.9347471451876,
              43.79445350734096
            ],
            [
              41.5432300163132,
              43.79445350734096
            ],
            [
              41.151712887438805,
              43.79445350734096
            ],
            [
              40.662316476345836,
              43.69657422512233
            ],
            [
              40.17292006525281,
              43.500815660685134
            ],
            [
              39.58564437194127,
              43.40293637846656
            ],
            [
              39.19412724306687,
              43.10929853181074
            ],
            [
              38.9004893964111,
              43.011419249592166
            ],
            [
              38.60685154975528,
              42.913539967373595
            ],
            [
              38.31321370309951,
              42.717781402936396
            ],
            [
              38.01957585644368,
              42.5220228384992
            ],
            [
              37.53017944535071,
              42.326264274062
            ],
            [
              36.942903752039115,
              42.1305057096248
            ],
            [
              36.355628058727575,
              42.03262642740617
            ],
            [
              35.76835236541598,
              41.9347471451876
            ],
            [
              35.27895595432301,
              41.9347471451876
            ],
            [
              34.88743882544861,
              41.9347471451876
            ],
            [
              34.495921696574214,
              41.9347471451876
            ],
            [
              34.006525285481246,
              41.9347471451876
            ],
            [
              33.41924959216965,
              42.03262642740617
            ],
            [
              33.12561174551388,
              42.1305057096248
            ],
            [
              32.83197389885805,
              42.42414355628057
            ],
            [
              32.440456769983655,
              42.61990212071777
            ],
            [
              32.146818923327885,
              42.81566068515497
            ],
            [
              31.85318107667206,
              43.011419249592166
            ],
            [
              31.461663947797717,
              43.011419249592166
            ],
            [
              31.07014681892332,
              43.011419249592166
            ],
            [
              30.678629690048922,
              43.011419249592166
            ],
            [
              30.091353996737325,
              42.913539967373595
            ],
            [
              29.406199021207158,
              42.913539967373595
            ],
            [
              29.01468189233276,
              42.81566068515497
            ],
            [
              28.623164763458362,
              42.717781402936396
            ],
            [
              28.23164763458402,
              42.717781402936396
            ],
            [
              27.742251223490996,
              42.61990212071777
            ],
            [
              27.350734094616598,
              42.61990212071777
            ],
            [
              26.959216965742257,
              42.61990212071777
            ],
            [
              26.469820554649232,
              42.61990212071777
            ],
            [
              25.980424143556263,
              42.61990212071777
            ],
            [
              25.491027732463294,
              42.61990212071777
            ],
            [
              25.099510603588897,
              42.81566068515497
            ],
            [
              24.5122349102773,
              42.913539967373595
            ],
            [
              24.02283849918433,
              42.913539967373595
            ],
            [
              23.631321370309934,
              43.011419249592166
            ],
            [
              23.239804241435536,
              43.011419249592166
            ],
            [
              23.435562805872735,
              43.40293637846656
            ],
            [
              23.827079934747132,
              43.59869494290376
            ],
            [
              24.3164763458401,
              43.79445350734096
            ],
            [
              24.610114192495928,
              43.89233278955953
            ],
            [
              25.295269168026095,
              43.99021207177816
            ],
            [
              25.882544861337692,
              43.99021207177816
            ],
            [
              26.469820554649232,
              43.99021207177816
            ],
            [
              26.76345840130506,
              43.89233278955953
            ],
            [
              27.154975530179456,
              43.79445350734096
            ],
            [
              27.546492659053797,
              43.59869494290376
            ],
            [
              27.840130505709624,
              43.40293637846656
            ],
            [
              28.133768352365394,
              43.10929853181074
            ],
            [
              28.42740619902122,
              43.011419249592166
            ],
            [
              28.81892332789556,
              42.913539967373595
            ],
            [
              29.21044045676996,
              42.913539967373595
            ],
            [
              29.504078303425786,
              42.81566068515497
            ],
            [
              29.993474714518754,
              42.81566068515497
            ],
            [
              30.384991843393152,
              42.81566068515497
            ],
            [
              30.87438825448612,
              42.81566068515497
            ],
            [
              31.657422512234916,
              42.717781402936396
            ],
            [
              32.146818923327885,
              42.61990212071777
            ],
            [
              32.53833605220228,
              42.61990212071777
            ],
            [
              32.92985318107668,
              42.5220228384992
            ],
            [
              33.22349102773245,
              42.42414355628057
            ],
            [
              33.71288743882542,
              42.22838499184337
            ],
            [
              34.006525285481246,
              42.1305057096248
            ],
            [
              34.39804241435559,
              42.03262642740617
            ],
            [
              34.789559543229984,
              41.9347471451876
            ],
            [
              35.18107667210438,
              41.83686786296903
            ],
            [
              35.57259380097878,
              41.64110929853183
            ],
            [
              36.159869494290376,
              41.64110929853183
            ],
            [
              36.649265905383345,
              41.5432300163132
            ],
            [
              37.04078303425774,
              41.5432300163132
            ],
            [
              37.53017944535071,
              41.5432300163132
            ],
            [
              38.11745513866231,
              41.5432300163132
            ],
            [
              38.41109298531808,
              41.7389885807504
            ],
            [
              38.802610114192476,
              41.83686786296903
            ],
            [
              39.292006525285444,
              42.22838499184337
            ],
            [
              39.48776508972264,
              42.5220228384992
            ],
            [
              39.58564437194127,
              42.913539967373595
            ],
            [
              39.68352365415984,
              43.305057096247936
            ],
            [
              39.97716150081567,
              44.08809135399673
            ],
            [
              40.46655791190864,
              45.262642740619924
            ],
            [
              40.955954323001606,
              46.04567699836866
            ],
            [
              41.347471451876004,
              46.53507340946169
            ],
            [
              41.641109298531774,
              46.73083197389883
            ],
            [
              42.03262642740617,
              46.82871125611746
            ],
            [
              42.81566068515497,
              46.92659053833603
            ],
            [
              43.10929853181074,
              47.02446982055466
            ],
            [
              43.59869494290376,
              47.12234910277323
            ],
            [
              44.08809135399673,
              47.31810766721043
            ],
            [
              44.67536704730833,
              47.513866231647626
            ],
            [
              45.164763458401296,
              47.709624796084825
            ],
            [
              45.556280587275694,
              47.90538336052202
            ],
            [
              46.04567699836866,
              48.10114192495922
            ],
            [
              46.33931484502443,
              48.39477977161499
            ],
            [
              46.33931484502443,
              48.88417618270802
            ],
            [
              46.04567699836866,
              49.17781402936379
            ],
            [
              45.458401305057066,
              49.373572593800986
            ],
            [
              45.066884176182725,
              49.47145187601956
            ],
            [
              44.67536704730833,
              49.569331158238185
            ],
            [
              44.1859706362153,
              49.667210440456756
            ],
            [
              43.69657422512233,
              49.765089722675384
            ],
            [
              43.207177814029365,
              49.765089722675384
            ],
            [
              42.5220228384992,
              49.765089722675384
            ],
            [
              42.03262642740617,
              49.667210440456756
            ],
            [
              41.5432300163132,
              49.569331158238185
            ],
            [
              41.053833605220234,
              49.569331158238185
            ],
            [
              40.76019575856441,
              49.27569331158236
            ],
            [
              40.368678629690066,
              48.98205546492659
            ],
            [
              39.97716150081567,
              48.49265905383362
            ],
            [
              39.78140293637847,
              48.19902120717779
            ],
            [
              39.58564437194127,
              47.90538336052202
            ],
            [
              39.58564437194127,
              47.513866231647626
            ],
            [
              39.68352365415984,
              47.12234910277323
            ],
            [
              39.68352365415984,
              46.63295269168026
            ],
            [
              39.68352365415984,
              46.24143556280586
            ],
            [
              39.48776508972264,
              45.849918433931464
            ],
            [
              39.19412724306687,
              45.360522022838495
            ],
            [
              38.998368678629674,
              45.066884176182725
            ],
            [
              38.704730831973905,
              44.7732463295269
            ],
            [
              38.41109298531808,
              44.5774877650897
            ],
            [
              38.01957585644368,
              44.3817292006525
            ],
            [
              37.72593800978791,
              44.28384991843393
            ],
            [
              37.23654159869494,
              44.28384991843393
            ],
            [
              36.942903752039115,
              44.3817292006525
            ],
            [
              36.649265905383345,
              44.47960848287113
            ],
            [
              36.25774877650895,
              44.5774877650897
            ],
            [
              35.96411092985318,
              44.7732463295269
            ],
            [
              35.57259380097878,
              44.9690048939641
            ],
            [
              35.18107667210438,
              45.45840130505712
            ],
            [
              35.08319738988581,
              45.849918433931464
            ],
            [
              34.98531810766718,
              46.14355628058729
            ],
            [
              35.18107667210438,
              46.63295269168026
            ],
            [
              35.47471451876015,
              47.02446982055466
            ],
            [
              35.96411092985318,
              47.415986949429055
            ],
            [
              36.355628058727575,
              47.807504078303396
            ],
            [
              36.649265905383345,
              48.29690048939642
            ],
            [
              36.74714518760197,
              48.59053833605219
            ],
            [
              37.04078303425774,
              49.07993474714516
            ],
            [
              37.23654159869494,
              49.373572593800986
            ],
            [
              37.43230016313214,
              49.765089722675384
            ],
            [
              37.43230016313214,
              50.352365415986924
            ],
            [
              37.43230016313214,
              50.74388254486132
            ],
            [
              37.43230016313214,
              51.33115823817292
            ],
            [
              37.62805872756934,
              51.82055464926589
            ],
            [
              38.11745513866231,
              52.212071778140285
            ],
            [
              38.508972267536706,
              52.40783034257748
            ],
            [
              38.9004893964111,
              52.60358890701468
            ],
            [
              39.292006525285444,
              52.70146818923325
            ],
            [
              40.07504078303424,
              52.70146818923325
            ],
            [
              40.662316476345836,
              52.70146818923325
            ],
            [
              41.44535073409463,
              52.70146818923325
            ],
            [
              42.22838499184337,
              52.50570962479611
            ],
            [
              42.81566068515497,
              52.50570962479611
            ],
            [
              43.10929853181074,
              52.40783034257748
            ],
            [
              43.305057096247936,
              52.70146818923325
            ],
            [
              43.305057096247936,
              53.09298531810765
            ],
            [
              43.305057096247936,
              53.48450244698205
            ],
            [
              43.207177814029365,
              53.876019575856446
            ],
            [
              43.207177814029365,
              54.267536704730844
            ],
            [
              43.207177814029365,
              54.65905383360524
            ],
            [
              43.011419249592166,
              55.05057096247958
            ],
            [
              42.81566068515497,
              55.44208809135398
            ],
            [
              42.81566068515497,
              56.02936378466558
            ],
            [
              42.81566068515497,
              56.518760195758546
            ],
            [
              43.10929853181074,
              56.81239804241437
            ],
            [
              43.305057096247936,
              57.20391517128877
            ],
            [
              43.59869494290376,
              57.59543230016311
            ],
            [
              43.89233278955953,
              57.88907014681894
            ],
            [
              43.9902120717781,
              58.18270799347471
            ],
            [
              43.9902120717781,
              58.574225122349105
            ],
            [
              43.9902120717781,
              58.9657422512235
            ],
            [
              44.08809135399673,
              59.25938009787927
            ],
            [
              44.47960848287113,
              59.65089722675367
            ],
            [
              44.7732463295269,
              59.94453507340944
            ],
            [
              45.164763458401296,
              60.14029363784664
            ],
            [
              45.556280587275694,
              60.433931484502466
            ],
            [
              46.14355628058729,
              60.923327895595435
            ],
            [
              46.53507340946163,
              61.31484502446983
            ],
            [
              46.73083197389883,
              61.70636215334423
            ],
            [
              46.82871125611746,
              62.0
            ],
            [
              46.33931484502443,
              62.0
            ],
            [
              45.654159869494265,
              62.0
            ],
            [
              45.26264274061987,
              62.0
            ],
            [
              44.7732463295269,
              61.90212071778143
            ],
            [
              44.28384991843393,
              61.8042414355628
            ],
            [
              43.794453507340904,
              61.70636215334423
            ],
            [
              43.207177814029365,
              61.6084828711256
            ],
            [
              42.81566068515497,
              61.4127243066884
            ],
            [
              42.326264274062,
              61.31484502446983
            ],
            [
              41.7389885807504,
              61.216965742251205
            ],
            [
              41.24959216965743,
              61.119086460032634
            ],
            [
              40.858075040783035,
              61.021207177814006
            ],
            [
              40.56443719412721,
              60.923327895595435
            ],
            [
              39.97716150081567,
              60.82544861337681
            ],
            [
              39.48776508972264,
              60.727569331158236
            ],
            [
              39.096247960848245,
              60.727569331158236
            ],
            [
              38.60685154975528,
              60.629690048939665
            ],
            [
              38.01957585644368,
              60.629690048939665
            ],
            [
              37.62805872756934,
              60.629690048939665
            ],
            [
              36.942903752039115,
              60.53181076672104
            ],
            [
              36.551386623164774,
              60.53181076672104
            ],
            [
              35.86623164763455,
              60.433931484502466
            ],
            [
              35.57259380097878,
              60.33605220228384
            ],
            [
              35.18107667210438,
              60.23817292006527
            ],
            [
              34.88743882544861,
              60.14029363784664
            ],
            [
              34.495921696574214,
              60.04241435562807
            ],
            [
              34.202283849918445,
              59.94453507340944
            ],
            [
              33.90864600326262,
              59.74877650897224
            ],
            [
              33.61500815660685,
              59.65089722675367
            ],
            [
              33.32137030995102,
              59.45513866231647
            ],
            [
              32.92985318107668,
              59.1615008156607
            ],
            [
              32.53833605220228,
              58.867862969004875
            ],
            [
              32.342577487765084,
              58.574225122349105
            ],
            [
              32.048939641109314,
              58.280587275693335
            ],
            [
              31.951060358890686,
              57.98694942903751
            ],
            [
              31.85318107667206,
              57.59543230016311
            ],
            [
              31.755301794453487,
              57.30179445350734
            ],
            [
              31.85318107667206,
              57.00815660685157
            ],
            [
              32.244698205546456,
              56.91027732463294
            ],
            [
              32.636215334420854,
              56.714518760195745
            ],
            [
              33.12561174551388,
              56.518760195758546
            ],
            [
              33.81076672104405,
              56.420880913539975
            ],
            [
              34.300163132137016,
              56.225122349102776
            ],
            [
              34.593800978792785,
              56.12724306688415
            ],
            [
              34.88743882544861,
              56.02936378466558
            ],
            [
              35.18107667210438,
              55.931484502447006
            ],
            [
              35.76835236541598,
              55.73572593800981
            ],
            [
              36.06199021207175,
              55.63784665579118
            ],
            [
              36.355628058727575,
              55.53996737357261
            ],
            [
              36.74714518760197,
              55.44208809135398
            ],
            [
              37.04078303425774,
              55.34420880913541
            ],
            [
              37.23654159869494,
              54.95269168026101
            ],
            [
              37.23654159869494,
              54.561174551386614
            ],
            [
              37.23654159869494,
              54.169657422512216
            ],
            [
              37.138662316476314,
              53.876019575856446
            ],
            [
              36.845024469820544,
              53.68026101141925
            ],
            [
              36.942903752039115,
              53.28874388254485
            ],
            [
              37.33442088091351,
              53.19086460032628
            ],
            [
              37.82381729200654,
              53.19086460032628
            ],
            [
              38.21533442088088,
              53.28874388254485
            ],
            [
              38.60685154975528,
              53.77814029363782
            ],
            [
              38.704730831973905,
              54.071778140293645
            ],
            [
              38.704730831973905,
              54.65905383360524
            ],
            [
              38.704730831973905,
              55.05057096247958
            ],
            [
              38.704730831973905,
              55.63784665579118
            ],
            [
              38.60685154975528,
              56.225122349102776
            ],
            [
              38.31321370309951,
              56.714518760195745
            ],
            [
              38.11745513866231,
              57.00815660685157
            ],
            [
              37.92169657422511,
              57.39967373572591
            ],
            [
              37.72593800978791,
              57.69331158238174
            ],
            [
              37.53017944535071,
              57.98694942903751
            ],
            [
              37.53017944535071,
              58.378466557911906
            ],
            [
              37.92169657422511,
              58.672104404567676
            ],
            [
              38.21533442088088,
              58.769983686786304
            ],
            [
              38.508972267536706,
              58.867862969004875
            ],
            [
              38.802610114192476,
              59.063621533442074
            ],
            [
              39.096247960848245,
              59.1615008156607
            ],
            [
              39.58564437194127,
              59.1615008156607
            ],
            [
              39.97716150081567,
              59.1615008156607
            ],
            [
              40.27079934747144,
              58.867862969004875
            ],
            [
              40.46655791190864,
              58.574225122349105
            ],
            [
              40.46655791190864,
              58.18270799347471
            ],
            [
              40.46655791190864,
              57.69331158238174
            ],
            [
              40.17292006525281,
              57.39967373572591
            ],
            [
              40.07504078303424,
              57.00815660685157
            ],
            [
              40.07504078303424,
              56.616639477977174
            ],
            [
              40.07504078303424,
              56.225122349102776
            ],
            [
              40.07504078303424,
              55.83360522022838
            ],
            [
              39.97716150081567,
              55.53996737357261
            ],
            [
              39.87928221859704,
              55.24632952691678
            ],
            [
              39.68352365415984,
              54.95269168026101
            ],
            [
              39.38988580750407,
              54.561174551386614
            ],
            [
              39.292006525285444,
              54.169657422512216
            ],
            [
              39.292006525285444,
              53.77814029363782
            ],
            [
              39.19412724306687,
              53.38662316476348
            ],
            [
              38.9004893964111,
              53.19086460032628
            ],
            [
              38.508972267536706,
              53.09298531810765
            ],
            [
              38.11745513866231,
              53.09298531810765
            ],
            [
              37.72593800978791,
              53.09298531810765
            ],
            [
              37.33442088091351,
              53.09298531810765
            ],
            [
              36.942903752039115,
              53.09298531810765
            ],
            [
              36.551386623164774,
              52.99510603588908
            ],
            [
              36.159869494290376,
              52.99510603588908
            ],
            [
              35.57259380097878,
              52.99510603588908
            ],
            [
              35.18107667210438,
              53.09298531810765
            ],
            [
              34.789559543229984,
              53.19086460032628
            ],
            [
              34.300163132137016,
              53.28874388254485
            ],
            [
              33.71288743882542,
              53.48450244698205
            ],
            [
              33.22349102773245,
              53.58238172920068
            ],
            [
              32.83197389885805,
              53.77814029363782
            ],
            [
              32.53833605220228,
              53.97389885807502
            ],
            [
              32.244698205546456,
              54.267536704730844
            ],
            [
              32.244698205546456,
              54.65905383360524
            ],
            [
              32.440456769983655,
              55.05057096247958
            ],
            [
              32.636215334420854,
              55.44208809135398
            ],
            [
              32.53833605220228,
              55.83360522022838
            ],
            [
              32.048939641109314,
              55.83360522022838
            ],
            [
              31.657422512234916,
              55.73572593800981
            ],
            [
              31.36378466557909,
              55.53996737357261
            ],
            [
              30.972267536704692,
              55.14845024469821
            ],
            [
              30.482871125611723,
              54.75693311582381
            ],
            [
              29.895595432300127,
              54.365415986949415
            ],
            [
              29.308319738988587,
              53.97389885807502
            ],
            [
              28.81892332789556,
              53.68026101141925
            ],
            [
              28.329526916802592,
              53.48450244698205
            ],
            [
              27.938009787928195,
              53.28874388254485
            ],
            [
              27.644371941272425,
              53.19086460032628
            ],
            [
              27.252854812398027,
              53.19086460032628
            ],
            [
              26.86133768352363,
              53.19086460032628
            ],
            [
              26.469820554649232,
              53.19086460032628
            ],
            [
              26.176182707993462,
              53.09298531810765
            ],
            [
              25.882544861337692,
              52.79934747145188
            ],
            [
              26.078303425774834,
              52.50570962479611
            ],
            [
              26.37194127243066,
              52.30995106035891
            ],
            [
              26.76345840130506,
              52.11419249592171
            ],
            [
              27.252854812398027,
              52.016313213703086
            ],
            [
              27.644371941272425,
              51.918433931484515
            ],
            [
              28.035889070146823,
              51.82055464926589
            ],
            [
              28.42740619902122,
              51.722675367047316
            ],
            [
              28.91680261011419,
              51.722675367047316
            ],
            [
              29.406199021207158,
              51.722675367047316
            ],
            [
              29.699836867862928,
              51.62479608482869
            ],
            [
              30.091353996737325,
              51.62479608482869
            ],
            [
              30.776508972267493,
              51.62479608482869
            ],
            [
              31.16802610114189,
              51.62479608482869
            ],
            [
              31.55954323001629,
              51.62479608482869
            ],
            [
              31.951060358890686,
              51.62479608482869
            ],
            [
              32.440456769983655,
              51.52691680261012
            ],
            [
              32.92985318107668,
              51.52691680261012
            ],
            [
              33.51712887438822,
              51.42903752039149
            ],
            [
              33.90864600326262,
              51.33115823817292
            ],
            [
              34.495921696574214,
              51.33115823817292
            ],
            [
              34.88743882544861,
              51.33115823817292
            ],
            [
              35.27895595432301,
              51.23327895595435
            ],
            [
              35.76835236541598,
              51.13539967373572
            ],
            [
              35.96411092985318,
              50.84176182707995
            ],
            [
              35.96411092985318,
              50.45024469820555
            ],
            [
              35.76835236541598,
              49.862969004893955
            ],
            [
              35.47471451876015,
              49.47145187601956
            ],
            [
              35.27895595432301,
              49.17781402936379
            ],
            [
              34.98531810766718,
              49.07993474714516
            ],
            [
              34.593800978792785,
              48.78629690048939
            ],
            [
              34.300163132137016,
              48.68841761827082
            ],
            [
              33.90864600326262,
              48.49265905383362
            ],
            [
              33.41924959216965,
              48.49265905383362
            ],
            [
              33.12561174551388,
              48.59053833605219
            ],
            [
              32.636215334420854,
              48.68841761827082
            ],
            [
              32.342577487765084,
              48.78629690048939
            ],
            [
              32.048939641109314,
              48.98205546492659
            ],
            [
              31.657422512234916,
              49.27569331158236
            ],
            [
              31.36378466557909,
              49.47145187601956
            ],
            [
              31.07014681892332,
              49.765089722675384
            ],
            [
              30.776508972267493,
              49.862969004893955
            ],
            [
              30.384991843393152,
              50.15660685154978
            ],
            [
              29.895595432300127,
              50.25448613376835
            ],
            [
              28.91680261011419,
              50.352365415986924
            ],
            [
              28.23164763458402,
              50.54812398042412
            ],
            [
              27.546492659053797,
              50.64600326264275
            ],
            [
              26.959216965742257,
              50.74388254486132
            ],
            [
              26.56769983686786,
              50.74388254486132
            ],
            [
              26.274061990212033,
              50.93964110929852
            ],
            [
              25.980424143556263,
              51.03752039151715
            ],
            [
              25.882544861337692,
              51.33115823817292
            ],
            [
              25.491027732463294,
              51.33115823817292
            ],
            [
              25.099510603588897,
              51.33115823817292
            ],
            [
              24.7079934747145,
              51.33115823817292
            ],
            [
              24.3164763458401,
              51.33115823817292
            ],
            [
              23.924959216965703,
              51.33115823817292
            ],
            [
              23.337683523654164,
              51.33115823817292
            ],
            [
              22.848287112561138,
              51.33115823817292
            ],
            [
              22.456769983686797,
              51.33115823817292
            ],
            [
              22.0652528548124,
              51.23327895595435
            ],
            [
              21.575856443719374,
              51.03752039151715
            ],
            [
              21.184339314845033,
              50.84176182707995
            ],
            [
              20.890701468189206,
              50.64600326264275
            ],
            [
              20.49918433931481,
              50.45024469820555
            ],
            [
              20.20554649265904,
              50.25448613376835
            ],
            [
              19.91190864600327,
              49.96084828711258
            ],
            [
              19.71615008156607,
              49.667210440456756
            ],
            [
              20.107667210440468,
              49.569331158238185
            ],
            [
              20.597063621533437,
              49.47145187601956
            ],
            [
              20.890701468189206,
              49.373572593800986
            ],
            [
              21.184339314845033,
              49.27569331158236
            ],
            [
              21.477977161500803,
              49.17781402936379
            ],
            [
              22.0652528548124,
              49.17781402936379
            ],
            [
              22.750407830342567,
              49.07993474714516
            ],
            [
              23.141924959216965,
              48.98205546492659
            ],
            [
              23.533442088091363,
              48.88417618270802
            ],
            [
              23.827079934747132,
              48.78629690048939
            ],
            [
              23.337683523654164,
              48.49265905383362
            ],
            [
              22.946166394779766,
              48.39477977161499
            ],
            [
              22.456769983686797,
              48.39477977161499
            ],
            [
              22.0652528548124,
              48.39477977161499
            ],
            [
              21.575856443719374,
              48.39477977161499
            ],
            [
              21.184339314845033,
              48.39477977161499
            ],
            [
              20.792822185970635,
              48.39477977161499
            ],
            [
              20.401305057096238,
              48.39477977161499
            ],
            [
              19.71615008156607,
              48.39477977161499
            ],
            [
              19.226753670473045,
              48.39477977161499
            ],
            [
              18.541598694942877,
              48.39477977161499
            ],
            [
              17.75856443719414,
              48.39477977161499
            ],
            [
              17.171288743882542,
              48.39477977161499
            ],
            [
              16.779771615008144,
              48.39477977161499
            ],
            [
              16.486133768352374,
              48.29690048939642
            ],
            [
              16.192495921696548,
              48.003262642740594
            ],
            [
              15.996737357259349,
              47.709624796084825
            ],
            [
              16.192495921696548,
              47.220228384991856
            ],
            [
              16.779771615008144,
              47.220228384991856
            ],
            [
              17.269168026101113,
              47.220228384991856
            ],
            [
              17.66068515497551,
              47.220228384991856
            ],
            [
              18.05220228384991,
              47.220228384991856
            ],
            [
              18.443719412724306,
              47.220228384991856
            ],
            [
              18.835236541598704,
              47.220228384991856
            ],
            [
              19.226753670473045,
              47.12234910277323
            ],
            [
              19.52039151712887,
              46.92659053833603
            ],
            [
              19.52039151712887,
              46.53507340946169
            ],
            [
              19.52039151712887,
              46.14355628058729
            ],
            [
              19.52039151712887,
              45.75203915171289
            ],
            [
              19.81402936378464,
              45.654159869494265
            ],
            [
              20.30342577487761,
              45.556280587275694
            ],
            [
              20.694942903752008,
              45.45840130505712
            ],
            [
              21.086460032626405,
              45.262642740619924
            ],
            [
              21.477977161500803,
              45.066884176182725
            ],
            [
              21.96737357259377,
              44.7732463295269
            ],
            [
              22.35889070146817,
              44.5774877650897
            ],
            [
              22.750407830342567,
              44.3817292006525
            ],
            [
              23.044045676998337,
              44.18597063621536
            ],
            [
              23.337683523654164,
              43.89233278955953
            ],
            [
              23.533442088091363,
              43.59869494290376
            ],
            [
              23.337683523654164,
              43.305057096247936
            ],
            [
              22.946166394779766,
              43.207177814029365
            ],
            [
              22.456769983686797,
              43.207177814029365
            ],
            [
              22.0652528548124,
              43.207177814029365
            ],
            [
              21.673735725938002,
              43.207177814029365
            ],
            [
              21.184339314845033,
              43.305057096247936
            ],
            [
              20.792822185970635,
              43.500815660685134
            ],
            [
              20.401305057096238,
              43.59869494290376
            ],
            [
              19.91190864600327,
              43.79445350734096
            ],
            [
              19.618270799347442,
              43.89233278955953
            ],
            [
              19.226753670473045,
              43.99021207177816
            ],
            [
              18.933115823817275,
              44.08809135399673
            ],
            [
              18.541598694942877,
              44.18597063621536
            ],
            [
              18.15008156606848,
              44.3817292006525
            ],
            [
              17.75856443719414,
              44.3817292006525
            ],
            [
              17.36704730831974,
              44.67536704730833
            ],
            [
              17.073409461663914,
              44.871125611745526
            ],
            [
              16.779771615008144,
              45.066884176182725
            ],
            [
              16.486133768352374,
              45.262642740619924
            ],
            [
              15.996737357259349,
              45.556280587275694
            ],
            [
              15.80097879282215,
              45.849918433931464
            ],
            [
              15.50734094616638,
              46.14355628058729
            ],
            [
              15.115823817291982,
              46.33931484502449
            ],
            [
              14.626427406199014,
              46.53507340946169
            ],
            [
              14.332789559543244,
              46.63295269168026
            ],
            [
              14.039151712887417,
              46.73083197389883
            ],
            [
              13.745513866231647,
              46.82871125611746
            ],
            [
              13.35399673735725,
              46.92659053833603
            ],
            [
              12.962479608482852,
              47.02446982055466
            ],
            [
              12.570962479608454,
              47.02446982055466
            ],
            [
              12.179445350734056,
              47.02446982055466
            ],
            [
              11.885807504078286,
              46.92659053833603
            ],
            [
              11.592169657422517,
              46.82871125611746
            ],
            [
              11.494290375203889,
              47.12234910277323
            ],
            [
              11.200652528548119,
              47.31810766721043
            ],
            [
              10.71125611745515,
              47.12234910277323
            ],
            [
              10.417618270799323,
              46.82871125611746
            ],
            [
              10.026101141924926,
              46.33931484502449
            ],
            [
              9.732463295269156,
              46.04567699836866
            ],
            [
              9.536704730831957,
              45.75203915171289
            ],
            [
              9.243066884176187,
              45.262642740619924
            ],
            [
              8.85154975530179,
              44.871125611745526
            ],
            [
              8.65579119086459,
              44.5774877650897
            ],
            [
              8.36215334420882,
              44.28384991843393
            ],
            [
              8.068515497552994,
              43.89233278955953
            ],
            [
              7.579119086460025,
              43.40293637846656
            ],
            [
              7.3833605220228264,
              43.10929853181074
            ],
            [
              6.991843393148429,
              42.81566068515497
            ],
            [
              6.698205546492659,
              42.5220228384992
            ],
            [
              6.404567699836832,
              42.22838499184337
            ],
            [
              6.013050570962491,
              41.7389885807504
            ],
            [
              5.523654159869466,
              41.24959216965743
            ],
            [
              5.230016313213696,
              40.955954323001606
            ],
            [
              4.838499184339298,
              40.564437194127265
            ],
            [
              4.544861337683528,
              40.27079934747144
            ],
            [
              4.349102773246329,
              39.97716150081567
            ],
            [
              4.055464926590503,
              39.68352365415984
            ],
            [
              3.859706362153304,
              39.38988580750407
            ],
            [
              3.663947797716162,
              39.0962479608483
            ],
            [
              3.468189233278963,
              38.802610114192476
            ],
            [
              3.370309951060335,
              38.508972267536706
            ],
            [
              3.1745513866231363,
              38.215334420880936
            ],
            [
              2.9787928221859374,
              37.92169657422511
            ],
            [
              3.272430668841764,
              37.53017944535071
            ],
            [
              3.566068515497534,
              37.33442088091351
            ],
            [
              3.9575856443719317,
              36.94290375203917
            ],
            [
              4.251223491027702,
              36.649265905383345
            ],
            [
              4.4469820554649,
              36.355628058727575
            ],
            [
              4.642740619902099,
              36.061990212071805
            ],
            [
              4.740619902120727,
              35.67047308319741
            ],
            [
              4.936378466557869,
              35.37683523654158
            ],
            [
              4.838499184339298,
              35.08319738988581
            ],
            [
              4.642740619902099,
              34.78955954323004
            ],
            [
              4.349102773246329,
              34.39804241435564
            ],
            [
              4.055464926590503,
              34.202283849918445
            ],
            [
              3.859706362153304,
              33.90864600326262
            ],
            [
              4.055464926590503,
              33.61500815660685
            ],
            [
              4.251223491027702,
              33.32137030995108
            ],
            [
              4.544861337683528,
              33.12561174551388
            ],
            [
              4.838499184339298,
              32.73409461663948
            ],
            [
              4.936378466557869,
              32.44045676998371
            ],
            [
              5.132137030995068,
              32.146818923327885
            ],
            [
              5.327895595432267,
              31.853181076672115
            ],
            [
              5.425774877650895,
              31.461663947797717
            ],
            [
              5.425774877650895,
              31.07014681892332
            ],
            [
              5.425774877650895,
              30.678629690048922
            ],
            [
              5.230016313213696,
              30.28711256117458
            ],
            [
              5.034257748776497,
              29.993474714518754
            ],
            [
              4.740619902120727,
              29.699836867862984
            ],
            [
              4.544861337683528,
              29.308319738988587
            ],
            [
              4.251223491027702,
              29.01468189233276
            ],
            [
              3.9575856443719317,
              28.62316476345842
            ],
            [
              3.859706362153304,
              28.329526916802592
            ],
            [
              3.566068515497534,
              28.035889070146823
            ],
            [
              3.468189233278963,
              27.742251223491053
            ],
            [
              3.0766721044045653,
              27.742251223491053
            ],
            [
              2.7830342577487386,
              27.840130505709624
            ],
            [
              2.3915171288743977,
              27.938009787928195
            ],
            [
              2.097879282218571,
              27.840130505709624
            ],
            [
              2.097879282218571,
              27.350734094616655
            ],
            [
              2.29363784665577,
              27.05709624796083
            ],
            [
              2.5872756933115397,
              26.86133768352363
            ],
            [
              2.7830342577487386,
              26.56769983686786
            ],
            [
              2.9787928221859374,
              26.27406199021209
            ],
            [
              3.1745513866231363,
              25.882544861337692
            ],
            [
              3.370309951060335,
              25.588907014681865
            ],
            [
              3.468189233278963,
              25.001631321370326
            ],
            [
              3.468189233278963,
              24.5122349102773
            ],
            [
              3.468189233278963,
              23.92495921696576
            ],
            [
              3.468189233278963,
              23.435562805872735
            ],
            [
              3.468189233278963,
              23.044045676998394
            ],
            [
              3.468189233278963,
              22.55464926590537
            ],
            [
              3.370309951060335,
              22.16313213703097
            ],
            [
              3.370309951060335,
              21.771615008156573
            ],
            [
              3.663947797716162,
              21.282218597063604
            ],
            [
              3.859706362153304,
              20.792822185970635
            ],
            [
              4.153344208809131,
              20.303425774877667
            ],
            [
              4.4469820554649,
              19.81402936378464
            ],
            [
              4.642740619902099,
              19.324632952691672
            ],
            [
              4.740619902120727,
              19.030995106035903
            ],
            [
              4.936378466557869,
              18.541598694942877
            ],
            [
              4.936378466557869,
              18.150081566068536
            ],
            [
              4.936378466557869,
              17.75856443719414
            ],
            [
              4.936378466557869,
              17.26916802610117
            ],
            [
              4.838499184339298,
              16.779771615008144
            ],
            [
              4.740619902120727,
              16.192495921696548
            ],
            [
              4.544861337683528,
              15.703099510603579
            ],
            [
              4.251223491027702,
              15.409461663947809
            ],
            [
              3.9575856443719317,
              15.311582381729181
            ],
            [
              3.663947797716162,
              15.50734094616638
            ],
            [
              3.370309951060335,
              15.703099510603579
            ],
            [
              2.9787928221859374,
              15.703099510603579
            ],
            [
              2.7830342577487386,
              15.311582381729181
            ],
            [
              2.7830342577487386,
              14.920065252854783
            ],
            [
              2.7830342577487386,
              14.430668841761815
            ],
            [
              3.0766721044045653,
              14.137030995106045
            ],
            [
              3.370309951060335,
              13.941272430668846
            ],
            [
              3.663947797716162,
              13.647634584013076
            ],
            [
              3.859706362153304,
              13.35399673735725
            ],
            [
              4.153344208809131,
              13.06035889070148
            ],
            [
              4.4469820554649,
              12.962479608482852
            ],
            [
              4.838499184339298,
              12.962479608482852
            ],
            [
              5.132137030995068,
              13.06035889070148
            ],
            [
              5.523654159869466,
              13.06035889070148
            ],
            [
              6.013050570962491,
              13.06035889070148
            ],
            [
              6.306688417618261,
              12.86460032626428
            ],
            [
              6.698205546492659,
              12.668841761827082
            ],
            [
              6.991843393148429,
              12.473083197389883
            ],
            [
              7.285481239804199,
              12.277324632952684
            ],
            [
              7.676998368678596,
              12.081566068515485
            ]
          ]
        ]
      }
    }
  ]
}