{
  "type": "FeatureCollection",
  "crs": {
    "type": "name",
    "properties": {
      "name": "urn:ogc:def:crs:OGC:1.3:CRS84"
    }
  },
  "features": [
    {
      "type": "Feature",
      "properties": {
        "timestamp": "2026-06-02T15:57:34.251837",
        "country_name": "Cuba",
        "author": "No",
        "author_id": "2de8116b-b980-4b15-83ca-07451a815cef",
        "validated": false,
        "ranking": [
          [
            "Falkland Islands",
            0.15516546368598938
          ],
          [
            "Russia",
            0.09724815934896469
          ],
          [
            "Denmark",
            0.08268754184246063
          ],
          [
            "Tajikistan",
            0.06862860918045044
          ],
          [
            "Guinea-Bissau",
            0.04524141550064087
          ],
          [
            "Bangladesh",
            0.04026012122631073
          ],
          [
            "Canada",
            0.03540138155221939
          ],
          [
            "Greece",
            0.02759508788585663
          ],
          [
            "Hong Kong",
            0.02604530192911625
          ],
          [
            "Panama",
            0.025295786559581757
          ],
          [
            "Papua New Guinea",
            0.01976628229022026
          ],
          [
            "Indonesia",
            0.017250491306185722
          ],
          [
            "Kyrgyzstan",
            0.015543553978204727
          ],
          [
            "Cuba",
            0.014689081348478794
          ],
          [
            "Uzbekistan",
            0.013115948997437954
          ],
          [
            "Italy",
            0.013077255338430405
          ],
          [
            "Philippines",
            0.011183159425854683
          ],
          [
            "Iceland",
            0.01064959354698658
          ],
          [
            "Honduras",
            0.009712650440633297
          ],
          [
            "China",
            0.008984874933958054
          ],
          [
            "Croatia",
            0.00817018747329712
          ],
          [
            "Slovakia",
            0.007871441543102264
          ],
          [
            "France",
            0.007326838094741106
          ],
          [
            "Jamaica",
            0.007106265984475613
          ],
          [
            "South Africa",
            0.006651900243014097
          ],
          [
            "Netherlands",
            0.006437350995838642
          ],
          [
            "Kazakhstan",
            0.006173606961965561
          ],
          [
            "El Salvador",
            0.0056662894785404205
          ],
          [
            "Switzerland",
            0.005584776867181063
          ],
          [
            "India",
            0.005509572569280863
          ],
          [
            "Dominican Republic",
            0.005286914296448231
          ],
          [
            "Senegal",
            0.004989260341972113
          ],
          [
            "Turkey",
            0.004986482206732035
          ],
          [
            "Gambia",
            0.004737605340778828
          ],
          [
            "Mongolia",
            0.00469236122444272
          ],
          [
            "Guadeloupe",
            0.004293716512620449
          ],
          [
            "South Georgia Islands",
            0.003951703663915396
          ],
          [
            "Ukraine",
            0.003744560293853283
          ],
          [
            "Georgia",
            0.0037249422166496515
          ],
          [
            "Djibouti",
            0.0036217663437128067
          ],
          [
            "United States of America",
            0.00330632203258574
          ],
          [
            "Nepal",
            0.0032651168294250965
          ],
          [
            "Mexico",
            0.003179652849212289
          ],
          [
            "Cyprus",
            0.0031437836587429047
          ],
          [
            "Zambia",
            0.0029868590645492077
          ],
          [
            "North Korea",
            0.00291684502735734
          ],
          [
            "Gabon",
            0.0028399876318871975
          ],
          [
            "Bulgaria",
            0.0027693461161106825
          ],
          [
            "Slovenia",
            0.0027638582978397608
          ],
          [
            "Montenegro",
            0.0027179999742656946
          ],
          [
            "Bhutan",
            0.00257405755110085
          ],
          [
            "Estonia",
            0.002542962785810232
          ],
          [
            "Turkmenistan",
            0.002453930675983429
          ],
          [
            "Kuwait",
            0.002334239427000284
          ],
          [
            "Azerbaijan",
            0.002191489562392235
          ],
          [
            "Puerto Rico",
            0.0021518997382372618
          ],
          [
            "Timor-Leste",
            0.0021517928689718246
          ],
          [
            "Central African Republic",
            0.002135968068614602
          ],
          [
            "Czech Republic",
            0.0021342455875128508
          ],
          [
            "Guatemala",
            0.0020589022897183895
          ],
          [
            "Burundi",
            0.0020457888022065163
          ],
          [
            "Laos",
            0.001998958643525839
          ],
          [
            "Venezuela",
            0.001973477890715003
          ],
          [
            "Saudi Arabia",
            0.001944587449543178
          ],
          [
            "Pakistan",
            0.0019363819155842066
          ],
          [
            "Congo",
            0.0018600350013002753
          ],
          [
            "United Arab Emirates",
            0.001779029844328761
          ],
          [
            "Belarus",
            0.001765495166182518
          ],
          [
            "Turks and Caicos Islands",
            0.0017511948244646192
          ],
          [
            "Romania",
            0.0017225920455530286
          ],
          [
            "Kiribati",
            0.0017110721673816442
          ],
          [
            "Ireland",
            0.0017083981074392796
          ],
          [
            "United Kingdom",
            0.0016759075224399567
          ],
          [
            "New Caledonia",
            0.0016756199765950441
          ],
          [
            "Burkina Faso",
            0.0016193524934351444
          ],
          [
            "Rwanda",
            0.0016106350813061
          ],
          [
            "Svalbard",
            0.001606670906767249
          ],
          [
            "Somalia",
            0.0015965867787599564
          ],
          [
            "Guinea",
            0.0015372189227491617
          ],
          [
            "Heard and McDonald Islands",
            0.0015146369114518166
          ],
          [
            "Bolivia",
            0.0014933120692148805
          ],
          [
            "Luxembourg",
            0.001472913776524365
          ],
          [
            "Mozambique",
            0.0014712207484990358
          ],
          [
            "Serbia",
            0.0014412436867132783
          ],
          [
            "Syria",
            0.001420952146872878
          ],
          [
            "Peru",
            0.001368083874695003
          ],
          [
            "Ethiopia",
            0.0013468889519572258
          ],
          [
            "South Sudan",
            0.0013351640664041042
          ],
          [
            "Brunei",
            0.0013124250108376145
          ],
          [
            "Angola",
            0.0012432665098458529
          ],
          [
            "Costa Rica",
            0.00121876853518188
          ],
          [
            "Malaysia",
            0.00118034309707582
          ],
          [
            "South Korea",
            0.0011567980982363224
          ],
          [
            "Jordan",
            0.001144045265391469
          ],
          [
            "Thailand",
            0.0011361645301803946
          ],
          [
            "Colombia",
            0.0011098177637904882
          ],
          [
            "Bahamas",
            0.0011004231637343764
          ],
          [
            "Lithuania",
            0.0010982864769175649
          ],
          [
            "Latvia",
            0.0010955164907500148
          ],
          [
            "Eritrea",
            0.001093662460334599
          ],
          [
            "Samoa",
            0.0010559599613770843
          ],
          [
            "Guyana",
            0.0010174126364290714
          ],
          [
            "Haiti",
            0.0009724564733915031
          ],
          [
            "Madeira Islands",
            0.0009668820421211421
          ],
          [
            "Fiji",
            0.0009485010523349047
          ],
          [
            "Uganda",
            0.000925709493458271
          ],
          [
            "Austria",
            0.000901798892300576
          ],
          [
            "Afghanistan",
            0.0008429547888226807
          ],
          [
            "Hungary",
            0.0008322462672367692
          ],
          [
            "Yemen",
            0.0007606839062646031
          ],
          [
            "Nigeria",
            0.0007507612463086843
          ],
          [
            "Iraq",
            0.000750598032027483
          ],
          [
            "Cambodia",
            0.000749147729948163
          ],
          [
            "Malawi",
            0.0007413214771077037
          ],
          [
            "Albania",
            0.0007367726066149771
          ],
          [
            "Sierra Leone",
            0.0007292787777259946
          ],
          [
            "Armenia",
            0.000711604137904942
          ],
          [
            "Nicaragua",
            0.0006556630250997841
          ],
          [
            "Brazil",
            0.0006445911712944508
          ],
          [
            "Mali",
            0.0006309840246103704
          ],
          [
            "North Macedonia",
            0.0006279752706177533
          ],
          [
            "Lesotho",
            0.0006130820256657898
          ],
          [
            "Mauritania",
            0.0005997635889798403
          ],
          [
            "Belgium",
            0.0005846611456945539
          ],
          [
            "Morocco",
            0.000579549465328455
          ],
          [
            "Spain",
            0.0005667097866535187
          ],
          [
            "Germany",
            0.000556435901671648
          ],
          [
            "Ecuador",
            0.0005545986350625753
          ],
          [
            "Niger",
            0.0005508214235305786
          ],
          [
            "Tunisia",
            0.0005450400058180094
          ],
          [
            "Liberia",
            0.0005064783617854118
          ],
          [
            "Sudan",
            0.0005004907725378871
          ],
          [
            "Sweden",
            0.0004893456934951246
          ],
          [
            "Iran",
            0.0004825867945328355
          ],
          [
            "Greenland",
            0.0004783501790370792
          ],
          [
            "Algeria",
            0.00046403898159042
          ],
          [
            "Cameroon",
            0.000455801171483472
          ],
          [
            "Oman",
            0.0004294525133445859
          ],
          [
            "Paraguay",
            0.00042230606777593493
          ],
          [
            "Benin",
            0.00041378263267688453
          ],
          [
            "French Guiana",
            0.0004121033998671919
          ],
          [
            "Australia",
            0.00039768347050994635
          ],
          [
            "Botswana",
            0.0003948808298446238
          ],
          [
            "Trinidad and Tobago",
            0.0003944133932236582
          ],
          [
            "Barbados",
            0.00038196879904717207
          ],
          [
            "Portugal",
            0.0003804970474448055
          ],
          [
            "Sri Lanka",
            0.0003798712568823248
          ],
          [
            "Ghana",
            0.00036703323712572455
          ],
          [
            "Lebanon",
            0.00036526218173094094
          ],
          [
            "Côte d'Ivoire",
            0.0003447807102929801
          ],
          [
            "Guam",
            0.000339357036864385
          ],
          [
            "Myanmar",
            0.00032099848613142967
          ],
          [
            "Moldova",
            0.00031681489781476557
          ],
          [
            "Vietnam",
            0.00031305881566368043
          ],
          [
            "Isle of Man",
            0.00030386075377464294
          ],
          [
            "DR Congo",
            0.00029419700149446726
          ],
          [
            "Mayotte",
            0.0002922791463788599
          ],
          [
            "Suriname",
            0.00027804222190752625
          ],
          [
            "Faroe Islands",
            0.00026696050190366805
          ],
          [
            "Belize",
            0.00026538161910139024
          ],
          [
            "Togo",
            0.0002643066691234708
          ],
          [
            "Uruguay",
            0.00026085643912665546
          ],
          [
            "Netherlands Antilles",
            0.0002468839811626822
          ],
          [
            "Cape Verde",
            0.0002400877419859171
          ],
          [
            "Finland",
            0.00023364608932752162
          ],
          [
            "Solomon Islands",
            0.00023171643260866404
          ],
          [
            "Western Sahara",
            0.0002300641208421439
          ],
          [
            "Japan",
            0.00022956266184337437
          ],
          [
            "Argentina",
            0.00021385923901107162
          ],
          [
            "Qatar",
            0.0002043611602857709
          ],
          [
            "Bosnia & Herzegovina",
            0.00019814616825897247
          ],
          [
            "Namibia",
            0.0001690117787802592
          ],
          [
            "Chad",
            0.00016663127462379634
          ],
          [
            "Zimbabwe",
            0.00016329492791555822
          ],
          [
            "Reunion",
            0.00016312371008098125
          ],
          [
            "New Zealand",
            0.00015440737479366362
          ],
          [
            "Equatorial Guinea",
            0.0001524446706753224
          ],
          [
            "Norway",
            0.0001486060064053163
          ],
          [
            "Eswatini",
            0.0001453120494261384
          ],
          [
            "Taiwan",
            0.00014274819113779813
          ],
          [
            "Martinique",
            0.00014265210484154522
          ],
          [
            "Egypt",
            0.0001351791142951697
          ],
          [
            "Poland",
            0.0001291259250137955
          ],
          [
            "Israel",
            0.0001208121539093554
          ],
          [
            "Kenya",
            0.00011441297829151154
          ],
          [
            "Comoros",
            0.00010946553084068
          ],
          [
            "Vanuatu",
            0.0001036976245814003
          ],
          [
            "Libya",
            9.708473226055503e-05
          ],
          [
            "West Bank",
            9.111538383876905e-05
          ],
          [
            "Madagascar",
            8.496808004565537e-05
          ],
          [
            "Saint Lucia",
            7.80973132350482e-05
          ],
          [
            "Tanzania",
            7.731431833235547e-05
          ],
          [
            "Bahrain",
            5.947180761722848e-05
          ],
          [
            "Palau",
            5.085331213194877e-05
          ],
          [
            "Dominica",
            3.769594695768319e-05
          ],
          [
            "Chile",
            3.348394966451451e-05
          ],
          [
            "Antigua & Barbuda",
            2.949632289528381e-05
          ],
          [
            "United States Virgin Islands",
            1.966329728020355e-05
          ],
          [
            "Sao Tome and Principe",
            8.792494554654695e-06
          ]
        ]
      },
      "geometry": {
        "type": "MultiLineString",
        "coordinates": [
          [
            [
              54.62872551113162,
              33.111456352411324
            ],
            [
              54.195124050811614,
              33.38254417611097
            ],
            [
              53.86991798922878,
              33.545196870330756
            ],
            [
              53.38211386319739,
              33.8162846940304
            ],
            [
              52.840107071454554,
              34.14159008246992
            ],
            [
              52.29810524605455,
              34.52110806930659
            ],
            [
              51.7019007549431,
              34.954848587226024
            ],
            [
              51.05148863177743,
              35.3343765067483
            ],
            [
              50.455289107008866,
              35.76811702466773
            ],
            [
              49.85907964955459,
              36.14763501150435
            ],
            [
              49.262875158443194,
              36.418722835203994
            ],
            [
              48.66667066733174,
              36.74402325730074
            ],
            [
              48.12466387558891,
              36.906680917863355
            ],
            [
              47.58265708384607,
              36.9608935162604
            ],
            [
              46.932249927023236,
              36.9608935162604
            ],
            [
              46.44445076733467,
              37.01511604734321
            ],
            [
              45.956641674960395,
              37.01511604734321
            ],
            [
              45.63144057972039,
              36.9608935162604
            ],
            [
              45.089433787977555,
              36.9608935162604
            ],
            [
              44.54742699623472,
              36.9608935162604
            ],
            [
              44.05962287020327,
              36.9608935162604
            ],
            [
              43.57181874417188,
              36.9608935162604
            ],
            [
              43.084014618140486,
              36.9608935162604
            ],
            [
              42.650408191477595,
              36.9608935162604
            ],
            [
              42.21680176481476,
              36.9608935162604
            ],
            [
              41.783200304494756,
              37.01511604734321
            ],
            [
              41.29539617846336,
              37.123551176823014
            ],
            [
              40.807592052431914,
              37.177763775220114
            ],
            [
              40.319782960057694,
              37.23198630630287
            ],
            [
              39.940379199106246,
              37.34042143578273
            ],
            [
              39.56097792132624,
              37.44885656526259
            ],
            [
              39.12736901149202,
              37.61150429313955
            ],
            [
              38.74796773371202,
              37.77416195370216
            ],
            [
              38.31436627339201,
              37.88259708318202
            ],
            [
              37.880757363557734,
              38.09946734214168
            ],
            [
              37.39295323752634,
              38.316337601101395
            ],
            [
              37.01355195974634,
              38.53320786006111
            ],
            [
              36.57994801625489,
              38.695858071109456
            ],
            [
              36.146341589592055,
              38.91272833006917
            ],
            [
              35.71273764610066,
              39.02116345954903
            ],
            [
              35.33333140197783,
              39.18381118742599
            ],
            [
              34.953930124197825,
              39.346468847988604
            ],
            [
              34.62872654578638,
              39.40068144638565
            ],
            [
              34.24932278483499,
              39.45490397746846
            ],
            [
              33.92411920642354,
              39.56333662377688
            ],
            [
              33.59891562801215,
              39.61755170534536
            ],
            [
              33.327912232140704,
              39.671771753256735
            ],
            [
              33.0027111369007,
              39.671771753256735
            ],
            [
              32.67750755848931,
              39.671771753256735
            ],
            [
              32.35230398007786,
              39.671771753256735
            ],
            [
              32.081300584206474,
              39.725989317996664
            ],
            [
              31.810297188335028,
              39.725989317996664
            ],
            [
              31.485096093095024,
              39.78020688273659
            ],
            [
              31.214092697223634,
              39.78020688273659
            ],
            [
              30.943089301352188,
              39.78020688273659
            ],
            [
              30.617885722940798,
              39.83442196430508
            ],
            [
              30.346882327069352,
              39.88864201221645
            ],
            [
              30.021678748657905,
              39.88864201221645
            ],
            [
              29.696477653417958,
              39.94285957695638
            ],
            [
              29.37127407500651,
              39.99707714169631
            ],
            [
              29.100270679135065,
              40.051292223264795
            ],
            [
              28.775067100723675,
              40.10551227117611
            ],
            [
              28.287262974692226,
              40.15972983591604
            ],
            [
              27.853659031200834,
              40.21394740065597
            ],
            [
              27.528455452789444,
              40.26816248222451
            ],
            [
              27.149054175009383,
              40.322382530135826
            ],
            [
              26.661247565806548,
              40.430817659615684
            ],
            [
              26.227641139143714,
              40.48503274118417
            ],
            [
              25.848237378192323,
              40.48503274118417
            ],
            [
              25.414635917872317,
              40.59346787066403
            ],
            [
              24.92683179184087,
              40.701903000143886
            ],
            [
              24.601625730258036,
              40.75612304805526
            ],
            [
              24.330622334386646,
              40.810338129623744
            ],
            [
              24.005421239146642,
              40.864558177535116
            ],
            [
              23.734417843275196,
              40.9187732591036
            ],
            [
              23.463414447403807,
              40.97299330701492
            ],
            [
              23.19241105153236,
              41.02720838858346
            ],
            [
              22.9214126220038,
              41.081428436494775
            ],
            [
              22.487806195340966,
              41.13564351806332
            ],
            [
              22.108402434389518,
              41.18986356597463
            ],
            [
              21.783198855978128,
              41.244078647543176
            ],
            [
              21.34959491248668,
              41.29829869545449
            ],
            [
              21.02439133407529,
              41.352513777023034
            ],
            [
              20.699187755663843,
              41.460948906502836
            ],
            [
              20.37398666042384,
              41.51516398807138
            ],
            [
              19.994580416301005,
              41.569384035982694
            ],
            [
              19.723577020429616,
              41.623596634379794
            ],
            [
              19.45257486614389,
              41.67781916546255
            ],
            [
              19.0731711051925,
              41.732034247031095
            ],
            [
              18.693767344241053,
              41.78625429494241
            ],
            [
              18.422763948369607,
              41.84046689333951
            ],
            [
              18.097562853129602,
              41.84046689333951
            ],
            [
              17.826559457258213,
              41.89468942442227
            ],
            [
              17.555556061386767,
              41.948904505990754
            ],
            [
              17.284552665515378,
              42.003124553902126
            ],
            [
              16.850947480438265,
              42.111559683381984
            ],
            [
              16.579947809323926,
              42.16577476495047
            ],
            [
              16.308944413452537,
              42.27420741125894
            ],
            [
              15.983739593455425,
              42.436862588650115
            ],
            [
              15.604335832503978,
              42.5995152828699
            ],
            [
              15.224932071552587,
              42.76216797708969
            ],
            [
              14.84552831060114,
              42.97903823604935
            ],
            [
              14.466124549649749,
              43.14168844709775
            ],
            [
              14.086720788698301,
              43.30434362448892
            ],
            [
              13.70731702774691,
              43.41277875396878
            ],
            [
              13.327913266795463,
              43.575428965017124
            ],
            [
              12.948509505844072,
              43.629649012928496
            ],
            [
              12.569105744892624,
              43.738084142408354
            ],
            [
              12.298102349021235,
              43.79229922397684
            ],
            [
              11.97290001219551,
              43.84651927188821
            ],
            [
              11.701897857909785,
              43.84651927188821
            ],
            [
              11.214092490292671,
              43.9007343534567
            ],
            [
              10.888890153466946,
              43.9007343534567
            ],
            [
              10.563685333469834,
              43.84651927188821
            ],
            [
              10.184281572518387,
              43.84651927188821
            ],
            [
              9.696477446486995,
              43.738084142408354
            ],
            [
              9.208672078869824,
              43.68386409449698
            ],
            [
              8.7750675145856,
              43.575428965017124
            ],
            [
              8.341463571094152,
              43.52121388344864
            ],
            [
              7.962059810142762,
              43.46699383553727
            ],
            [
              7.636856231731315,
              43.41277875396878
            ],
            [
              7.257452470779924,
              43.358558706057465
            ],
            [
              6.932248892368477,
              43.30434362448892
            ],
            [
              6.6070459347499195,
              43.195908495009064
            ],
            [
              6.227642173798472,
              43.087473365529206
            ],
            [
              5.7940382303070805,
              42.97903823604935
            ],
            [
              5.468834651895634,
              42.81638554182962
            ],
            [
              5.089430890944243,
              42.70794792917832
            ],
            [
              4.655826326659962,
              42.54529771812997
            ],
            [
              4.222222383168514,
              42.436862588650115
            ],
            [
              3.897018804757124,
              42.3284299423417
            ],
            [
              3.571815536742122,
              42.21999481286184
            ],
            [
              3.2466122687271195,
              42.111559683381984
            ],
            [
              2.9214096215050063,
              42.057337152299226
            ],
            [
              2.5962057326971717,
              42.003124553902126
            ],
            [
              2.271002775078614,
              41.948904505990754
            ],
            [
              2.0,
              41.84046689333951
            ],
            [
              2.1084009858728905,
              41.569384035982694
            ],
            [
              2.3794037609514476,
              41.569384035982694
            ],
            [
              2.65040622563356,
              41.51516398807138
            ],
            [
              2.9214096215050063,
              41.40673382493435
            ],
            [
              3.138211282854286,
              41.244078647543176
            ],
            [
              3.0298099865850077,
              40.97299330701492
            ],
            [
              2.9214096215050063,
              40.701903000143886
            ],
            [
              2.975609804045007,
              40.430817659615684
            ],
            [
              3.138211282854286,
              40.15972983591604
            ],
            [
              3.3550135649963977,
              39.94285957695638
            ],
            [
              3.571815536742122,
              39.725989317996664
            ],
            [
              3.842818001424291,
              39.56333662377688
            ],
            [
              4.113821086899236,
              39.29224880007723
            ],
            [
              4.33062305864496,
              39.12959858902889
            ],
            [
              4.547425340787129,
              38.96694092846627
            ],
            [
              4.818428736658518,
              38.85850828215786
            ],
            [
              5.089430890944243,
              38.80429320058931
            ],
            [
              5.3604336660228,
              38.80429320058931
            ],
            [
              5.631436441101357,
              38.750070669506556
            ],
            [
              5.902438595387082,
              38.695858071109456
            ],
            [
              6.173441370465639,
              38.695858071109456
            ],
            [
              6.444444766337085,
              38.695858071109456
            ],
            [
              6.7154481622084745,
              38.53320786006111
            ],
            [
              6.98644969570131,
              38.42477273058125
            ],
            [
              7.311652653319925,
              38.26211507001864
            ],
            [
              7.691057035064148,
              38.09946734214168
            ],
            [
              8.016259992682762,
              37.99103221266188
            ],
            [
              8.449864556966986,
              37.88259708318202
            ],
            [
              8.829268317918434,
              37.77416195370216
            ],
            [
              9.208672078869824,
              37.77416195370216
            ],
            [
              9.533875036488439,
              37.77416195370216
            ],
            [
              9.859079235692661,
              37.77416195370216
            ],
            [
              10.238482996644109,
              37.77416195370216
            ],
            [
              10.617886757595556,
              37.719939422619404
            ],
            [
              10.888890153466946,
              37.665726824222304
            ],
            [
              11.322494096958394,
              37.557291694742446
            ],
            [
              11.810298222989786,
              37.50307413000252
            ],
            [
              12.243902166481234,
              37.34042143578273
            ],
            [
              12.731707534098348,
              37.23198630630287
            ],
            [
              13.21951166012974,
              37.01511604734321
            ],
            [
              13.490515056001186,
              36.906680917863355
            ],
            [
              13.761518451872575,
              36.7982457883835
            ],
            [
              14.032521847744022,
              36.68981065890364
            ],
            [
              14.303525243615411,
              36.63559309416371
            ],
            [
              14.57452491472975,
              36.52715299834102
            ],
            [
              15.008130099806863,
              36.364505270464065
            ],
            [
              15.333332436632588,
              36.20185257624428
            ],
            [
              15.821140287421088,
              36.03919988202449
            ],
            [
              16.03794101758109,
              35.876542221461875
            ],
            [
              16.471543719486817,
              35.713894493584974
            ],
            [
              16.850947480438265,
              35.551246765708015
            ],
            [
              17.284552665515378,
              35.3343765067483
            ],
            [
              17.555556061386767,
              35.22594137726844
            ],
            [
              17.880758398212492,
              35.11750624778858
            ],
            [
              18.26016215916394,
              34.954848587226024
            ],
            [
              18.63956592011533,
              34.846418424088995
            ],
            [
              18.964769498526778,
              34.73797832826631
            ],
            [
              19.289973076938168,
              34.62954816512928
            ],
            [
              19.560975231223892,
              34.57533060038935
            ],
            [
              19.831978627095282,
              34.52110806930659
            ],
            [
              20.157180963921007,
              34.41267790616956
            ],
            [
              20.59078739058384,
              34.250025211949776
            ],
            [
              20.861790786455288,
              34.19580764720985
            ],
            [
              21.132794182326677,
              34.14159008246992
            ],
            [
              21.674796007726684,
              33.92471982351026
            ],
            [
              22.05419976867813,
              33.76206712929047
            ],
            [
              22.433603529629522,
              33.653627033467785
            ],
            [
              22.70460692550097,
              33.49097930559083
            ],
            [
              22.975610321372358,
              33.32832661137104
            ],
            [
              23.463414447403807,
              33.057238787671395
            ],
            [
              23.734417843275196,
              32.89459105979449
            ],
            [
              24.113821604226644,
              32.73193339923188
            ],
            [
              24.493225365178034,
              32.46085054187506
            ],
            [
              24.92683179184087,
              32.243980282915345
            ],
            [
              25.252032887080873,
              32.02711002395563
            ],
            [
              25.685639313743764,
              31.81023976499597
            ],
            [
              26.173443439775156,
              31.539151941296325
            ],
            [
              26.661247565806548,
              31.213841586513922
            ],
            [
              27.094851509297996,
              30.942758729157163
            ],
            [
              27.474252787078,
              30.671670905457518
            ],
            [
              27.907859213740835,
              30.50901821123773
            ],
            [
              28.287262974692226,
              30.346360550675115
            ],
            [
              28.612466553103673,
              30.183712822798157
            ],
            [
              28.88346994897512,
              30.021065094921255
            ],
            [
              29.154473344846508,
              29.912629965441397
            ],
            [
              29.42547425754651,
              29.80419483596154
            ],
            [
              29.85907820103796,
              29.641537175398923
            ],
            [
              30.346882327069352,
              29.424666916439207
            ],
            [
              30.726291054363628,
              29.26201918856225
            ],
            [
              31.10568984897219,
              29.099366494342462
            ],
            [
              31.430895910555023,
              28.93671380012273
            ],
            [
              31.70189930642647,
              28.774056139560116
            ],
            [
              32.081300584206474,
              28.611408411683158
            ],
            [
              32.35230398007786,
              28.5029732822033
            ],
            [
              32.78591288991214,
              28.286103023243584
            ],
            [
              33.056908836269315,
              28.177667893763726
            ],
            [
              33.327912232140704,
              28.069232764283925
            ],
            [
              33.81571635817215,
              27.906575103721252
            ],
            [
              34.24932278483499,
              27.74392737584435
            ],
            [
              34.57452388007499,
              27.581274681624564
            ],
            [
              34.899729941657824,
              27.418621987404777
            ],
            [
              35.17073085435783,
              27.20175172844506
            ],
            [
              35.44173425022922,
              27.03910400056816
            ],
            [
              35.65853746356066,
              26.876446340005543
            ],
            [
              35.929538376260666,
              26.713798612128585
            ],
            [
              36.200541772132055,
              26.49692835316887
            ],
            [
              36.4715451680035,
              26.334270692606253
            ],
            [
              36.796751229586334,
              26.063187835249494
            ],
            [
              37.067754625457724,
              25.846317576289778
            ],
            [
              37.28455287244634,
              25.62944731733006
            ],
            [
              37.55555626831773,
              25.358359493630417
            ],
            [
              37.71815681593773,
              25.08727166993083
            ],
            [
              37.880757363557734,
              24.816188812574012
            ],
            [
              38.043362877520565,
              24.599318553614296
            ],
            [
              38.20596094196918,
              24.38244829465458
            ],
            [
              38.36856148958918,
              24.16557803569492
            ],
            [
              38.531167003552014,
              23.84026768091252
            ],
            [
              38.693767551172016,
              23.5691848235557
            ],
            [
              38.91056828133202,
              23.13544430563627
            ],
            [
              39.07317131212341,
              22.647486222976966
            ],
            [
              39.18157167720341,
              22.37640336562015
            ],
            [
              39.34417470799485,
              21.942662847700774
            ],
            [
              39.506775255614855,
              21.508922329781342
            ],
            [
              39.61517810386624,
              21.129399376601896
            ],
            [
              39.66937580323486,
              20.749876423422393
            ],
            [
              39.72357598577486,
              20.42457103498282
            ],
            [
              39.777778651486244,
              20.153478244940345
            ],
            [
              39.88618149973769,
              19.828177822843656
            ],
            [
              40.04878204735769,
              19.61130756388394
            ],
            [
              40.21138259497769,
              19.394437304924224
            ],
            [
              40.482383507677696,
              19.340219740184295
            ],
            [
              40.753386903549085,
              19.286007141787195
            ],
            [
              41.07859544830336,
              19.394437304924224
            ],
            [
              41.403796543543365,
              19.50287740074691
            ],
            [
              41.72899763878337,
              19.61130756388394
            ],
            [
              42.10840139973476,
              19.773960258103727
            ],
            [
              42.379404795606206,
              19.828177822843656
            ],
            [
              42.7588085565576,
              19.936617918666343
            ],
            [
              43.02981195242904,
              19.990830517063443
            ],
            [
              43.30081534830049,
              19.990830517063443
            ],
            [
              43.68022407559471,
              19.990830517063443
            ],
            [
              44.005420204491884,
              20.045048081803372
            ],
            [
              44.493224330523276,
              20.045048081803372
            ],
            [
              44.926835723528995,
              20.045048081803372
            ],
            [
              45.30623451813756,
              20.045048081803372
            ],
            [
              45.68563827908895,
              20.045048081803372
            ],
            [
              46.01083937432895,
              19.990830517063443
            ],
            [
              46.33604543591184,
              19.990830517063443
            ],
            [
              46.71545416320606,
              19.936617918666343
            ],
            [
              47.04065029210324,
              19.882395387583585
            ],
            [
              47.42005901939751,
              19.882395387583585
            ],
            [
              47.799457814006075,
              19.882395387583585
            ],
            [
              48.287261940037524,
              19.882395387583585
            ],
            [
              48.72086836670036,
              19.828177822843656
            ],
            [
              49.10027212765175,
              19.828177822843656
            ],
            [
              49.479680854946025,
              19.828177822843656
            ],
            [
              49.91328231526603,
              19.828177822843656
            ],
            [
              50.455289107008866,
              19.828177822843656
            ],
            [
              50.94309323304026,
              19.828177822843656
            ],
            [
              51.485095058440265,
              19.882395387583585
            ],
            [
              51.97290415081454,
              19.936617918666343
            ],
            [
              52.62330634129455,
              19.990830517063443
            ],
            [
              53.21951579874877,
              20.045048081803372
            ],
            [
              53.70731992478022,
              20.099260680200473
            ],
            [
              54.14092138510023,
              20.153478244940345
            ],
            [
              54.57453277810589,
              20.207700776023103
            ],
            [
              54.95393157271445,
              20.26191834076303
            ],
            [
              55.3333353336659,
              20.31613590550296
            ],
            [
              55.60433872953729,
              20.42457103498282
            ],
            [
              55.983747456831566,
              20.587218762859777
            ],
            [
              56.146345521280125,
              20.804084055476665
            ],
            [
              56.30894358572874,
              21.18361197499894
            ],
            [
              56.3631412850973,
              21.454699798698584
            ],
            [
              56.3631412850973,
              21.725792588741058
            ],
            [
              56.30894358572874,
              21.996875446097874
            ],
            [
              56.30894358572874,
              22.37640336562015
            ],
            [
              56.254750852702955,
              22.755921352456824
            ],
            [
              56.254750852702955,
              23.081226740896398
            ],
            [
              56.20054322064874,
              23.460744727733015
            ],
            [
              56.20054322064874,
              23.73183751777549
            ],
            [
              56.146345521280125,
              24.057137939872177
            ],
            [
              56.146345521280125,
              24.43666585939451
            ],
            [
              56.09213788922591,
              24.816188812574012
            ],
            [
              56.09213788922591,
              25.141489234670757
            ],
            [
              56.037940189857295,
              25.575229752590133
            ],
            [
              55.983747456831566,
              26.063187835249494
            ],
            [
              55.929539824777294,
              26.605363482648727
            ],
            [
              55.875342125408736,
              27.255974259527818
            ],
            [
              55.821134493354464,
              27.906575103721252
            ],
            [
              55.71274406096012,
              28.5029732822033
            ],
            [
              55.60433872953729,
              28.990926398519832
            ],
            [
              55.49593339811446,
              29.533102045919065
            ],
            [
              55.44174066508873,
              29.912629965441397
            ],
            [
              55.3333353336659,
              30.292147952278015
            ],
            [
              55.279137634297285,
              30.61745334071759
            ],
            [
              55.170737269217284,
              30.888541164417234
            ],
            [
              55.11652963716307,
              31.32228168233661
            ],
            [
              55.008134238425896,
              31.593369506036254
            ],
            [
              54.95393157271445,
              31.918674894475828
            ],
            [
              54.73713084255445,
              32.3524154123952
            ],
            [
              54.52032514605162,
              32.73193339923188
            ],
            [
              54.35772211526023,
              32.94880365819154
            ],
            [
              54.086718719388784,
              33.21988651554835
            ],
            [
              53.815720289860224,
              33.38254417611097
            ]
          ],
          [
            [
              6.227642173798472,
              30.834323599677305
            ],
            [
              6.010840202052805,
              30.996971327554206
            ],
            [
              6.227642173798472,
              31.26806411759668
            ],
            [
              6.498644948877086,
              31.376499247076538
            ],
            [
              6.98644969570131,
              31.539151941296325
            ],
            [
              7.257452470779924,
              31.593369506036254
            ],
            [
              7.528455245858481,
              31.647582104433354
            ],
            [
              7.799457400144149,
              31.647582104433354
            ],
            [
              8.233063206014151,
              31.647582104433354
            ],
            [
              8.504064739506987,
              31.701804635516112
            ],
            [
              8.883468500458434,
              31.701804635516112
            ],
            [
              9.317073685535547,
              31.701804635516112
            ],
            [
              9.696477446486995,
              31.701804635516112
            ],
            [
              9.967479600772663,
              31.647582104433354
            ],
            [
              10.238482996644109,
              31.647582104433354
            ],
            [
              10.509486392515555,
              31.593369506036254
            ],
            [
              10.943090336006946,
              31.484934376556396
            ],
            [
              11.322494096958394,
              31.484934376556396
            ],
            [
              11.593496251244062,
              31.43071184547364
            ],
            [
              11.918698588069788,
              31.376499247076538
            ],
            [
              12.3523037731469,
              31.376499247076538
            ],
            [
              12.78590895822407,
              31.32228168233661
            ],
            [
              13.16531271917546,
              31.26806411759668
            ],
            [
              13.544717721712573,
              31.26806411759668
            ],
            [
              14.032521847744022,
              31.213841586513922
            ],
            [
              14.466124549649749,
              31.159628988116822
            ],
            [
              14.737126703935417,
              31.10541142337695
            ],
            [
              15.170731889012586,
              31.05119385863702
            ],
            [
              15.550136891549698,
              30.996971327554206
            ],
            [
              15.875337986789702,
              30.996971327554206
            ],
            [
              16.14634138266109,
              30.942758729157163
            ],
            [
              16.417344778532538,
              30.780101068594547
            ],
            [
              16.52574514361254,
              30.50901821123773
            ],
            [
              16.742547115358263,
              30.292147952278015
            ],
            [
              17.013550511229653,
              30.0752776933183
            ],
            [
              17.33875533122682,
              29.85840743435864
            ],
            [
              17.609755002341103,
              29.69575970648168
            ],
            [
              17.71815785059249,
              29.424666916439207
            ],
            [
              17.4471544547211,
              29.370454318042107
            ],
            [
              17.067751935355375,
              29.316236753302178
            ],
            [
              16.471543719486817,
              29.15358405908239
            ],
            [
              15.712736197583979,
              29.04514892960259
            ],
            [
              14.84552831060114,
              28.93671380012273
            ],
            [
              13.978319182032578,
              28.774056139560116
            ],
            [
              13.273714325841183,
              28.665625976423087
            ],
            [
              12.569105744892624,
              28.611408411683158
            ],
            [
              11.97290001219551,
              28.611408411683158
            ],
            [
              11.48509464457834,
              28.719843541163016
            ],
            [
              11.15989106616695,
              28.774056139560116
            ],
            [
              10.834688729341224,
              28.882496235382803
            ],
            [
              10.401083544264111,
              29.04514892960259
            ],
            [
              9.913279418232662,
              29.20779665747949
            ],
            [
              9.425474050615549,
              29.424666916439207
            ],
            [
              8.99187072791699,
              29.641537175398923
            ],
            [
              8.612466966965599,
              29.80419483596154
            ],
            [
              8.233063206014151,
              29.96684256383844
            ],
            [
              7.962059810142762,
              30.0752776933183
            ],
            [
              7.691057035064148,
              30.129500224401113
            ],
            [
              7.4200536391927585,
              30.237935353880914
            ],
            [
              7.040649878241311,
              30.346360550675115
            ],
            [
              6.769647723955643,
              30.400583081757873
            ],
            [
              6.498644948877086,
              30.4548006464978
            ],
            [
              6.119241187925638,
              30.61745334071759
            ]
          ],
          [
            [
              41.07859544830336,
              18.85226662386782
            ],
            [
              41.13279314767192,
              18.255873411728658
            ],
            [
              41.18699084704053,
              17.71369279798654
            ],
            [
              41.29539617846336,
              17.063091953793105
            ],
            [
              41.34959884417481,
              16.412481176913957
            ],
            [
              41.34959884417481,
              15.65343030421218
            ],
            [
              41.34959884417481,
              14.948606928935988
            ],
            [
              41.34959884417481,
              14.35220875045394
            ],
            [
              41.34959884417481,
              13.755825471000435
            ],
            [
              41.34959884417481,
              13.213644857258373
            ],
            [
              41.34959884417481,
              12.72569174094184
            ],
            [
              41.34959884417481,
              12.291951223022465
            ],
            [
              41.34959884417481,
              11.858210705103033
            ],
            [
              41.403796543543365,
              11.478682785580702
            ],
            [
              41.45799424291192,
              11.153382363484013
            ],
            [
              41.512196908623366,
              10.882299506127197
            ],
            [
              41.56639957433481,
              10.611201749741895
            ],
            [
              41.674794973071926,
              10.340118892385078
            ],
            [
              41.403796543543365,
              10.394336457125007
            ],
            [
              41.13279314767192,
              10.556989151344794
            ],
            [
              40.86178975180053,
              10.71964681190741
            ],
            [
              40.482383507677696,
              10.990729669264226
            ],
            [
              39.99457938164625,
              11.261817492963814
            ],
            [
              39.452575073074854,
              11.532910283006288
            ],
            [
              39.07317131212341,
              11.695558010883246
            ],
            [
              38.693767551172016,
              11.858210705103033
            ],
            [
              38.42276415530057,
              12.02086339932282
            ],
            [
              37.98916021180918,
              12.129298528802678
            ],
            [
              37.66395663339773,
              12.237733658282536
            ],
            [
              37.28455287244634,
              12.400381386159438
            ],
            [
              36.85094644578351,
              12.454603917242196
            ],
            [
              36.4173449854635,
              12.563039046722054
            ],
            [
              35.929538376260666,
              12.671474176201912
            ],
            [
              35.38753406768922,
              12.779904339338941
            ],
            [
              34.73712939403782,
              12.888344435161628
            ],
            [
              34.03252453784637,
              12.942561999901557
            ],
            [
              33.327912232140704,
              12.996774598298657
            ],
            [
              32.569104710237866,
              12.996774598298657
            ],
            [
              31.86449737087503,
              13.0509871966957
            ],
            [
              31.214092697223634,
              13.105214694121344
            ],
            [
              30.509487841032183,
              13.105214694121344
            ],
            [
              29.913280866749346,
              13.105214694121344
            ],
            [
              29.37127407500651,
              13.105214694121344
            ],
            [
              28.991867830883677,
              13.105214694121344
            ],
            [
              28.558266370563672,
              13.105214694121344
            ],
            [
              28.178862609612224,
              13.105214694121344
            ],
            [
              27.74525618294939,
              12.996774598298657
            ],
            [
              27.474252787078,
              12.779904339338941
            ],
            [
              27.474252787078,
              12.454603917242196
            ],
            [
              27.582655635329388,
              12.07508096406275
            ],
            [
              27.691060966752275,
              11.641340446143317
            ],
            [
              27.853659031200834,
              11.370252622443672
            ],
            [
              27.962064362623664,
              10.990729669264226
            ],
            [
              28.178862609612224,
              10.66542924716748
            ],
            [
              28.44986600548367,
              10.177461231822463
            ],
            [
              28.720869401355117,
              9.743720713903087
            ],
            [
              28.991867830883677,
              9.364207693409298
            ],
            [
              29.262871226755124,
              9.038897338626896
            ],
            [
              29.47967940642934,
              8.76781448127008
            ],
            [
              29.696477653417958,
              8.496726657570434
            ],
            [
              29.913280866749346,
              8.279856398610718
            ],
            [
              30.29268214452935,
              7.954551010171201
            ],
            [
              30.672088388652185,
              7.629250588074456
            ],
            [
              31.05148966643219,
              7.41238032911474
            ],
            [
              31.430895910555023,
              7.249722668552181
            ],
            [
              31.75609948896647,
              7.1412925054151515
            ],
            [
              32.02710288483786,
              7.032852409592465
            ],
            [
              32.62330489277787,
              6.9786398111953645
            ],
            [
              33.0027111369007,
              6.9786398111953645
            ],
            [
              33.38211489785215,
              6.9244222464554355
            ],
            [
              33.86991902388354,
              6.9244222464554355
            ],
            [
              34.52032618070638,
              6.9244222464554355
            ],
            [
              35.06233297244921,
              6.870194749029849
            ],
            [
              35.65853746356066,
              6.870194749029849
            ],
            [
              36.4715451680035,
              6.870194749029849
            ],
            [
              37.23035268990634,
              6.8159871169755775
            ],
            [
              37.98916021180918,
              6.8159871169755775
            ],
            [
              38.693767551172016,
              6.8159871169755775
            ],
            [
              39.28997452545485,
              6.7617695522356485
            ],
            [
              39.83198131719769,
              6.7617695522356485
            ],
            [
              40.26558277751769,
              6.7075519874957195
            ],
            [
              40.64499150481197,
              6.7075519874957195
            ],
            [
              40.91598745116909,
              6.653329456412962
            ],
            [
              41.18699084704053,
              6.599111891673033
            ],
            [
              41.29539617846336,
              6.9244222464554355
            ],
            [
              41.18699084704053,
              7.303935266949225
            ],
            [
              41.07859544830336,
              7.575033023334527
            ],
            [
              41.02439278259192,
              7.846120847034172
            ],
            [
              40.97019011688053,
              8.171416302788089
            ],
            [
              40.91598745116909,
              8.605156820707464
            ],
            [
              40.91598745116909,
              8.930467175489866
            ],
            [
              40.86178975180053,
              9.201554999189511
            ],
            [
              40.807592052431914,
              9.581077952368958
            ],
            [
              40.807592052431914,
              9.906378374465703
            ]
          ],
          [
            [
              47.58265708384607,
              19.394437304924224
            ],
            [
              47.58265708384607,
              18.798039126442234
            ],
            [
              47.636859749557516,
              18.093215751165985
            ],
            [
              47.636859749557516,
              17.27996221275282
            ],
            [
              47.58265708384607,
              16.35825367948837
            ],
            [
              47.52845441813463,
              15.32812988211549
            ],
            [
              47.311653687974626,
              14.189565988919867
            ],
            [
              47.04065029210324,
              13.105214694121344
            ],
            [
              46.87805222765468,
              12.07508096406275
            ],
            [
              46.661246531151846,
              11.207599928223942
            ],
            [
              46.4986435003604,
              10.448558988207765
            ],
            [
              46.44445076733467,
              9.797948211328674
            ],
            [
              46.39024810162323,
              9.25577256392944
            ],
            [
              46.33604543591184,
              8.876254577092766
            ],
            [
              46.33604543591184,
              8.605156820707464
            ],
            [
              46.2818427702004,
              8.225643800213675
            ],
            [
              46.227640104488955,
              7.954551010171201
            ],
            [
              46.44445076733467,
              7.683463186471556
            ],
            [
              46.71545416320606,
              7.575033023334527
            ],
            [
              46.98644762639185,
              7.575033023334527
            ],
            [
              47.311653687974626,
              7.629250588074456
            ],
            [
              47.58265708384607,
              7.737675784868657
            ],
            [
              47.85366047971752,
              7.791903282294243
            ],
            [
              48.44986497082891,
              7.900333445431272
            ],
            [
              49.371275523523195,
              8.062991105993888
            ],
            [
              50.56368450574604,
              8.279856398610718
            ],
            [
              51.86449881939171,
              8.550944222310363
            ],
            [
              53.00271010224594,
              8.76781448127008
            ],
            [
              54.032525986363055,
              8.930467175489866
            ],
            [
              54.899733873345895,
              9.093114903366825
            ],
            [
              55.55014103016873,
              9.147337434449582
            ],
            [
              56.09213788922591,
              9.147337434449582
            ],
            [
              56.41734395080874,
              9.147337434449582
            ],
            [
              56.905148076840135,
              9.093114903366825
            ],
            [
              57.17615147271158,
              9.038897338626896
            ],
            [
              57.55555523366297,
              8.876254577092766
            ],
            [
              57.82655862953442,
              8.76781448127008
            ],
            [
              58.09756202540581,
              8.605156820707464
            ],
            [
              58.36856542127725,
              8.44251405917339
            ],
            [
              58.585371117780085,
              8.225643800213675
            ],
            [
              58.74797414857153,
              8.008773541253959
            ],
            [
              58.96476991238865,
              7.737675784868657
            ],
            [
              59.12736797683726,
              7.520810492251769
            ],
            [
              59.344173673340094,
              7.032852409592465
            ],
            [
              59.39837137270865,
              6.7617695522356485
            ],
            [
              59.39837137270865,
              6.4906817285360034
            ],
            [
              59.39837137270865,
              6.056941210616628
            ],
            [
              59.344173673340094,
              5.731630855834226
            ],
            [
              59.23577330826009,
              5.352117835340437
            ],
            [
              59.01897754444292,
              4.972594882160934
            ],
            [
              58.74797414857153,
              4.538854364241502
            ],
            [
              58.47697075270008,
              4.213544009459156
            ],
            [
              58.20596735682864,
              3.9424611521023394
            ],
            [
              57.880756328902976,
              3.6713733284026944
            ],
            [
              57.501357534294414,
              3.400285504703106
            ],
            [
              57.121953773342966,
              3.237632810483319
            ],
            [
              56.68834734668013,
              3.074980116263532
            ],
            [
              56.30894358572874,
              2.9123323883865737
            ],
            [
              55.821134493354464,
              2.803892292563887
            ],
            [
              55.279137634297285,
              2.803892292563887
            ],
            [
              54.791328541923065,
              2.803892292563887
            ],
            [
              54.195124050811614,
              2.803892292563887
            ],
            [
              53.436316528908776,
              2.8581048909609876
            ],
            [
              52.840107071454554,
              2.966544986783674
            ],
            [
              52.081299549551716,
              3.074980116263532
            ],
            [
              51.376694693360264,
              3.237632810483319
            ],
            [
              50.78049020224887,
              3.400285504703106
            ],
            [
              50.29268110987459,
              3.454503069443035
            ],
            [
              49.8048769838432,
              3.5629282662371793
            ],
            [
              49.371275523523195,
              3.6713733284026944
            ],
            [
              48.82926873178036,
              3.8340260226224814
            ],
            [
              48.287261940037524,
              3.9966687841566113
            ],
            [
              47.85366047971752,
              4.050896281582197
            ],
            [
              47.42005901939751,
              4.159326444719227
            ],
            [
              47.04065029210324,
              4.321984105281842
            ],
            [
              46.661246531151846,
              4.376201670021715
            ],
            [
              46.39024810162323,
              4.593066962638602
            ],
            [
              46.173447371463226,
              4.918377317421005
            ],
            [
              45.956641674960395,
              5.352117835340437
            ],
            [
              45.79403864416895,
              5.731630855834226
            ],
            [
              45.73983597845756,
              6.219598871179244
            ],
            [
              45.63144057972039,
              6.8159871169755775
            ],
            [
              45.52303524829756,
              7.41238032911474
            ],
            [
              45.41463488321756,
              8.062991105993888
            ],
            [
              45.30623451813756,
              8.65938431813305
            ],
            [
              45.25203185242617,
              9.147337434449582
            ],
            [
              45.25203185242617,
              9.472637856546271
            ],
            [
              45.25203185242617,
              9.797948211328674
            ]
          ],
          [
            [
              53.21951579874877,
              32.89459105979449
            ],
            [
              53.65311725906878,
              33.545196870330756
            ],
            [
              54.791328541923065,
              35.00907111830878
            ],
            [
              56.09213788922591,
              36.74402325730074
            ],
            [
              57.06776104031724,
              38.04524481105892
            ],
            [
              57.82655862953442,
              39.12959858902889
            ],
            [
              58.36856542127725,
              39.88864201221645
            ],
            [
              58.69376651651726,
              40.48503274118417
            ],
            [
              59.01897754444292,
              40.864558177535116
            ],
            [
              59.23577330826009,
              41.13564351806332
            ],
            [
              59.39837137270865,
              41.460948906502836
            ],
            [
              59.560984336185754,
              41.67781916546255
            ],
            [
              59.723577434291485,
              42.111559683381984
            ],
            [
              59.8319877320572,
              42.382645023910186
            ],
            [
              59.6693747685801,
              42.5995152828699
            ],
            [
              59.344173673340094,
              42.5995152828699
            ],
            [
              58.85636458096582,
              42.5995152828699
            ],
            [
              58.42276312064581,
              42.65373284760983
            ],
            [
              57.880756328902976,
              42.76216797708969
            ],
            [
              57.44715486858297,
              42.92481818813803
            ],
            [
              57.013548441920136,
              43.195908495009064
            ],
            [
              56.68834734668013,
              43.52121388344864
            ],
            [
              56.41734395080874,
              43.9007343534567
            ],
            [
              56.254750852702955,
              44.22603974189627
            ],
            [
              56.20054322064874,
              44.60556021190433
            ],
            [
              56.146345521280125,
              45.03930072982371
            ],
            [
              56.146345521280125,
              45.41882368300321
            ],
            [
              56.30894358572874,
              45.79834415301127
            ],
            [
              56.41734395080874,
              46.17786958936216
            ],
            [
              56.68834734668013,
              46.66582518885008
            ],
            [
              56.95935074255158,
              47.04534565885814
            ],
            [
              57.23035413842297,
              47.37064856412627
            ],
            [
              57.501357534294414,
              47.533306224688886
            ],
            [
              57.989161660325806,
              47.7501764836486
            ],
            [
              58.47697075270008,
              47.8043890820457
            ],
            [
              58.85636458096582,
              47.8043890820457
            ],
            [
              59.23577330826009,
              47.8043890820457
            ],
            [
              59.50677670413148,
              47.8043890820457
            ],
            [
              59.77778010000293,
              47.8043890820457
            ],
            [
              60.04877852953149,
              47.7501764836486
            ],
            [
              60.590785321274325,
              47.641741354168744
            ],
            [
              60.86178871714577,
              47.533306224688886
            ],
            [
              61.24119744443999,
              47.42487109520903
            ],
            [
              61.566393573337166,
              47.20800083624937
            ],
            [
              61.72899660412861,
              46.93691549572111
            ],
            [
              61.83739696920861,
              46.61161010728159
            ],
            [
              61.94580230063144,
              46.17786958936216
            ],
            [
              62.0,
              45.90678176566257
            ],
            [
              62.0,
              45.47304124774314
            ],
            [
              62.0,
              45.201953424043495
            ],
            [
              61.94580230063144,
              44.71399285821275
            ],
            [
              61.83739696920861,
              44.44291000085593
            ],
            [
              61.78320423618288,
              44.06338953084787
            ],
            [
              61.62060120539144,
              43.738084142408354
            ],
            [
              61.457993208257164,
              43.41277875396878
            ],
            [
              61.24119744443999,
              43.14168844709775
            ],
            [
              61.024391747937216,
              42.87060310656955
            ],
            [
              60.75338835206577,
              42.70794792917832
            ],
            [
              60.48238495619432,
              42.54529771812997
            ],
            [
              60.211381560322934,
              42.3284299423417
            ],
            [
              59.8319877320572,
              42.27420741125894
            ],
            [
              59.452574038420096,
              42.21999481286184
            ],
            [
              59.181575608891535,
              42.111559683381984
            ],
            [
              58.91057221302009,
              42.111559683381984
            ],
            [
              58.53116348572581,
              42.111559683381984
            ]
          ],
          [
            [
              27.853659031200834,
              30.237935353880914
            ],
            [
              27.42005757088083,
              29.85840743435864
            ],
            [
              26.82384811342655,
              29.099366494342462
            ],
            [
              26.173443439775156,
              28.123445362680968
            ],
            [
              25.685639313743764,
              27.03910400056816
            ],
            [
              25.14363252200087,
              25.73788244680992
            ],
            [
              24.547425547718035,
              24.21979560043485
            ],
            [
              23.89702087406664,
              22.593273624579865
            ],
            [
              23.246613717243804,
              20.96674171603928
            ],
            [
              22.650409226132354,
              19.719747659706627
            ],
            [
              22.108402434389518,
              18.85226662386782
            ],
            [
              21.891601704229515,
              18.3100860101257
            ],
            [
              21.728998673438127,
              18.093215751165985
            ],
            [
              21.45799527756668,
              18.20165584698873
            ],
            [
              21.295392246775293,
              18.418526105948388
            ],
            [
              21.02439133407529,
              18.689613929648033
            ],
            [
              20.753387938203844,
              18.85226662386782
            ],
            [
              20.482384542332454,
              19.069136882827536
            ],
            [
              20.157180963921007,
              19.23177964436161
            ],
            [
              19.723577020429616,
              19.50287740074691
            ],
            [
              18.910569315986777,
              19.773960258103727
            ],
            [
              17.880758398212492,
              20.099260680200473
            ],
            [
              16.742547115358263,
              20.42457103498282
            ],
            [
              15.604335832503978,
              20.587218762859777
            ],
            [
              14.466124549649749,
              20.804084055476665
            ],
            [
              13.436313631875464,
              20.85831155290225
            ],
            [
              12.514905562352624,
              20.91252911764218
            ],
            [
              11.701897857909785,
              20.96674171603928
            ],
            [
              10.997290518546947,
              20.96674171603928
            ],
            [
              10.34688336172411,
              20.96674171603928
            ],
            [
              9.75067887061266,
              20.804084055476665
            ],
            [
              9.317073685535547,
              20.641441293942535
            ],
            [
              8.937668682998435,
              20.533001198119848
            ],
            [
              8.395663753634153,
              20.26191834076303
            ],
            [
              7.907859006809872,
              19.936617918666343
            ],
            [
              7.474255684111313,
              19.61130756388394
            ],
            [
              7.094851923159922,
              19.23177964436161
            ],
            [
              6.7154481622084745,
              18.743826528045133
            ],
            [
              6.336044401257084,
              18.147433315905914
            ],
            [
              6.010840202052805,
              17.388392375889794
            ],
            [
              5.739837426974191,
              16.466693775311057
            ],
            [
              5.577236258561356,
              15.490772643649564
            ],
            [
              5.577236258561356,
              14.569083975756485
            ],
            [
              5.577236258561356,
              13.647385375177748
            ],
            [
              5.685636623641358,
              12.83412190407887
            ],
            [
              5.848238412847081,
              12.02086339932282
            ],
            [
              6.173441370465639,
              11.207599928223942
            ],
            [
              6.55284513141703,
              10.394336457125007
            ],
            [
              6.98644969570131,
              9.635295517108887
            ],
            [
              7.528455245858481,
              8.822032046010008
            ],
            [
              8.233063206014151,
              8.117203704390988
            ],
            [
              9.046070289664158,
              7.46659292751184
            ],
            [
              9.859079235692661,
              6.870194749029849
            ],
            [
              10.780487305215502,
              6.382246599056202
            ],
            [
              11.647697675369784,
              5.94850608113677
            ],
            [
              12.677506109972626,
              5.514765563217338
            ],
            [
              13.70731702774691,
              5.24367773951775
            ],
            [
              14.84552831060114,
              5.135247576380721
            ],
            [
              16.03794101758109,
              5.081025045297963
            ],
            [
              17.121950876309654,
              5.135247576380721
            ],
            [
              18.15176179408394,
              5.297890337914794
            ],
            [
              19.01896968106678,
              5.460547998477409
            ],
            [
              19.723577020429616,
              5.677418257437125
            ],
            [
              20.428184359792454,
              5.840070951656912
            ],
            [
              20.97019115153529,
              6.111158775356557
            ],
            [
              21.403797578198123,
              6.382246599056202
            ],
            [
              21.83739903851813,
              6.7617695522356485
            ],
            [
              22.16260510010096,
              7.1412925054151515
            ],
            [
              22.433603529629522,
              7.41238032911474
            ],
            [
              22.70460692550097,
              7.791903282294243
            ],
            [
              22.867209956292356,
              8.171416302788089
            ],
            [
              23.02981050391236,
              8.550944222310363
            ],
            [
              23.19241105153236,
              8.822032046010008
            ],
            [
              23.300813899783805,
              9.147337434449582
            ],
            [
              23.517617113115193,
              9.581077952368958
            ],
            [
              23.626017478195195,
              9.906378374465703
            ],
            [
              23.680220143906638,
              10.340118892385078
            ],
            [
              23.788618025815197,
              10.71964681190741
            ],
            [
              23.788618025815197,
              10.990729669264226
            ],
            [
              23.842818208355197,
              11.261817492963814
            ],
            [
              23.89702087406664,
              11.587122881403388
            ],
            [
              23.89702087406664,
              11.912423303500134
            ],
            [
              23.842818208355197,
              12.400381386159438
            ],
            [
              23.788618025815197,
              12.779904339338941
            ],
            [
              23.734417843275196,
              13.267862421998302
            ],
            [
              23.626017478195195,
              13.755825471000435
            ],
            [
              23.517617113115193,
              14.29799615205684
            ],
            [
              23.355014082323805,
              14.840166833113301
            ],
            [
              23.138213352163802,
              15.382347446855363
            ],
            [
              22.867209956292356,
              15.978740658994582
            ],
            [
              22.487806195340966,
              16.575128904790915
            ],
            [
              22.108402434389518,
              17.063091953793105
            ],
            [
              21.728998673438127,
              17.442609940629723
            ],
            [
              21.45799527756668,
              17.71369279798654
            ],
            [
              21.186991881695292,
              17.876350458549155
            ],
            [
              20.915988485823846,
              18.03900315276894
            ],
            [
              20.59078739058384,
              18.147433315905914
            ],
            [
              20.319783994712452,
              18.20165584698873
            ]
          ],
          [
            [
              24.113821604226644,
              46.17786958936216
            ],
            [
              23.734417843275196,
              46.2320846709307
            ],
            [
              23.246613717243804,
              46.28630471884202
            ],
            [
              22.758809591212355,
              46.28630471884202
            ],
            [
              22.27100298200952,
              46.28630471884202
            ],
            [
              21.783198855978128,
              46.28630471884202
            ],
            [
              21.241192064235292,
              46.28630471884202
            ],
            [
              20.699187755663843,
              46.2320846709307
            ],
            [
              20.21138362963245,
              46.123649541450845
            ],
            [
              19.669376837889615,
              45.90678176566257
            ],
            [
              19.12737004614678,
              45.63569394196293
            ],
            [
              18.63956592011533,
              45.41882368300321
            ],
            [
              18.15176179408394,
              45.14773337613218
            ],
            [
              17.77235803313249,
              44.768215389295506
            ],
            [
              17.3929542721811,
              44.44291000085593
            ],
            [
              17.121950876309654,
              44.17182466032773
            ],
            [
              16.79674853948393,
              43.79229922397684
            ],
            [
              16.52574514361254,
              43.46699383553727
            ],
            [
              16.254742989326814,
              43.14168844709775
            ],
            [
              16.092139958535427,
              42.76216797708969
            ],
            [
              16.03794101758109,
              42.27420741125894
            ],
            [
              15.983739593455425,
              41.89468942442227
            ],
            [
              15.983739593455425,
              41.51516398807138
            ],
            [
              15.983739593455425,
              41.13564351806332
            ],
            [
              16.092139958535427,
              40.75612304805526
            ],
            [
              16.254742989326814,
              40.26816248222451
            ],
            [
              16.471543719486817,
              39.671771753256735
            ],
            [
              16.742547115358263,
              39.12959858902889
            ],
            [
              17.013550511229653,
              38.64163802319814
            ],
            [
              17.284552665515378,
              38.20790247162154
            ],
            [
              17.66395642646677,
              37.77416195370216
            ],
            [
              18.043360187418216,
              37.39463403417983
            ],
            [
              18.47696537249533,
              37.069333612083085
            ],
            [
              18.964769498526778,
              36.74402325730074
            ],
            [
              19.506776290269613,
              36.47294039994392
            ],
            [
              20.21138362963245,
              36.14763501150435
            ],
            [
              20.915988485823846,
              35.98498231728456
            ],
            [
              21.566395642646683,
              35.876542221461875
            ],
            [
              22.27100298200952,
              35.82232962306483
            ],
            [
              22.867209956292356,
              35.76811702466773
            ],
            [
              23.355014082323805,
              35.82232962306483
            ],
            [
              23.842818208355197,
              35.876542221461875
            ],
            [
              24.27642463501803,
              35.93076475254463
            ],
            [
              24.547425547718035,
              36.03919988202449
            ],
            [
              24.92683179184087,
              36.20185257624428
            ],
            [
              25.414635917872317,
              36.364505270464065
            ],
            [
              25.848237378192323,
              36.52715299834102
            ],
            [
              26.336043987395158,
              36.74402325730074
            ],
            [
              26.71545023151799,
              36.9608935162604
            ],
            [
              27.094851509297996,
              37.23198630630287
            ],
            [
              27.528455452789444,
              37.557291694742446
            ],
            [
              27.907859213740835,
              37.99103221266188
            ],
            [
              28.287262974692226,
              38.370550199498496
            ],
            [
              28.558266370563672,
              38.750070669506556
            ],
            [
              28.829267283263675,
              39.12959858902889
            ],
            [
              28.991867830883677,
              39.50911905903695
            ],
            [
              29.04607049659512,
              39.88864201221645
            ],
            [
              29.100270679135065,
              40.26816248222451
            ],
            [
              29.100270679135065,
              40.59346787066403
            ],
            [
              28.991867830883677,
              40.9187732591036
            ],
            [
              28.829267283263675,
              41.352513777023034
            ],
            [
              28.558266370563672,
              41.948904505990754
            ],
            [
              28.287262974692226,
              42.436862588650115
            ],
            [
              28.070459761360837,
              42.92481818813803
            ],
            [
              27.799458848660834,
              43.30434362448892
            ],
            [
              27.365854905169385,
              43.738084142408354
            ],
            [
              26.87804829596655,
              44.17182466032773
            ],
            [
              26.336043987395158,
              44.60556021190433
            ],
            [
              25.63143664803232,
              44.876650518775364
            ],
            [
              24.92683179184087,
              45.201953424043495
            ],
            [
              24.330622334386646,
              45.47304124774314
            ],
            [
              23.734417843275196,
              45.63569394196293
            ],
            [
              23.246613717243804,
              45.79834415301127
            ],
            [
              22.867209956292356,
              45.85256420092264
            ],
            [
              22.433603529629522,
              45.960999330402444
            ],
            [
              21.99999958613813,
              46.01521441197099
            ]
          ],
          [
            [
              38.91056828133202,
              45.744129071442785
            ],
            [
              38.47696433784057,
              45.960999330402444
            ],
            [
              38.20596094196918,
              46.123649541450845
            ],
            [
              37.826559664189176,
              46.28630471884202
            ],
            [
              37.39295323752634,
              46.394739848321876
            ],
            [
              36.796751229586334,
              46.44895492989036
            ],
            [
              36.09213892388067,
              46.44895492989036
            ],
            [
              35.33333140197783,
              46.34051980041056
            ],
            [
              34.62872654578638,
              46.17786958936216
            ],
            [
              34.08671975404354,
              45.90678176566257
            ],
            [
              33.59891562801215,
              45.52725881248307
            ],
            [
              33.219514350232146,
              45.14773337613218
            ],
            [
              32.78591288991214,
              44.65978025981565
            ],
            [
              32.514909494040694,
              44.06338953084787
            ],
            [
              32.18970343245786,
              43.358558706057465
            ],
            [
              31.97290270229786,
              42.70794792917832
            ],
            [
              31.86449737087503,
              42.111559683381984
            ],
            [
              31.86449737087503,
              41.51516398807138
            ],
            [
              31.86449737087503,
              41.081428436494775
            ],
            [
              31.918700036586472,
              40.6476879185754
            ],
            [
              32.081300584206474,
              40.10551227117611
            ],
            [
              32.243906098169305,
              39.50911905903695
            ],
            [
              32.514909494040694,
              38.96694092846627
            ],
            [
              32.84010810610931,
              38.316337601101395
            ],
            [
              33.273714532772146,
              37.665726824222304
            ],
            [
              33.81571635817215,
              36.852463353123426
            ],
            [
              34.466125998166376,
              36.20185257624428
            ],
            [
              35.17073085435783,
              35.65968189518787
            ],
            [
              35.929538376260666,
              35.28015397566554
            ],
            [
              36.74254856387489,
              35.063283716705826
            ],
            [
              37.50135608577773,
              35.11750624778858
            ],
            [
              38.097563060060565,
              35.22594137726844
            ],
            [
              38.91056828133202,
              35.551246765708015
            ],
            [
              39.66937580323486,
              36.14763501150435
            ],
            [
              40.37398810894052,
              36.7982457883835
            ],
            [
              40.91598745116909,
              37.665726824222304
            ],
            [
              41.34959884417481,
              38.370550199498496
            ],
            [
              41.72899763878337,
              39.075378541117516
            ],
            [
              41.94579836894337,
              39.61755170534536
            ],
            [
              42.0542037003662,
              40.10551227117611
            ],
            [
              42.0542037003662,
              40.59346787066403
            ],
            [
              42.0542037003662,
              40.9187732591036
            ],
            [
              41.94579836894337,
              41.244078647543176
            ],
            [
              41.783200304494756,
              41.78625429494241
            ],
            [
              41.56639957433481,
              42.382645023910186
            ],
            [
              41.24119351275192,
              42.97903823604935
            ],
            [
              40.86178975180053,
              43.575428965017124
            ],
            [
              40.428183325137695,
              44.06338953084787
            ],
            [
              39.99457938164625,
              44.44291000085593
            ],
            [
              39.506775255614855,
              44.768215389295506
            ],
            [
              38.96476846387202,
              45.03930072982371
            ],
            [
              38.42276415530057,
              45.201953424043495
            ],
            [
              38.043362877520565,
              45.41882368300321
            ],
            [
              37.772359481649175,
              45.52725881248307
            ],
            [
              37.50135608577773,
              45.581473894051555
            ],
            [
              37.17615250736634,
              45.63569394196293
            ],
            [
              36.796751229586334,
              45.63569394196293
            ]
          ],
          [
            [
              52.62330634129455,
              40.051292223264795
            ],
            [
              52.352302945423105,
              40.26816248222451
            ],
            [
              52.1355022152631,
              40.430817659615684
            ],
            [
              51.75609845431171,
              40.6476879185754
            ],
            [
              51.32249202764888,
              40.864558177535116
            ],
            [
              50.94309323304026,
              41.02720838858346
            ],
            [
              50.67208983716887,
              41.18986356597463
            ],
            [
              50.346883775586036,
              41.352513777023034
            ],
            [
              50.02168764668886,
              41.51516398807138
            ],
            [
              49.6964766187632,
              41.569384035982694
            ],
            [
              49.42547818923458,
              41.67781916546255
            ],
            [
              49.10027212765175,
              41.78625429494241
            ],
            [
              48.82926873178036,
              41.89468942442227
            ],
            [
              48.558265335908914,
              42.003124553902126
            ],
            [
              48.287261940037524,
              42.111559683381984
            ],
            [
              47.85366047971752,
              42.21999481286184
            ],
            [
              47.47425671876607,
              42.21999481286184
            ],
            [
              47.09485295781468,
              42.003124553902126
            ],
            [
              46.932249927023236,
              41.78625429494241
            ],
            [
              46.661246531151846,
              41.51516398807138
            ],
            [
              46.39024810162323,
              41.081428436494775
            ],
            [
              46.01083937432895,
              40.48503274118417
            ],
            [
              45.57723791400895,
              39.725989317996664
            ],
            [
              45.14363148734617,
              39.075378541117516
            ],
            [
              44.818430392106166,
              38.478985328978354
            ],
            [
              44.65583232765755,
              37.82837455209926
            ],
            [
              44.493224330523276,
              37.34042143578273
            ],
            [
              44.493224330523276,
              36.9608935162604
            ],
            [
              44.43902663115472,
              36.63559309416371
            ],
            [
              44.33062626607472,
              36.31028273938131
            ],
            [
              44.493224330523276,
              36.03919988202449
            ],
            [
              44.71002506068328,
              35.82232962306483
            ],
            [
              44.926835723528995,
              35.605459364105116
            ],
            [
              45.30623451813756,
              35.28015397566554
            ],
            [
              45.84824130988039,
              34.900635988828924
            ],
            [
              46.4986435003604,
              34.57533060038935
            ],
            [
              47.203253322894625,
              34.250025211949776
            ],
            [
              47.96206581114035,
              33.92471982351026
            ],
            [
              48.775066066068916,
              33.599414435070685
            ],
            [
              49.479680854946025,
              33.32832661137104
            ],
            [
              50.18428571113742,
              33.16567391715125
            ],
            [
              50.78049020224887,
              33.057238787671395
            ],
            [
              51.26829929462309,
              33.00302618927435
            ],
            [
              51.64769808923171,
              32.89459105979449
            ],
            [
              51.9187014851031,
              32.89459105979449
            ],
            [
              52.189704880974546,
              33.00302618927435
            ],
            [
              52.352302945423105,
              33.27410904663111
            ],
            [
              52.40650561113455,
              33.545196870330756
            ],
            [
              52.56910367558311,
              33.870497292427444
            ],
            [
              52.73170670637455,
              34.41267790616956
            ],
            [
              52.89430973716594,
              35.063283716705826
            ],
            [
              53.056917734300214,
              35.713894493584974
            ],
            [
              53.21951579874877,
              36.47294039994392
            ],
            [
              53.327911197485946,
              37.123551176823014
            ],
            [
              53.38211386319739,
              37.77416195370216
            ],
            [
              53.436316528908776,
              38.370550199498496
            ],
            [
              53.49051919462022,
              39.02116345954903
            ],
            [
              53.49051919462022,
              39.50911905903695
            ],
            [
              53.436316528908776,
              40.051292223264795
            ],
            [
              53.327911197485946,
              40.48503274118417
            ],
            [
              53.21951579874877,
              40.810338129623744
            ],
            [
              53.056917734300214,
              41.02720838858346
            ],
            [
              52.840107071454554,
              41.352513777023034
            ],
            [
              52.67750900700594,
              41.569384035982694
            ],
            [
              52.40650561113455,
              41.623596634379794
            ]
          ],
          [
            [
              46.98644762639185,
              42.057337152299226
            ],
            [
              46.76964689623185,
              42.27420741125894
            ],
            [
              46.4986435003604,
              42.382645023910186
            ],
            [
              46.173447371463226,
              42.4910776702186
            ],
            [
              45.79403864416895,
              42.5995152828699
            ],
            [
              45.52303524829756,
              42.65373284760983
            ],
            [
              45.25203185242617,
              42.70794792917832
            ],
            [
              44.981028456554725,
              42.81638554182962
            ],
            [
              44.65583232765755,
              42.87060310656955
            ],
            [
              44.38482893178616,
              42.87060310656955
            ],
            [
              44.05962287020327,
              42.92481818813803
            ],
            [
              43.78861947433188,
              42.92481818813803
            ],
            [
              43.46341341274905,
              42.97903823604935
            ],
            [
              43.1924100168776,
              42.92481818813803
            ],
            [
              42.9756092867176,
              42.76216797708969
            ],
            [
              42.92141158734904,
              42.436862588650115
            ],
            [
              42.81301122226904,
              42.003124553902126
            ],
            [
              42.7588085565576,
              41.732034247031095
            ],
            [
              42.70460589084621,
              41.460948906502836
            ],
            [
              42.59621049210904,
              41.081428436494775
            ],
            [
              42.48780516068621,
              40.701903000143886
            ],
            [
              42.379404795606206,
              40.21394740065597
            ],
            [
              42.271004430526204,
              39.725989317996664
            ],
            [
              42.10840139973476,
              39.29224880007723
            ],
            [
              42.00000103465476,
              38.91272833006917
            ],
            [
              41.94579836894337,
              38.53320786006111
            ],
            [
              41.891605635917585,
              38.20790247162154
            ],
            [
              41.83739800386337,
              37.82837455209926
            ],
            [
              41.891605635917585,
              37.50307413000252
            ],
            [
              42.16260903178903,
              37.23198630630287
            ],
            [
              42.542007826397594,
              36.906680917863355
            ],
            [
              43.02981195242904,
              36.58137552942378
            ],
            [
              43.517616078460435,
              36.31028273938131
            ],
            [
              43.95121753878044,
              36.03919988202449
            ],
            [
              44.493224330523276,
              35.76811702466773
            ],
            [
              44.87262809147472,
              35.551246765708015
            ],
            [
              45.14363148734617,
              35.3885891051454
            ],
            [
              45.41463488321756,
              35.28015397566554
            ]
          ],
          [
            [
              51.376694693360264,
              40.97299330701492
            ],
            [
              52.352302945423105,
              40.97299330701492
            ],
            [
              53.27371349811739,
              40.810338129623744
            ],
            [
              54.14092138510023,
              40.6476879185754
            ],
            [
              55.008134238425896,
              40.376600094875755
            ],
            [
              55.71274406096012,
              40.10551227117611
            ],
            [
              56.3631412850973,
              39.83442196430508
            ],
            [
              57.013548441920136,
              39.45490397746846
            ],
            [
              57.55555523366297,
              39.12959858902889
            ],
            [
              57.93496396095725,
              38.85850828215786
            ],
            [
              58.20596735682864,
              38.5874229416296
            ],
            [
              58.36856542127725,
              38.316337601101395
            ],
            [
              58.47697075270008,
              37.936809681579064
            ],
            [
              58.47697075270008,
              37.557291694742446
            ],
            [
              58.47697075270008,
              37.23198630630287
            ],
            [
              58.36856542127725,
              36.9608935162604
            ],
            [
              58.20596735682864,
              36.31028273938131
            ],
            [
              57.93496396095725,
              35.44281163622816
            ],
            [
              57.60975293303159,
              34.62954816512928
            ],
            [
              57.33874953716014,
              33.97893738825019
            ],
            [
              57.06776104031724,
              33.43675677450807
            ],
            [
              56.905148076840135,
              33.00302618927435
            ],
            [
              56.68834734668013,
              32.840368528711736
            ],
            [
              56.20054322064874,
              32.67772080083478
            ],
            [
              55.821134493354464,
              32.62349826975202
            ],
            [
              55.49593339811446,
              32.62349826975202
            ],
            [
              54.95393157271445,
              32.786155930314635
            ],
            [
              54.57453277810589,
              32.840368528711736
            ],
            [
              54.14092138510023,
              32.94880365819154
            ],
            [
              53.70731992478022,
              33.111456352411324
            ],
            [
              53.27371349811739,
              33.27410904663111
            ],
            [
              52.89430973716594,
              33.38254417611097
            ],
            [
              52.56910367558311,
              33.545196870330756
            ],
            [
              52.189704880974546,
              33.76206712929047
            ]
          ],
          [
            [
              17.3929542721811,
              41.67781916546255
            ],
            [
              17.176152300435376,
              41.89468942442227
            ],
            [
              16.850947480438265,
              42.27420741125894
            ],
            [
              16.634146750278262,
              42.4910776702186
            ],
            [
              16.417344778532538,
              42.76216797708969
            ],
            [
              16.03794101758109,
              43.087473365529206
            ],
            [
              15.6585372566297,
              43.358558706057465
            ],
            [
              15.333332436632588,
              43.629649012928496
            ],
            [
              14.899729734726861,
              43.9007343534567
            ],
            [
              14.466124549649749,
              44.17182466032773
            ],
            [
              14.086720788698301,
              44.38868995294462
            ],
            [
              13.70731702774691,
              44.65978025981565
            ],
            [
              13.436313631875464,
              44.82243047086405
            ],
            [
              13.16531271917546,
              44.98508564825522
            ],
            [
              12.84010914076407,
              45.201953424043495
            ],
            [
              12.460705379812623,
              45.41882368300321
            ],
            [
              12.135501801401233,
              45.63569394196293
            ],
            [
              11.756098040449785,
              45.85256420092264
            ],
            [
              11.376694279498395,
              46.01521441197099
            ],
            [
              11.105690883626949,
              46.2320846709307
            ],
            [
              10.780487305215502,
              46.394739848321876
            ],
            [
              10.509486392515555,
              46.55739005937022
            ],
            [
              10.075881207438385,
              46.66582518885008
            ],
            [
              9.804877811566996,
              46.55739005937022
            ],
            [
              9.696477446486995,
              46.17786958936216
            ],
            [
              9.696477446486995,
              45.744129071442785
            ],
            [
              9.859079235692661,
              45.256170988783424
            ],
            [
              10.075881207438385,
              44.82243047086405
            ],
            [
              10.34688336172411,
              44.33447487137613
            ],
            [
              10.617886757595556,
              43.9007343534567
            ],
            [
              10.943090336006946,
              43.575428965017124
            ],
            [
              11.322494096958394,
              43.25012605974899
            ],
            [
              11.701897857909785,
              42.92481818813803
            ],
            [
              12.081301618861232,
              42.65373284760983
            ],
            [
              12.3523037731469,
              42.382645023910186
            ],
            [
              12.569105744892624,
              42.16577476495047
            ],
            [
              12.84010914076407,
              41.84046689333951
            ],
            [
              13.002709688384073,
              41.51516398807138
            ],
            [
              13.056909870924073,
              41.244078647543176
            ],
            [
              12.569105744892624,
              41.13564351806332
            ],
            [
              12.189701983941234,
              41.13564351806332
            ],
            [
              11.647697675369784,
              41.13564351806332
            ],
            [
              10.943090336006946,
              41.13564351806332
            ],
            [
              10.184281572518387,
              41.13564351806332
            ],
            [
              9.317073685535547,
              41.13564351806332
            ],
            [
              8.504064739506987,
              41.13564351806332
            ],
            [
              7.799457400144149,
              41.081428436494775
            ],
            [
              7.311652653319925,
              41.02720838858346
            ],
            [
              7.040649878241311,
              40.864558177535116
            ],
            [
              6.823848527288476,
              40.701903000143886
            ],
            [
              7.257452470779924,
              40.59346787066403
            ],
            [
              7.636856231731315,
              40.48503274118417
            ],
            [
              8.124660978555596,
              40.376600094875755
            ],
            [
              8.7208673320456,
              40.10551227117611
            ],
            [
              9.425474050615549,
              39.88864201221645
            ],
            [
              10.238482996644109,
              39.50911905903695
            ],
            [
              11.051490701086948,
              39.18381118742599
            ],
            [
              11.864498405529787,
              38.85850828215786
            ],
            [
              12.623305927432625,
              38.53320786006111
            ],
            [
              13.273714325841183,
              38.26211507001864
            ],
            [
              13.869918816952577,
              37.88259708318202
            ],
            [
              14.357722942984026,
              37.61150429313955
            ],
            [
              14.737126703935417,
              37.44885656526259
            ],
            [
              15.008130099806863,
              37.2862038710428
            ],
            [
              15.279133495678252,
              37.123551176823014
            ],
            [
              15.550136891549698,
              37.123551176823014
            ],
            [
              16.363143354406816,
              37.61150429313955
            ],
            [
              17.4471544547211,
              38.20790247162154
            ]
          ],
          [
            [
              37.98916021180918,
              44.65978025981565
            ],
            [
              38.31436627339201,
              44.65978025981565
            ],
            [
              38.693767551172016,
              44.65978025981565
            ],
            [
              39.07317131212341,
              44.71399285821275
            ],
            [
              39.452575073074854,
              44.71399285821275
            ],
            [
              39.940379199106246,
              44.71399285821275
            ],
            [
              40.428183325137695,
              44.71399285821275
            ],
            [
              40.86178975180053,
              44.768215389295506
            ],
            [
              41.24119351275192,
              44.768215389295506
            ],
            [
              41.620602240046196,
              44.768215389295506
            ],
            [
              42.00000103465476,
              44.768215389295506
            ],
            [
              42.433602494974764,
              44.82243047086405
            ],
            [
              42.81301122226904,
              44.82243047086405
            ],
            [
              43.1924100168776,
              44.82243047086405
            ],
            [
              43.57181874417188,
              44.82243047086405
            ],
            [
              43.95121753878044,
              44.82243047086405
            ],
            [
              44.22222093465189,
              44.82243047086405
            ],
            [
              44.493224330523276,
              44.82243047086405
            ],
            [
              44.76422772639472,
              44.82243047086405
            ],
            [
              44.71002506068328,
              44.55134513033579
            ],
            [
              44.33062626607472,
              44.28025234029337
            ],
            [
              44.005420204491884,
              44.06338953084787
            ],
            [
              43.78861947433188,
              43.9007343534567
            ],
            [
              43.46341341274905,
              43.738084142408354
            ],
            [
              43.1924100168776,
              43.52121388344864
            ],
            [
              42.9756092867176,
              43.358558706057465
            ],
            [
              42.70460589084621,
              43.195908495009064
            ],
            [
              42.48780516068621,
              43.03325580078928
            ],
            [
              42.271004430526204,
              42.81638554182962
            ],
            [
              42.0542037003662,
              42.65373284760983
            ],
            [
              42.32520709623759,
              42.436862588650115
            ],
            [
              42.650408191477595,
              42.382645023910186
            ],
            [
              42.9756092867176,
              42.21999481286184
            ],
            [
              43.246612682589046,
              42.111559683381984
            ],
            [
              43.517616078460435,
              42.003124553902126
            ],
            [
              43.78861947433188,
              41.89468942442227
            ]
          ],
          [
            [
              40.753386903549085,
              36.364505270464065
            ],
            [
              41.13279314767192,
              36.52715299834102
            ],
            [
              41.512196908623366,
              36.68981065890364
            ],
            [
              41.891605635917585,
              36.74402325730074
            ],
            [
              42.16260903178903,
              36.852463353123426
            ],
            [
              42.48780516068621,
              37.01511604734321
            ],
            [
              42.7588085565576,
              37.069333612083085
            ]
          ],
          [
            [
              22.32520316454952,
              42.65373284760983
            ],
            [
              21.99999958613813,
              42.65373284760983
            ],
            [
              21.674796007726684,
              42.65373284760983
            ],
            [
              21.403797578198123,
              42.5995152828699
            ],
            [
              21.07859151661529,
              42.436862588650115
            ],
            [
              20.861790786455288,
              42.21999481286184
            ],
            [
              20.59078739058384,
              41.948904505990754
            ],
            [
              20.319783994712452,
              41.40673382493435
            ],
            [
              20.157180963921007,
              40.810338129623744
            ],
            [
              19.994580416301005,
              40.21394740065597
            ],
            [
              19.994580416301005,
              39.61755170534536
            ],
            [
              19.994580416301005,
              39.075378541117516
            ],
            [
              20.21138362963245,
              38.750070669506556
            ],
            [
              20.536584724872455,
              38.316337601101395
            ],
            [
              21.02439133407529,
              38.04524481105892
            ],
            [
              21.620598308358126,
              37.77416195370216
            ],
            [
              22.32520316454952,
              37.557291694742446
            ],
            [
              23.02981050391236,
              37.39463403417983
            ],
            [
              23.734417843275196,
              37.34042143578273
            ],
            [
              24.439027665809476,
              37.39463403417983
            ],
            [
              25.089429856289485,
              37.44885656526259
            ],
            [
              25.63143664803232,
              37.61150429313955
            ],
            [
              26.06504059152371,
              37.77416195370216
            ],
            [
              26.444446835646545,
              38.04524481105892
            ],
            [
              26.71545023151799,
              38.42477273058125
            ],
            [
              26.932250961677994,
              38.80429320058931
            ],
            [
              27.040651326757995,
              39.18381118742599
            ],
            [
              27.094851509297996,
              39.61755170534536
            ],
            [
              27.094851509297996,
              39.94285957695638
            ],
            [
              27.040651326757995,
              40.21394740065597
            ],
            [
              26.986448661046552,
              40.48503274118417
            ],
            [
              26.87804829596655,
              40.810338129623744
            ],
            [
              26.71545023151799,
              41.13564351806332
            ],
            [
              26.444446835646545,
              41.40673382493435
            ],
            [
              26.119240774063712,
              41.732034247031095
            ],
            [
              25.73983701311232,
              42.003124553902126
            ],
            [
              25.306233069620873,
              42.27420741125894
            ],
            [
              24.81842894358948,
              42.436862588650115
            ],
            [
              24.330622334386646,
              42.65373284760983
            ],
            [
              23.734417843275196,
              42.70794792917832
            ],
            [
              23.138213352163802,
              42.76216797708969
            ],
            [
              22.487806195340966,
              42.76216797708969
            ],
            [
              21.891601704229515,
              42.76216797708969
            ],
            [
              21.403797578198123,
              42.5995152828699
            ],
            [
              20.97019115153529,
              42.4910776702186
            ],
            [
              20.644990056295285,
              42.382645023910186
            ],
            [
              20.428184359792454,
              42.16577476495047
            ]
          ],
          [
            [
              41.02439278259192,
              41.732034247031095
            ],
            [
              40.428183325137695,
              41.89468942442227
            ],
            [
              39.56097792132624,
              42.111559683381984
            ],
            [
              38.47696433784057,
              42.382645023910186
            ],
            [
              37.55555626831773,
              42.5995152828699
            ],
            [
              36.634145715623504,
              42.65373284760983
            ],
            [
              35.929538376260666,
              42.54529771812997
            ],
            [
              35.38753406768922,
              42.27420741125894
            ],
            [
              35.00813278990921,
              41.89468942442227
            ],
            [
              34.73712939403782,
              41.40673382493435
            ],
            [
              34.62872654578638,
              40.9187732591036
            ],
            [
              34.62872654578638,
              40.376600094875755
            ],
            [
              34.62872654578638,
              40.051292223264795
            ],
            [
              34.899729941657824,
              39.40068144638565
            ],
            [
              35.17073085435783,
              38.96694092846627
            ],
            [
              35.38753406768922,
              38.64163802319814
            ],
            [
              35.766937828640664,
              38.26211507001864
            ],
            [
              36.03794122451205,
              37.99103221266188
            ],
            [
              36.3089446203835,
              37.719939422619404
            ],
            [
              36.688345898163504,
              37.50307413000252
            ],
            [
              37.067754625457724,
              37.2862038710428
            ],
            [
              37.39295323752634,
              37.123551176823014
            ],
            [
              37.826559664189176,
              36.9608935162604
            ],
            [
              38.20596094196918,
              36.852463353123426
            ],
            [
              38.5853696692634,
              36.68981065890364
            ],
            [
              38.91056828133202,
              36.63559309416371
            ],
            [
              39.28997452545485,
              36.63559309416371
            ],
            [
              39.61517810386624,
              36.63559309416371
            ],
            [
              39.940379199106246,
              36.68981065890364
            ],
            [
              40.26558277751769,
              36.852463353123426
            ],
            [
              40.64499150481197,
              37.123551176823014
            ],
            [
              40.91598745116909,
              37.39463403417983
            ],
            [
              41.24119351275192,
              37.82837455209926
            ],
            [
              41.56639957433481,
              38.478985328978354
            ],
            [
              41.72899763878337,
              38.96694092846627
            ],
            [
              41.83739800386337,
              39.50911905903695
            ],
            [
              41.72899763878337,
              39.88864201221645
            ],
            [
              41.512196908623366,
              40.26816248222451
            ],
            [
              41.13279314767192,
              40.75612304805526
            ],
            [
              40.64499150481197,
              41.18986356597463
            ],
            [
              40.15717992926625,
              41.51516398807138
            ],
            [
              39.61517810386624,
              41.84046689333951
            ],
            [
              39.018971129583406,
              42.111559683381984
            ],
            [
              38.31436627339201,
              42.382645023910186
            ],
            [
              37.98916021180918,
              42.4910776702186
            ]
          ],
          [
            [
              27.907859213740835,
              31.918674894475828
            ],
            [
              28.829267283263675,
              31.86445236339307
            ],
            [
              29.85907820103796,
              31.701804635516112
            ],
            [
              30.888889118812187,
              31.539151941296325
            ],
            [
              31.918700036586472,
              31.539151941296325
            ],
            [
              32.84010810610931,
              31.75602220025604
            ],
            [
              33.70731847626354,
              32.08132262235273
            ],
            [
              34.466125998166376,
              32.56928567135492
            ],
            [
              35.11653067181783,
              33.21988651554835
            ],
            [
              35.60433479784922,
              33.97893738825019
            ],
            [
              35.929538376260666,
              34.73797832826631
            ],
            [
              36.146341589592055,
              35.3343765067483
            ],
            [
              36.2547444378435,
              35.876542221461875
            ],
            [
              36.200541772132055,
              36.20185257624428
            ],
            [
              36.146341589592055,
              36.47294039994392
            ],
            [
              35.98374104197205,
              36.7982457883835
            ],
            [
              35.82114297752349,
              37.01511604734321
            ],
            [
              35.60433479784922,
              37.39463403417983
            ]
          ],
          [
            [
              15.983739593455425,
              54.581577225022215
            ],
            [
              15.983739593455425,
              55.069532824510134
            ],
            [
              16.254742989326814,
              55.61170847190937
            ],
            [
              17.067751935355375,
              56.53340458931672
            ],
            [
              18.47696537249533,
              57.671968482512284
            ],
            [
              20.21138362963245,
              58.702102212570935
            ],
            [
              22.05419976867813,
              59.56958324840974
            ],
            [
              23.788618025815197,
              60.111758895808975
            ],
            [
              25.414635917872317,
              60.545496930556965
            ],
            [
              26.76964793088655,
              60.81658475425661
            ],
            [
              27.962064362623664,
              61.033455013216326
            ],
            [
              29.04607049659512,
              61.141890142696184
            ],
            [
              29.85907820103796,
              61.141890142696184
            ],
            [
              30.509487841032183,
              61.141890142696184
            ],
            [
              30.943089301352188,
              61.141890142696184
            ],
            [
              31.214092697223634,
              61.19610770743611
            ],
            [
              31.53929379246364,
              61.19610770743611
            ]
          ],
          [
            [
              7.094851923159922,
              43.30434362448892
            ],
            [
              7.474255684111313,
              43.087473365529206
            ],
            [
              7.7452572176041485,
              42.92481818813803
            ],
            [
              8.016259992682762,
              42.76216797708969
            ],
            [
              8.341463571094152,
              42.5995152828699
            ],
            [
              8.558264922046988,
              42.436862588650115
            ],
            [
              8.883468500458434,
              42.3284299423417
            ],
            [
              9.10027109299699,
              42.16577476495047
            ],
            [
              9.588075839821272,
              41.948904505990754
            ],
            [
              10.021679783312663,
              41.732034247031095
            ],
            [
              10.401083544264111,
              41.569384035982694
            ],
            [
              10.726287122675558,
              41.352513777023034
            ],
            [
              11.051490701086948,
              41.18986356597463
            ],
            [
              11.322494096958394,
              41.081428436494775
            ],
            [
              11.647697675369784,
              40.97299330701492
            ],
            [
              11.918698588069788,
              40.864558177535116
            ],
            [
              12.243902166481234,
              40.75612304805526
            ],
            [
              12.569105744892624,
              40.59346787066403
            ],
            [
              12.894309323304071,
              40.376600094875755
            ],
            [
              13.327913266795463,
              40.15972983591604
            ],
            [
              13.815717392826912,
              39.88864201221645
            ],
            [
              14.086720788698301,
              39.725989317996664
            ],
            [
              14.411924367109748,
              39.61755170534536
            ],
            [
              14.682927762981137,
              39.45490397746846
            ],
            [
              15.06233276551825,
              39.346468847988604
            ],
            [
              15.333332436632588,
              39.18381118742599
            ],
            [
              15.604335832503978,
              39.12959858902889
            ],
            [
              15.875337986789702,
              39.075378541117516
            ],
            [
              16.14634138266109,
              38.91272833006917
            ],
            [
              16.634146750278262,
              38.695858071109456
            ],
            [
              17.013550511229653,
              38.5874229416296
            ],
            [
              17.4471544547211,
              38.370550199498496
            ],
            [
              18.043360187418216,
              38.09946734214168
            ],
            [
              18.314363583289605,
              37.99103221266188
            ],
            [
              18.58536697916105,
              37.82837455209926
            ],
            [
              18.856370375032498,
              37.719939422619404
            ],
            [
              19.289973076938168,
              37.50307413000252
            ],
            [
              19.723577020429616,
              37.2862038710428
            ],
            [
              20.157180963921007,
              37.123551176823014
            ],
            [
              20.37398666042384,
              36.9608935162604
            ],
            [
              20.644990056295285,
              36.906680917863355
            ],
            [
              21.02439133407529,
              36.68981065890364
            ],
            [
              21.403797578198123,
              36.58137552942378
            ],
            [
              21.783198855978128,
              36.364505270464065
            ],
            [
              22.21680279946952,
              36.14763501150435
            ],
            [
              22.650409226132354,
              35.93076475254463
            ],
            [
              23.02981050391236,
              35.713894493584974
            ],
            [
              23.409216748035192,
              35.49702423462526
            ],
            [
              23.842818208355197,
              35.28015397566554
            ],
            [
              24.222221969306645,
              35.063283716705826
            ],
            [
              24.601625730258036,
              34.900635988828924
            ],
            [
              24.981029491209483,
              34.792200859349066
            ],
            [
              25.360433252160874,
              34.57533060038935
            ],
            [
              25.73983701311232,
              34.41267790616956
            ],
            [
              26.227641139143714,
              34.250025211949776
            ],
            [
              26.60704490009516,
              34.03315495299012
            ],
            [
              26.986448661046552,
              33.870497292427444
            ],
            [
              27.365854905169385,
              33.653627033467785
            ],
            [
              27.691060966752275,
              33.49097930559083
            ],
            [
              28.070459761360837,
              33.27410904663111
            ],
            [
              28.44986600548367,
              33.111456352411324
            ],
            [
              28.775067100723675,
              32.94880365819154
            ],
            [
              29.04607049659512,
              32.840368528711736
            ],
            [
              29.31707389246651,
              32.67772080083478
            ],
            [
              29.04607049659512,
              32.73193339923188
            ],
            [
              28.775067100723675,
              32.67772080083478
            ],
            [
              28.50406370485223,
              32.51506314027216
            ],
            [
              28.23306030898084,
              32.298192881312445
            ],
            [
              28.016259578820836,
              32.02711002395563
            ],
            [
              27.799458848660834,
              31.81023976499597
            ],
            [
              27.63685830104083,
              31.593369506036254
            ],
            [
              27.42005757088083,
              31.376499247076538
            ],
            [
              27.257452056917998,
              31.05119385863702
            ],
            [
              27.094851509297996,
              30.671670905457518
            ],
            [
              27.040651326757995,
              30.400583081757873
            ],
            [
              26.87804829596655,
              30.129500224401113
            ]
          ],
          [
            [
              7.094851923159922,
              38.85850828215786
            ],
            [
              7.094851923159922,
              39.12959858902889
            ],
            [
              7.094851923159922,
              39.45490397746846
            ],
            [
              7.094851923159922,
              39.78020688273659
            ],
            [
              7.149051484907034,
              40.21394740065597
            ],
            [
              7.2032522882399235,
              40.53925278909554
            ],
            [
              7.311652653319925,
              40.810338129623744
            ],
            [
              7.474255684111313,
              41.13564351806332
            ],
            [
              7.7452572176041485,
              41.244078647543176
            ],
            [
              7.962059810142762,
              41.081428436494775
            ],
            [
              8.124660978555596,
              40.864558177535116
            ],
            [
              8.341463571094152,
              40.6476879185754
            ],
            [
              8.558264922046988,
              40.48503274118417
            ],
            [
              8.7750675145856,
              40.26816248222451
            ],
            [
              8.937668682998435,
              40.051292223264795
            ],
            [
              9.154471275536991,
              39.83442196430508
            ],
            [
              9.317073685535547,
              39.61755170534536
            ],
            [
              9.696477446486995,
              39.56333662377688
            ],
            [
              10.29268317918411,
              39.40068144638565
            ],
            [
              10.617886757595556,
              39.40068144638565
            ],
            [
              11.051490701086948,
              39.346468847988604
            ],
            [
              11.430894462038395,
              39.29224880007723
            ],
            [
              11.810298222989786,
              39.238033718508746
            ],
            [
              12.135501801401233,
              39.238033718508746
            ],
            [
              12.460705379812623,
              39.18381118742599
            ],
            [
              12.731707534098348,
              39.18381118742599
            ],
            [
              13.111111295049739,
              39.12959858902889
            ],
            [
              13.382114690921185,
              39.075378541117516
            ],
            [
              13.16531271917546,
              38.91272833006917
            ],
            [
              12.948509505844072,
              38.695858071109456
            ],
            [
              12.623305927432625,
              38.478985328978354
            ],
            [
              12.3523037731469,
              38.26211507001864
            ],
            [
              12.027101436321232,
              38.04524481105892
            ],
            [
              11.810298222989786,
              37.82837455209926
            ],
            [
              11.539294827118397,
              37.665726824222304
            ],
            [
              11.322494096958394,
              37.50307413000252
            ],
            [
              11.15989106616695,
              37.2862038710428
            ]
          ],
          [
            [
              20.157180963921007,
              37.23198630630287
            ],
            [
              21.02439133407529,
              37.39463403417983
            ],
            [
              22.108402434389518,
              37.44885656526259
            ],
            [
              23.355014082323805,
              37.44885656526259
            ],
            [
              24.81842894358948,
              37.44885656526259
            ],
            [
              26.336043987395158,
              37.2862038710428
            ],
            [
              27.853659031200834,
              37.069333612083085
            ],
            [
              29.42547425754651,
              36.7982457883835
            ],
            [
              30.834688936272187,
              36.63559309416371
            ],
            [
              32.02710288483786,
              36.418722835203994
            ],
            [
              33.219514350232146,
              36.14763501150435
            ],
            [
              34.466125998166376,
              35.93076475254463
            ],
            [
              35.60433479784922,
              35.713894493584974
            ],
            [
              36.688345898163504,
              35.49702423462526
            ],
            [
              37.71815681593773,
              35.28015397566554
            ],
            [
              38.74796773371202,
              35.11750624778858
            ],
            [
              39.66937580323486,
              34.954848587226024
            ],
            [
              40.59078635592908,
              34.846418424088995
            ],
            [
              41.620602240046196,
              34.73797832826631
            ],
            [
              42.70460589084621,
              34.57533060038935
            ],
            [
              43.68022407559471,
              34.46689547090949
            ],
            [
              44.71002506068328,
              34.358460341429634
            ],
            [
              45.63144057972039,
              34.250025211949776
            ],
            [
              46.60704883178323,
              34.14159008246992
            ],
            [
              47.52845441813463,
              34.03315495299012
            ],
            [
              48.44986497082891,
              33.870497292427444
            ],
            [
              49.262875158443194,
              33.653627033467785
            ],
            [
              49.96748001463459,
              33.545196870330756
            ],
            [
              50.617887171457426,
              33.43675677450807
            ],
            [
              51.214091662568876,
              33.38254417611097
            ],
            [
              51.7019007549431,
              33.21988651554835
            ],
            [
              52.189704880974546,
              33.057238787671395
            ],
            [
              52.62330634129455,
              32.94880365819154
            ],
            [
              53.056917734300214,
              32.89459105979449
            ],
            [
              53.38211386319739,
              32.89459105979449
            ],
            [
              53.815720289860224,
              32.786155930314635
            ],
            [
              54.303529382234444,
              32.73193339923188
            ],
            [
              54.57453277810589,
              32.67772080083478
            ],
            [
              55.008134238425896,
              32.62349826975202
            ],
            [
              55.38753303303446,
              32.56928567135492
            ]
          ],
          [
            [
              29.47967940642934,
              31.159628988116822
            ],
            [
              29.804878018497902,
              31.213841586513922
            ],
            [
              30.563685540400797,
              31.213841586513922
            ],
            [
              31.75609948896647,
              31.26806411759668
            ],
            [
              33.273714532772146,
              31.26806411759668
            ],
            [
              34.953930124197825,
              31.213841586513922
            ],
            [
              36.634145715623504,
              31.159628988116822
            ],
            [
              38.47696433784057,
              30.942758729157163
            ],
            [
              40.37398810894052,
              30.780101068594547
            ],
            [
              42.271004430526204,
              30.61745334071759
            ],
            [
              44.16802323528327,
              30.4548006464978
            ],
            [
              45.956641674960395,
              30.346360550675115
            ],
            [
              47.6910624152689,
              30.183712822798157
            ],
            [
              49.262875158443194,
              29.96684256383844
            ],
            [
              50.56368450574604,
              29.80419483596154
            ],
            [
              51.64769808923171,
              29.69575970648168
            ],
            [
              52.352302945423105,
              29.641537175398923
            ],
            [
              52.89430973716594,
              29.478889447521965
            ],
            [
              53.59891459335739,
              29.316236753302178
            ],
            [
              54.41192478097162,
              29.20779665747949
            ],
            [
              55.170737269217284,
              29.04514892960259
            ],
            [
              55.929539824777294,
              28.93671380012273
            ],
            [
              56.74254504604875,
              28.774056139560116
            ],
            [
              57.44715486858297,
              28.665625976423087
            ],
            [
              58.09756202540581,
              28.5571858806004
            ],
            [
              58.63956881714864,
              28.5029732822033
            ],
            [
              59.07317027746865,
              28.44875571746337
            ],
            [
              59.39837137270865,
              28.44875571746337
            ],
            [
              59.723577434291485,
              28.39453815272344
            ]
          ],
          [
            [
              35.929538376260666,
              22.15953310666049
            ],
            [
              36.4173449854635,
              22.267963269797463
            ],
            [
              38.097563060060565,
              22.48483352875718
            ],
            [
              40.26558277751769,
              22.91857404667661
            ],
            [
              42.271004430526204,
              23.1896618703762
            ],
            [
              44.22222093465189,
              23.298096999856057
            ],
            [
              46.11924470575184,
              23.298096999856057
            ],
            [
              47.96206581114035,
              23.298096999856057
            ],
            [
              49.6964766187632,
              23.24386950243047
            ],
            [
              51.26829929462309,
              23.298096999856057
            ],
            [
              52.62330634129455,
              23.298096999856057
            ],
            [
              53.86991798922878,
              23.24386950243047
            ],
            [
              54.84552624129162,
              23.24386950243047
            ],
            [
              55.658536428905904,
              23.24386950243047
            ],
            [
              56.20054322064874,
              23.24386950243047
            ],
            [
              56.47154661652013,
              23.24386950243047
            ],
            [
              56.74254504604875,
              23.13544430563627
            ],
            [
              57.013548441920136,
              23.02700420981364
            ],
            [
              57.28455183779158,
              22.86435648193668
            ],
            [
              57.55555523366297,
              22.81014388353958
            ]
          ],
          [
            [
              35.44173425022922,
              27.093316598965203
            ],
            [
              35.929538376260666,
              27.255974259527818
            ],
            [
              36.36314231975206,
              27.31018685792492
            ],
            [
              37.01355195974634,
              27.31018685792492
            ],
            [
              37.880757363557734,
              27.255974259527818
            ],
            [
              38.693767551172016,
              27.20175172844506
            ],
            [
              39.452575073074854,
              27.20175172844506
            ],
            [
              40.26558277751769,
              27.20175172844506
            ],
            [
              41.07859544830336,
              27.20175172844506
            ],
            [
              42.16260903178903,
              27.093316598965203
            ],
            [
              43.084014618140486,
              27.03910400056816
            ],
            [
              44.005420204491884,
              26.876446340005543
            ],
            [
              45.14363148734617,
              26.768011210525685
            ],
            [
              46.227640104488955,
              26.605363482648727
            ],
            [
              47.36585635368607,
              26.55114095156597
            ],
            [
              48.395667271460354,
              26.49692835316887
            ],
            [
              49.31707285781175,
              26.44271078842894
            ],
            [
              50.18428571113742,
              26.38849322368901
            ],
            [
              50.88889056732887,
              26.44271078842894
            ],
            [
              51.485095058440265,
              26.49692835316887
            ],
            [
              51.9187014851031,
              26.49692835316887
            ],
            [
              52.189704880974546,
              26.49692835316887
            ],
            [
              52.78591433842877,
              26.55114095156597
            ],
            [
              53.16531313303739,
              26.55114095156597
            ],
            [
              53.54471689398878,
              26.55114095156597
            ],
            [
              53.86991798922878,
              26.55114095156597
            ],
            [
              54.14092138510023,
              26.605363482648727
            ],
            [
              54.41192478097162,
              26.659576081045827
            ],
            [
              54.68292817684306,
              26.713798612128585
            ],
            [
              55.062331937794454,
              26.822233741608443
            ],
            [
              55.3333353336659,
              26.9306688710883
            ],
            [
              55.60433872953729,
              27.03910400056816
            ],
            [
              55.875342125408736,
              27.03910400056816
            ]
          ]
        ]
      }
    }
  ]
}