{
  "type": "FeatureCollection",
  "crs": {
    "type": "name",
    "properties": {
      "name": "urn:ogc:def:crs:OGC:1.3:CRS84"
    }
  },
  "features": [
    {
      "type": "Feature",
      "properties": {
        "timestamp": "2026-07-17T14:42:24.099062",
        "country_name": "Denmark",
        "author": "",
        "author_id": "7697fe55-0b29-4671-99e7-30909a288d50",
        "validated": false,
        "ranking": [
          [
            "Denmark",
            0.2807672917842865
          ],
          [
            "Italy",
            0.15116748213768005
          ],
          [
            "Laos",
            0.07951933145523071
          ],
          [
            "Tajikistan",
            0.05098694935441017
          ],
          [
            "United States of America",
            0.037280552089214325
          ],
          [
            "Kiribati",
            0.0320000983774662
          ],
          [
            "Bangladesh",
            0.026069318875670433
          ],
          [
            "Bahamas",
            0.02560351975262165
          ],
          [
            "Mexico",
            0.02556389570236206
          ],
          [
            "Eritrea",
            0.024283938109874725
          ],
          [
            "Philippines",
            0.018929708749055862
          ],
          [
            "Guyana",
            0.013514785096049309
          ],
          [
            "Greece",
            0.012106744572520256
          ],
          [
            "El Salvador",
            0.010634880512952805
          ],
          [
            "Nepal",
            0.010565915144979954
          ],
          [
            "South Georgia Islands",
            0.008681625127792358
          ],
          [
            "Luxembourg",
            0.006776465103030205
          ],
          [
            "Peru",
            0.006492397282272577
          ],
          [
            "Senegal",
            0.006451648660004139
          ],
          [
            "Uzbekistan",
            0.005578337702900171
          ],
          [
            "United Kingdom",
            0.005417208187282085
          ],
          [
            "Ethiopia",
            0.005175864789634943
          ],
          [
            "Vietnam",
            0.00495839212089777
          ],
          [
            "Turkmenistan",
            0.004757074639201164
          ],
          [
            "Canada",
            0.004713415168225765
          ],
          [
            "Saudi Arabia",
            0.00446167029440403
          ],
          [
            "Papua New Guinea",
            0.004328235983848572
          ],
          [
            "Djibouti",
            0.004078942351043224
          ],
          [
            "Samoa",
            0.004041244741529226
          ],
          [
            "Sri Lanka",
            0.004027186427265406
          ],
          [
            "Turks and Caicos Islands",
            0.004001879598945379
          ],
          [
            "Malawi",
            0.003889267100021243
          ],
          [
            "Cuba",
            0.003712792880833149
          ],
          [
            "Guinea",
            0.0035982534755021334
          ],
          [
            "Albania",
            0.0034958384931087494
          ],
          [
            "Guadeloupe",
            0.002969750203192234
          ],
          [
            "Finland",
            0.0027787068393081427
          ],
          [
            "Russia",
            0.0026546029839664698
          ],
          [
            "Bolivia",
            0.00259211054071784
          ],
          [
            "Somalia",
            0.002494839020073414
          ],
          [
            "Romania",
            0.0024192482233047485
          ],
          [
            "Serbia",
            0.002253409242257476
          ],
          [
            "Ukraine",
            0.0021531812380999327
          ],
          [
            "Australia",
            0.002078453777357936
          ],
          [
            "Gabon",
            0.001984197646379471
          ],
          [
            "Guatemala",
            0.0019592454191297293
          ],
          [
            "Barbados",
            0.0019471897976472974
          ],
          [
            "India",
            0.0018442727159708738
          ],
          [
            "Togo",
            0.001752063981257379
          ],
          [
            "Dominican Republic",
            0.0017203402239829302
          ],
          [
            "Svalbard",
            0.0017039013328030705
          ],
          [
            "Vanuatu",
            0.0016635989304631948
          ],
          [
            "Syria",
            0.001621528877876699
          ],
          [
            "Switzerland",
            0.0016192171024158597
          ],
          [
            "Costa Rica",
            0.0015463650925084949
          ],
          [
            "France",
            0.0015158772002905607
          ],
          [
            "Croatia",
            0.0015133812557905912
          ],
          [
            "Faroe Islands",
            0.0014981509884819388
          ],
          [
            "Armenia",
            0.0014703964116051793
          ],
          [
            "Falkland Islands",
            0.0013859490863978863
          ],
          [
            "Czech Republic",
            0.0012513318797573447
          ],
          [
            "South Korea",
            0.0011641980381682515
          ],
          [
            "Mozambique",
            0.0011361346114426851
          ],
          [
            "Jamaica",
            0.0011332409922033548
          ],
          [
            "Rwanda",
            0.00110553577542305
          ],
          [
            "Montenegro",
            0.0010976335033774376
          ],
          [
            "Iraq",
            0.0010922140209004283
          ],
          [
            "Thailand",
            0.0010658309329301119
          ],
          [
            "Angola",
            0.0010586587013676763
          ],
          [
            "Guinea-Bissau",
            0.0010448411339893937
          ],
          [
            "Latvia",
            0.0010398807935416698
          ],
          [
            "Hong Kong",
            0.0010220654075965285
          ],
          [
            "Georgia",
            0.0010004842188209295
          ],
          [
            "Liberia",
            0.000991553533822298
          ],
          [
            "Azerbaijan",
            0.0009748412412591279
          ],
          [
            "Martinique",
            0.000963370141107589
          ],
          [
            "Tunisia",
            0.0009566664812155068
          ],
          [
            "Heard and McDonald Islands",
            0.0009526478825137019
          ],
          [
            "Germany",
            0.0007303869933821261
          ],
          [
            "Ghana",
            0.0007146729622036219
          ],
          [
            "North Macedonia",
            0.0007131138700060546
          ],
          [
            "Myanmar",
            0.0007110603037290275
          ],
          [
            "Uganda",
            0.0007030001142993569
          ],
          [
            "Belize",
            0.0006900066509842873
          ],
          [
            "Indonesia",
            0.0006724137347191572
          ],
          [
            "Turkey",
            0.0006555706495419145
          ],
          [
            "Kuwait",
            0.0006205894751474261
          ],
          [
            "New Caledonia",
            0.0005904135177843273
          ],
          [
            "Slovakia",
            0.0005748575204052031
          ],
          [
            "Jordan",
            0.0005745604867115617
          ],
          [
            "Burundi",
            0.0005622440367005765
          ],
          [
            "Lithuania",
            0.0005457641673274338
          ],
          [
            "Portugal",
            0.0005444603739306331
          ],
          [
            "Moldova",
            0.0005428334698081017
          ],
          [
            "Equatorial Guinea",
            0.0005398968351073563
          ],
          [
            "Estonia",
            0.0005354470922611654
          ],
          [
            "Venezuela",
            0.0005323554505594075
          ],
          [
            "Benin",
            0.000531105964910239
          ],
          [
            "Congo",
            0.00053072115406394
          ],
          [
            "Kyrgyzstan",
            0.0005056088557466865
          ],
          [
            "Bahrain",
            0.0005050517502240837
          ],
          [
            "Cambodia",
            0.0004878380277659744
          ],
          [
            "Solomon Islands",
            0.0004856053274124861
          ],
          [
            "Paraguay",
            0.00048160029109567404
          ],
          [
            "Lesotho",
            0.0004705050669144839
          ],
          [
            "Côte d'Ivoire",
            0.0004682936705648899
          ],
          [
            "Puerto Rico",
            0.0004680739948526025
          ],
          [
            "Sudan",
            0.0004624222929123789
          ],
          [
            "Honduras",
            0.000456924200989306
          ],
          [
            "Comoros",
            0.00045356297050602734
          ],
          [
            "Ireland",
            0.00043073153938166797
          ],
          [
            "Uruguay",
            0.00042989355279132724
          ],
          [
            "Greenland",
            0.00042577588465064764
          ],
          [
            "Kazakhstan",
            0.0004098326899111271
          ],
          [
            "Belarus",
            0.0004035558085888624
          ],
          [
            "Bhutan",
            0.0004022256180178374
          ],
          [
            "Belgium",
            0.000395615235902369
          ],
          [
            "Burkina Faso",
            0.0003881431766785681
          ],
          [
            "Fiji",
            0.0003626410907600075
          ],
          [
            "Haiti",
            0.0003617767943069339
          ],
          [
            "South Africa",
            0.0003550576511770487
          ],
          [
            "Argentina",
            0.00035394131555221975
          ],
          [
            "French Guiana",
            0.00034558537299744785
          ],
          [
            "Qatar",
            0.0003455484693404287
          ],
          [
            "Suriname",
            0.0003438095736782998
          ],
          [
            "Zambia",
            0.00032155439839698374
          ],
          [
            "Mongolia",
            0.00031350646167993546
          ],
          [
            "Sweden",
            0.00031323032453656197
          ],
          [
            "Sierra Leone",
            0.0003104514617007226
          ],
          [
            "Colombia",
            0.00028723900322802365
          ],
          [
            "West Bank",
            0.0002629169903229922
          ],
          [
            "Israel",
            0.0002571642689872533
          ],
          [
            "Iran",
            0.0002566580951679498
          ],
          [
            "Mauritania",
            0.0002566463372204453
          ],
          [
            "Algeria",
            0.0002546908799558878
          ],
          [
            "Nigeria",
            0.00023478131333831698
          ],
          [
            "Mali",
            0.00022714112128596753
          ],
          [
            "Oman",
            0.00022241371334530413
          ],
          [
            "Spain",
            0.00022053811699151993
          ],
          [
            "Nicaragua",
            0.0002198065776610747
          ],
          [
            "Netherlands",
            0.00021582335466518998
          ],
          [
            "China",
            0.00020815948664676398
          ],
          [
            "Yemen",
            0.00019869839888997376
          ],
          [
            "Iceland",
            0.00019538443302735686
          ],
          [
            "North Korea",
            0.00019463311764411628
          ],
          [
            "Cape Verde",
            0.0001911261206259951
          ],
          [
            "Central African Republic",
            0.00018992979312315583
          ],
          [
            "Reunion",
            0.00018272340821567923
          ],
          [
            "Panama",
            0.00017435023619327694
          ],
          [
            "Brazil",
            0.00016599847003817558
          ],
          [
            "Gambia",
            0.0001566921710036695
          ],
          [
            "Dominica",
            0.00015578209422528744
          ],
          [
            "Namibia",
            0.00015503067697864026
          ],
          [
            "Guam",
            0.00015338270168285817
          ],
          [
            "Libya",
            0.0001509566354798153
          ],
          [
            "Kenya",
            0.00015034775424282998
          ],
          [
            "DR Congo",
            0.00015007641923148185
          ],
          [
            "Mayotte",
            0.00014969962649047375
          ],
          [
            "Eswatini",
            0.00014269161329139024
          ],
          [
            "Bulgaria",
            0.00014101200213190168
          ],
          [
            "Zimbabwe",
            0.00014018309593666345
          ],
          [
            "Malaysia",
            0.00013991756713949144
          ],
          [
            "Timor-Leste",
            0.0001398436725139618
          ],
          [
            "Afghanistan",
            0.0001299003924941644
          ],
          [
            "Antigua & Barbuda",
            0.00012979339226149023
          ],
          [
            "Slovenia",
            0.00012638521729968488
          ],
          [
            "Western Sahara",
            0.00012616267486009747
          ],
          [
            "South Sudan",
            0.00012508564395830035
          ],
          [
            "Chile",
            0.00010874678991967812
          ],
          [
            "Cameroon",
            0.00010542914969846606
          ],
          [
            "Taiwan",
            0.00010271360952174291
          ],
          [
            "United States Virgin Islands",
            9.925104677677155e-05
          ],
          [
            "Cyprus",
            9.734027116792277e-05
          ],
          [
            "Trinidad and Tobago",
            9.633751324145123e-05
          ],
          [
            "Brunei",
            9.411213977728039e-05
          ],
          [
            "Ecuador",
            9.379405673826113e-05
          ],
          [
            "Botswana",
            8.960584091255441e-05
          ],
          [
            "Saint Lucia",
            8.52144876262173e-05
          ],
          [
            "Chad",
            8.469499152852222e-05
          ],
          [
            "Madeira Islands",
            8.169448847183958e-05
          ],
          [
            "Niger",
            6.692287570331246e-05
          ],
          [
            "United Arab Emirates",
            6.51504160487093e-05
          ],
          [
            "New Zealand",
            6.175804446684197e-05
          ],
          [
            "Poland",
            6.0128346376586705e-05
          ],
          [
            "Lebanon",
            5.727646203013137e-05
          ],
          [
            "Isle of Man",
            5.51179691683501e-05
          ],
          [
            "Bosnia & Herzegovina",
            5.498839163919911e-05
          ],
          [
            "Norway",
            5.149125718162395e-05
          ],
          [
            "Egypt",
            4.484752571443096e-05
          ],
          [
            "Japan",
            4.4029366108588874e-05
          ],
          [
            "Netherlands Antilles",
            4.111784073757008e-05
          ],
          [
            "Hungary",
            3.906205893144943e-05
          ],
          [
            "Austria",
            2.5293344151577912e-05
          ],
          [
            "Tanzania",
            2.3973396309884265e-05
          ],
          [
            "Madagascar",
            2.3051825337461196e-05
          ],
          [
            "Palau",
            2.174437940993812e-05
          ],
          [
            "Pakistan",
            2.1728708816226572e-05
          ],
          [
            "Sao Tome and Principe",
            1.5909285139059648e-05
          ],
          [
            "Morocco",
            1.0717620170908049e-05
          ]
        ]
      },
      "geometry": {
        "type": "MultiLineString",
        "coordinates": [
          [
            [
              8.915254237288082,
              4.169491525423723
            ],
            [
              9.254237288135528,
              4.101694915254257
            ],
            [
              9.525423728813507,
              4.03389830508479
            ],
            [
              9.72881355932202,
              3.9661016949152668
            ],
            [
              9.932203389830534,
              3.8983050847458003
            ],
            [
              10.2033898305084,
              3.8983050847458003
            ],
            [
              10.474576271186379,
              3.830508474576277
            ],
            [
              10.813559322033825,
              3.7627118644068105
            ],
            [
              11.152542372881385,
              3.694915254237287
            ],
            [
              11.42372881355925,
              3.694915254237287
            ],
            [
              11.830508474576277,
              3.694915254237287
            ],
            [
              12.169491525423723,
              3.6271186440678207
            ],
            [
              12.440677966101703,
              3.6271186440678207
            ],
            [
              12.779661016949149,
              3.6271186440678207
            ],
            [
              13.186440677966061,
              3.6271186440678207
            ],
            [
              13.45762711864404,
              3.6271186440678207
            ],
            [
              13.932203389830534,
              3.6271186440678207
            ],
            [
              14.27118644067798,
              3.6271186440678207
            ],
            [
              14.677966101694892,
              3.6271186440678207
            ],
            [
              15.152542372881385,
              3.6271186440678207
            ],
            [
              15.627118644067764,
              3.6271186440678207
            ],
            [
              16.101694915254257,
              3.6271186440678207
            ],
            [
              16.576271186440636,
              3.6271186440678207
            ],
            [
              16.847457627118615,
              3.6271186440678207
            ],
            [
              17.118644067796595,
              3.6271186440678207
            ],
            [
              17.593220338982974,
              3.6271186440678207
            ],
            [
              17.864406779660953,
              3.6271186440678207
            ],
            [
              18.406779661016913,
              3.694915254237287
            ],
            [
              18.881355932203405,
              3.694915254237287
            ],
            [
              19.152542372881385,
              3.694915254237287
            ],
            [
              19.627118644067764,
              3.7627118644068105
            ],
            [
              19.898305084745743,
              3.7627118644068105
            ],
            [
              20.372881355932122,
              3.830508474576277
            ],
            [
              20.711864406779682,
              3.8983050847458003
            ],
            [
              20.983050847457662,
              3.8983050847458003
            ],
            [
              21.254237288135528,
              3.8983050847458003
            ],
            [
              21.593220338982974,
              3.8983050847458003
            ],
            [
              22.0,
              3.8983050847458003
            ],
            [
              22.27118644067798,
              3.8983050847458003
            ],
            [
              22.54237288135596,
              3.8983050847458003
            ],
            [
              22.813559322033825,
              3.8983050847458003
            ],
            [
              23.084745762711805,
              3.8983050847458003
            ],
            [
              23.355932203389784,
              3.8983050847458003
            ],
            [
              23.627118644067764,
              3.8983050847458003
            ],
            [
              23.898305084745743,
              3.8983050847458003
            ],
            [
              23.96610169491521,
              4.101694915254257
            ],
            [
              23.96610169491521,
              4.372881355932236
            ],
            [
              23.96610169491521,
              4.644067796610216
            ],
            [
              23.96610169491521,
              4.9152542372881385
            ],
            [
              23.96610169491521,
              5.186440677966118
            ],
            [
              23.96610169491521,
              5.457627118644098
            ],
            [
              23.96610169491521,
              5.72881355932202
            ],
            [
              23.96610169491521,
              6.0
            ],
            [
              23.96610169491521,
              6.27118644067798
            ],
            [
              23.96610169491521,
              6.542372881355959
            ],
            [
              23.96610169491521,
              6.813559322033939
            ],
            [
              23.96610169491521,
              7.0847457627118615
            ],
            [
              23.96610169491521,
              7.355932203389841
            ],
            [
              23.96610169491521,
              7.627118644067821
            ],
            [
              23.96610169491521,
              7.8983050847458
            ],
            [
              23.96610169491521,
              8.169491525423723
            ],
            [
              23.96610169491521,
              8.440677966101703
            ],
            [
              24.101694915254257,
              8.644067796610216
            ],
            [
              24.101694915254257,
              8.915254237288138
            ],
            [
              24.169491525423723,
              9.118644067796652
            ],
            [
              24.23728813559319,
              9.322033898305108
            ],
            [
              24.23728813559319,
              9.593220338983087
            ],
            [
              24.305084745762656,
              9.796610169491544
            ],
            [
              24.372881355932122,
              10.067796610169523
            ],
            [
              24.440677966101703,
              10.338983050847446
            ],
            [
              24.50847457627117,
              10.610169491525426
            ],
            [
              24.576271186440636,
              10.881355932203405
            ],
            [
              24.576271186440636,
              11.152542372881385
            ],
            [
              24.644067796610102,
              11.355932203389841
            ],
            [
              24.711864406779682,
              11.62711864406782
            ],
            [
              24.711864406779682,
              11.966101694915267
            ],
            [
              24.711864406779682,
              12.305084745762713
            ],
            [
              24.711864406779682,
              12.576271186440692
            ],
            [
              24.77966101694915,
              12.847457627118672
            ],
            [
              24.77966101694915,
              13.186440677966118
            ],
            [
              24.77966101694915,
              13.525423728813564
            ],
            [
              24.847457627118615,
              13.72881355932202
            ],
            [
              24.91525423728808,
              14.0
            ],
            [
              24.91525423728808,
              14.338983050847446
            ],
            [
              24.983050847457662,
              14.610169491525426
            ],
            [
              24.983050847457662,
              14.881355932203405
            ],
            [
              24.983050847457662,
              15.220338983050851
            ],
            [
              24.983050847457662,
              15.491525423728831
            ],
            [
              24.983050847457662,
              15.8983050847458
            ],
            [
              24.983050847457662,
              16.169491525423723
            ],
            [
              24.983050847457662,
              16.508474576271226
            ],
            [
              25.05084745762713,
              16.847457627118672
            ],
            [
              25.05084745762713,
              17.186440677966118
            ],
            [
              25.05084745762713,
              17.525423728813564
            ],
            [
              25.05084745762713,
              17.86440677966101
            ],
            [
              25.05084745762713,
              18.203389830508513
            ],
            [
              25.118644067796595,
              18.54237288135596
            ],
            [
              25.18644067796606,
              18.81355932203394
            ],
            [
              25.18644067796606,
              19.152542372881385
            ],
            [
              25.254237288135528,
              19.49152542372883
            ],
            [
              25.254237288135528,
              19.830508474576277
            ],
            [
              25.254237288135528,
              20.101694915254257
            ],
            [
              25.322033898305108,
              20.372881355932236
            ],
            [
              25.322033898305108,
              20.711864406779682
            ],
            [
              25.389830508474574,
              20.91525423728814
            ],
            [
              25.389830508474574,
              21.186440677966118
            ],
            [
              25.45762711864404,
              21.389830508474574
            ],
            [
              25.45762711864404,
              21.72881355932202
            ],
            [
              25.525423728813507,
              22.0
            ],
            [
              25.525423728813507,
              22.27118644067798
            ],
            [
              25.525423728813507,
              22.54237288135596
            ],
            [
              25.593220338982974,
              22.745762711864415
            ],
            [
              25.593220338982974,
              23.016949152542395
            ],
            [
              25.593220338982974,
              23.288135593220375
            ],
            [
              25.661016949152554,
              23.49152542372883
            ],
            [
              25.661016949152554,
              23.76271186440681
            ],
            [
              25.661016949152554,
              24.03389830508479
            ],
            [
              25.661016949152554,
              24.305084745762713
            ],
            [
              25.661016949152554,
              24.576271186440692
            ],
            [
              25.72881355932202,
              24.77966101694915
            ],
            [
              26.0,
              24.77966101694915
            ],
            [
              26.27118644067798,
              24.77966101694915
            ],
            [
              26.54237288135596,
              24.77966101694915
            ],
            [
              26.813559322033825,
              24.77966101694915
            ],
            [
              27.084745762711805,
              24.77966101694915
            ],
            [
              27.42372881355925,
              24.77966101694915
            ],
            [
              27.69491525423723,
              24.711864406779682
            ],
            [
              27.96610169491521,
              24.711864406779682
            ],
            [
              28.23728813559319,
              24.711864406779682
            ],
            [
              28.50847457627117,
              24.644067796610216
            ],
            [
              28.77966101694915,
              24.576271186440692
            ],
            [
              29.05084745762713,
              24.508474576271226
            ],
            [
              29.389830508474574,
              24.440677966101703
            ],
            [
              29.661016949152554,
              24.372881355932236
            ],
            [
              29.864406779660953,
              24.305084745762713
            ],
            [
              30.067796610169466,
              24.237288135593246
            ],
            [
              30.27118644067798,
              24.169491525423723
            ],
            [
              30.54237288135596,
              24.169491525423723
            ],
            [
              30.74576271186436,
              24.03389830508479
            ],
            [
              31.016949152542338,
              23.966101694915267
            ],
            [
              31.22033898305085,
              23.8983050847458
            ],
            [
              31.42372881355925,
              23.76271186440681
            ],
            [
              31.76271186440681,
              23.694915254237287
            ],
            [
              31.96610169491521,
              23.62711864406782
            ],
            [
              32.16949152542372,
              23.559322033898297
            ],
            [
              32.37288135593212,
              23.49152542372883
            ],
            [
              32.6440677966101,
              23.35593220338984
            ],
            [
              32.91525423728808,
              23.288135593220375
            ],
            [
              33.18644067796606,
              23.22033898305085
            ],
            [
              33.389830508474574,
              23.152542372881385
            ],
            [
              33.661016949152554,
              23.08474576271186
            ],
            [
              33.86440677966095,
              23.016949152542395
            ],
            [
              34.06779661016947,
              22.94915254237287
            ],
            [
              34.338983050847446,
              22.881355932203405
            ],
            [
              34.610169491525426,
              22.881355932203405
            ],
            [
              34.94915254237287,
              22.881355932203405
            ],
            [
              35.28813559322032,
              22.881355932203405
            ],
            [
              35.627118644067764,
              22.881355932203405
            ],
            [
              35.96610169491521,
              22.881355932203405
            ],
            [
              36.305084745762656,
              22.94915254237287
            ],
            [
              36.576271186440636,
              22.94915254237287
            ],
            [
              36.77966101694915,
              23.016949152542395
            ],
            [
              37.05084745762713,
              23.016949152542395
            ],
            [
              37.25423728813553,
              23.08474576271186
            ],
            [
              37.52542372881351,
              23.08474576271186
            ],
            [
              37.86440677966095,
              23.08474576271186
            ],
            [
              38.2033898305084,
              23.152542372881385
            ],
            [
              38.47457627118638,
              23.152542372881385
            ],
            [
              38.74576271186436,
              23.22033898305085
            ],
            [
              39.084745762711805,
              23.22033898305085
            ],
            [
              39.42372881355925,
              23.22033898305085
            ],
            [
              39.76271186440681,
              23.22033898305085
            ],
            [
              40.16949152542372,
              23.22033898305085
            ],
            [
              40.847457627118615,
              23.22033898305085
            ],
            [
              41.18644067796606,
              23.22033898305085
            ],
            [
              41.45762711864404,
              23.22033898305085
            ],
            [
              41.72881355932202,
              23.22033898305085
            ],
            [
              42.06779661016947,
              23.22033898305085
            ],
            [
              42.54237288135596,
              23.22033898305085
            ],
            [
              42.813559322033825,
              23.152542372881385
            ],
            [
              43.15254237288127,
              23.152542372881385
            ],
            [
              43.49152542372883,
              23.152542372881385
            ],
            [
              43.76271186440681,
              23.08474576271186
            ],
            [
              44.16949152542372,
              23.08474576271186
            ],
            [
              44.4406779661017,
              23.016949152542395
            ],
            [
              44.71186440677968,
              23.016949152542395
            ],
            [
              44.98305084745766,
              23.016949152542395
            ],
            [
              45.25423728813553,
              23.016949152542395
            ],
            [
              45.52542372881351,
              23.016949152542395
            ],
            [
              45.86440677966095,
              23.016949152542395
            ],
            [
              46.27118644067798,
              23.016949152542395
            ],
            [
              46.54237288135596,
              23.08474576271186
            ],
            [
              46.813559322033825,
              23.152542372881385
            ],
            [
              47.15254237288127,
              23.288135593220375
            ],
            [
              47.355932203389784,
              23.49152542372883
            ],
            [
              47.5593220338983,
              23.62711864406782
            ],
            [
              47.69491525423723,
              23.8983050847458
            ],
            [
              47.89830508474574,
              24.169491525423723
            ],
            [
              47.96610169491521,
              24.372881355932236
            ],
            [
              48.10169491525426,
              24.576271186440692
            ],
            [
              48.16949152542372,
              24.77966101694915
            ],
            [
              48.23728813559319,
              25.05084745762713
            ],
            [
              48.305084745762656,
              25.322033898305108
            ],
            [
              48.37288135593212,
              25.593220338983087
            ],
            [
              48.4406779661017,
              25.932203389830534
            ],
            [
              48.50847457627117,
              26.203389830508513
            ],
            [
              48.576271186440636,
              26.474576271186436
            ],
            [
              48.576271186440636,
              26.745762711864415
            ],
            [
              48.6440677966101,
              27.016949152542395
            ],
            [
              48.6440677966101,
              27.35593220338984
            ],
            [
              48.71186440677968,
              27.62711864406782
            ],
            [
              48.71186440677968,
              27.966101694915267
            ],
            [
              48.71186440677968,
              28.305084745762713
            ],
            [
              48.6440677966101,
              28.576271186440692
            ],
            [
              48.576271186440636,
              28.91525423728814
            ],
            [
              48.37288135593212,
              29.186440677966118
            ],
            [
              48.305084745762656,
              29.389830508474574
            ],
            [
              48.10169491525426,
              29.661016949152554
            ],
            [
              47.89830508474574,
              29.86440677966101
            ],
            [
              47.5593220338983,
              30.203389830508513
            ],
            [
              47.22033898305085,
              30.40677966101697
            ],
            [
              46.74576271186436,
              30.67796610169495
            ],
            [
              46.40677966101691,
              30.81355932203394
            ],
            [
              46.06779661016947,
              30.94915254237287
            ],
            [
              45.86440677966095,
              31.016949152542395
            ],
            [
              45.661016949152554,
              31.08474576271186
            ],
            [
              45.45762711864404,
              31.152542372881385
            ],
            [
              45.118644067796595,
              31.22033898305085
            ],
            [
              44.91525423728808,
              31.288135593220375
            ],
            [
              44.6440677966101,
              31.288135593220375
            ],
            [
              44.23728813559319,
              31.35593220338984
            ],
            [
              43.83050847457628,
              31.35593220338984
            ],
            [
              43.627118644067764,
              31.423728813559364
            ],
            [
              43.22033898305085,
              31.423728813559364
            ],
            [
              43.01694915254234,
              31.49152542372883
            ],
            [
              42.610169491525426,
              31.49152542372883
            ],
            [
              42.2033898305084,
              31.49152542372883
            ],
            [
              41.661016949152554,
              31.49152542372883
            ],
            [
              41.25423728813553,
              31.49152542372883
            ],
            [
              40.77966101694915,
              31.49152542372883
            ],
            [
              40.50847457627117,
              31.49152542372883
            ],
            [
              40.10169491525426,
              31.49152542372883
            ],
            [
              39.69491525423723,
              31.49152542372883
            ],
            [
              39.22033898305085,
              31.49152542372883
            ],
            [
              38.881355932203405,
              31.559322033898297
            ],
            [
              38.54237288135596,
              31.559322033898297
            ],
            [
              38.2033898305084,
              31.559322033898297
            ],
            [
              37.86440677966095,
              31.559322033898297
            ],
            [
              37.593220338982974,
              31.559322033898297
            ],
            [
              37.25423728813553,
              31.559322033898297
            ],
            [
              36.91525423728808,
              31.559322033898297
            ],
            [
              36.576271186440636,
              31.559322033898297
            ],
            [
              36.305084745762656,
              31.559322033898297
            ],
            [
              36.10169491525426,
              31.62711864406782
            ],
            [
              35.83050847457628,
              31.694915254237287
            ],
            [
              35.627118644067764,
              31.76271186440681
            ],
            [
              35.28813559322032,
              31.830508474576277
            ],
            [
              34.94915254237287,
              31.966101694915267
            ],
            [
              34.610169491525426,
              32.10169491525426
            ],
            [
              34.40677966101691,
              32.16949152542372
            ],
            [
              34.2033898305084,
              32.237288135593246
            ],
            [
              34.0,
              32.30508474576271
            ],
            [
              33.79661016949149,
              32.372881355932236
            ],
            [
              33.52542372881351,
              32.508474576271226
            ],
            [
              33.32203389830511,
              32.57627118644069
            ],
            [
              32.98305084745766,
              32.77966101694915
            ],
            [
              32.71186440677968,
              32.84745762711867
            ],
            [
              32.50847457627117,
              32.98305084745766
            ],
            [
              32.23728813559319,
              33.18644067796612
            ],
            [
              32.033898305084676,
              33.254237288135585
            ],
            [
              31.76271186440681,
              33.4576271186441
            ],
            [
              31.49152542372883,
              33.59322033898309
            ],
            [
              31.288135593220318,
              33.796610169491544
            ],
            [
              31.084745762711805,
              33.93220338983053
            ],
            [
              30.881355932203405,
              34.06779661016952
            ],
            [
              30.677966101694892,
              34.20338983050851
            ],
            [
              30.47457627118638,
              34.338983050847446
            ],
            [
              30.338983050847446,
              34.54237288135596
            ],
            [
              30.2033898305084,
              34.745762711864415
            ],
            [
              30.135593220338933,
              34.94915254237287
            ],
            [
              30.135593220338933,
              35.22033898305085
            ],
            [
              30.135593220338933,
              35.49152542372883
            ],
            [
              30.135593220338933,
              35.76271186440681
            ],
            [
              30.135593220338933,
              36.03389830508479
            ],
            [
              30.135593220338933,
              36.30508474576271
            ],
            [
              30.2033898305084,
              36.57627118644069
            ],
            [
              30.27118644067798,
              36.77966101694915
            ],
            [
              30.406779661016913,
              36.98305084745766
            ],
            [
              30.47457627118638,
              37.18644067796612
            ],
            [
              30.677966101694892,
              37.389830508474574
            ],
            [
              30.881355932203405,
              37.525423728813564
            ],
            [
              31.016949152542338,
              37.72881355932208
            ],
            [
              31.22033898305085,
              37.796610169491544
            ],
            [
              31.42372881355925,
              37.93220338983053
            ],
            [
              31.627118644067764,
              38.0
            ],
            [
              31.830508474576277,
              38.20338983050851
            ],
            [
              32.033898305084676,
              38.27118644067798
            ],
            [
              32.23728813559319,
              38.40677966101697
            ],
            [
              32.50847457627117,
              38.54237288135596
            ],
            [
              32.71186440677968,
              38.745762711864415
            ],
            [
              32.91525423728808,
              38.881355932203405
            ],
            [
              33.118644067796595,
              39.08474576271186
            ],
            [
              33.32203389830511,
              39.22033898305085
            ],
            [
              33.52542372881351,
              39.423728813559364
            ],
            [
              33.72881355932202,
              39.62711864406782
            ],
            [
              33.79661016949149,
              39.8983050847458
            ],
            [
              34.0,
              40.03389830508479
            ],
            [
              34.06779661016947,
              40.30508474576271
            ],
            [
              34.2033898305084,
              40.508474576271226
            ],
            [
              34.338983050847446,
              40.77966101694915
            ],
            [
              34.47457627118638,
              40.98305084745766
            ],
            [
              34.610169491525426,
              41.254237288135585
            ],
            [
              34.74576271186436,
              41.525423728813564
            ],
            [
              34.881355932203405,
              41.72881355932208
            ],
            [
              35.084745762711805,
              41.93220338983053
            ],
            [
              35.15254237288127,
              42.13559322033899
            ],
            [
              35.22033898305085,
              42.338983050847446
            ],
            [
              35.355932203389784,
              42.54237288135596
            ],
            [
              35.42372881355925,
              42.745762711864415
            ],
            [
              35.5593220338983,
              42.94915254237287
            ],
            [
              35.627118644067764,
              43.152542372881385
            ],
            [
              35.69491525423723,
              43.35593220338984
            ],
            [
              35.76271186440681,
              43.5593220338983
            ],
            [
              35.83050847457628,
              43.76271186440681
            ],
            [
              35.89830508474574,
              43.96610169491527
            ],
            [
              35.96610169491521,
              44.16949152542372
            ],
            [
              35.96610169491521,
              44.4406779661017
            ],
            [
              36.033898305084676,
              44.644067796610216
            ],
            [
              36.033898305084676,
              44.91525423728814
            ],
            [
              35.83050847457628,
              45.05084745762713
            ],
            [
              35.5593220338983,
              45.11864406779665
            ],
            [
              35.28813559322032,
              45.18644067796612
            ],
            [
              35.01694915254234,
              45.254237288135585
            ],
            [
              34.74576271186436,
              45.254237288135585
            ],
            [
              34.40677966101691,
              45.254237288135585
            ],
            [
              34.0,
              45.254237288135585
            ],
            [
              33.661016949152554,
              45.254237288135585
            ],
            [
              33.25423728813553,
              45.254237288135585
            ],
            [
              32.91525423728808,
              45.254237288135585
            ],
            [
              32.576271186440636,
              45.11864406779665
            ],
            [
              32.305084745762656,
              45.11864406779665
            ],
            [
              31.96610169491521,
              45.05084745762713
            ],
            [
              31.69491525423723,
              44.98305084745766
            ],
            [
              31.288135593220318,
              44.91525423728814
            ],
            [
              30.881355932203405,
              44.84745762711867
            ],
            [
              30.54237288135596,
              44.77966101694915
            ],
            [
              30.135593220338933,
              44.71186440677968
            ],
            [
              29.72881355932202,
              44.71186440677968
            ],
            [
              29.322033898305108,
              44.644067796610216
            ],
            [
              28.847457627118615,
              44.57627118644069
            ],
            [
              28.440677966101703,
              44.508474576271226
            ],
            [
              27.898305084745743,
              44.508474576271226
            ],
            [
              27.355932203389784,
              44.4406779661017
            ],
            [
              26.94915254237287,
              44.4406779661017
            ],
            [
              26.610169491525426,
              44.372881355932236
            ],
            [
              26.067796610169466,
              44.372881355932236
            ],
            [
              25.661016949152554,
              44.372881355932236
            ],
            [
              25.118644067796595,
              44.372881355932236
            ],
            [
              24.644067796610102,
              44.372881355932236
            ],
            [
              24.23728813559319,
              44.372881355932236
            ],
            [
              23.830508474576277,
              44.372881355932236
            ],
            [
              23.355932203389784,
              44.30508474576271
            ],
            [
              22.881355932203405,
              44.30508474576271
            ],
            [
              22.406779661016913,
              44.237288135593246
            ],
            [
              22.0,
              44.237288135593246
            ],
            [
              21.593220338982974,
              44.237288135593246
            ],
            [
              21.118644067796595,
              44.237288135593246
            ],
            [
              20.711864406779682,
              44.16949152542372
            ],
            [
              20.23728813559319,
              44.10169491525426
            ],
            [
              19.898305084745743,
              44.10169491525426
            ],
            [
              19.49152542372883,
              43.96610169491527
            ],
            [
              19.152542372881385,
              43.96610169491527
            ],
            [
              18.813559322033825,
              43.8983050847458
            ],
            [
              18.54237288135596,
              43.83050847457628
            ],
            [
              18.135593220338933,
              43.69491525423729
            ],
            [
              17.864406779660953,
              43.62711864406782
            ],
            [
              17.661016949152554,
              43.5593220338983
            ],
            [
              17.389830508474574,
              43.49152542372883
            ],
            [
              17.18644067796606,
              43.423728813559364
            ],
            [
              16.91525423728808,
              43.35593220338984
            ],
            [
              16.711864406779682,
              43.288135593220375
            ],
            [
              16.50847457627117,
              43.22033898305085
            ],
            [
              16.305084745762656,
              43.152542372881385
            ],
            [
              16.101694915254257,
              43.08474576271186
            ],
            [
              15.76271186440681,
              42.94915254237287
            ],
            [
              15.355932203389784,
              42.881355932203405
            ],
            [
              15.152542372881385,
              42.81355932203394
            ],
            [
              14.949152542372872,
              42.745762711864415
            ],
            [
              14.610169491525426,
              42.67796610169495
            ],
            [
              14.338983050847446,
              42.610169491525426
            ],
            [
              13.864406779660953,
              42.54237288135596
            ],
            [
              13.593220338982974,
              42.474576271186436
            ],
            [
              13.118644067796595,
              42.474576271186436
            ],
            [
              12.711864406779682,
              42.40677966101697
            ],
            [
              12.169491525423723,
              42.40677966101697
            ],
            [
              11.898305084745743,
              42.338983050847446
            ],
            [
              11.627118644067764,
              42.338983050847446
            ],
            [
              11.355932203389784,
              42.338983050847446
            ],
            [
              10.949152542372872,
              42.338983050847446
            ],
            [
              10.677966101694892,
              42.338983050847446
            ],
            [
              10.135593220338933,
              42.338983050847446
            ],
            [
              9.864406779660953,
              42.338983050847446
            ],
            [
              9.389830508474574,
              42.338983050847446
            ],
            [
              9.118644067796595,
              42.27118644067798
            ],
            [
              8.711864406779682,
              42.20338983050851
            ],
            [
              8.372881355932122,
              42.20338983050851
            ],
            [
              8.169491525423723,
              42.13559322033899
            ],
            [
              7.898305084745743,
              42.06779661016952
            ],
            [
              7.627118644067764,
              42.0
            ],
            [
              7.355932203389784,
              41.93220338983053
            ],
            [
              7.084745762711805,
              41.796610169491544
            ],
            [
              6.881355932203405,
              41.59322033898309
            ],
            [
              6.677966101694892,
              41.32203389830511
            ],
            [
              6.542372881355959,
              41.05084745762713
            ],
            [
              6.474576271186379,
              40.84745762711867
            ],
            [
              6.4067796610169125,
              40.508474576271226
            ],
            [
              6.338983050847446,
              40.237288135593246
            ],
            [
              6.203389830508399,
              39.8983050847458
            ],
            [
              6.203389830508399,
              39.62711864406782
            ],
            [
              6.135593220338933,
              39.152542372881385
            ],
            [
              6.0677966101694665,
              38.881355932203405
            ],
            [
              6.0677966101694665,
              38.40677966101697
            ],
            [
              6.0677966101694665,
              37.93220338983053
            ],
            [
              6.0,
              37.661016949152554
            ],
            [
              6.0,
              37.254237288135585
            ],
            [
              6.0,
              36.98305084745766
            ],
            [
              5.9322033898305335,
              36.508474576271226
            ],
            [
              5.9322033898305335,
              36.237288135593246
            ],
            [
              5.9322033898305335,
              35.96610169491527
            ],
            [
              5.9322033898305335,
              35.69491525423729
            ],
            [
              5.9322033898305335,
              35.288135593220375
            ],
            [
              6.0,
              35.016949152542395
            ],
            [
              6.0677966101694665,
              34.610169491525426
            ],
            [
              6.135593220338933,
              34.40677966101697
            ],
            [
              6.203389830508399,
              34.0
            ],
            [
              6.338983050847446,
              33.661016949152554
            ],
            [
              6.542372881355959,
              33.389830508474574
            ],
            [
              6.610169491525426,
              33.18644067796612
            ],
            [
              6.813559322033825,
              32.84745762711867
            ],
            [
              7.016949152542338,
              32.71186440677968
            ],
            [
              7.288135593220318,
              32.508474576271226
            ],
            [
              7.559322033898297,
              32.30508474576271
            ],
            [
              7.898305084745743,
              32.16949152542372
            ],
            [
              8.169491525423723,
              32.03389830508479
            ],
            [
              8.372881355932122,
              31.8983050847458
            ],
            [
              8.644067796610102,
              31.76271186440681
            ],
            [
              8.847457627118615,
              31.694915254237287
            ],
            [
              9.050847457627128,
              31.62711864406782
            ],
            [
              9.254237288135528,
              31.559322033898297
            ],
            [
              9.45762711864404,
              31.49152542372883
            ],
            [
              9.72881355932202,
              31.423728813559364
            ],
            [
              9.932203389830534,
              31.35593220338984
            ],
            [
              10.135593220338933,
              31.22033898305085
            ],
            [
              10.474576271186379,
              31.152542372881385
            ],
            [
              10.677966101694892,
              31.08474576271186
            ],
            [
              10.881355932203405,
              31.016949152542395
            ],
            [
              11.084745762711805,
              30.94915254237287
            ],
            [
              11.288135593220318,
              30.881355932203405
            ],
            [
              11.559322033898297,
              30.81355932203394
            ],
            [
              11.76271186440681,
              30.745762711864415
            ],
            [
              12.033898305084676,
              30.54237288135596
            ],
            [
              12.372881355932122,
              30.40677966101697
            ],
            [
              12.644067796610102,
              30.27118644067798
            ],
            [
              12.847457627118615,
              30.067796610169523
            ],
            [
              12.983050847457548,
              29.86440677966101
            ],
            [
              13.186440677966061,
              29.661016949152554
            ],
            [
              13.254237288135528,
              29.457627118644098
            ],
            [
              13.322033898305108,
              29.186440677966118
            ],
            [
              13.389830508474574,
              28.91525423728814
            ],
            [
              13.389830508474574,
              28.576271186440692
            ],
            [
              13.389830508474574,
              28.237288135593246
            ],
            [
              13.322033898305108,
              27.966101694915267
            ],
            [
              13.254237288135528,
              27.76271186440681
            ],
            [
              13.050847457627128,
              27.423728813559364
            ],
            [
              12.847457627118615,
              27.08474576271186
            ],
            [
              12.779661016949149,
              26.881355932203405
            ],
            [
              12.576271186440636,
              26.610169491525426
            ],
            [
              12.372881355932122,
              26.27118644067798
            ],
            [
              12.101694915254257,
              26.0
            ],
            [
              11.898305084745743,
              25.72881355932202
            ],
            [
              11.627118644067764,
              25.457627118644098
            ],
            [
              11.491525423728831,
              25.25423728813564
            ],
            [
              11.288135593220318,
              25.11864406779665
            ],
            [
              11.084745762711805,
              24.847457627118672
            ],
            [
              10.881355932203405,
              24.644067796610216
            ],
            [
              10.677966101694892,
              24.372881355932236
            ],
            [
              10.474576271186379,
              24.169491525423723
            ],
            [
              10.27118644067798,
              23.966101694915267
            ],
            [
              10.0,
              23.830508474576277
            ],
            [
              9.72881355932202,
              23.559322033898297
            ],
            [
              9.525423728813507,
              23.35593220338984
            ],
            [
              9.254237288135528,
              23.08474576271186
            ],
            [
              8.983050847457548,
              22.881355932203405
            ],
            [
              8.711864406779682,
              22.610169491525426
            ],
            [
              8.440677966101703,
              22.40677966101697
            ],
            [
              8.101694915254257,
              22.13559322033899
            ],
            [
              7.830508474576277,
              21.86440677966101
            ],
            [
              7.491525423728831,
              21.593220338983087
            ],
            [
              7.220338983050851,
              21.322033898305108
            ],
            [
              6.949152542372872,
              20.983050847457662
            ],
            [
              6.745762711864359,
              20.644067796610216
            ],
            [
              6.474576271186379,
              20.237288135593246
            ],
            [
              6.27118644067798,
              19.830508474576277
            ],
            [
              6.203389830508399,
              19.62711864406782
            ],
            [
              6.0677966101694665,
              19.288135593220375
            ],
            [
              6.0,
              19.08474576271186
            ],
            [
              5.9322033898305335,
              18.81355932203394
            ],
            [
              5.864406779660953,
              18.474576271186436
            ],
            [
              5.796610169491487,
              18.203389830508513
            ],
            [
              5.796610169491487,
              17.932203389830534
            ],
            [
              5.796610169491487,
              17.389830508474574
            ],
            [
              5.796610169491487,
              17.11864406779665
            ],
            [
              5.796610169491487,
              16.847457627118672
            ],
            [
              5.796610169491487,
              16.576271186440692
            ],
            [
              5.796610169491487,
              16.305084745762713
            ],
            [
              5.796610169491487,
              16.03389830508479
            ],
            [
              5.796610169491487,
              15.694915254237287
            ],
            [
              5.796610169491487,
              15.423728813559364
            ],
            [
              5.796610169491487,
              15.152542372881385
            ],
            [
              5.796610169491487,
              14.813559322033939
            ],
            [
              5.796610169491487,
              14.54237288135596
            ],
            [
              5.9322033898305335,
              14.13559322033899
            ],
            [
              5.9322033898305335,
              13.661016949152554
            ],
            [
              6.0,
              13.322033898305108
            ],
            [
              6.0,
              13.050847457627128
            ],
            [
              6.0677966101694665,
              12.779661016949149
            ],
            [
              6.0677966101694665,
              12.372881355932236
            ],
            [
              6.135593220338933,
              12.03389830508479
            ],
            [
              6.135593220338933,
              11.76271186440681
            ],
            [
              6.203389830508399,
              11.355932203389841
            ],
            [
              6.203389830508399,
              11.084745762711862
            ],
            [
              6.203389830508399,
              10.813559322033939
            ],
            [
              6.203389830508399,
              10.338983050847446
            ],
            [
              6.203389830508399,
              10.0
            ],
            [
              6.203389830508399,
              9.72881355932202
            ],
            [
              6.203389830508399,
              9.322033898305108
            ],
            [
              6.203389830508399,
              9.050847457627128
            ],
            [
              6.203389830508399,
              8.644067796610216
            ],
            [
              6.203389830508399,
              8.237288135593246
            ],
            [
              6.203389830508399,
              7.8983050847458
            ],
            [
              6.203389830508399,
              7.627118644067821
            ],
            [
              6.203389830508399,
              7.355932203389841
            ],
            [
              6.203389830508399,
              7.016949152542395
            ],
            [
              6.203389830508399,
              6.7457627118644155
            ],
            [
              6.203389830508399,
              6.406779661016969
            ],
            [
              6.203389830508399,
              5.9322033898305335
            ],
            [
              6.27118644067798,
              5.72881355932202
            ],
            [
              6.27118644067798,
              5.457627118644098
            ],
            [
              6.338983050847446,
              4.983050847457662
            ],
            [
              6.4067796610169125,
              4.779661016949149
            ],
            [
              6.474576271186379,
              4.576271186440692
            ],
            [
              6.610169491525426,
              4.237288135593246
            ],
            [
              6.677966101694892,
              4.03389830508479
            ],
            [
              6.881355932203405,
              3.7627118644068105
            ],
            [
              7.152542372881385,
              3.5593220338982974
            ],
            [
              7.355932203389784,
              3.355932203389841
            ],
            [
              7.559322033898297,
              3.152542372881385
            ],
            [
              7.7627118644068105,
              3.0847457627118615
            ],
            [
              8.033898305084676,
              2.8813559322034052
            ],
            [
              8.440677966101703,
              2.677966101694949
            ],
            [
              8.779661016949149,
              2.474576271186436
            ],
            [
              9.186440677966061,
              2.4067796610169694
            ],
            [
              9.389830508474574,
              2.338983050847446
            ],
            [
              9.593220338982974,
              2.2711864406779796
            ],
            [
              9.864406779660953,
              2.203389830508513
            ],
            [
              10.27118644067798,
              2.13559322033899
            ],
            [
              10.474576271186379,
              2.0677966101695233
            ],
            [
              10.881355932203405,
              2.0677966101695233
            ],
            [
              11.152542372881385,
              2.0
            ],
            [
              11.42372881355925,
              2.0
            ],
            [
              11.69491525423723,
              2.0
            ],
            [
              11.898305084745743,
              2.0677966101695233
            ],
            [
              11.96610169491521,
              2.2711864406779796
            ],
            [
              12.033898305084676,
              2.474576271186436
            ],
            [
              12.101694915254257,
              2.677966101694949
            ],
            [
              12.169491525423723,
              2.8813559322034052
            ],
            [
              12.169491525423723,
              3.152542372881385
            ],
            [
              12.169491525423723,
              3.4237288135593644
            ],
            [
              12.101694915254257,
              3.6271186440678207
            ]
          ],
          [
            [
              7.627118644067764,
              44.16949152542372
            ],
            [
              7.7627118644068105,
              44.372881355932236
            ],
            [
              7.830508474576277,
              44.57627118644069
            ],
            [
              7.898305084745743,
              44.77966101694915
            ],
            [
              8.033898305084676,
              44.98305084745766
            ],
            [
              8.101694915254257,
              45.18644067796612
            ],
            [
              8.101694915254257,
              45.4576271186441
            ],
            [
              8.169491525423723,
              45.661016949152554
            ],
            [
              8.23728813559319,
              46.0
            ],
            [
              8.305084745762656,
              46.20338983050851
            ],
            [
              8.305084745762656,
              46.610169491525426
            ],
            [
              8.372881355932122,
              47.08474576271186
            ],
            [
              8.372881355932122,
              47.5593220338983
            ],
            [
              8.372881355932122,
              48.03389830508479
            ],
            [
              8.372881355932122,
              48.4406779661017
            ],
            [
              8.372881355932122,
              48.77966101694915
            ],
            [
              8.440677966101703,
              48.98305084745766
            ],
            [
              8.508474576271169,
              49.18644067796612
            ],
            [
              8.576271186440636,
              49.389830508474574
            ],
            [
              8.644067796610102,
              49.661016949152554
            ],
            [
              8.779661016949149,
              49.86440677966101
            ],
            [
              8.847457627118615,
              50.06779661016952
            ],
            [
              9.050847457627128,
              50.338983050847446
            ],
            [
              9.254237288135528,
              50.610169491525426
            ],
            [
              9.389830508474574,
              50.881355932203405
            ],
            [
              9.661016949152554,
              51.08474576271186
            ],
            [
              9.796610169491487,
              51.288135593220375
            ],
            [
              9.932203389830534,
              51.5593220338983
            ],
            [
              10.2033898305084,
              51.69491525423729
            ],
            [
              10.406779661016913,
              51.96610169491527
            ],
            [
              10.610169491525426,
              52.16949152542372
            ],
            [
              10.881355932203405,
              52.30508474576271
            ],
            [
              11.084745762711805,
              52.508474576271226
            ],
            [
              11.355932203389784,
              52.644067796610216
            ],
            [
              11.559322033898297,
              52.77966101694915
            ],
            [
              11.830508474576277,
              52.84745762711867
            ],
            [
              12.101694915254257,
              52.98305084745766
            ],
            [
              12.372881355932122,
              53.05084745762713
            ],
            [
              12.644067796610102,
              53.11864406779665
            ],
            [
              12.983050847457548,
              53.254237288135585
            ],
            [
              13.254237288135528,
              53.254237288135585
            ],
            [
              13.525423728813507,
              53.254237288135585
            ],
            [
              13.72881355932202,
              53.32203389830511
            ],
            [
              14.067796610169466,
              53.32203389830511
            ],
            [
              14.338983050847446,
              53.32203389830511
            ],
            [
              14.610169491525426,
              53.32203389830511
            ],
            [
              14.813559322033825,
              53.389830508474574
            ],
            [
              15.084745762711805,
              53.389830508474574
            ],
            [
              15.42372881355925,
              53.4576271186441
            ],
            [
              15.830508474576277,
              53.525423728813564
            ],
            [
              16.101694915254257,
              53.59322033898309
            ],
            [
              16.372881355932122,
              53.661016949152554
            ],
            [
              16.644067796610102,
              53.796610169491544
            ],
            [
              16.847457627118615,
              53.86440677966101
            ],
            [
              16.983050847457548,
              54.06779661016952
            ],
            [
              17.18644067796606,
              54.27118644067798
            ],
            [
              17.254237288135528,
              54.474576271186436
            ],
            [
              17.254237288135528,
              54.81355932203394
            ],
            [
              17.322033898305108,
              55.08474576271186
            ],
            [
              17.322033898305108,
              55.35593220338984
            ],
            [
              17.322033898305108,
              55.62711864406782
            ],
            [
              17.322033898305108,
              55.8983050847458
            ],
            [
              17.18644067796606,
              56.16949152542372
            ],
            [
              17.05084745762713,
              56.508474576271226
            ],
            [
              16.983050847457548,
              56.77966101694915
            ],
            [
              16.847457627118615,
              56.98305084745766
            ],
            [
              16.77966101694915,
              57.18644067796612
            ],
            [
              16.711864406779682,
              57.389830508474574
            ],
            [
              16.644067796610102,
              57.59322033898309
            ],
            [
              16.644067796610102,
              57.86440677966101
            ],
            [
              16.644067796610102,
              58.13559322033899
            ],
            [
              16.644067796610102,
              58.40677966101697
            ],
            [
              16.644067796610102,
              58.67796610169495
            ],
            [
              16.644067796610102,
              58.94915254237287
            ],
            [
              16.644067796610102,
              59.22033898305085
            ],
            [
              16.644067796610102,
              59.49152542372883
            ],
            [
              16.644067796610102,
              59.76271186440681
            ],
            [
              16.644067796610102,
              60.03389830508479
            ],
            [
              16.644067796610102,
              60.30508474576271
            ],
            [
              16.644067796610102,
              60.57627118644069
            ],
            [
              16.644067796610102,
              60.84745762711867
            ],
            [
              16.644067796610102,
              61.11864406779665
            ],
            [
              16.711864406779682,
              61.32203389830511
            ],
            [
              16.711864406779682,
              61.59322033898309
            ],
            [
              16.91525423728808,
              61.661016949152554
            ],
            [
              17.118644067796595,
              61.796610169491544
            ],
            [
              17.389830508474574,
              61.796610169491544
            ],
            [
              17.593220338982974,
              61.86440677966101
            ],
            [
              17.864406779660953,
              61.86440677966101
            ],
            [
              18.135593220338933,
              61.86440677966101
            ],
            [
              18.338983050847446,
              61.93220338983053
            ],
            [
              18.677966101694892,
              61.93220338983053
            ],
            [
              18.881355932203405,
              62.0
            ],
            [
              19.152542372881385,
              62.0
            ],
            [
              19.42372881355925,
              62.0
            ],
            [
              19.627118644067764,
              61.93220338983053
            ],
            [
              19.898305084745743,
              61.796610169491544
            ],
            [
              20.23728813559319,
              61.59322033898309
            ],
            [
              20.50847457627117,
              61.4576271186441
            ],
            [
              20.711864406779682,
              61.32203389830511
            ],
            [
              20.91525423728808,
              61.254237288135585
            ],
            [
              21.118644067796595,
              61.11864406779665
            ],
            [
              21.322033898305108,
              61.05084745762713
            ],
            [
              21.525423728813507,
              60.91525423728814
            ],
            [
              21.932203389830534,
              60.77966101694915
            ],
            [
              22.135593220338933,
              60.64406779661016
            ],
            [
              22.338983050847446,
              60.57627118644069
            ],
            [
              22.54237288135596,
              60.508474576271226
            ],
            [
              22.94915254237287,
              60.30508474576271
            ],
            [
              23.355932203389784,
              60.16949152542372
            ],
            [
              23.559322033898297,
              60.10169491525426
            ],
            [
              23.76271186440681,
              59.96610169491527
            ],
            [
              24.101694915254257,
              59.83050847457628
            ],
            [
              24.305084745762656,
              59.76271186440681
            ],
            [
              24.576271186440636,
              59.62711864406782
            ],
            [
              24.77966101694915,
              59.49152542372883
            ],
            [
              24.576271186440636,
              59.35593220338984
            ],
            [
              24.372881355932122,
              59.288135593220375
            ],
            [
              24.101694915254257,
              59.22033898305085
            ],
            [
              23.898305084745743,
              59.152542372881385
            ],
            [
              23.627118644067764,
              59.016949152542395
            ],
            [
              23.42372881355925,
              58.881355932203405
            ],
            [
              23.15254237288127,
              58.745762711864415
            ],
            [
              22.881355932203405,
              58.54237288135596
            ],
            [
              22.610169491525426,
              58.27118644067798
            ],
            [
              22.338983050847446,
              58.06779661016952
            ],
            [
              22.067796610169466,
              57.796610169491544
            ],
            [
              21.864406779660953,
              57.59322033898309
            ],
            [
              21.593220338982974,
              57.32203389830511
            ],
            [
              21.389830508474574,
              57.11864406779665
            ],
            [
              21.254237288135528,
              56.91525423728814
            ],
            [
              21.118644067796595,
              56.64406779661016
            ],
            [
              20.983050847457662,
              56.4406779661017
            ],
            [
              20.91525423728808,
              56.237288135593246
            ],
            [
              20.91525423728808,
              55.96610169491527
            ],
            [
              20.91525423728808,
              55.62711864406782
            ],
            [
              20.91525423728808,
              55.35593220338984
            ],
            [
              20.91525423728808,
              55.08474576271186
            ],
            [
              20.91525423728808,
              54.81355932203394
            ],
            [
              20.91525423728808,
              54.54237288135596
            ],
            [
              20.983050847457662,
              54.338983050847446
            ],
            [
              21.05084745762713,
              54.06779661016952
            ],
            [
              21.118644067796595,
              53.86440677966101
            ],
            [
              21.322033898305108,
              53.59322033898309
            ],
            [
              21.525423728813507,
              53.389830508474574
            ],
            [
              21.796610169491487,
              53.18644067796612
            ],
            [
              22.0,
              52.98305084745766
            ],
            [
              22.338983050847446,
              52.77966101694915
            ],
            [
              22.677966101694892,
              52.57627118644069
            ],
            [
              23.016949152542338,
              52.372881355932236
            ],
            [
              23.288135593220318,
              52.237288135593246
            ],
            [
              23.49152542372883,
              52.16949152542372
            ],
            [
              23.69491525423723,
              52.03389830508479
            ],
            [
              23.898305084745743,
              51.96610169491527
            ],
            [
              24.101694915254257,
              51.8983050847458
            ],
            [
              24.372881355932122,
              51.76271186440681
            ],
            [
              24.644067796610102,
              51.62711864406782
            ],
            [
              24.91525423728808,
              51.5593220338983
            ],
            [
              25.18644067796606,
              51.49152542372883
            ],
            [
              25.525423728813507,
              51.423728813559364
            ],
            [
              25.796610169491487,
              51.288135593220375
            ],
            [
              26.0,
              51.22033898305085
            ],
            [
              26.47457627118638,
              51.152542372881385
            ],
            [
              26.74576271186436,
              51.08474576271186
            ],
            [
              27.084745762711805,
              51.08474576271186
            ],
            [
              27.355932203389784,
              51.016949152542395
            ],
            [
              27.69491525423723,
              50.94915254237287
            ],
            [
              27.96610169491521,
              50.94915254237287
            ],
            [
              28.305084745762656,
              50.881355932203405
            ],
            [
              28.644067796610102,
              50.81355932203394
            ],
            [
              29.118644067796595,
              50.745762711864415
            ],
            [
              29.45762711864404,
              50.67796610169495
            ],
            [
              30.0,
              50.67796610169495
            ],
            [
              30.27118644067798,
              50.610169491525426
            ],
            [
              30.677966101694892,
              50.54237288135596
            ],
            [
              31.15254237288127,
              50.474576271186436
            ],
            [
              31.355932203389784,
              50.40677966101697
            ],
            [
              31.76271186440681,
              50.40677966101697
            ],
            [
              32.10169491525426,
              50.27118644067798
            ],
            [
              32.305084745762656,
              50.20338983050851
            ],
            [
              32.6440677966101,
              50.13559322033899
            ],
            [
              32.847457627118615,
              50.06779661016952
            ],
            [
              33.118644067796595,
              49.93220338983053
            ],
            [
              33.45762711864404,
              49.86440677966101
            ],
            [
              33.661016949152554,
              49.72881355932208
            ],
            [
              33.93220338983053,
              49.59322033898309
            ],
            [
              34.27118644067798,
              49.4576271186441
            ],
            [
              34.47457627118638,
              49.32203389830511
            ],
            [
              34.67796610169489,
              49.18644067796612
            ],
            [
              34.881355932203405,
              49.05084745762713
            ],
            [
              35.15254237288127,
              48.84745762711867
            ],
            [
              35.355932203389784,
              48.644067796610216
            ],
            [
              35.5593220338983,
              48.508474576271226
            ],
            [
              35.76271186440681,
              48.237288135593246
            ],
            [
              35.96610169491521,
              47.96610169491527
            ],
            [
              36.16949152542372,
              47.69491525423729
            ],
            [
              36.37288135593212,
              47.423728813559364
            ],
            [
              36.4406779661017,
              47.152542372881385
            ],
            [
              36.4406779661017,
              46.881355932203405
            ],
            [
              36.4406779661017,
              46.610169491525426
            ],
            [
              36.4406779661017,
              46.27118644067798
            ],
            [
              36.37288135593212,
              46.06779661016952
            ],
            [
              36.305084745762656,
              45.86440677966101
            ],
            [
              36.23728813559319,
              45.59322033898309
            ],
            [
              36.10169491525426,
              45.32203389830511
            ],
            [
              36.033898305084676,
              45.11864406779665
            ],
            [
              35.96610169491521,
              44.84745762711867
            ],
            [
              35.89830508474574,
              44.508474576271226
            ],
            [
              35.89830508474574,
              44.237288135593246
            ],
            [
              35.83050847457628,
              44.03389830508479
            ],
            [
              35.83050847457628,
              43.76271186440681
            ],
            [
              35.83050847457628,
              43.49152542372883
            ],
            [
              35.89830508474574,
              43.22033898305085
            ],
            [
              36.10169491525426,
              43.08474576271186
            ]
          ],
          [
            [
              40.91525423728808,
              14.0
            ],
            [
              41.05084745762713,
              14.203389830508513
            ],
            [
              41.118644067796595,
              14.40677966101697
            ],
            [
              41.25423728813553,
              14.677966101694949
            ],
            [
              41.32203389830511,
              14.949152542372872
            ],
            [
              41.45762711864404,
              15.220338983050851
            ],
            [
              41.52542372881351,
              15.491525423728831
            ],
            [
              41.52542372881351,
              15.76271186440681
            ],
            [
              41.52542372881351,
              16.03389830508479
            ],
            [
              41.45762711864404,
              16.237288135593246
            ],
            [
              41.18644067796606,
              16.237288135593246
            ],
            [
              40.77966101694915,
              16.237288135593246
            ],
            [
              40.50847457627117,
              16.237288135593246
            ],
            [
              40.16949152542372,
              16.169491525423723
            ],
            [
              39.76271186440681,
              16.101694915254257
            ],
            [
              39.28813559322032,
              16.03389830508479
            ],
            [
              38.881355932203405,
              15.8983050847458
            ],
            [
              38.338983050847446,
              15.830508474576277
            ],
            [
              37.72881355932202,
              15.62711864406782
            ],
            [
              37.05084745762713,
              15.423728813559364
            ],
            [
              36.50847457627117,
              15.220338983050851
            ],
            [
              35.89830508474574,
              14.881355932203405
            ],
            [
              35.355932203389784,
              14.677966101694949
            ],
            [
              34.74576271186436,
              14.40677966101697
            ],
            [
              34.06779661016947,
              14.067796610169523
            ],
            [
              33.45762711864404,
              13.72881355932202
            ],
            [
              32.98305084745766,
              13.389830508474574
            ],
            [
              32.576271186440636,
              13.118644067796652
            ],
            [
              32.10169491525426,
              12.779661016949149
            ],
            [
              31.76271186440681,
              12.440677966101703
            ],
            [
              31.355932203389784,
              12.101694915254257
            ],
            [
              31.016949152542338,
              11.62711864406782
            ],
            [
              30.74576271186436,
              11.220338983050851
            ],
            [
              30.610169491525426,
              10.881355932203405
            ],
            [
              30.54237288135596,
              10.610169491525426
            ],
            [
              30.47457627118638,
              10.203389830508513
            ],
            [
              30.47457627118638,
              9.932203389830534
            ],
            [
              30.47457627118638,
              9.525423728813564
            ],
            [
              30.677966101694892,
              9.254237288135641
            ],
            [
              30.881355932203405,
              9.118644067796652
            ],
            [
              31.15254237288127,
              8.983050847457662
            ],
            [
              31.42372881355925,
              8.915254237288138
            ],
            [
              31.69491525423723,
              8.847457627118672
            ],
            [
              32.10169491525426,
              8.847457627118672
            ],
            [
              32.50847457627117,
              8.847457627118672
            ],
            [
              33.05084745762713,
              8.847457627118672
            ],
            [
              33.52542372881351,
              8.847457627118672
            ],
            [
              34.27118644067798,
              8.983050847457662
            ],
            [
              34.813559322033825,
              9.050847457627128
            ],
            [
              35.49152542372883,
              9.254237288135641
            ],
            [
              36.033898305084676,
              9.322033898305108
            ],
            [
              36.71186440677968,
              9.593220338983087
            ],
            [
              37.389830508474574,
              9.86440677966101
            ],
            [
              38.06779661016947,
              10.067796610169523
            ],
            [
              38.74576271186436,
              10.40677966101697
            ],
            [
              39.28813559322032,
              10.677966101694949
            ],
            [
              39.76271186440681,
              10.881355932203405
            ],
            [
              40.305084745762656,
              11.220338983050851
            ],
            [
              40.71186440677968,
              11.423728813559364
            ],
            [
              41.18644067796606,
              11.76271186440681
            ],
            [
              41.593220338982974,
              12.03389830508479
            ],
            [
              41.93220338983053,
              12.237288135593246
            ],
            [
              42.27118644067798,
              12.508474576271226
            ],
            [
              42.54237288135596,
              12.779661016949149
            ],
            [
              42.74576271186436,
              12.983050847457662
            ],
            [
              43.01694915254234,
              13.322033898305108
            ],
            [
              43.15254237288127,
              13.525423728813564
            ],
            [
              43.28813559322032,
              13.72881355932202
            ],
            [
              43.355932203389784,
              13.932203389830534
            ],
            [
              43.49152542372883,
              14.203389830508513
            ],
            [
              43.5593220338983,
              14.610169491525426
            ],
            [
              43.5593220338983,
              14.881355932203405
            ],
            [
              43.49152542372883,
              15.084745762711862
            ],
            [
              43.28813559322032,
              15.288135593220375
            ],
            [
              43.15254237288127,
              15.491525423728831
            ],
            [
              42.881355932203405,
              15.694915254237287
            ],
            [
              42.610169491525426,
              15.8983050847458
            ],
            [
              42.27118644067798,
              16.03389830508479
            ]
          ],
          [
            [
              56.91525423728808,
              13.457627118644098
            ],
            [
              57.18644067796606,
              13.593220338983087
            ],
            [
              57.389830508474574,
              13.661016949152554
            ],
            [
              57.661016949152554,
              13.796610169491544
            ],
            [
              57.86440677966095,
              13.932203389830534
            ],
            [
              57.93220338983042,
              14.13559322033899
            ],
            [
              58.13559322033893,
              14.27118644067798
            ],
            [
              58.20338983050851,
              14.474576271186436
            ],
            [
              58.20338983050851,
              14.745762711864415
            ],
            [
              58.20338983050851,
              15.016949152542395
            ],
            [
              58.20338983050851,
              15.288135593220375
            ],
            [
              58.0,
              15.423728813559364
            ],
            [
              57.661016949152554,
              15.62711864406782
            ],
            [
              57.45762711864404,
              15.76271186440681
            ],
            [
              57.25423728813553,
              15.830508474576277
            ],
            [
              56.98305084745766,
              15.8983050847458
            ],
            [
              56.50847457627117,
              16.101694915254257
            ],
            [
              56.10169491525426,
              16.169491525423723
            ],
            [
              55.69491525423723,
              16.305084745762713
            ],
            [
              55.28813559322032,
              16.372881355932236
            ],
            [
              54.74576271186436,
              16.440677966101703
            ],
            [
              54.20338983050851,
              16.576271186440692
            ],
            [
              53.72881355932202,
              16.644067796610216
            ],
            [
              53.18644067796606,
              16.644067796610216
            ],
            [
              52.847457627118615,
              16.644067796610216
            ],
            [
              52.37288135593212,
              16.711864406779682
            ],
            [
              51.89830508474574,
              16.711864406779682
            ],
            [
              51.28813559322032,
              16.711864406779682
            ],
            [
              50.813559322033825,
              16.711864406779682
            ],
            [
              50.40677966101691,
              16.711864406779682
            ],
            [
              49.93220338983053,
              16.644067796610216
            ],
            [
              49.661016949152554,
              16.576271186440692
            ],
            [
              49.25423728813553,
              16.508474576271226
            ],
            [
              48.91525423728808,
              16.372881355932236
            ],
            [
              48.576271186440636,
              16.237288135593246
            ],
            [
              48.305084745762656,
              16.03389830508479
            ],
            [
              47.96610169491521,
              15.76271186440681
            ],
            [
              47.627118644067764,
              15.423728813559364
            ],
            [
              47.49152542372883,
              15.220338983050851
            ],
            [
              47.355932203389784,
              15.016949152542395
            ],
            [
              47.28813559322032,
              14.813559322033939
            ],
            [
              47.22033898305085,
              14.610169491525426
            ],
            [
              47.084745762711805,
              14.40677966101697
            ],
            [
              47.01694915254234,
              14.13559322033899
            ],
            [
              46.94915254237287,
              13.796610169491544
            ],
            [
              46.94915254237287,
              13.525423728813564
            ],
            [
              46.881355932203405,
              13.254237288135641
            ],
            [
              46.881355932203405,
              12.983050847457662
            ],
            [
              46.881355932203405,
              12.644067796610216
            ],
            [
              46.881355932203405,
              12.305084745762713
            ],
            [
              46.881355932203405,
              11.966101694915267
            ],
            [
              46.881355932203405,
              11.62711864406782
            ],
            [
              46.881355932203405,
              11.355932203389841
            ],
            [
              46.94915254237287,
              11.016949152542395
            ],
            [
              46.94915254237287,
              10.677966101694949
            ],
            [
              47.01694915254234,
              10.40677966101697
            ],
            [
              47.15254237288127,
              10.067796610169523
            ],
            [
              47.28813559322032,
              9.72881355932202
            ],
            [
              47.355932203389784,
              9.457627118644098
            ],
            [
              47.42372881355925,
              9.186440677966118
            ],
            [
              47.627118644067764,
              8.915254237288138
            ],
            [
              47.69491525423723,
              8.711864406779682
            ],
            [
              47.89830508474574,
              8.305084745762713
            ],
            [
              48.033898305084676,
              8.101694915254257
            ],
            [
              48.23728813559319,
              7.8983050847458
            ],
            [
              48.37288135593212,
              7.627118644067821
            ],
            [
              48.6440677966101,
              7.288135593220375
            ],
            [
              48.91525423728808,
              7.0847457627118615
            ],
            [
              49.118644067796595,
              6.881355932203405
            ],
            [
              49.32203389830511,
              6.7457627118644155
            ],
            [
              49.593220338982974,
              6.610169491525426
            ],
            [
              49.86440677966095,
              6.474576271186436
            ],
            [
              50.06779661016947,
              6.406779661016969
            ],
            [
              50.47457627118638,
              6.338983050847446
            ],
            [
              50.881355932203405,
              6.338983050847446
            ],
            [
              51.15254237288127,
              6.338983050847446
            ],
            [
              51.42372881355925,
              6.338983050847446
            ],
            [
              51.627118644067764,
              6.474576271186436
            ],
            [
              51.89830508474574,
              6.542372881355959
            ],
            [
              52.16949152542372,
              6.677966101694949
            ],
            [
              52.37288135593212,
              6.813559322033939
            ],
            [
              52.71186440677968,
              7.016949152542395
            ],
            [
              52.91525423728808,
              7.152542372881385
            ],
            [
              53.118644067796595,
              7.355932203389841
            ],
            [
              53.32203389830511,
              7.559322033898297
            ],
            [
              53.52542372881351,
              7.830508474576277
            ],
            [
              53.661016949152554,
              8.03389830508479
            ],
            [
              53.86440677966095,
              8.440677966101703
            ],
            [
              54.0,
              8.711864406779682
            ],
            [
              54.13559322033893,
              9.050847457627128
            ],
            [
              54.20338983050851,
              9.322033898305108
            ],
            [
              54.40677966101691,
              9.796610169491544
            ],
            [
              54.40677966101691,
              10.067796610169523
            ],
            [
              54.47457627118638,
              10.54237288135596
            ],
            [
              54.47457627118638,
              10.881355932203405
            ],
            [
              54.47457627118638,
              11.355932203389841
            ],
            [
              54.47457627118638,
              11.694915254237287
            ],
            [
              54.40677966101691,
              12.169491525423723
            ],
            [
              54.338983050847446,
              12.440677966101703
            ],
            [
              54.27118644067798,
              12.847457627118672
            ],
            [
              54.20338983050851,
              13.254237288135641
            ],
            [
              54.06779661016947,
              13.72881355932202
            ],
            [
              54.06779661016947,
              14.0
            ],
            [
              54.06779661016947,
              14.40677966101697
            ],
            [
              54.06779661016947,
              14.745762711864415
            ],
            [
              54.20338983050851,
              14.949152542372872
            ],
            [
              54.338983050847446,
              15.152542372881385
            ],
            [
              54.54237288135596,
              15.288135593220375
            ]
          ]
        ]
      }
    }
  ]
}