{
  "type": "FeatureCollection",
  "crs": {
    "type": "name",
    "properties": {
      "name": "urn:ogc:def:crs:OGC:1.3:CRS84"
    }
  },
  "features": [
    {
      "type": "Feature",
      "properties": {
        "timestamp": "2026-06-23T13:48:58.516600",
        "country_name": "Falkland Islands",
        "author": "",
        "author_id": "9913d0be-6189-4ac4-8f9f-7efe007ab43d",
        "validated": false,
        "ranking": [
          [
            "Falkland Islands",
            0.08180524408817291
          ],
          [
            "Iceland",
            0.05881229415535927
          ],
          [
            "Switzerland",
            0.05451654642820358
          ],
          [
            "Guinea-Bissau",
            0.05091610550880432
          ],
          [
            "Russia",
            0.02404884062707424
          ],
          [
            "Ukraine",
            0.023885073140263557
          ],
          [
            "Honduras",
            0.02387138642370701
          ],
          [
            "Bulgaria",
            0.022893376648426056
          ],
          [
            "Turkey",
            0.02059212513267994
          ],
          [
            "Hong Kong",
            0.01917956955730915
          ],
          [
            "Burkina Faso",
            0.018431782722473145
          ],
          [
            "Slovakia",
            0.017786666750907898
          ],
          [
            "Kyrgyzstan",
            0.01653844304382801
          ],
          [
            "Slovenia",
            0.016176359727978706
          ],
          [
            "Hungary",
            0.01604343391954899
          ],
          [
            "Papua New Guinea",
            0.015758579596877098
          ],
          [
            "Kazakhstan",
            0.014558771625161171
          ],
          [
            "Rwanda",
            0.01415310986340046
          ],
          [
            "China",
            0.013737406581640244
          ],
          [
            "Svalbard",
            0.013591522350907326
          ],
          [
            "Guadeloupe",
            0.012799079529941082
          ],
          [
            "Syria",
            0.011750205419957638
          ],
          [
            "Bangladesh",
            0.011563600040972233
          ],
          [
            "Fiji",
            0.011401664465665817
          ],
          [
            "North Macedonia",
            0.011128732934594154
          ],
          [
            "Estonia",
            0.010452941991388798
          ],
          [
            "Burundi",
            0.010424052365124226
          ],
          [
            "Yemen",
            0.010377513244748116
          ],
          [
            "India",
            0.009925910271704197
          ],
          [
            "Gabon",
            0.00945220421999693
          ],
          [
            "Indonesia",
            0.009335669688880444
          ],
          [
            "Panama",
            0.008837822824716568
          ],
          [
            "Canada",
            0.008713659830391407
          ],
          [
            "Czech Republic",
            0.00862608291208744
          ],
          [
            "Spain",
            0.008173166774213314
          ],
          [
            "Jordan",
            0.008068245835602283
          ],
          [
            "Ecuador",
            0.007813645526766777
          ],
          [
            "Montenegro",
            0.007558784913271666
          ],
          [
            "Bhutan",
            0.007406267803162336
          ],
          [
            "Croatia",
            0.0070005133748054504
          ],
          [
            "Brunei",
            0.006972370203584433
          ],
          [
            "Mongolia",
            0.006813921499997377
          ],
          [
            "Nigeria",
            0.006648845039308071
          ],
          [
            "France",
            0.006356278900057077
          ],
          [
            "Uzbekistan",
            0.006340899970382452
          ],
          [
            "Venezuela",
            0.006296825595200062
          ],
          [
            "South Africa",
            0.006130357272922993
          ],
          [
            "Romania",
            0.0060554128140211105
          ],
          [
            "Cyprus",
            0.005768480245023966
          ],
          [
            "Central African Republic",
            0.0055710854940116405
          ],
          [
            "Lithuania",
            0.005552754271775484
          ],
          [
            "Azerbaijan",
            0.005412581376731396
          ],
          [
            "Afghanistan",
            0.005394132807850838
          ],
          [
            "Turkmenistan",
            0.005348237231373787
          ],
          [
            "Dominican Republic",
            0.0051047056913375854
          ],
          [
            "Puerto Rico",
            0.004992793779820204
          ],
          [
            "Latvia",
            0.004866486880928278
          ],
          [
            "Georgia",
            0.00457037752494216
          ],
          [
            "South Sudan",
            0.0044984472915530205
          ],
          [
            "Tajikistan",
            0.004382012877613306
          ],
          [
            "Mozambique",
            0.004202533978968859
          ],
          [
            "Cambodia",
            0.004020984750241041
          ],
          [
            "Somalia",
            0.003983169328421354
          ],
          [
            "Mali",
            0.003870529355481267
          ],
          [
            "Malaysia",
            0.0037742257118225098
          ],
          [
            "Belgium",
            0.0036001962143927813
          ],
          [
            "Brazil",
            0.003464368637651205
          ],
          [
            "New Caledonia",
            0.003423491958528757
          ],
          [
            "Heard and McDonald Islands",
            0.0030267001129686832
          ],
          [
            "Jamaica",
            0.002981435740366578
          ],
          [
            "Iran",
            0.002971455454826355
          ],
          [
            "North Korea",
            0.002933942247182131
          ],
          [
            "Greenland",
            0.002915444318205118
          ],
          [
            "Zambia",
            0.002896129386499524
          ],
          [
            "Guinea",
            0.0026905196718871593
          ],
          [
            "Timor-Leste",
            0.0026039686053991318
          ],
          [
            "Cuba",
            0.00253358599729836
          ],
          [
            "South Georgia Islands",
            0.0024163429625332355
          ],
          [
            "Angola",
            0.002388041466474533
          ],
          [
            "El Salvador",
            0.0023823045194149017
          ],
          [
            "Congo",
            0.002295177662745118
          ],
          [
            "Lesotho",
            0.002194083295762539
          ],
          [
            "Saudi Arabia",
            0.002183825010433793
          ],
          [
            "Niger",
            0.002131239976733923
          ],
          [
            "Namibia",
            0.002081214915961027
          ],
          [
            "Greece",
            0.0019715409725904465
          ],
          [
            "Cape Verde",
            0.0018934537656605244
          ],
          [
            "Madeira Islands",
            0.0018202188657596707
          ],
          [
            "Australia",
            0.0017835117178037763
          ],
          [
            "Thailand",
            0.0016574386972934008
          ],
          [
            "Faroe Islands",
            0.0016486106906086206
          ],
          [
            "Botswana",
            0.0016288475599139929
          ],
          [
            "Belize",
            0.0016052777646109462
          ],
          [
            "Mexico",
            0.0015982936602085829
          ],
          [
            "Senegal",
            0.001585138845257461
          ],
          [
            "Solomon Islands",
            0.0015819312538951635
          ],
          [
            "Benin",
            0.0015787301817908883
          ],
          [
            "Guam",
            0.001496251905336976
          ],
          [
            "Sudan",
            0.0014912205515429378
          ],
          [
            "Netherlands",
            0.0014637589920312166
          ],
          [
            "New Zealand",
            0.0014522627461701632
          ],
          [
            "Belarus",
            0.0013952561421319842
          ],
          [
            "Norway",
            0.0013659826945513487
          ],
          [
            "Austria",
            0.0013365175109356642
          ],
          [
            "Japan",
            0.0013073912123218179
          ],
          [
            "Moldova",
            0.0013064737431704998
          ],
          [
            "South Korea",
            0.0013052831636741757
          ],
          [
            "Turks and Caicos Islands",
            0.001243696198798716
          ],
          [
            "United Arab Emirates",
            0.0012368453899398446
          ],
          [
            "Costa Rica",
            0.001160316402092576
          ],
          [
            "Sierra Leone",
            0.0011338788317516446
          ],
          [
            "Egypt",
            0.0011250205570831895
          ],
          [
            "Morocco",
            0.0011207456700503826
          ],
          [
            "Peru",
            0.0011136626126244664
          ],
          [
            "Kuwait",
            0.0010352202225476503
          ],
          [
            "Mauritania",
            0.0009884341852739453
          ],
          [
            "Mayotte",
            0.0009662997908890247
          ],
          [
            "United States of America",
            0.0009653879096731544
          ],
          [
            "Ethiopia",
            0.0009588695829734206
          ],
          [
            "Nepal",
            0.0009063325705938041
          ],
          [
            "Netherlands Antilles",
            0.00089979765471071
          ],
          [
            "Italy",
            0.0008661161991767585
          ],
          [
            "Nicaragua",
            0.0008472960907965899
          ],
          [
            "Armenia",
            0.0008439606172032654
          ],
          [
            "Tanzania",
            0.0008427783031947911
          ],
          [
            "Bosnia & Herzegovina",
            0.0008229318773373961
          ],
          [
            "Philippines",
            0.0008071134798228741
          ],
          [
            "Côte d'Ivoire",
            0.0008061488624662161
          ],
          [
            "Libya",
            0.0007926914840936661
          ],
          [
            "Western Sahara",
            0.0007852425915189087
          ],
          [
            "Myanmar",
            0.0007338235154747963
          ],
          [
            "Sweden",
            0.0006681322702206671
          ],
          [
            "Kenya",
            0.000661846250295639
          ],
          [
            "Bolivia",
            0.0006603017100133002
          ],
          [
            "Algeria",
            0.0006601568311452866
          ],
          [
            "Bahamas",
            0.0006513268454000354
          ],
          [
            "Pakistan",
            0.0006402659346349537
          ],
          [
            "Ireland",
            0.0006317826919257641
          ],
          [
            "Suriname",
            0.0006317694205790758
          ],
          [
            "Colombia",
            0.0006071380921639502
          ],
          [
            "Serbia",
            0.0006042257300578058
          ],
          [
            "Uganda",
            0.0005949737969785929
          ],
          [
            "Malawi",
            0.0005884292186237872
          ],
          [
            "Eswatini",
            0.0005818245699629188
          ],
          [
            "Uruguay",
            0.0005807889974676073
          ],
          [
            "Poland",
            0.0005754982121288776
          ],
          [
            "Reunion",
            0.0005642669857479632
          ],
          [
            "Gambia",
            0.0005593399400822818
          ],
          [
            "Germany",
            0.0005581410368904471
          ],
          [
            "French Guiana",
            0.0005470659234561026
          ],
          [
            "Haiti",
            0.0005418218206614256
          ],
          [
            "Vietnam",
            0.0005366044351831079
          ],
          [
            "Togo",
            0.0005317607428878546
          ],
          [
            "Vanuatu",
            0.0005229946109466255
          ],
          [
            "Djibouti",
            0.0005156007828190923
          ],
          [
            "Iraq",
            0.0004887143732048571
          ],
          [
            "Tunisia",
            0.00048253173008561134
          ],
          [
            "Comoros",
            0.00047090009320527315
          ],
          [
            "Oman",
            0.0004691975482273847
          ],
          [
            "Argentina",
            0.0004640090628527105
          ],
          [
            "Guyana",
            0.00044996547512710094
          ],
          [
            "Israel",
            0.0004239388508722186
          ],
          [
            "Sao Tome and Principe",
            0.0004226800811011344
          ],
          [
            "Trinidad and Tobago",
            0.00041496986523270607
          ],
          [
            "Guatemala",
            0.00040453451219946146
          ],
          [
            "Isle of Man",
            0.0004009311378467828
          ],
          [
            "Chile",
            0.00036889113835059106
          ],
          [
            "Samoa",
            0.0003606709942687303
          ],
          [
            "United Kingdom",
            0.0003589600673876703
          ],
          [
            "Taiwan",
            0.00035158637911081314
          ],
          [
            "Cameroon",
            0.0003493463736958802
          ],
          [
            "Denmark",
            0.00034461315954104066
          ],
          [
            "Laos",
            0.00034428731305524707
          ],
          [
            "Dominica",
            0.0003414998936932534
          ],
          [
            "Eritrea",
            0.00033473630901426077
          ],
          [
            "Zimbabwe",
            0.00030081323347985744
          ],
          [
            "Albania",
            0.0002898730745073408
          ],
          [
            "Paraguay",
            0.00028627252322621644
          ],
          [
            "Qatar",
            0.0002833126927725971
          ],
          [
            "Portugal",
            0.00028033528360538185
          ],
          [
            "Saint Lucia",
            0.0002787309931591153
          ],
          [
            "Lebanon",
            0.0002774219901766628
          ],
          [
            "Bahrain",
            0.00027738389326259494
          ],
          [
            "Martinique",
            0.00027697155019268394
          ],
          [
            "Palau",
            0.0002621098537929356
          ],
          [
            "Madagascar",
            0.00025834020925685763
          ],
          [
            "Antigua & Barbuda",
            0.00025555313914082944
          ],
          [
            "Equatorial Guinea",
            0.00024377934460062534
          ],
          [
            "Finland",
            0.00023096948279999197
          ],
          [
            "Liberia",
            0.00022560660727322102
          ],
          [
            "Chad",
            0.00021959200967103243
          ],
          [
            "Sri Lanka",
            0.0002173257089452818
          ],
          [
            "DR Congo",
            0.0001874894805951044
          ],
          [
            "Ghana",
            0.00017881911480799317
          ],
          [
            "Barbados",
            0.00012627003889065236
          ],
          [
            "West Bank",
            0.00011829256982309744
          ],
          [
            "Luxembourg",
            0.00010901697532972321
          ],
          [
            "United States Virgin Islands",
            9.177943138638511e-05
          ],
          [
            "Kiribati",
            3.659852882265113e-05
          ]
        ]
      },
      "geometry": {
        "type": "MultiLineString",
        "coordinates": [
          [
            [
              7.010706638115636,
              47.899357601713064
            ],
            [
              7.203426124196994,
              48.349036402569595
            ],
            [
              7.781584582441127,
              48.349036402569595
            ],
            [
              8.68094218415419,
              48.349036402569595
            ],
            [
              9.194860813704508,
              48.349036402569595
            ],
            [
              9.773019271948613,
              48.349036402569595
            ],
            [
              10.993576017130636,
              48.349036402569595
            ],
            [
              12.342612419700231,
              48.349036402569595
            ],
            [
              13.820128479657399,
              48.349036402569595
            ],
            [
              15.361884368308353,
              48.349036402569595
            ],
            [
              17.032119914346907,
              48.28479657387581
            ],
            [
              18.638115631691647,
              48.22055674518202
            ],
            [
              20.244111349036416,
              48.22055674518202
            ],
            [
              21.97858672376873,
              48.22055674518202
            ],
            [
              23.777301927194856,
              48.15631691648824
            ],
            [
              25.44753747323341,
              48.15631691648824
            ],
            [
              27.246252676659537,
              48.09207708779442
            ],
            [
              29.10920770877945,
              48.09207708779442
            ],
            [
              30.84368308351179,
              48.09207708779442
            ],
            [
              32.578158458244104,
              48.09207708779442
            ],
            [
              34.37687366167023,
              48.09207708779442
            ],
            [
              35.918629550321214,
              48.09207708779442
            ],
            [
              37.39614561027838,
              48.09207708779442
            ],
            [
              38.74518201284798,
              48.09207708779442
            ],
            [
              40.09421841541757,
              48.09207708779442
            ],
            [
              41.635974304068526,
              48.09207708779442
            ],
            [
              43.17773019271948,
              48.22055674518202
            ],
            [
              44.59100642398289,
              48.41327623126338
            ],
            [
              46.00428265524624,
              48.541755888650954
            ],
            [
              47.28907922912205,
              48.670235546038555
            ],
            [
              48.509635974304075,
              48.79871520342613
            ],
            [
              49.6017130620985,
              48.86295503211991
            ],
            [
              50.436830835117775,
              48.9271948608137
            ],
            [
              51.079229122055665,
              48.9271948608137
            ],
            [
              51.6573875802998,
              48.9271948608137
            ],
            [
              51.46466809421841,
              48.541755888650954
            ],
            [
              51.46466809421841,
              47.578158458244104
            ],
            [
              51.46466809421841,
              46.67880085653104
            ],
            [
              51.46466809421841,
              45.650963597430405
            ],
            [
              51.46466809421841,
              44.75160599571734
            ],
            [
              51.46466809421841,
              43.916488222698064
            ],
            [
              51.46466809421841,
              43.1456102783726
            ],
            [
              51.46466809421841,
              42.310492505353324
            ],
            [
              51.46466809421841,
              41.475374732334046
            ],
            [
              51.46466809421841,
              40.5117773019272
            ],
            [
              51.46466809421841,
              39.54817987152035
            ],
            [
              51.46466809421841,
              38.5845824411135
            ],
            [
              51.46466809421841,
              37.62098501070665
            ],
            [
              51.46466809421841,
              36.78586723768737
            ],
            [
              51.5289079229122,
              36.01498929336188
            ],
            [
              51.6573875802998,
              35.1798715203426
            ],
            [
              51.721627408993584,
              34.473233404710925
            ],
            [
              51.850107066381156,
              33.76659528907922
            ],
            [
              51.91434689507494,
              32.93147751605997
            ],
            [
              51.91434689507494,
              32.09635974304069
            ],
            [
              51.91434689507494,
              31.19700214132763
            ],
            [
              51.91434689507494,
              30.297644539614566
            ],
            [
              51.91434689507494,
              29.46252676659529
            ],
            [
              51.91434689507494,
              28.691648822269826
            ],
            [
              51.91434689507494,
              27.920770877944335
            ],
            [
              51.91434689507494,
              27.278372591006416
            ],
            [
              51.91434689507494,
              26.700214132762312
            ],
            [
              51.97858672376873,
              26.122055674518208
            ],
            [
              52.04282655246254,
              25.543897216274104
            ],
            [
              52.10706638115633,
              24.901498929336185
            ],
            [
              52.2355460385439,
              24.387580299785867
            ],
            [
              52.2355460385439,
              23.87366167023555
            ],
            [
              52.29978586723769,
              23.35974304068523
            ],
            [
              52.364025695931474,
              22.9100642398287
            ],
            [
              52.492505353319075,
              22.26766595289081
            ],
            [
              51.91434689507494,
              22.653104925053526
            ],
            [
              51.079229122055665,
              22.845824411134913
            ],
            [
              50.05139186295503,
              22.974304068522486
            ],
            [
              48.830835117773006,
              22.974304068522486
            ],
            [
              47.48179871520344,
              22.974304068522486
            ],
            [
              46.132762312633844,
              22.974304068522486
            ],
            [
              44.78372591006425,
              22.974304068522486
            ],
            [
              43.241970021413294,
              22.9100642398287
            ],
            [
              41.70021413276231,
              22.653104925053526
            ],
            [
              39.96573875803,
              22.460385438972168
            ],
            [
              38.295503211991445,
              22.26766595289081
            ],
            [
              36.75374732334046,
              22.074946466809422
            ],
            [
              35.14775160599572,
              21.94646680942185
            ],
            [
              33.54175588865098,
              21.753747323340463
            ],
            [
              32.12847965738757,
              21.62526766595289
            ],
            [
              30.71520342612419,
              21.496788008565318
            ],
            [
              29.30192719486081,
              21.368308351177745
            ],
            [
              27.888650963597428,
              21.368308351177745
            ],
            [
              26.539614561027832,
              21.239828693790145
            ],
            [
              25.062098501070665,
              21.111349036402572
            ],
            [
              23.71306209850107,
              20.918629550321214
            ],
            [
              22.2355460385439,
              20.725910064239827
            ],
            [
              20.950749464668093,
              20.533190578158468
            ],
            [
              19.794432548179884,
              20.468950749464682
            ],
            [
              18.76659528907925,
              20.468950749464682
            ],
            [
              17.867237687366185,
              20.597430406852254
            ],
            [
              17.096359743040694,
              20.790149892933613
            ],
            [
              16.261241970021416,
              21.047109207708786
            ],
            [
              15.361884368308353,
              21.17558886509636
            ],
            [
              14.462526766595289,
              21.30406852248393
            ],
            [
              13.627408993576012,
              21.368308351177745
            ],
            [
              12.920770877944335,
              21.368308351177745
            ],
            [
              12.278372591006416,
              21.368308351177745
            ],
            [
              11.507494646680954,
              21.368308351177745
            ],
            [
              11.057815845824422,
              21.368308351177745
            ],
            [
              10.800856531049249,
              21.689507494646676
            ],
            [
              10.479657387580318,
              22.010706638115636
            ],
            [
              10.479657387580318,
              22.974304068522486
            ],
            [
              10.479657387580318,
              23.937901498929335
            ],
            [
              10.543897216274104,
              25.094218415417572
            ],
            [
              10.736616702355462,
              26.314775160599567
            ],
            [
              10.865096359743035,
              27.471092077087803
            ],
            [
              10.865096359743035,
              28.49892933618844
            ],
            [
              10.865096359743035,
              29.46252676659529
            ],
            [
              10.736616702355462,
              30.42612419700214
            ],
            [
              10.415417558886503,
              31.261241970021416
            ],
            [
              10.158458244111358,
              32.16059957173448
            ],
            [
              10.029978586723786,
              33.188436830835116
            ],
            [
              9.773019271948613,
              34.08779443254818
            ],
            [
              9.64453961456104,
              34.98715203426124
            ],
            [
              9.51605995717344,
              35.82226980728052
            ],
            [
              9.194860813704508,
              36.6573875802998
            ],
            [
              8.873661670235549,
              37.42826552462526
            ],
            [
              8.55246252676659,
              38.19914346895075
            ],
            [
              8.359743040685231,
              38.84154175588864
            ],
            [
              8.167023554603873,
              39.54817987152035
            ],
            [
              7.9743040685224855,
              40.25481798715202
            ],
            [
              7.910064239828699,
              40.832976445396156
            ],
            [
              7.717344753747341,
              41.41113490364026
            ],
            [
              7.653104925053526,
              41.86081370449679
            ],
            [
              7.524625267665954,
              42.24625267665954
            ],
            [
              7.396145610278381,
              42.69593147751607
            ],
            [
              7.267665952890809,
              43.1456102783726
            ],
            [
              7.267665952890809,
              43.59528907922913
            ],
            [
              7.331905781584595,
              44.687366167023555
            ],
            [
              7.331905781584595,
              47.64239828693789
            ],
            [
              7.331905781584595,
              50.14775160599572
            ],
            [
              7.653104925053526,
              51.561027837259104
            ],
            [
              8.102783725910058,
              52.203426124196994
            ],
            [
              8.488222698072803,
              52.331905781584595
            ]
          ],
          [
            [
              24.80513918629549,
              36.850107066381156
            ],
            [
              24.48394004282656,
              36.207708779443266
            ],
            [
              24.99785867237688,
              35.1798715203426
            ],
            [
              25.832976445396156,
              34.21627408993575
            ],
            [
              26.860813704496792,
              33.57387580299786
            ],
            [
              28.531049250535347,
              33.509635974304075
            ],
            [
              30.650963597430405,
              34.794432548179884
            ],
            [
              33.027837259100636,
              38.19914346895075
            ],
            [
              35.40471092077087,
              42.63169164882228
            ],
            [
              36.75374732334046,
              46.29336188436832
            ],
            [
              37.07494646680942,
              48.9271948608137
            ],
            [
              36.88222698072806,
              50.21199143468951
            ],
            [
              35.21199143468951,
              50.276231263383295
            ],
            [
              32.32119914346896,
              48.22055674518202
            ],
            [
              28.98072805139188,
              44.687366167023555
            ],
            [
              25.704496788008555,
              40.31905781584584
            ],
            [
              23.71306209850107,
              36.01498929336188
            ],
            [
              22.942184154175607,
              32.93147751605997
            ],
            [
              22.877944325481792,
              31.004282655246243
            ],
            [
              23.52034261241971,
              30.10492505353318
            ],
            [
              24.99785867237688,
              29.847965738758035
            ],
            [
              27.438972162740896,
              30.23340471092078
            ],
            [
              30.458244111349046,
              32.35331905781584
            ],
            [
              33.09207708779445,
              35.62955032119913
            ],
            [
              34.89079229122055,
              38.64882226980728
            ],
            [
              35.21199143468951,
              40.76873661670237
            ],
            [
              34.50535331905783,
              41.60385438972162
            ],
            [
              32.44967880085653,
              41.66809421841543
            ],
            [
              29.687366167023555,
              40.57601713062098
            ],
            [
              26.796573875803006,
              38.26338329764454
            ],
            [
              24.355460385438988,
              35.3083511777302
            ],
            [
              23.19914346895075,
              32.61027837259101
            ],
            [
              23.134903640256965,
              30.940042826552457
            ],
            [
              23.970021413276243,
              30.040685224839393
            ],
            [
              26.41113490364026,
              29.78372591006425
            ],
            [
              29.815845824411127,
              31.261241970021416
            ],
            [
              33.349036402569595,
              34.794432548179884
            ],
            [
              35.8543897216274,
              39.098501070663815
            ],
            [
              36.561027837259104,
              42.63169164882228
            ],
            [
              35.8543897216274,
              44.81584582441113
            ],
            [
              33.28479657387581,
              45.26552462526766
            ],
            [
              29.494646680942196,
              44.17344753747324
            ],
            [
              24.740899357601705,
              40.12633832976445
            ],
            [
              20.37259100642399,
              34.66595289079228
            ],
            [
              17.61027837259101,
              30.10492505353318
            ],
            [
              16.903640256959306,
              27.40685224839399
            ],
            [
              17.674518201284798,
              26.7644539614561
            ],
            [
              20.82226980728052,
              27.599571734475376
            ],
            [
              25.383297644539624,
              30.940042826552457
            ],
            [
              30.58672376873662,
              35.95074946466809
            ],
            [
              35.01927194860815,
              41.41113490364026
            ],
            [
              37.78158458244113,
              46.03640256959315
            ],
            [
              38.295503211991445,
              48.41327623126338
            ],
            [
              37.46038543897217,
              48.670235546038555
            ],
            [
              34.37687366167023,
              47.578158458244104
            ],
            [
              29.880085653104913,
              43.59528907922913
            ],
            [
              25.383297644539624,
              39.35546038543896
            ],
            [
              21.78586723768737,
              35.37259100642399
            ],
            [
              19.473233404710925,
              32.6745182012848
            ],
            [
              18.959314775160607,
              31.51820128479659
            ],
            [
              19.40899357601714,
              31.453961456102775
            ],
            [
              21.914346895074942,
              33.381156316916474
            ],
            [
              24.869379014989306,
              36.97858672376873
            ],
            [
              27.82441113490364,
              41.15417558886509
            ],
            [
              30.008565310492514,
              44.88008565310491
            ],
            [
              30.650963597430405,
              46.421841541755896
            ],
            [
              27.952890792291214,
              45.58672376873662
            ],
            [
              24.612419700214133,
              42.952890792291214
            ],
            [
              20.693790149892948,
              38.97002141327624
            ],
            [
              16.83940042826552,
              34.85867237687367
            ],
            [
              14.462526766595289,
              32.09635974304069
            ],
            [
              13.755888650963612,
              31.325481798715202
            ],
            [
              14.783725910064248,
              32.03211991434691
            ],
            [
              17.35331905781584,
              34.6017130620985
            ],
            [
              20.308351177730202,
              37.94218415417558
            ],
            [
              22.877944325481792,
              40.96145610278373
            ],
            [
              24.548179871520347,
              43.27408993576017
            ],
            [
              24.869379014989306,
              44.43040685224838
            ],
            [
              23.71306209850107,
              44.43040685224838
            ],
            [
              21.528907922912197,
              42.310492505353324
            ],
            [
              18.76659528907925,
              38.64882226980728
            ],
            [
              15.940042826552457,
              33.63811563169165
            ],
            [
              13.820128479657399,
              29.46252676659529
            ],
            [
              12.792291220556763,
              26.957173447537485
            ],
            [
              14.334047109207717,
              28.563169164882225
            ],
            [
              16.453961456102775,
              32.41755888650965
            ],
            [
              18.57387580299786,
              37.171306209850115
            ],
            [
              20.758029978586734,
              42.438972162740896
            ],
            [
              22.171306209850115,
              46.67880085653104
            ],
            [
              22.55674518201286,
              48.86295503211991
            ],
            [
              22.492505353319075,
              49.312633832976445
            ],
            [
              21.079229122055665,
              48.991434689507486
            ],
            [
              18.89507494646682,
              46.67880085653104
            ],
            [
              16.453961456102775,
              42.952890792291214
            ],
            [
              14.14132762312633,
              38.26338329764454
            ],
            [
              12.342612419700231,
              34.152034261241965
            ],
            [
              11.379014989293353,
              31.64668094218416
            ],
            [
              13.30620985010708,
              33.44539614561029
            ],
            [
              16.19700214132763,
              37.2355460385439
            ],
            [
              19.152034261241965,
              41.73233404710922
            ],
            [
              21.97858672376873,
              45.972162740899364
            ],
            [
              23.905781584582456,
              48.47751605995717
            ],
            [
              24.355460385438988,
              48.9271948608137
            ],
            [
              22.813704496788006,
              46.16488222698072
            ],
            [
              20.758029978586734,
              42.63169164882228
            ],
            [
              18.57387580299786,
              38.84154175588864
            ],
            [
              16.96788008565312,
              35.758029978586734
            ],
            [
              16.582441113490376,
              34.53747323340471
            ],
            [
              17.93147751605997,
              34.53747323340471
            ],
            [
              19.473233404710925,
              35.244111349036416
            ]
          ],
          [
            [
              25.832976445396156,
              37.74946466809422
            ],
            [
              24.67665952890792,
              36.400428265524624
            ],
            [
              24.03426124197003,
              34.794432548179884
            ],
            [
              23.263383297644538,
              32.6745182012848
            ],
            [
              21.78586723768737,
              28.370449678800867
            ],
            [
              21.207708779443266,
              25.736616702355462
            ],
            [
              21.14346895074948,
              25.094218415417572
            ],
            [
              22.171306209850115,
              25.672376873661676
            ],
            [
              23.456102783725925,
              27.85653104925052
            ],
            [
              24.612419700214133,
              31.38972162740899
            ],
            [
              25.319057815845838,
              35.37259100642399
            ],
            [
              25.319057815845838,
              38.90578158458243
            ],
            [
              24.740899357601705,
              41.66809421841543
            ],
            [
              23.456102783725925,
              43.20985010706639
            ],
            [
              21.657387580299797,
              43.723768736616705
            ],
            [
              19.601713062098497,
              43.20985010706639
            ],
            [
              17.546038543897225,
              40.31905781584584
            ],
            [
              16.19700214132763,
              36.01498929336188
            ],
            [
              16.004282655246243,
              31.64668094218416
            ],
            [
              16.775160599571734,
              28.563169164882225
            ],
            [
              18.830835117773034,
              26.443254817987167
            ],
            [
              21.400428265524624,
              25.60813704496789
            ],
            [
              23.970021413276243,
              25.993576017130636
            ],
            [
              26.282655246252688,
              28.306209850107052
            ],
            [
              28.209850107066387,
              32.224839400428266
            ],
            [
              28.98072805139188,
              36.721627408993584
            ],
            [
              29.044967880085665,
              41.2184154175589
            ],
            [
              28.209850107066387,
              44.81584582441113
            ],
            [
              26.539614561027832,
              47.385438972162746
            ],
            [
              24.291220556745202,
              48.79871520342613
            ],
            [
              21.46466809421841,
              48.991434689507486
            ],
            [
              18.252676659528902,
              47.578158458244104
            ],
            [
              15.361884368308353,
              43.98072805139185
            ],
            [
              13.049250535331907,
              39.291220556745174
            ],
            [
              11.828693790149885,
              33.76659528907922
            ],
            [
              11.635974304068526,
              28.306209850107052
            ],
            [
              12.278372591006416,
              24.708779443254826
            ],
            [
              13.884368308351185,
              23.23126338329763
            ],
            [
              16.19700214132763,
              22.974304068522486
            ],
            [
              18.76659528907925,
              24.066381156316908
            ],
            [
              21.59314775160601,
              27.149892933618844
            ],
            [
              23.84154175588867,
              31.51820128479659
            ],
            [
              24.933618843683092,
              36.207708779443266
            ],
            [
              25.12633832976445,
              40.704496788008555
            ],
            [
              24.67665952890792,
              44.43040685224838
            ],
            [
              23.07066381156318,
              46.614561027837254
            ],
            [
              20.50107066381156,
              47.19271948608136
            ],
            [
              17.289079229122052,
              45.84368308351179
            ],
            [
              14.591006423982861,
              42.438972162740896
            ],
            [
              12.728051391862948,
              38.456102783725896
            ],
            [
              12.342612419700231,
              35.05139186295503
            ],
            [
              13.241970021413294,
              32.80299785867237
            ],
            [
              15.618843683083526,
              31.64668094218416
            ],
            [
              18.252676659528902,
              31.582441113490376
            ],
            [
              20.693790149892948,
              32.867237687366156
            ],
            [
              22.55674518201286,
              34.92291220556746
            ],
            [
              23.584582441113497,
              37.171306209850115
            ],
            [
              23.648822269807283,
              39.291220556745174
            ],
            [
              22.364025695931474,
              41.66809421841543
            ],
            [
              19.85867237687367,
              43.65952890792292
            ],
            [
              17.032119914346907,
              44.55888650963598
            ],
            [
              14.334047109207717,
              44.55888650963598
            ],
            [
              12.21413276231263,
              43.27408993576017
            ],
            [
              10.479657387580318,
              40.704496788008555
            ],
            [
              9.51605995717344,
              36.46466809421841
            ],
            [
              9.451820128479653,
              31.068522483940058
            ],
            [
              9.901498929336185,
              25.80085653104925
            ],
            [
              11.057815845824422,
              21.561027837259104
            ],
            [
              12.278372591006416,
              19.312633832976445
            ],
            [
              13.49892933618844,
              19.055674518201272
            ],
            [
              14.655246252676676,
              21.047109207708786
            ],
            [
              15.426124197002139,
              25.351177730192717
            ],
            [
              15.683083511777312,
              31.004282655246243
            ],
            [
              15.683083511777312,
              37.492505353319075
            ],
            [
              15.361884368308353,
              42.82441113490364
            ],
            [
              14.783725910064248,
              45.329764453961445
            ],
            [
              13.820128479657399,
              47.0
            ],
            [
              12.599571734475376,
              47.25695931477517
            ],
            [
              11.25053533190578,
              46.100642398286936
            ],
            [
              10.222698072805144,
              43.27408993576017
            ],
            [
              9.965738758029971,
              38.5845824411135
            ],
            [
              10.094218415417572,
              33.44539614561029
            ],
            [
              11.057815845824422,
              28.563169164882225
            ],
            [
              12.149892933618844,
              25.094218415417572
            ],
            [
              12.920770877944335,
              23.745182012847977
            ],
            [
              13.370449678800867,
              23.745182012847977
            ],
            [
              13.948608137044971,
              25.672376873661676
            ],
            [
              14.077087794432543,
              30.10492505353318
            ],
            [
              14.077087794432543,
              35.95074946466809
            ],
            [
              13.563169164882225,
              41.989293361884364
            ],
            [
              12.599571734475376,
              46.421841541755896
            ],
            [
              11.379014989293353,
              48.86295503211991
            ],
            [
              9.965738758029971,
              49.18415417558887
            ],
            [
              8.359743040685231,
              48.22055674518202
            ],
            [
              7.074946466809422,
              45.008565310492514
            ],
            [
              6.62526766595289,
              39.99785867237688
            ],
            [
              6.689507494646676,
              34.73019271948607
            ],
            [
              8.038543897216272,
              29.59100642398286
            ],
            [
              9.64453961456104,
              26.379014989293353
            ],
            [
              11.057815845824422,
              24.64453961456104
            ],
            [
              12.53533190578159,
              24.259100642398295
            ],
            [
              14.14132762312633,
              24.451820128479653
            ],
            [
              15.683083511777312,
              26.507494646680954
            ],
            [
              16.775160599571734,
              30.23340471092078
            ],
            [
              17.032119914346907,
              35.05139186295503
            ],
            [
              16.96788008565312,
              39.61241970021413
            ],
            [
              15.87580299785867,
              42.88865096359743
            ],
            [
              14.591006423982861,
              44.044967880085665
            ],
            [
              13.049250535331907,
              44.55888650963598
            ],
            [
              11.057815845824422,
              43.916488222698064
            ],
            [
              9.32334047109208,
              41.41113490364026
            ],
            [
              8.359743040685231,
              37.74946466809422
            ],
            [
              8.295503211991445,
              32.93147751605997
            ],
            [
              9.773019271948613,
              28.563169164882225
            ],
            [
              11.957173447537485,
              25.15845824411136
            ],
            [
              14.398286937901503,
              23.55246252676659
            ],
            [
              16.453961456102775,
              23.423982869379017
            ],
            [
              17.93147751605997,
              25.28693790149893
            ],
            [
              19.023554603854393,
              28.691648822269826
            ],
            [
              19.40899357601714,
              32.80299785867237
            ],
            [
              19.40899357601714,
              37.10706638115633
            ],
            [
              18.76659528907925,
              40.76873661670237
            ],
            [
              17.417558886509653,
              43.20985010706639
            ],
            [
              15.554603854389711,
              44.687366167023555
            ],
            [
              13.113490364025694,
              44.94432548179873
            ],
            [
              10.800856531049249,
              43.916488222698064
            ],
            [
              8.745182012847977,
              41.0899357601713
            ],
            [
              7.396145610278381,
              37.62098501070665
            ],
            [
              7.139186295503208,
              33.57387580299786
            ],
            [
              7.653104925053526,
              29.847965738758035
            ],
            [
              9.51605995717344,
              27.278372591006416
            ],
            [
              11.700214132762312,
              25.80085653104925
            ],
            [
              14.26980728051393,
              25.415417558886503
            ],
            [
              16.710920770877948,
              26.507494646680954
            ],
            [
              18.188436830835116,
              29.526766595289075
            ],
            [
              18.76659528907925,
              33.830835117773006
            ],
            [
              18.702355460385434,
              38.39186295503211
            ],
            [
              17.738758029978584,
              41.86081370449679
            ],
            [
              16.325481798715202,
              44.17344753747324
            ],
            [
              14.462526766595289,
              45.13704496788009
            ],
            [
              12.599571734475376,
              45.008565310492514
            ],
            [
              10.865096359743035,
              42.952890792291214
            ],
            [
              9.965738758029971,
              39.48394004282656
            ],
            [
              9.773019271948613,
              35.758029978586734
            ],
            [
              10.351177730192717,
              32.224839400428266
            ],
            [
              12.021413276231272,
              29.205567451820116
            ],
            [
              14.077087794432543,
              27.40685224839399
            ],
            [
              15.87580299785867,
              26.7644539614561
            ],
            [
              17.096359743040694,
              26.7644539614561
            ],
            [
              17.867237687366185,
              27.792291220556763
            ],
            [
              18.381156316916503,
              30.23340471092078
            ],
            [
              18.381156316916503,
              34.28051391862954
            ],
            [
              17.738758029978584,
              38.52034261241971
            ],
            [
              16.83940042826552,
              42.310492505353324
            ],
            [
              15.811563169164884,
              44.62312633832977
            ],
            [
              14.91220556745182,
              44.94432548179873
            ],
            [
              13.884368308351185,
              44.366167023554596
            ],
            [
              12.985010706638121,
              41.66809421841543
            ],
            [
              12.53533190578159,
              37.813704496788006
            ],
            [
              12.471092077087803,
              33.509635974304075
            ],
            [
              13.113490364025694,
              29.398286937901503
            ],
            [
              14.334047109207717,
              26.122055674518208
            ],
            [
              15.490364025695925,
              24.708779443254826
            ],
            [
              16.51820128479659,
              24.51605995717344
            ],
            [
              17.417558886509653,
              24.708779443254826
            ],
            [
              18.188436830835116,
              26.828693790149885
            ],
            [
              18.316916488222716,
              31.004282655246243
            ],
            [
              18.059957173447543,
              36.01498929336188
            ],
            [
              17.224839400428266,
              41.025695931477514
            ],
            [
              16.325481798715202,
              44.30192719486081
            ],
            [
              15.361884368308353,
              45.458244111349046
            ],
            [
              14.334047109207717,
              45.458244111349046
            ],
            [
              13.370449678800867,
              44.17344753747324
            ],
            [
              12.406852248394017,
              41.2184154175589
            ],
            [
              11.957173447537485,
              37.364025695931474
            ],
            [
              11.8929336188437,
              33.2526766595289
            ],
            [
              12.278372591006416,
              29.526766595289075
            ],
            [
              13.30620985010708,
              26.7644539614561
            ],
            [
              14.012847965738757,
              25.80085653104925
            ],
            [
              14.591006423982861,
              25.736616702355462
            ],
            [
              15.361884368308353,
              27.40685224839399
            ],
            [
              16.004282655246243,
              31.068522483940058
            ],
            [
              16.004282655246243,
              36.721627408993584
            ],
            [
              15.23340471092078,
              43.081370449678786
            ],
            [
              14.591006423982861,
              47.578158458244104
            ],
            [
              14.012847965738757,
              49.37687366167023
            ],
            [
              13.30620985010708,
              49.505353319057804
            ],
            [
              12.342612419700231,
              48.22055674518202
            ],
            [
              11.635974304068526,
              44.55888650963598
            ],
            [
              11.57173447537474,
              39.03426124197003
            ],
            [
              12.53533190578159,
              32.35331905781584
            ],
            [
              14.526766595289075,
              26.057815845824422
            ],
            [
              15.683083511777312,
              22.331905781584567
            ],
            [
              16.068522483940058,
              21.368308351177745
            ],
            [
              16.51820128479659,
              21.368308351177745
            ],
            [
              16.903640256959306,
              23.87366167023555
            ],
            [
              16.903640256959306,
              28.884368308351185
            ],
            [
              16.582441113490376,
              34.85867237687367
            ],
            [
              16.068522483940058,
              40.5117773019272
            ],
            [
              16.004282655246243,
              43.65952890792292
            ],
            [
              15.940042826552457,
              44.687366167023555
            ],
            [
              15.104925053533208,
              43.98072805139185
            ],
            [
              14.462526766595289,
              41.475374732334046
            ],
            [
              14.012847965738757,
              37.68522483940043
            ],
            [
              14.012847965738757,
              32.738758029978584
            ],
            [
              14.591006423982861,
              27.471092077087803
            ],
            [
              15.361884368308353,
              23.745182012847977
            ],
            [
              15.490364025695925,
              22.845824411134913
            ],
            [
              15.23340471092078,
              25.80085653104925
            ],
            [
              14.334047109207717,
              30.683083511777312
            ],
            [
              13.17773019271948,
              36.78586723768737
            ],
            [
              12.471092077087803,
              42.117773019271965
            ],
            [
              12.406852248394017,
              44.30192719486081
            ],
            [
              12.278372591006416,
              42.69593147751607
            ],
            [
              12.149892933618844,
              38.327623126338324
            ],
            [
              12.149892933618844,
              33.188436830835116
            ],
            [
              12.278372591006416,
              28.884368308351185
            ],
            [
              12.342612419700231,
              26.379014989293353
            ],
            [
              11.700214132762312,
              26.7644539614561
            ],
            [
              10.60813704496789,
              30.618843683083526
            ],
            [
              9.51605995717344,
              35.82226980728052
            ],
            [
              9.194860813704508,
              40.062098501070665
            ],
            [
              9.194860813704508,
              42.310492505353324
            ],
            [
              9.64453961456104,
              42.760171306209855
            ],
            [
              10.094218415417572,
              41.60385438972162
            ],
            [
              10.929336188436821,
              36.78586723768737
            ],
            [
              12.021413276231272,
              31.775160599571734
            ],
            [
              13.17773019271948,
              27.599571734475376
            ],
            [
              13.49892933618844,
              25.736616702355462
            ],
            [
              13.17773019271948,
              27.663811563169162
            ],
            [
              11.57173447537474,
              32.6745182012848
            ],
            [
              10.736616702355462,
              37.62098501070665
            ],
            [
              10.736616702355462,
              40.57601713062098
            ],
            [
              11.057815845824422,
              41.989293361884364
            ],
            [
              11.379014989293353,
              39.80513918629549
            ],
            [
              11.828693790149885,
              34.53747323340471
            ],
            [
              12.53533190578159,
              28.563169164882225
            ],
            [
              12.985010706638121,
              24.259100642398295
            ],
            [
              12.920770877944335,
              23.03854389721627
            ],
            [
              11.443254817987167,
              26.122055674518208
            ],
            [
              9.901498929336185,
              32.48179871520344
            ],
            [
              9.580299785867254,
              38.64882226980728
            ],
            [
              10.029978586723786,
              42.63169164882228
            ],
            [
              10.993576017130636,
              45.008565310492514
            ],
            [
              11.635974304068526,
              45.58672376873662
            ],
            [
              11.8929336188437,
              44.10920770877945
            ],
            [
              12.21413276231263,
              38.71306209850107
            ],
            [
              12.599571734475376,
              32.61027837259101
            ],
            [
              13.49892933618844,
              26.314775160599567
            ],
            [
              13.691648822269826,
              23.167023554603873
            ],
            [
              12.599571734475376,
              24.259100642398295
            ],
            [
              11.186295503211994,
              29.46252676659529
            ],
            [
              10.415417558886503,
              35.95074946466809
            ],
            [
              10.415417558886503,
              41.475374732334046
            ],
            [
              11.057815845824422,
              44.494646680942196
            ],
            [
              11.8929336188437,
              45.458244111349046
            ],
            [
              12.278372591006416,
              44.17344753747324
            ],
            [
              12.342612419700231,
              39.098501070663815
            ],
            [
              12.663811563169162,
              32.61027837259101
            ],
            [
              13.691648822269826,
              25.993576017130636
            ],
            [
              13.948608137044971,
              23.295503211991445
            ],
            [
              14.334047109207717,
              23.937901498929335
            ],
            [
              15.426124197002139,
              26.957173447537485
            ],
            [
              17.16059957173448,
              31.325481798715202
            ],
            [
              19.08779443254818,
              36.91434689507494
            ],
            [
              21.59314775160601,
              40.704496788008555
            ],
            [
              23.777301927194856,
              42.760171306209855
            ],
            [
              25.190578158458237,
              43.27408993576017
            ],
            [
              25.832976445396156,
              42.82441113490364
            ],
            [
              26.60385438972162,
              38.26338329764454
            ],
            [
              27.760171306209855,
              29.78372591006425
            ],
            [
              28.209850107066387,
              22.9100642398287
            ],
            [
              28.209850107066387,
              18.477516059957168
            ],
            [
              27.631691648822283,
              16.614561027837254
            ],
            [
              27.246252676659537,
              18.541755888650982
            ],
            [
              26.539614561027832,
              24.773019271948613
            ],
            [
              26.539614561027832,
              32.99571734475376
            ],
            [
              28.531049250535347,
              40.12633832976445
            ],
            [
              31.100642398286936,
              43.1456102783726
            ],
            [
              33.09207708779445,
              43.78800856531049
            ],
            [
              34.633832976445404,
              42.438972162740896
            ],
            [
              35.40471092077087,
              37.94218415417558
            ],
            [
              35.72591006423983,
              31.96788008565312
            ],
            [
              35.72591006423983,
              26.379014989293353
            ],
            [
              35.21199143468951,
              22.26766595289081
            ],
            [
              34.56959314775162,
              20.66167023554604
            ],
            [
              34.37687366167023,
              22.26766595289081
            ],
            [
              34.76231263383298,
              27.278372591006416
            ],
            [
              36.30406852248393,
              33.57387580299786
            ],
            [
              38.4882226980728,
              39.098501070663815
            ],
            [
              40.672376873661676,
              42.760171306209855
            ],
            [
              41.957173447537485,
              44.044967880085665
            ],
            [
              42.02141327623127,
              43.59528907922913
            ],
            [
              41.828693790149885,
              39.48394004282656
            ],
            [
              40.672376873661676,
              32.738758029978584
            ],
            [
              39.51605995717347,
              26.057815845824422
            ],
            [
              37.9100642398287,
              21.496788008565318
            ],
            [
              36.11134903640257,
              19.955032119914335
            ],
            [
              35.21199143468951,
              20.01927194860815
            ],
            [
              34.11991434689509,
              23.488222698072803
            ],
            [
              33.027837259100636,
              29.78372591006425
            ],
            [
              32.83511777301928,
              35.115631691648815
            ],
            [
              32.77087794432549,
              39.48394004282656
            ],
            [
              32.12847965738757,
              41.53961456102783
            ],
            [
              30.779443254817977,
              41.73233404710922
            ],
            [
              28.402569593147746,
              41.025695931477514
            ],
            [
              25.64025695931477,
              36.46466809421841
            ],
            [
              23.71306209850107,
              29.205567451820116
            ],
            [
              23.134903640256965,
              20.982869379015
            ],
            [
              23.134903640256965,
              15.137044967880087
            ],
            [
              23.134903640256965,
              13.531049250535318
            ],
            [
              24.740899357601705,
              13.595289079229133
            ],
            [
              27.69593147751607,
              16.486081370449682
            ],
            [
              30.71520342612419,
              21.689507494646676
            ],
            [
              33.47751605995717,
              29.526766595289075
            ],
            [
              35.72591006423983,
              38.52034261241971
            ],
            [
              37.9100642398287,
              44.55888650963598
            ],
            [
              38.616702355460404,
              46.03640256959315
            ],
            [
              38.295503211991445,
              45.71520342612419
            ],
            [
              35.53319057815847,
              41.0899357601713
            ],
            [
              32.19271948608139,
              32.61027837259101
            ],
            [
              28.723768736616705,
              24.580299785867226
            ],
            [
              26.346895074946474,
              18.28479657387581
            ],
            [
              25.062098501070665,
              14.751605995717341
            ],
            [
              25.832976445396156,
              16.22912205567451
            ],
            [
              27.82441113490364,
              21.17558886509636
            ],
            [
              30.458244111349046,
              27.792291220556763
            ],
            [
              32.706638115631705,
              34.794432548179884
            ],
            [
              34.633832976445404,
              40.96145610278373
            ],
            [
              35.8543897216274,
              43.916488222698064
            ],
            [
              35.21199143468951,
              40.96145610278373
            ],
            [
              33.349036402569595,
              33.63811563169165
            ],
            [
              31.486081370449682,
              25.415417558886503
            ],
            [
              29.880085653104913,
              18.349036402569595
            ],
            [
              28.081370449678815,
              15.265524625267659
            ],
            [
              27.631691648822283,
              15.008565310492514
            ],
            [
              27.631691648822283,
              17.385438972162746
            ],
            [
              28.723768736616705,
              24.066381156316908
            ],
            [
              30.71520342612419,
              33.702355460385434
            ],
            [
              34.0556745182013,
              43.1456102783726
            ],
            [
              37.13918629550321,
              48.41327623126338
            ],
            [
              38.616702355460404,
              49.89079229122055
            ],
            [
              38.68094218415416,
              49.312633832976445
            ],
            [
              36.561027837259104,
              43.723768736616705
            ],
            [
              33.28479657387581,
              35.56531049250535
            ],
            [
              29.43040685224841,
              27.278372591006416
            ],
            [
              25.832976445396156,
              20.725910064239827
            ],
            [
              23.134903640256965,
              17.0
            ],
            [
              21.59314775160601,
              16.486081370449682
            ],
            [
              21.59314775160601,
              17.899357601713064
            ],
            [
              22.685224839400433,
              23.937901498929335
            ],
            [
              24.99785867237688,
              31.582441113490376
            ],
            [
              28.01713062098503,
              38.52034261241971
            ],
            [
              30.39400428265526,
              43.27408993576017
            ],
            [
              31.164882226980723,
              44.75160599571734
            ],
            [
              30.58672376873662,
              44.687366167023555
            ],
            [
              27.69593147751607,
              42.18201284796575
            ],
            [
              23.777301927194856,
              36.01498929336188
            ],
            [
              20.244111349036416,
              27.40685224839399
            ],
            [
              17.738758029978584,
              18.41327623126338
            ],
            [
              16.582441113490376,
              12.760171306209827
            ],
            [
              16.132762312633844,
              11.796573875803006
            ],
            [
              16.710920770877948,
              13.209850107066359
            ],
            [
              18.44539614561029,
              18.477516059957168
            ],
            [
              20.950749464668093,
              25.543897216274104
            ],
            [
              23.905781584582456,
              33.95931477516061
            ],
            [
              26.796573875803006,
              41.346895074946474
            ],
            [
              28.723768736616705,
              44.94432548179873
            ],
            [
              28.98072805139188,
              45.26552462526766
            ],
            [
              28.402569593147746,
              44.044967880085665
            ],
            [
              26.025695931477514,
              37.29978586723769
            ],
            [
              23.327623126338324,
              28.884368308351185
            ],
            [
              20.629550321199133,
              21.817987152034277
            ],
            [
              18.702355460385434,
              17.64239828693792
            ],
            [
              17.93147751605997,
              16.614561027837254
            ],
            [
              18.252676659528902,
              17.128479657387572
            ],
            [
              20.308351177730202,
              21.368308351177745
            ],
            [
              23.134903640256965,
              28.434689507494653
            ],
            [
              26.860813704496792,
              36.850107066381156
            ],
            [
              30.0728051391863,
              42.760171306209855
            ],
            [
              31.164882226980723,
              44.17344753747324
            ],
            [
              28.46680942184156,
              40.5117773019272
            ],
            [
              24.80513918629549,
              32.738758029978584
            ],
            [
              21.079229122055665,
              23.809421841541763
            ],
            [
              18.316916488222716,
              16.67880085653104
            ],
            [
              17.096359743040694,
              12.310492505353295
            ],
            [
              17.032119914346907,
              11.668094218415433
            ],
            [
              18.57387580299786,
              12.888650963597456
            ],
            [
              21.528907922912197,
              16.871520342612428
            ],
            [
              25.319057815845838,
              23.55246252676659
            ],
            [
              29.30192719486081,
              32.16059957173448
            ],
            [
              32.96359743040685,
              39.419700214132774
            ],
            [
              35.083511777301936,
              42.63169164882228
            ],
            [
              35.21199143468951,
              43.017130620985
            ],
            [
              34.11991434689509,
              42.952890792291214
            ],
            [
              31.22912205567451,
              40.96145610278373
            ],
            [
              27.37473233404711,
              37.29978586723769
            ],
            [
              23.327623126338324,
              33.05995717344754
            ],
            [
              19.987152034261243,
              29.205567451820116
            ],
            [
              17.867237687366185,
              26.057815845824422
            ],
            [
              16.83940042826552,
              22.845824411134913
            ],
            [
              16.710920770877948,
              20.468950749464682
            ],
            [
              17.096359743040694,
              20.404710920770867
            ],
            [
              18.059957173447543,
              21.561027837259104
            ],
            [
              19.730192719486098,
              25.094218415417572
            ],
            [
              22.171306209850115,
              29.077087794432543
            ],
            [
              24.80513918629549,
              32.61027837259101
            ],
            [
              26.989293361884364,
              34.73019271948607
            ],
            [
              27.760171306209855,
              35.3083511777302
            ],
            [
              27.438972162740896,
              34.40899357601714
            ],
            [
              25.319057815845838,
              31.261241970021416
            ],
            [
              22.171306209850115,
              26.7644539614561
            ],
            [
              19.280513918629566,
              22.58886509635974
            ],
            [
              17.80299785867237,
              20.21199143468951
            ],
            [
              17.738758029978584,
              19.633832976445404
            ],
            [
              19.023554603854393,
              19.441113490364017
            ],
            [
              21.97858672376873,
              19.441113490364017
            ],
            [
              25.96145610278373,
              19.762312633832977
            ],
            [
              30.779443254817977,
              20.147751605995722
            ],
            [
              36.49678800856532,
              20.276231263383295
            ],
            [
              41.828693790149885,
              20.276231263383295
            ],
            [
              46.83940042826552,
              20.276231263383295
            ],
            [
              51.27194860813705,
              20.276231263383295
            ],
            [
              54.67665952890792,
              20.276231263383295
            ],
            [
              56.15417558886509,
              20.533190578158468
            ],
            [
              55.31905781584584,
              21.561027837259104
            ],
            [
              51.27194860813705,
              22.58886509635974
            ],
            [
              44.97644539614561,
              23.23126338329763
            ],
            [
              36.75374732334046,
              23.35974304068523
            ],
            [
              28.595289079229133,
              22.845824411134913
            ],
            [
              21.59314775160601,
              21.561027837259104
            ],
            [
              15.683083511777312,
              20.34047109207708
            ],
            [
              11.8929336188437,
              19.505353319057804
            ],
            [
              10.736616702355462,
              19.441113490364017
            ],
            [
              11.186295503211994,
              19.505353319057804
            ],
            [
              15.297644539614566,
              21.111349036402572
            ],
            [
              21.079229122055665,
              23.423982869379017
            ],
            [
              28.852248394004278,
              26.186295503211994
            ],
            [
              36.75374732334046,
              28.563169164882225
            ],
            [
              42.79229122055676,
              30.297644539614566
            ],
            [
              46.38972162740899,
              31.325481798715202
            ],
            [
              46.96788008565312,
              31.64668094218416
            ],
            [
              46.38972162740899,
              31.64668094218416
            ],
            [
              41.37901498929335,
              31.38972162740899
            ],
            [
              34.18415417558887,
              30.10492505353318
            ],
            [
              26.154175588865087,
              28.17773019271948
            ],
            [
              18.059957173447543,
              25.672376873661676
            ],
            [
              11.828693790149885,
              23.167023554603873
            ],
            [
              9.002141327623121,
              21.111349036402572
            ],
            [
              8.873661670235549,
              19.955032119914335
            ],
            [
              11.379014989293353,
              19.69807280513919
            ],
            [
              16.83940042826552,
              20.404710920770867
            ],
            [
              24.355460385438988,
              22.39614561027838
            ],
            [
              33.47751605995717,
              24.51605995717344
            ],
            [
              41.828693790149885,
              26.186295503211994
            ],
            [
              47.99571734475376,
              26.957173447537485
            ],
            [
              50.82226980728052,
              27.085653104925058
            ],
            [
              49.40899357601714,
              26.828693790149885
            ],
            [
              43.884368308351185,
              25.736616702355462
            ],
            [
              36.49678800856532,
              24.387580299785867
            ],
            [
              28.916488222698092,
              22.71734475374734
            ],
            [
              23.134903640256965,
              20.982869379015
            ],
            [
              19.601713062098497,
              19.56959314775162
            ],
            [
              18.89507494646682,
              19.24839400428266
            ],
            [
              20.17987152034263,
              19.184154175588873
            ],
            [
              25.832976445396156,
              20.34047109207708
            ],
            [
              34.0556745182013,
              22.58886509635974
            ],
            [
              43.884368308351185,
              24.708779443254826
            ],
            [
              52.74946466809422,
              26.25053533190578
            ],
            [
              58.723768736616705,
              27.02141327623127
            ],
            [
              61.03640256959315,
              27.278372591006416
            ],
            [
              60.58672376873662,
              27.278372591006416
            ],
            [
              55.44753747323341,
              27.085653104925058
            ],
            [
              46.71092077087795,
              25.92933618843682
            ],
            [
              36.49678800856532,
              23.745182012847977
            ],
            [
              27.567451820128497,
              20.982869379015
            ],
            [
              20.629550321199133,
              18.220556745182023
            ],
            [
              16.710920770877948,
              16.35760171306211
            ],
            [
              16.325481798715202,
              16.03640256959315
            ],
            [
              18.702355460385434,
              16.35760171306211
            ],
            [
              25.319057815845838,
              18.541755888650982
            ],
            [
              34.37687366167023,
              21.561027837259104
            ],
            [
              44.3982869379015,
              24.19486081370451
            ],
            [
              52.74946466809422,
              25.92933618843682
            ],
            [
              58.20985010706639,
              26.828693790149885
            ],
            [
              60.26552462526766,
              27.085653104925058
            ],
            [
              59.815845824411156,
              27.085653104925058
            ],
            [
              54.740899357601734,
              26.957173447537485
            ],
            [
              46.582441113490376,
              25.865096359743035
            ],
            [
              36.75374732334046,
              23.745182012847977
            ],
            [
              27.952890792291214,
              20.918629550321214
            ],
            [
              20.693790149892948,
              18.220556745182023
            ],
            [
              16.325481798715202,
              16.67880085653104
            ],
            [
              15.683083511777312,
              16.486081370449682
            ],
            [
              17.546038543897225,
              17.32119914346896
            ],
            [
              24.098501070663815,
              20.725910064239827
            ],
            [
              33.670235546038555,
              24.96573875802997
            ],
            [
              44.205567451820116,
              28.8201284796574
            ],
            [
              53.19914346895075,
              31.51820128479659
            ],
            [
              59.30192719486081,
              33.31691648822269
            ],
            [
              62.0,
              34.152034261241965
            ],
            [
              58.402569593147746,
              34.21627408993575
            ],
            [
              51.207708779443266,
              33.05995717344754
            ],
            [
              41.70021413276231,
              30.618843683083526
            ],
            [
              32.12847965738757,
              27.02141327623127
            ],
            [
              23.52034261241971,
              23.423982869379017
            ],
            [
              17.61027837259101,
              20.404710920770867
            ],
            [
              16.004282655246243,
              19.633832976445404
            ],
            [
              20.115631691648815,
              21.17558886509636
            ],
            [
              27.37473233404711,
              24.64453961456104
            ],
            [
              36.43254817987153,
              29.012847965738757
            ],
            [
              46.06852248394006,
              32.738758029978584
            ],
            [
              54.03426124197003,
              35.244111349036416
            ],
            [
              59.17344753747324,
              36.91434689507494
            ],
            [
              60.39400428265526,
              37.29978586723769
            ],
            [
              59.494646680942196,
              37.29978586723769
            ],
            [
              53.134903640256965,
              36.46466809421841
            ],
            [
              43.563169164882225,
              34.08779443254818
            ],
            [
              32.77087794432549,
              30.361884368308353
            ],
            [
              22.74946466809422,
              26.314775160599567
            ],
            [
              15.104925053533208,
              22.845824411134913
            ],
            [
              12.021413276231272,
              21.368308351177745
            ],
            [
              15.361884368308353,
              22.974304068522486
            ],
            [
              23.006423982869393,
              26.7644539614561
            ],
            [
              33.47751605995717,
              31.64668094218416
            ],
            [
              44.46252676659529,
              35.69379014989295
            ],
            [
              53.19914346895075,
              38.19914346895075
            ],
            [
              59.10920770877945,
              39.740899357601705
            ],
            [
              61.100642398286936,
              40.12633832976445
            ],
            [
              58.1456102783726,
              39.35546038543896
            ],
            [
              51.5289079229122,
              37.04282655246254
            ],
            [
              41.828693790149885,
              33.12419700214133
            ],
            [
              31.03640256959315,
              27.471092077087803
            ],
            [
              21.78586723768737,
              21.882226980728063
            ],
            [
              15.426124197002139,
              17.77087794432549
            ],
            [
              13.820128479657399,
              17.064239828693786
            ],
            [
              14.462526766595289,
              17.32119914346896
            ],
            [
              18.830835117773034,
              20.597430406852254
            ],
            [
              26.539614561027832,
              25.993576017130636
            ],
            [
              35.40471092077087,
              31.582441113490376
            ],
            [
              44.205567451820116,
              36.78586723768737
            ],
            [
              50.62955032119913,
              40.19057815845824
            ],
            [
              52.94218415417561,
              41.475374732334046
            ],
            [
              50.05139186295503,
              40.89721627408994
            ],
            [
              43.37044967880087,
              37.74946466809422
            ],
            [
              35.8543897216274,
              33.830835117773006
            ],
            [
              29.62312633832977,
              30.169164882226994
            ],
            [
              25.511777301927197,
              27.920770877944335
            ],
            [
              24.355460385438988,
              27.278372591006416
            ],
            [
              28.98072805139188,
              30.23340471092078
            ],
            [
              35.79014989293361,
              34.66595289079228
            ],
            [
              43.563169164882225,
              39.48394004282656
            ],
            [
              50.56531049250535,
              43.1456102783726
            ],
            [
              55.57601713062098,
              45.329764453961445
            ],
            [
              57.310492505353324,
              45.90792291220558
            ],
            [
              56.66809421841543,
              45.71520342612419
            ],
            [
              51.33618843683084,
              43.017130620985
            ],
            [
              43.43468950749465,
              38.777301927194856
            ],
            [
              35.01927194860815,
              33.830835117773006
            ],
            [
              27.246252676659537,
              29.012847965738757
            ],
            [
              21.59314775160601,
              25.415417558886503
            ],
            [
              19.40899357601714,
              24.130620985010694
            ],
            [
              23.84154175588867,
              27.21413276231263
            ],
            [
              31.164882226980723,
              32.41755888650965
            ],
            [
              39.901498929336185,
              37.62098501070665
            ],
            [
              47.80299785867237,
              41.86081370449679
            ],
            [
              52.74946466809422,
              44.23768736616702
            ],
            [
              54.419700214132774,
              44.88008565310491
            ],
            [
              49.73019271948607,
              43.27408993576017
            ],
            [
              42.21413276231263,
              40.12633832976445
            ],
            [
              33.60599571734477,
              36.079229122055665
            ],
            [
              26.2184154175589,
              32.6745182012848
            ],
            [
              21.46466809421841,
              30.23340471092078
            ],
            [
              20.308351177730202,
              29.655246252676648
            ],
            [
              20.693790149892948,
              29.719486081370462
            ],
            [
              26.282655246252688,
              32.867237687366156
            ],
            [
              34.633832976445404,
              37.74946466809422
            ],
            [
              43.49892933618844,
              42.310492505353324
            ],
            [
              51.207708779443266,
              45.58672376873662
            ],
            [
              56.15417558886509,
              47.51391862955032
            ],
            [
              57.50321199143468,
              47.899357601713064
            ],
            [
              56.989293361884364,
              47.899357601713064
            ],
            [
              51.6573875802998,
              46.03640256959315
            ],
            [
              43.755888650963584,
              43.1456102783726
            ],
            [
              35.083511777301936,
              39.48394004282656
            ],
            [
              27.760171306209855,
              36.33618843683084
            ],
            [
              22.685224839400433,
              33.830835117773006
            ],
            [
              20.308351177730202,
              32.738758029978584
            ],
            [
              23.263383297644538,
              34.473233404710925
            ],
            [
              29.944325481798728,
              38.327623126338324
            ],
            [
              37.974304068522486,
              42.310492505353324
            ],
            [
              45.68308351177731,
              45.39400428265526
            ],
            [
              51.400428265524624,
              47.19271948608136
            ],
            [
              53.97002141327624,
              47.77087794432549
            ],
            [
              50.37259100642399,
              47.385438972162746
            ],
            [
              42.920770877944335,
              45.71520342612419
            ],
            [
              34.0556745182013,
              43.402569593147746
            ],
            [
              25.062098501070665,
              40.44753747323341
            ],
            [
              17.032119914346907,
              37.492505353319075
            ],
            [
              10.993576017130636,
              35.436830835117775
            ],
            [
              8.68094218415419,
              35.115631691648815
            ],
            [
              9.130620985010722,
              36.207708779443266
            ],
            [
              13.49892933618844,
              39.48394004282656
            ],
            [
              20.886509635974306,
              43.33832976445396
            ],
            [
              29.62312633832977,
              46.935760171306214
            ],
            [
              38.616702355460404,
              49.505353319057804
            ],
            [
              45.04068522483942,
              50.72591006423983
            ],
            [
              48.188436830835116,
              50.79014989293361
            ],
            [
              45.10492505353318,
              49.955032119914335
            ],
            [
              38.937901498929335,
              48.541755888650954
            ],
            [
              31.164882226980723,
              46.87152034261243
            ],
            [
              22.492505353319075,
              44.494646680942196
            ],
            [
              14.205567451820144,
              41.796573875803006
            ],
            [
              8.873661670235549,
              40.12633832976445
            ],
            [
              7.139186295503208,
              39.740899357601705
            ],
            [
              7.653104925053526,
              39.869379014989306
            ],
            [
              11.379014989293353,
              41.41113490364026
            ],
            [
              18.44539614561029,
              44.044967880085665
            ],
            [
              26.60385438972162,
              46.614561027837254
            ],
            [
              34.82655246252676,
              48.41327623126338
            ],
            [
              40.47965738758029,
              49.05567451820127
            ],
            [
              42.920770877944335,
              49.11991434689509
            ],
            [
              41.12205567451821,
              48.79871520342613
            ],
            [
              35.79014989293361,
              48.09207708779442
            ],
            [
              29.43040685224841,
              47.12847965738757
            ],
            [
              22.813704496788006,
              45.84368308351179
            ],
            [
              17.546038543897225,
              44.55888650963598
            ],
            [
              14.205567451820144,
              43.78800856531049
            ],
            [
              13.627408993576012,
              43.46680942184153
            ],
            [
              16.903640256959306,
              43.27408993576017
            ],
            [
              23.777301927194856,
              43.33832976445396
            ],
            [
              31.80728051391864,
              44.044967880085665
            ],
            [
              39.38758029978587,
              44.366167023554596
            ],
            [
              44.26980728051393,
              44.687366167023555
            ],
            [
              46.132762312633844,
              45.008565310492514
            ],
            [
              44.205567451820116,
              45.39400428265526
            ],
            [
              38.295503211991445,
              45.458244111349046
            ],
            [
              29.558886509635983,
              45.13704496788009
            ],
            [
              19.08779443254818,
              43.46680942184153
            ],
            [
              10.029978586723786,
              41.346895074946474
            ],
            [
              4.1199143468950865,
              40.25481798715202
            ],
            [
              2.0,
              39.93361884368309
            ],
            [
              5.918629550321214,
              40.76873661670237
            ],
            [
              13.113490364025694,
              42.63169164882228
            ],
            [
              23.456102783725925,
              45.008565310492514
            ],
            [
              35.8543897216274,
              46.87152034261243
            ],
            [
              45.811563169164884,
              47.385438972162746
            ],
            [
              53.19914346895075,
              47.44967880085653
            ],
            [
              57.438972162740896,
              47.44967880085653
            ],
            [
              57.82441113490364,
              47.32119914346896
            ],
            [
              55.12633832976445,
              47.12847965738757
            ],
            [
              47.6745182012848,
              46.87152034261243
            ],
            [
              38.10278372591006,
              46.16488222698072
            ],
            [
              27.438972162740896,
              44.94432548179873
            ],
            [
              17.032119914346907,
              43.20985010706639
            ],
            [
              8.873661670235549,
              41.66809421841543
            ],
            [
              4.505353319057832,
              41.15417558886509
            ],
            [
              3.541755888650954,
              40.96145610278373
            ],
            [
              4.248394004282659,
              40.96145610278373
            ],
            [
              9.708779443254826,
              41.66809421841543
            ],
            [
              18.76659528907925,
              43.53104925053532
            ],
            [
              28.98072805139188,
              44.687366167023555
            ],
            [
              39.708779443254826,
              44.94432548179873
            ],
            [
              47.867237687366185,
              44.94432548179873
            ],
            [
              52.364025695931474,
              44.94432548179873
            ],
            [
              53.327623126338324,
              44.88008565310491
            ],
            [
              49.152034261241965,
              44.43040685224838
            ],
            [
              42.40685224839402,
              43.85224839400428
            ],
            [
              33.991434689507514,
              42.69593147751607
            ],
            [
              26.2184154175589,
              41.41113490364026
            ],
            [
              20.05139186295503,
              40.062098501070665
            ],
            [
              15.940042826552457,
              38.84154175588864
            ],
            [
              15.104925053533208,
              38.52034261241971
            ],
            [
              17.867237687366185,
              38.07066381156318
            ],
            [
              24.80513918629549,
              38.006423982869364
            ],
            [
              34.69807280513919,
              38.84154175588864
            ],
            [
              44.59100642398289,
              39.67665952890792
            ],
            [
              51.14346895074948,
              39.93361884368309
            ],
            [
              53.90578158458243,
              40.062098501070665
            ],
            [
              52.87794432548179,
              40.062098501070665
            ],
            [
              48.188436830835116,
              39.098501070663815
            ],
            [
              40.35117773019272,
              36.91434689507494
            ],
            [
              32.32119914346896,
              33.830835117773006
            ],
            [
              25.254817987152023,
              30.618843683083526
            ],
            [
              20.950749464668093,
              27.792291220556763
            ],
            [
              20.693790149892948,
              27.278372591006416
            ],
            [
              21.207708779443266,
              27.21413276231263
            ],
            [
              25.12633832976445,
              27.278372591006416
            ],
            [
              32.32119914346896,
              29.91220556745182
            ],
            [
              39.96573875803,
              32.867237687366156
            ],
            [
              46.775160599571734,
              35.436830835117775
            ],
            [
              50.69379014989295,
              36.97858672376873
            ],
            [
              51.6573875802998,
              37.42826552462526
            ],
            [
              49.473233404710925,
              37.42826552462526
            ],
            [
              44.78372591006425,
              36.207708779443266
            ],
            [
              38.616702355460404,
              33.63811563169165
            ],
            [
              32.706638115631705,
              30.42612419700214
            ],
            [
              28.46680942184156,
              27.471092077087803
            ],
            [
              26.282655246252688,
              25.222698072805144
            ],
            [
              26.2184154175589,
              24.19486081370451
            ],
            [
              27.631691648822283,
              23.680942184154162
            ],
            [
              30.907922912205578,
              23.680942184154162
            ],
            [
              36.17558886509636,
              26.186295503211994
            ],
            [
              41.37901498929335,
              29.526766595289075
            ],
            [
              45.490364025695925,
              32.61027837259101
            ],
            [
              47.93147751605997,
              34.66595289079228
            ],
            [
              48.188436830835116,
              35.436830835117775
            ],
            [
              45.94004282655246,
              35.244111349036416
            ],
            [
              40.02997858672376,
              32.16059957173448
            ],
            [
              35.982869379015,
              29.78372591006425
            ],
            [
              34.69807280513919,
              29.012847965738757
            ],
            [
              34.56959314775162,
              28.563169164882225
            ],
            [
              35.46895074946468,
              27.599571734475376
            ],
            [
              37.46038543897217,
              26.8929336188437
            ],
            [
              40.35117773019272,
              26.7644539614561
            ],
            [
              43.241970021413294,
              27.40685224839399
            ],
            [
              46.261241970021416,
              29.719486081370462
            ],
            [
              48.89507494646682,
              32.93147751605997
            ],
            [
              50.69379014989295,
              36.01498929336188
            ],
            [
              51.721627408993584,
              38.52034261241971
            ],
            [
              51.97858672376873,
              40.12633832976445
            ],
            [
              50.82226980728052,
              40.062098501070665
            ],
            [
              47.867237687366185,
              36.721627408993584
            ],
            [
              44.59100642398289,
              32.41755888650965
            ],
            [
              41.70021413276231,
              27.920770877944335
            ],
            [
              39.51605995717347,
              23.745182012847977
            ],
            [
              38.74518201284798,
              21.30406852248393
            ],
            [
              39.51605995717347,
              21.047109207708786
            ],
            [
              41.57173447537474,
              22.139186295503208
            ],
            [
              44.65524625267665,
              25.415417558886503
            ],
            [
              47.93147751605997,
              30.361884368308353
            ],
            [
              50.05139186295503,
              34.66595289079228
            ],
            [
              51.59314775160601,
              38.006423982869364
            ],
            [
              52.04282655246254,
              39.99785867237688
            ],
            [
              51.91434689507494,
              40.383297644539624
            ],
            [
              50.244111349036416,
              39.03426124197003
            ],
            [
              47.93147751605997,
              34.794432548179884
            ],
            [
              45.618843683083526,
              28.691648822269826
            ],
            [
              43.94860813704497,
              22.26766595289081
            ],
            [
              42.920770877944335,
              17.64239828693792
            ],
            [
              42.66381156316916,
              15.71520342612419
            ],
            [
              43.691648822269826,
              16.67880085653104
            ],
            [
              45.490364025695925,
              21.43254817987153
            ],
            [
              47.6745182012848,
              28.241970021413294
            ],
            [
              49.98715203426124,
              35.886509635974306
            ],
            [
              51.721627408993584,
              41.41113490364026
            ],
            [
              52.74946466809422,
              45.458244111349046
            ],
            [
              52.87794432548179,
              47.64239828693789
            ],
            [
              51.01498929336188,
              46.48608137044968
            ],
            [
              48.509635974304075,
              41.28265524625269
            ],
            [
              46.06852248394006,
              34.92291220556746
            ],
            [
              44.46252676659529,
              28.8201284796574
            ],
            [
              43.563169164882225,
              24.19486081370451
            ],
            [
              43.49892933618844,
              22.203426124196994
            ],
            [
              45.68308351177731,
              23.35974304068523
            ],
            [
              48.89507494646682,
              28.241970021413294
            ],
            [
              52.42826552462526,
              34.73019271948607
            ],
            [
              56.15417558886509,
              41.66809421841543
            ],
            [
              58.91648822269809,
              46.03640256959315
            ],
            [
              59.75160599571734,
              47.64239828693789
            ],
            [
              59.23768736616702,
              47.64239828693789
            ],
            [
              56.28265524625269,
              44.81584582441113
            ],
            [
              52.10706638115633,
              39.80513918629549
            ],
            [
              47.93147751605997,
              33.702355460385434
            ],
            [
              44.78372591006425,
              27.40685224839399
            ],
            [
              43.37044967880087,
              23.03854389721627
            ],
            [
              43.241970021413294,
              22.010706638115636
            ],
            [
              43.94860813704497,
              22.010706638115636
            ],
            [
              46.64668094218416,
              23.87366167023555
            ],
            [
              49.85867237687367,
              28.62740899357601
            ],
            [
              53.00642398286939,
              34.473233404710925
            ],
            [
              55.76873661670237,
              40.383297644539624
            ],
            [
              57.5674518201285,
              44.17344753747324
            ],
            [
              58.01713062098503,
              45.13704496788009
            ],
            [
              56.989293361884364,
              44.81584582441113
            ],
            [
              54.098501070663815,
              41.53961456102783
            ],
            [
              50.37259100642399,
              36.27194860813705
            ],
            [
              46.3254817987152,
              29.847965738758035
            ],
            [
              43.17773019271948,
              23.809421841541763
            ],
            [
              41.31477516059957,
              19.56959314775162
            ],
            [
              40.865096359743035,
              17.835117773019277
            ],
            [
              43.04925053533191,
              20.083511777301936
            ],
            [
              45.811563169164884,
              25.222698072805144
            ],
            [
              48.702355460385434,
              30.811563169164884
            ],
            [
              51.5289079229122,
              36.59314775160601
            ],
            [
              53.52034261241971,
              40.76873661670237
            ],
            [
              54.2912205567452,
              42.24625267665954
            ],
            [
              52.171306209850115,
              41.025695931477514
            ],
            [
              49.21627408993578,
              37.04282655246254
            ],
            [
              45.68308351177731,
              31.775160599571734
            ],
            [
              41.70021413276231,
              25.736616702355462
            ],
            [
              38.23126338329766,
              20.468950749464682
            ],
            [
              35.918629550321214,
              16.743040685224855
            ],
            [
              35.276231263383295,
              15.972162740899364
            ],
            [
              37.46038543897217,
              19.69807280513919
            ],
            [
              40.47965738758029,
              26.057815845824422
            ],
            [
              44.07708779443254,
              32.61027837259101
            ],
            [
              47.28907922912205,
              38.134903640256965
            ],
            [
              49.21627408993578,
              41.796573875803006
            ],
            [
              49.6017130620985,
              42.760171306209855
            ],
            [
              48.89507494646682,
              42.69593147751607
            ],
            [
              45.87580299785867,
              39.67665952890792
            ],
            [
              42.02141327623127,
              34.473233404710925
            ],
            [
              37.84582441113491,
              28.306209850107052
            ],
            [
              34.24839400428266,
              22.9100642398287
            ],
            [
              31.871520342612428,
              19.56959314775162
            ],
            [
              31.100642398286936,
              18.28479657387581
            ],
            [
              32.706638115631705,
              21.239828693790145
            ],
            [
              35.8543897216274,
              26.957173447537485
            ],
            [
              39.38758029978587,
              33.830835117773006
            ],
            [
              42.66381156316916,
              39.93361884368309
            ],
            [
              44.71948608137046,
              44.17344753747324
            ],
            [
              44.97644539614561,
              45.90792291220558
            ],
            [
              43.755888650963584,
              46.16488222698072
            ],
            [
              40.222698072805144,
              44.75160599571734
            ],
            [
              35.46895074946468,
              40.5117773019272
            ],
            [
              30.58672376873662,
              35.115631691648815
            ],
            [
              25.576017130620983,
              29.398286937901503
            ],
            [
              21.59314775160601,
              23.937901498929335
            ],
            [
              19.21627408993575,
              21.17558886509636
            ],
            [
              18.44539614561029,
              20.597430406852254
            ],
            [
              20.886509635974306,
              24.00214132762312
            ],
            [
              24.869379014989306,
              30.42612419700214
            ],
            [
              29.30192719486081,
              37.171306209850115
            ],
            [
              33.41327623126338,
              43.20985010706639
            ],
            [
              35.8543897216274,
              46.421841541755896
            ],
            [
              36.239828693790145,
              47.32119914346896
            ],
            [
              35.276231263383295,
              46.80728051391864
            ],
            [
              31.486081370449682,
              42.5674518201285
            ],
            [
              26.989293361884364,
              37.62098501070665
            ],
            [
              22.364025695931474,
              31.64668094218416
            ],
            [
              18.381156316916503,
              26.186295503211994
            ],
            [
              16.004282655246243,
              22.7815845824411
            ],
            [
              15.23340471092078,
              21.689507494646676
            ],
            [
              16.903640256959306,
              23.680942184154162
            ],
            [
              20.308351177730202,
              28.691648822269826
            ],
            [
              24.612419700214133,
              34.794432548179884
            ],
            [
              28.595289079229133,
              40.12633832976445
            ],
            [
              31.22912205567451,
              43.27408993576017
            ],
            [
              32.12847965738757,
              44.23768736616702
            ],
            [
              29.62312633832977,
              41.15417558886509
            ],
            [
              26.154175588865087,
              36.6573875802998
            ],
            [
              22.685224839400433,
              31.96788008565312
            ],
            [
              19.473233404710925,
              27.599571734475376
            ],
            [
              16.96788008565312,
              24.19486081370451
            ],
            [
              15.747323340471098,
              23.102783725910058
            ],
            [
              17.16059957173448,
              25.92933618843682
            ],
            [
              20.244111349036416,
              30.747323340471098
            ],
            [
              24.03426124197003,
              36.27194860813705
            ],
            [
              27.438972162740896,
              40.76873661670237
            ],
            [
              29.044967880085665,
              42.69593147751607
            ],
            [
              28.209850107066387,
              41.66809421841543
            ],
            [
              25.576017130620983,
              38.26338329764454
            ],
            [
              22.74946466809422,
              34.28051391862954
            ],
            [
              20.244111349036416,
              30.42612419700214
            ],
            [
              18.830835117773034,
              28.17773019271948
            ],
            [
              18.638115631691647,
              27.792291220556763
            ],
            [
              20.308351177730202,
              29.59100642398286
            ],
            [
              22.942184154175607,
              33.188436830835116
            ],
            [
              25.190578158458237,
              36.6573875802998
            ],
            [
              26.154175588865087,
              38.52034261241971
            ],
            [
              25.319057815845838,
              38.26338329764454
            ],
            [
              22.877944325481792,
              35.50107066381156
            ],
            [
              20.05139186295503,
              32.09635974304069
            ],
            [
              17.80299785867237,
              29.26980728051393
            ],
            [
              17.224839400428266,
              28.113490364025694
            ],
            [
              18.76659528907925,
              29.012847965738757
            ],
            [
              22.042826552462543,
              32.28907922912205
            ],
            [
              25.511777301927197,
              36.14346895074948
            ],
            [
              28.081370449678815,
              38.84154175588864
            ],
            [
              28.65952890792292,
              39.54817987152035
            ],
            [
              26.2184154175589,
              36.27194860813705
            ],
            [
              22.877944325481792,
              31.903640256959306
            ],
            [
              19.53747323340471,
              27.40685224839399
            ],
            [
              17.224839400428266,
              24.19486081370451
            ],
            [
              16.64668094218416,
              22.71734475374734
            ]
          ]
        ]
      }
    }
  ]
}