{
  "type": "FeatureCollection",
  "crs": {
    "type": "name",
    "properties": {
      "name": "urn:ogc:def:crs:OGC:1.3:CRS84"
    }
  },
  "features": [
    {
      "type": "Feature",
      "properties": {
        "timestamp": "2026-07-19T14:22:52.384613",
        "country_name": "Falkland Islands",
        "author": "",
        "author_id": "ef3a1d14-7a04-49e7-8ddd-3590c9dabda0",
        "validated": false,
        "ranking": [
          [
            "Falkland Islands",
            0.3073732554912567
          ],
          [
            "Guinea-Bissau",
            0.07673785835504532
          ],
          [
            "Bangladesh",
            0.07480055093765259
          ],
          [
            "Croatia",
            0.060021620243787766
          ],
          [
            "Greece",
            0.03732888400554657
          ],
          [
            "Ukraine",
            0.02625380828976631
          ],
          [
            "Svalbard",
            0.021657191216945648
          ],
          [
            "Hong Kong",
            0.021169548854231834
          ],
          [
            "Papua New Guinea",
            0.01920928992331028
          ],
          [
            "Iceland",
            0.018013887107372284
          ],
          [
            "Tajikistan",
            0.016501177102327347
          ],
          [
            "Switzerland",
            0.015171675011515617
          ],
          [
            "Uzbekistan",
            0.014873632229864597
          ],
          [
            "Kyrgyzstan",
            0.01480561587959528
          ],
          [
            "Russia",
            0.01187780499458313
          ],
          [
            "Honduras",
            0.011607127264142036
          ],
          [
            "China",
            0.008661873638629913
          ],
          [
            "Estonia",
            0.0083962082862854
          ],
          [
            "Denmark",
            0.007593809626996517
          ],
          [
            "Gabon",
            0.0071098580956459045
          ],
          [
            "Venezuela",
            0.0070291971787810326
          ],
          [
            "France",
            0.006871357560157776
          ],
          [
            "Montenegro",
            0.006685479078441858
          ],
          [
            "Canada",
            0.006590900011360645
          ],
          [
            "Burundi",
            0.00521099753677845
          ],
          [
            "Slovakia",
            0.004887572955340147
          ],
          [
            "Syria",
            0.004760449286550283
          ],
          [
            "Guinea",
            0.004691922105848789
          ],
          [
            "El Salvador",
            0.0040707639418542385
          ],
          [
            "Mongolia",
            0.004028421826660633
          ],
          [
            "Greenland",
            0.004014178644865751
          ],
          [
            "Turkey",
            0.003949871752411127
          ],
          [
            "Burkina Faso",
            0.0039004087448120117
          ],
          [
            "India",
            0.0038973151240497828
          ],
          [
            "Italy",
            0.003858086420223117
          ],
          [
            "Kazakhstan",
            0.0037127702962607145
          ],
          [
            "Jamaica",
            0.00330572878010571
          ],
          [
            "Belgium",
            0.003232066286727786
          ],
          [
            "Panama",
            0.0031757187098264694
          ],
          [
            "Indonesia",
            0.0031500377226620913
          ],
          [
            "Mexico",
            0.0029169840272516012
          ],
          [
            "Slovenia",
            0.0028797518461942673
          ],
          [
            "Brazil",
            0.0028723846189677715
          ],
          [
            "Netherlands",
            0.002843293594196439
          ],
          [
            "New Caledonia",
            0.0027092888485640287
          ],
          [
            "United States of America",
            0.0026704107876867056
          ],
          [
            "Peru",
            0.0026325476355850697
          ],
          [
            "Turkmenistan",
            0.0025726978201419115
          ],
          [
            "Latvia",
            0.002534720581024885
          ],
          [
            "South Georgia Islands",
            0.002505348064005375
          ],
          [
            "Cuba",
            0.0024727240670472383
          ],
          [
            "South Africa",
            0.0024524095933884382
          ],
          [
            "Mozambique",
            0.002414024667814374
          ],
          [
            "Somalia",
            0.002379674231633544
          ],
          [
            "Brunei",
            0.0023758646566420794
          ],
          [
            "Jordan",
            0.0023755203001201153
          ],
          [
            "Fiji",
            0.0023489061277359724
          ],
          [
            "Faroe Islands",
            0.0023418692871928215
          ],
          [
            "Bulgaria",
            0.0022158885840326548
          ],
          [
            "Senegal",
            0.00193640380166471
          ],
          [
            "Kuwait",
            0.0019261414417997003
          ],
          [
            "South Korea",
            0.0016950835706666112
          ],
          [
            "Lithuania",
            0.0016890291590243578
          ],
          [
            "Djibouti",
            0.0016571440501138568
          ],
          [
            "Guadeloupe",
            0.0016474187141284347
          ],
          [
            "Azerbaijan",
            0.001637434819713235
          ],
          [
            "Bhutan",
            0.0016326382756233215
          ],
          [
            "Congo",
            0.0016240662662312388
          ],
          [
            "Costa Rica",
            0.001618345733731985
          ],
          [
            "Guyana",
            0.0015040769940242171
          ],
          [
            "Laos",
            0.0014465063577517867
          ],
          [
            "Spain",
            0.0014399054925888777
          ],
          [
            "Thailand",
            0.0014338978799059987
          ],
          [
            "Rwanda",
            0.00141611706931144
          ],
          [
            "Romania",
            0.0013466601958498359
          ],
          [
            "North Korea",
            0.001335877226665616
          ],
          [
            "Central African Republic",
            0.0013343977043405175
          ],
          [
            "Czech Republic",
            0.0012997426092624664
          ],
          [
            "Georgia",
            0.0012984813656657934
          ],
          [
            "Dominican Republic",
            0.0012550601968541741
          ],
          [
            "Malaysia",
            0.0012420647544786334
          ],
          [
            "Yemen",
            0.0012232399312779307
          ],
          [
            "Puerto Rico",
            0.0012009607162326574
          ],
          [
            "Turks and Caicos Islands",
            0.0011925698490813375
          ],
          [
            "Iran",
            0.0011549724731594324
          ],
          [
            "Benin",
            0.0011314672883599997
          ],
          [
            "Nepal",
            0.00112059130333364
          ],
          [
            "Nigeria",
            0.0011081213597208261
          ],
          [
            "Afghanistan",
            0.0011062672128900886
          ],
          [
            "Saudi Arabia",
            0.0010945305693894625
          ],
          [
            "United Kingdom",
            0.0010909539414569736
          ],
          [
            "Australia",
            0.001072664512321353
          ],
          [
            "Malawi",
            0.0009849014459177852
          ],
          [
            "Gambia",
            0.0009786805603653193
          ],
          [
            "Hungary",
            0.0009670405997894704
          ],
          [
            "Tunisia",
            0.0009449743665754795
          ],
          [
            "Zambia",
            0.0008942213607951999
          ],
          [
            "Kiribati",
            0.0008805189281702042
          ],
          [
            "Myanmar",
            0.0008558424306102097
          ],
          [
            "Vietnam",
            0.0008348902338184416
          ],
          [
            "Moldova",
            0.0007796443533152342
          ],
          [
            "South Sudan",
            0.0007697606924921274
          ],
          [
            "Philippines",
            0.0007541727391071618
          ],
          [
            "Cyprus",
            0.0007092030136846006
          ],
          [
            "Heard and McDonald Islands",
            0.0006962197367101908
          ],
          [
            "North Macedonia",
            0.0006686444976367056
          ],
          [
            "Germany",
            0.0006661329534836113
          ],
          [
            "Cambodia",
            0.0006644148379564285
          ],
          [
            "Liberia",
            0.0006595096783712506
          ],
          [
            "Serbia",
            0.0006575114093720913
          ],
          [
            "Belarus",
            0.0006292761536315084
          ],
          [
            "Timor-Leste",
            0.0006017825799062848
          ],
          [
            "Bahamas",
            0.0005944699514657259
          ],
          [
            "Lesotho",
            0.0005870445747859776
          ],
          [
            "Armenia",
            0.0005841383244842291
          ],
          [
            "Mayotte",
            0.0005731493583880365
          ],
          [
            "Nicaragua",
            0.0005627190694212914
          ],
          [
            "Colombia",
            0.0005311391432769597
          ],
          [
            "Samoa",
            0.00051020149840042
          ],
          [
            "Ireland",
            0.0005070727784186602
          ],
          [
            "Eritrea",
            0.0004961357917636633
          ],
          [
            "Sudan",
            0.0004670268390327692
          ],
          [
            "Madeira Islands",
            0.0004341601161286235
          ],
          [
            "Angola",
            0.00042698095785453916
          ],
          [
            "Sweden",
            0.000423442485043779
          ],
          [
            "Mali",
            0.00041903238161467016
          ],
          [
            "Guatemala",
            0.00041075595072470605
          ],
          [
            "Algeria",
            0.0003926509234588593
          ],
          [
            "Togo",
            0.00038849483826197684
          ],
          [
            "Belize",
            0.0003813296207226813
          ],
          [
            "Ecuador",
            0.00035680222208611667
          ],
          [
            "Ethiopia",
            0.00035647026379592717
          ],
          [
            "Solomon Islands",
            0.00034086525556631386
          ],
          [
            "Botswana",
            0.0003304957936052233
          ],
          [
            "Portugal",
            0.0003300258831586689
          ],
          [
            "Vanuatu",
            0.00031788379419595003
          ],
          [
            "Albania",
            0.0003085234493482858
          ],
          [
            "Western Sahara",
            0.0002869995660148561
          ],
          [
            "Guam",
            0.0002758574264589697
          ],
          [
            "Bosnia & Herzegovina",
            0.0002731422137003392
          ],
          [
            "Austria",
            0.0002651028335094452
          ],
          [
            "DR Congo",
            0.00025337381521239877
          ],
          [
            "French Guiana",
            0.0002499838301446289
          ],
          [
            "Taiwan",
            0.00024938187561929226
          ],
          [
            "Iraq",
            0.0002480673138052225
          ],
          [
            "Sierra Leone",
            0.0002403222897555679
          ],
          [
            "Haiti",
            0.0002381843514740467
          ],
          [
            "Namibia",
            0.00023318795138038695
          ],
          [
            "Bolivia",
            0.0002279191539855674
          ],
          [
            "Uganda",
            0.00021971006935928017
          ],
          [
            "Sri Lanka",
            0.0002176720299758017
          ],
          [
            "Lebanon",
            0.00020621081057470292
          ],
          [
            "Paraguay",
            0.00020416868210304528
          ],
          [
            "Libya",
            0.00019645871361717582
          ],
          [
            "Qatar",
            0.0001959643414011225
          ],
          [
            "Argentina",
            0.00019343172607477754
          ],
          [
            "United Arab Emirates",
            0.00019142922246828675
          ],
          [
            "Israel",
            0.00017752088024280965
          ],
          [
            "Isle of Man",
            0.00016709018382243812
          ],
          [
            "Finland",
            0.00016451255942229182
          ],
          [
            "Mauritania",
            0.00016240624245256186
          ],
          [
            "Luxembourg",
            0.00015466762124560773
          ],
          [
            "Norway",
            0.00015173916472122073
          ],
          [
            "Oman",
            0.00015173859719652683
          ],
          [
            "Suriname",
            0.0001356421853415668
          ],
          [
            "Pakistan",
            0.00013561398372985423
          ],
          [
            "Cape Verde",
            0.00012861071445513517
          ],
          [
            "Egypt",
            0.00012857172987423837
          ],
          [
            "Morocco",
            0.0001261296565644443
          ],
          [
            "Netherlands Antilles",
            0.00012486104969866574
          ],
          [
            "Kenya",
            0.00012422916188370436
          ],
          [
            "Zimbabwe",
            0.00012400237028487027
          ],
          [
            "Niger",
            0.00012302353570703417
          ],
          [
            "Saint Lucia",
            0.00012049157521687448
          ],
          [
            "Côte d'Ivoire",
            0.00011392561282264069
          ],
          [
            "Bahrain",
            0.00011154046660521999
          ],
          [
            "Chad",
            0.00010853393177967519
          ],
          [
            "Martinique",
            0.0001030324274324812
          ],
          [
            "New Zealand",
            0.00010160293459193781
          ],
          [
            "Reunion",
            9.627502004150301e-05
          ],
          [
            "Eswatini",
            9.517715079709888e-05
          ],
          [
            "Dominica",
            9.120596223510802e-05
          ],
          [
            "Tanzania",
            8.287055243272334e-05
          ],
          [
            "West Bank",
            7.305382314370945e-05
          ],
          [
            "Japan",
            7.119593647075817e-05
          ],
          [
            "Madagascar",
            6.965248758206144e-05
          ],
          [
            "Uruguay",
            6.941946048755199e-05
          ],
          [
            "Ghana",
            6.422161095542833e-05
          ],
          [
            "Trinidad and Tobago",
            5.9422363847261295e-05
          ],
          [
            "Antigua & Barbuda",
            5.6789642258081585e-05
          ],
          [
            "Comoros",
            5.284025246510282e-05
          ],
          [
            "Poland",
            5.128021803102456e-05
          ],
          [
            "Cameroon",
            4.602580884238705e-05
          ],
          [
            "Equatorial Guinea",
            4.468910992727615e-05
          ],
          [
            "Chile",
            4.263207665644586e-05
          ],
          [
            "Barbados",
            3.1915216823108494e-05
          ],
          [
            "Palau",
            2.982927435368765e-05
          ],
          [
            "United States Virgin Islands",
            1.548644468130078e-05
          ],
          [
            "Sao Tome and Principe",
            6.612472134293057e-06
          ]
        ]
      },
      "geometry": {
        "type": "MultiLineString",
        "coordinates": [
          [
            [
              44.357512953367916,
              47.07772020725383
            ],
            [
              44.202072538860136,
              47.31088082901556
            ],
            [
              44.12435233160625,
              47.621761658031005
            ],
            [
              44.04663212435236,
              47.85492227979273
            ],
            [
              43.96891191709847,
              48.088082901554344
            ],
            [
              43.89119170984458,
              48.32124352331607
            ],
            [
              43.81347150259069,
              48.55440414507768
            ],
            [
              43.7357512953368,
              48.787564766839296
            ],
            [
              43.7357512953368,
              49.098445595854855
            ],
            [
              43.7357512953368,
              49.409326424870414
            ],
            [
              43.96891191709847,
              49.564766839378194
            ],
            [
              44.202072538860136,
              49.64248704663214
            ],
            [
              44.512953367875696,
              49.64248704663214
            ],
            [
              44.74611398963731,
              49.564766839378194
            ],
            [
              44.97927461139898,
              49.409326424870414
            ],
            [
              45.21243523316065,
              49.253886010362635
            ],
            [
              45.36787564766843,
              49.02072538860102
            ],
            [
              45.52331606217621,
              48.787564766839296
            ],
            [
              45.678756476683986,
              48.55440414507768
            ],
            [
              45.83419689119171,
              48.32124352331607
            ],
            [
              46.14507772020727,
              48.01036269430051
            ],
            [
              46.37823834196894,
              47.85492227979273
            ],
            [
              46.61139896373061,
              47.69948186528495
            ],
            [
              46.84455958549222,
              47.621761658031005
            ],
            [
              47.15544041450778,
              47.621761658031005
            ],
            [
              47.46632124352334,
              47.621761658031005
            ],
            [
              47.69948186528501,
              47.69948186528495
            ],
            [
              48.01036269430051,
              47.69948186528495
            ],
            [
              48.32124352331607,
              47.69948186528495
            ],
            [
              48.63212435233163,
              47.69948186528495
            ],
            [
              48.94300518134719,
              47.69948186528495
            ],
            [
              49.1761658031088,
              47.85492227979273
            ],
            [
              49.40932642487047,
              47.932642487046564
            ],
            [
              49.72020725388603,
              48.01036269430051
            ],
            [
              50.03108808290159,
              48.01036269430051
            ],
            [
              50.26424870466326,
              48.088082901554344
            ],
            [
              50.49740932642487,
              48.16580310880829
            ],
            [
              50.88601036269432,
              48.16580310880829
            ],
            [
              51.11917098445599,
              48.243523316062124
            ],
            [
              51.43005181347155,
              48.243523316062124
            ],
            [
              51.74093264248705,
              48.243523316062124
            ],
            [
              52.05181347150261,
              48.243523316062124
            ],
            [
              52.36269430051817,
              48.243523316062124
            ],
            [
              52.673575129533674,
              48.243523316062124
            ],
            [
              52.906735751295344,
              48.16580310880829
            ],
            [
              53.2176165803109,
              48.16580310880829
            ],
            [
              53.45077720207257,
              48.088082901554344
            ],
            [
              53.76165803108813,
              48.01036269430051
            ],
            [
              54.150259067357524,
              47.932642487046564
            ],
            [
              54.46113989637308,
              47.85492227979273
            ],
            [
              54.84974093264253,
              47.85492227979273
            ],
            [
              55.082901554404145,
              47.777202072538785
            ],
            [
              55.316062176165815,
              47.54404145077717
            ],
            [
              55.549222797927484,
              47.31088082901556
            ],
            [
              55.782383419689154,
              47.07772020725383
            ],
            [
              55.937823834196934,
              46.84455958549222
            ],
            [
              56.01554404145082,
              46.611398963730494
            ],
            [
              56.170984455958546,
              46.37823834196888
            ],
            [
              56.170984455958546,
              46.06735751295332
            ],
            [
              56.170984455958546,
              45.75647668393776
            ],
            [
              56.481865284974106,
              45.75647668393776
            ],
            [
              56.792746113989665,
              45.75647668393776
            ],
            [
              57.181347150259114,
              45.75647668393776
            ],
            [
              57.49222797927462,
              45.75647668393776
            ],
            [
              57.803108808290176,
              45.75647668393776
            ],
            [
              58.036269430051846,
              45.67875647668393
            ],
            [
              58.269430051813515,
              45.52331606217615
            ],
            [
              58.50259067357513,
              45.36787564766837
            ],
            [
              58.7357512953368,
              45.21243523316059
            ],
            [
              58.96891191709847,
              45.05699481865281
            ],
            [
              59.04663212435236,
              44.8238341968912
            ],
            [
              59.202072538860136,
              44.59067357512947
            ],
            [
              59.279792746114026,
              44.35751295336786
            ],
            [
              59.357512953367916,
              44.12435233160613
            ],
            [
              59.435233160621806,
              43.81347150259069
            ],
            [
              59.512953367875696,
              43.58031088082896
            ],
            [
              59.590673575129586,
              43.34715025906735
            ],
            [
              59.66839378238342,
              43.11398963730562
            ],
            [
              59.74611398963731,
              42.88082901554401
            ],
            [
              59.90155440414509,
              42.647668393782396
            ],
            [
              60.05699481865287,
              42.41450777202067
            ],
            [
              60.13471502590676,
              42.18134715025906
            ],
            [
              60.29015544041454,
              41.94818652849733
            ],
            [
              60.44559585492232,
              41.71502590673572
            ],
            [
              60.6010362694301,
              41.481865284974106
            ],
            [
              60.83419689119171,
              41.40414507772016
            ],
            [
              61.06735751295338,
              41.24870466321238
            ],
            [
              61.30051813471505,
              41.0932642487046
            ],
            [
              61.53367875647672,
              40.93782383419682
            ],
            [
              61.6891191709845,
              40.70466321243521
            ],
            [
              61.84455958549222,
              40.47150259067348
            ],
            [
              62.0,
              40.23834196891187
            ],
            [
              61.92227979274617,
              40.005181347150256
            ],
            [
              61.61139896373061,
              40.005181347150256
            ],
            [
              61.30051813471505,
              40.005181347150256
            ],
            [
              60.98963730569949,
              40.005181347150256
            ],
            [
              60.67875647668393,
              40.005181347150256
            ],
            [
              60.36787564766843,
              39.92746113989631
            ],
            [
              60.05699481865287,
              39.92746113989631
            ],
            [
              59.74611398963731,
              39.92746113989631
            ],
            [
              59.512953367875696,
              40.005181347150256
            ],
            [
              59.279792746114026,
              40.08290155440409
            ],
            [
              58.96891191709847,
              40.08290155440409
            ],
            [
              58.7357512953368,
              40.160621761658035
            ],
            [
              58.424870466321295,
              40.23834196891187
            ],
            [
              58.113989637305735,
              40.23834196891187
            ],
            [
              57.803108808290176,
              40.23834196891187
            ],
            [
              57.49222797927462,
              40.23834196891187
            ],
            [
              57.181347150259114,
              40.23834196891187
            ],
            [
              56.870466321243555,
              40.23834196891187
            ],
            [
              56.637305699481885,
              40.160621761658035
            ],
            [
              56.404145077720216,
              40.005181347150256
            ],
            [
              56.170984455958546,
              39.92746113989631
            ],
            [
              55.937823834196934,
              39.849740932642476
            ],
            [
              55.626943005181374,
              39.849740932642476
            ],
            [
              55.393782383419705,
              39.694300518134696
            ],
            [
              55.160621761658035,
              39.53886010362692
            ],
            [
              55.005181347150256,
              39.305699481865304
            ],
            [
              54.77202072538864,
              39.150259067357524
            ],
            [
              54.53886010362697,
              39.07253886010358
            ],
            [
              54.227979274611414,
              39.07253886010358
            ],
            [
              53.917098445595855,
              39.07253886010358
            ],
            [
              53.60621761658035,
              39.07253886010358
            ],
            [
              53.29533678756479,
              39.150259067357524
            ],
            [
              53.06217616580312,
              39.22797927461136
            ],
            [
              52.751295336787564,
              39.305699481865304
            ],
            [
              52.51813471502595,
              39.38341968911914
            ],
            [
              52.20725388601039,
              39.38341968911914
            ],
            [
              51.89637305699483,
              39.38341968911914
            ],
            [
              51.58549222797933,
              39.38341968911914
            ],
            [
              51.27461139896377,
              39.38341968911914
            ],
            [
              50.96373056994821,
              39.38341968911914
            ],
            [
              50.65284974093265,
              39.38341968911914
            ],
            [
              50.41968911917104,
              39.305699481865304
            ],
            [
              50.34196891191709,
              39.07253886010358
            ],
            [
              50.10880829015548,
              38.839378238341965
            ],
            [
              49.9533678756477,
              38.60621761658024
            ],
            [
              49.79792746113992,
              38.373056994818626
            ],
            [
              49.72020725388603,
              38.1398963730569
            ],
            [
              49.64248704663214,
              37.90673575129529
            ],
            [
              49.56476683937825,
              37.673575129533674
            ],
            [
              49.33160621761658,
              37.518134715025894
            ],
            [
              49.09844559585497,
              37.44041450777195
            ],
            [
              48.8652849740933,
              37.28497409326417
            ],
            [
              48.63212435233163,
              37.207253886010335
            ],
            [
              48.24352331606218,
              37.207253886010335
            ],
            [
              47.93264248704668,
              37.12953367875639
            ],
            [
              47.62176165803112,
              37.12953367875639
            ],
            [
              47.62176165803112,
              36.81865284974094
            ],
            [
              47.85492227979279,
              36.66321243523316
            ],
            [
              48.08808290155446,
              36.50777202072538
            ],
            [
              48.32124352331607,
              36.43005181347144
            ],
            [
              48.63212435233163,
              36.352331606217604
            ],
            [
              48.8652849740933,
              36.27461139896366
            ],
            [
              49.1761658031088,
              36.196891191709824
            ],
            [
              49.48704663212436,
              36.11917098445588
            ],
            [
              49.79792746113992,
              36.11917098445588
            ],
            [
              50.10880829015548,
              36.11917098445588
            ],
            [
              50.41968911917104,
              36.11917098445588
            ],
            [
              50.65284974093265,
              36.041450777202044
            ],
            [
              50.96373056994821,
              35.9637305699481
            ],
            [
              51.35233160621766,
              35.9637305699481
            ],
            [
              51.58549222797933,
              35.886010362694265
            ],
            [
              51.89637305699483,
              35.886010362694265
            ],
            [
              52.28497409326428,
              35.80829015544032
            ],
            [
              52.59585492227984,
              35.80829015544032
            ],
            [
              52.906735751295344,
              35.80829015544032
            ],
            [
              53.2176165803109,
              35.80829015544032
            ],
            [
              53.52849740932646,
              35.80829015544032
            ],
            [
              53.839378238341965,
              35.80829015544032
            ],
            [
              54.150259067357524,
              35.80829015544032
            ],
            [
              54.46113989637308,
              35.730569948186485
            ],
            [
              54.77202072538864,
              35.65284974093265
            ],
            [
              55.082901554404145,
              35.65284974093265
            ],
            [
              55.316062176165815,
              35.575129533678705
            ],
            [
              55.549222797927484,
              35.419689119170926
            ],
            [
              55.704663212435264,
              35.18652849740931
            ],
            [
              55.937823834196934,
              35.108808290155366
            ],
            [
              56.01554404145082,
              34.87564766839375
            ],
            [
              55.937823834196934,
              34.64248704663214
            ],
            [
              55.860103626943044,
              34.409326424870414
            ],
            [
              55.704663212435264,
              34.1761658031088
            ],
            [
              55.471502590673595,
              33.943005181347075
            ],
            [
              55.393782383419705,
              33.70984455958546
            ],
            [
              55.238341968911925,
              33.47668393782385
            ],
            [
              55.160621761658035,
              33.243523316062124
            ],
            [
              55.005181347150256,
              33.01036269430051
            ],
            [
              54.77202072538864,
              32.85492227979273
            ],
            [
              54.53886010362697,
              32.69948186528495
            ],
            [
              54.305699481865304,
              32.621761658031005
            ],
            [
              54.072538860103634,
              32.54404145077717
            ],
            [
              53.839378238341965,
              32.38860103626939
            ],
            [
              53.60621761658035,
              32.23316062176161
            ],
            [
              53.37305699481868,
              32.15544041450778
            ],
            [
              53.13989637305701,
              32.0
            ],
            [
              52.906735751295344,
              31.922279792746053
            ],
            [
              52.673575129533674,
              31.766839378238274
            ],
            [
              52.44041450777206,
              31.68911917098444
            ],
            [
              52.20725388601039,
              31.611398963730494
            ],
            [
              51.97409326424872,
              31.53367875647666
            ],
            [
              51.66321243523316,
              31.53367875647666
            ],
            [
              51.35233160621766,
              31.53367875647666
            ],
            [
              51.11917098445599,
              31.611398963730494
            ],
            [
              50.80829015544043,
              31.611398963730494
            ],
            [
              50.49740932642487,
              31.611398963730494
            ],
            [
              50.18652849740937,
              31.611398963730494
            ],
            [
              49.87564766839381,
              31.611398963730494
            ],
            [
              49.56476683937825,
              31.611398963730494
            ],
            [
              49.25388601036275,
              31.68911917098444
            ],
            [
              48.94300518134719,
              31.68911917098444
            ],
            [
              48.63212435233163,
              31.766839378238274
            ],
            [
              48.24352331606218,
              31.766839378238274
            ],
            [
              48.01036269430051,
              31.84455958549222
            ],
            [
              47.69948186528501,
              31.84455958549222
            ],
            [
              47.46632124352334,
              31.68911917098444
            ],
            [
              47.62176165803112,
              31.455958549222714
            ],
            [
              47.85492227979279,
              31.37823834196888
            ],
            [
              48.08808290155446,
              31.2227979274611
            ],
            [
              48.32124352331607,
              31.067357512953322
            ],
            [
              48.55440414507774,
              30.911917098445542
            ],
            [
              48.78756476683941,
              30.67875647668393
            ],
            [
              49.02072538860108,
              30.52331606217615
            ],
            [
              49.25388601036275,
              30.36787564766837
            ],
            [
              49.25388601036275,
              30.05699481865281
            ],
            [
              49.1761658031088,
              29.823834196891198
            ],
            [
              48.94300518134719,
              29.66839378238342
            ],
            [
              48.70984455958552,
              29.51295336787564
            ],
            [
              48.47668393782385,
              29.35751295336786
            ],
            [
              48.32124352331607,
              29.124352331606133
            ],
            [
              48.08808290155446,
              29.0466321243523
            ],
            [
              47.85492227979279,
              28.89119170984452
            ],
            [
              47.93264248704668,
              28.658031088082907
            ],
            [
              48.01036269430051,
              28.42487046632118
            ],
            [
              48.16580310880829,
              28.19170984455957
            ],
            [
              48.24352331606218,
              27.958549222797842
            ],
            [
              48.39896373056996,
              27.72538860103623
            ],
            [
              48.39896373056996,
              27.41450777202067
            ],
            [
              48.32124352331607,
              27.181347150259057
            ],
            [
              48.08808290155446,
              26.94818652849733
            ],
            [
              47.85492227979279,
              26.79274611398955
            ],
            [
              47.62176165803112,
              26.71502590673572
            ],
            [
              47.38860103626945,
              26.637305699481885
            ],
            [
              47.15544041450778,
              26.481865284974106
            ],
            [
              46.84455958549222,
              26.481865284974106
            ],
            [
              46.61139896373061,
              26.40414507772016
            ],
            [
              46.30051813471505,
              26.40414507772016
            ],
            [
              46.06735751295338,
              26.326424870466326
            ],
            [
              45.756476683937876,
              26.326424870466326
            ],
            [
              45.44559585492232,
              26.326424870466326
            ],
            [
              45.13471502590676,
              26.326424870466326
            ],
            [
              44.8238341968912,
              26.326424870466326
            ],
            [
              44.590673575129586,
              26.40414507772016
            ],
            [
              44.357512953367916,
              26.55958549222794
            ],
            [
              44.202072538860136,
              26.79274611398955
            ],
            [
              43.96891191709847,
              26.94818652849733
            ],
            [
              43.96891191709847,
              27.25906735751289
            ],
            [
              43.89119170984458,
              27.492227979274617
            ],
            [
              43.81347150259069,
              27.72538860103623
            ],
            [
              43.81347150259069,
              28.03626943005179
            ],
            [
              43.65803108808291,
              28.2694300518134
            ],
            [
              43.347150259067405,
              28.347150259067348
            ],
            [
              42.958549222797956,
              28.347150259067348
            ],
            [
              42.647668393782396,
              28.347150259067348
            ],
            [
              42.33678756476684,
              28.347150259067348
            ],
            [
              42.025906735751335,
              28.347150259067348
            ],
            [
              41.715025906735775,
              28.2694300518134
            ],
            [
              41.481865284974106,
              28.11398963730562
            ],
            [
              41.248704663212436,
              28.03626943005179
            ],
            [
              41.01554404145082,
              27.958549222797842
            ],
            [
              40.860103626943044,
              27.72538860103623
            ],
            [
              40.549222797927484,
              27.72538860103623
            ],
            [
              40.316062176165815,
              27.647668393782396
            ],
            [
              40.082901554404145,
              27.56994818652845
            ],
            [
              39.77202072538864,
              27.56994818652845
            ],
            [
              39.53886010362697,
              27.492227979274617
            ],
            [
              39.227979274611414,
              27.492227979274617
            ],
            [
              38.917098445595855,
              27.492227979274617
            ],
            [
              38.60621761658035,
              27.492227979274617
            ],
            [
              38.37305699481868,
              27.56994818652845
            ],
            [
              38.13989637305701,
              27.647668393782396
            ],
            [
              37.906735751295344,
              27.72538860103623
            ],
            [
              37.673575129533674,
              27.88082901554401
            ],
            [
              37.44041450777206,
              27.958549222797842
            ],
            [
              37.20725388601039,
              28.03626943005179
            ],
            [
              36.97409326424872,
              28.19170984455957
            ],
            [
              36.74093264248705,
              28.2694300518134
            ],
            [
              36.50777202072538,
              28.42487046632118
            ],
            [
              36.27461139896377,
              28.58031088082896
            ],
            [
              36.0414507772021,
              28.73575129533674
            ],
            [
              35.80829015544043,
              28.813471502590687
            ],
            [
              35.57512953367876,
              28.968911917098467
            ],
            [
              35.34196891191709,
              29.0466321243523
            ],
            [
              35.10880829015548,
              29.20207253886008
            ],
            [
              34.87564766839381,
              29.35751295336786
            ],
            [
              34.64248704663214,
              29.51295336787564
            ],
            [
              34.40932642487047,
              29.590673575129472
            ],
            [
              34.1761658031088,
              29.66839378238342
            ],
            [
              33.94300518134719,
              29.823834196891198
            ],
            [
              33.70984455958552,
              29.90155440414503
            ],
            [
              33.47668393782385,
              30.05699481865281
            ],
            [
              33.24352331606218,
              30.134715025906644
            ],
            [
              33.01036269430051,
              30.21243523316059
            ],
            [
              32.7772020725389,
              30.290155440414424
            ],
            [
              32.54404145077723,
              30.445595854922203
            ],
            [
              32.31088082901556,
              30.52331606217615
            ],
            [
              32.07772020725389,
              30.67875647668393
            ],
            [
              31.84455958549222,
              30.756476683937763
            ],
            [
              31.84455958549222,
              30.445595854922203
            ],
            [
              31.766839378238387,
              30.21243523316059
            ],
            [
              31.689119170984497,
              29.979274611398978
            ],
            [
              31.455958549222828,
              29.823834196891198
            ],
            [
              31.689119170984497,
              29.74611398963725
            ],
            [
              32.0,
              29.74611398963725
            ],
            [
              32.31088082901556,
              29.74611398963725
            ],
            [
              32.62176165803112,
              29.74611398963725
            ],
            [
              32.85492227979279,
              29.590673575129472
            ],
            [
              33.08808290155446,
              29.435233160621692
            ],
            [
              33.32124352331607,
              29.279792746113912
            ],
            [
              33.55440414507774,
              29.124352331606133
            ],
            [
              33.78756476683941,
              29.0466321243523
            ],
            [
              34.02072538860108,
              28.89119170984452
            ],
            [
              34.25388601036275,
              28.813471502590687
            ],
            [
              34.48704663212436,
              28.658031088082907
            ],
            [
              34.72020725388603,
              28.502590673575128
            ],
            [
              34.9533678756477,
              28.347150259067348
            ],
            [
              35.03108808290159,
              28.11398963730562
            ],
            [
              35.26424870466326,
              28.03626943005179
            ],
            [
              35.49740932642487,
              27.958549222797842
            ],
            [
              35.73056994818654,
              27.803108808290062
            ],
            [
              35.96373056994821,
              27.72538860103623
            ],
            [
              36.19689119170988,
              27.56994818652845
            ],
            [
              36.43005181347155,
              27.492227979274617
            ],
            [
              36.66321243523316,
              27.41450777202067
            ],
            [
              36.89637305699483,
              27.336787564766837
            ],
            [
              37.1295336787565,
              27.181347150259057
            ],
            [
              37.36269430051817,
              27.10362694300511
            ],
            [
              37.59585492227984,
              27.025906735751278
            ],
            [
              37.906735751295344,
              26.94818652849733
            ],
            [
              38.2176165803109,
              26.94818652849733
            ],
            [
              38.52849740932646,
              26.94818652849733
            ],
            [
              38.76165803108813,
              26.870466321243498
            ],
            [
              39.072538860103634,
              26.79274611398955
            ],
            [
              39.383419689119194,
              26.79274611398955
            ],
            [
              39.69430051813475,
              26.79274611398955
            ],
            [
              39.92746113989642,
              26.71502590673572
            ],
            [
              40.238341968911925,
              26.71502590673572
            ],
            [
              40.471502590673595,
              26.79274611398955
            ],
            [
              40.782383419689154,
              26.79274611398955
            ],
            [
              41.09326424870471,
              26.79274611398955
            ],
            [
              41.404145077720216,
              26.79274611398955
            ],
            [
              41.715025906735775,
              26.71502590673572
            ],
            [
              42.025906735751335,
              26.71502590673572
            ],
            [
              42.33678756476684,
              26.71502590673572
            ],
            [
              42.56994818652851,
              26.637305699481885
            ],
            [
              42.880829015544066,
              26.637305699481885
            ],
            [
              43.113989637305735,
              26.55958549222794
            ],
            [
              43.347150259067405,
              26.481865284974106
            ],
            [
              43.58031088082902,
              26.40414507772016
            ],
            [
              43.81347150259069,
              26.24870466321238
            ],
            [
              44.04663212435236,
              26.170984455958546
            ],
            [
              44.279792746114026,
              26.015544041450767
            ],
            [
              44.512953367875696,
              25.78238341968904
            ],
            [
              44.66839378238342,
              25.549222797927428
            ],
            [
              44.66839378238342,
              25.238341968911868
            ],
            [
              44.435233160621806,
              25.08290155440409
            ],
            [
              44.279792746114026,
              24.849740932642476
            ],
            [
              44.04663212435236,
              24.61658031088075
            ],
            [
              43.96891191709847,
              24.383419689119137
            ],
            [
              44.04663212435236,
              24.150259067357524
            ],
            [
              44.279792746114026,
              23.994818652849744
            ],
            [
              44.357512953367916,
              23.761658031088018
            ],
            [
              44.512953367875696,
              23.528497409326405
            ],
            [
              44.590673575129586,
              23.29533678756468
            ],
            [
              44.74611398963731,
              23.062176165803066
            ],
            [
              44.8238341968912,
              22.829015544041454
            ],
            [
              44.97927461139898,
              22.595854922279727
            ],
            [
              45.13471502590676,
              22.362694300518115
            ],
            [
              45.13471502590676,
              22.051813471502555
            ],
            [
              44.97927461139898,
              21.818652849740943
            ],
            [
              44.74611398963731,
              21.585492227979216
            ],
            [
              44.590673575129586,
              21.352331606217604
            ],
            [
              44.512953367875696,
              21.119170984455877
            ],
            [
              44.435233160621806,
              20.886010362694265
            ],
            [
              44.202072538860136,
              20.730569948186485
            ],
            [
              44.12435233160625,
              20.497409326424872
            ],
            [
              43.96891191709847,
              20.264248704663146
            ],
            [
              43.89119170984458,
              20.031088082901533
            ],
            [
              43.81347150259069,
              19.797927461139807
            ],
            [
              43.7357512953368,
              19.564766839378194
            ],
            [
              43.7357512953368,
              19.253886010362635
            ],
            [
              43.7357512953368,
              18.943005181347075
            ],
            [
              43.7357512953368,
              18.63212435233163
            ],
            [
              43.81347150259069,
              18.398963730569903
            ],
            [
              43.81347150259069,
              18.088082901554344
            ],
            [
              43.7357512953368,
              17.85492227979273
            ],
            [
              43.50259067357513,
              17.777202072538785
            ],
            [
              43.191709844559625,
              17.777202072538785
            ],
            [
              42.958549222797956,
              17.85492227979273
            ],
            [
              42.725388601036286,
              18.088082901554344
            ],
            [
              42.647668393782396,
              18.32124352331607
            ],
            [
              42.49222797927462,
              18.554404145077683
            ],
            [
              42.41450777202073,
              18.787564766839296
            ],
            [
              42.33678756476684,
              19.020725388601022
            ],
            [
              42.33678756476684,
              19.33160621761658
            ],
            [
              42.33678756476684,
              19.64248704663214
            ],
            [
              42.41450777202073,
              19.953367875647587
            ],
            [
              42.49222797927462,
              20.186528497409313
            ],
            [
              42.56994818652851,
              20.419689119170926
            ],
            [
              42.49222797927462,
              20.730569948186485
            ],
            [
              42.33678756476684,
              20.963730569948098
            ],
            [
              42.103626943005224,
              21.119170984455877
            ],
            [
              41.870466321243555,
              21.274611398963657
            ],
            [
              41.637305699481885,
              21.507772020725383
            ],
            [
              41.404145077720216,
              21.663212435233163
            ],
            [
              41.170984455958546,
              21.818652849740943
            ],
            [
              40.937823834196934,
              21.974093264248722
            ],
            [
              40.704663212435264,
              22.12953367875639
            ],
            [
              40.471502590673595,
              22.284974093264168
            ],
            [
              40.238341968911925,
              22.440414507771948
            ],
            [
              40.005181347150256,
              22.518134715025894
            ],
            [
              39.77202072538864,
              22.673575129533674
            ],
            [
              39.53886010362697,
              22.751295336787507
            ],
            [
              39.305699481865304,
              22.829015544041454
            ],
            [
              39.072538860103634,
              22.906735751295287
            ],
            [
              38.839378238341965,
              22.984455958549233
            ],
            [
              38.52849740932646,
              22.984455958549233
            ],
            [
              38.2176165803109,
              22.984455958549233
            ],
            [
              37.98445595854923,
              23.062176165803066
            ],
            [
              37.673575129533674,
              23.062176165803066
            ],
            [
              37.36269430051817,
              23.062176165803066
            ],
            [
              37.05181347150261,
              23.062176165803066
            ],
            [
              36.81865284974094,
              22.906735751295287
            ],
            [
              36.58549222797933,
              22.751295336787507
            ],
            [
              36.43005181347155,
              22.518134715025894
            ],
            [
              36.27461139896377,
              22.284974093264168
            ],
            [
              36.11917098445599,
              22.051813471502555
            ],
            [
              36.0414507772021,
              21.818652849740943
            ],
            [
              35.96373056994821,
              21.585492227979216
            ],
            [
              35.73056994818654,
              21.663212435233163
            ],
            [
              35.73056994818654,
              21.974093264248722
            ],
            [
              35.65284974093265,
              22.207253886010335
            ],
            [
              35.65284974093265,
              22.518134715025894
            ],
            [
              35.65284974093265,
              22.829015544041454
            ],
            [
              35.65284974093265,
              23.1398963730569
            ],
            [
              35.57512953367876,
              23.373056994818626
            ],
            [
              35.49740932642487,
              23.683937823834185
            ],
            [
              35.41968911917104,
              23.917098445595798
            ],
            [
              35.34196891191709,
              24.150259067357524
            ],
            [
              35.26424870466326,
              24.383419689119137
            ],
            [
              35.10880829015548,
              24.61658031088075
            ],
            [
              34.9533678756477,
              24.849740932642476
            ],
            [
              34.79792746113992,
              25.08290155440409
            ],
            [
              34.64248704663214,
              25.316062176165815
            ],
            [
              34.48704663212436,
              25.549222797927428
            ],
            [
              34.33160621761658,
              25.78238341968904
            ],
            [
              34.09844559585497,
              25.93782383419682
            ],
            [
              33.8652849740933,
              26.0932642487046
            ],
            [
              33.63212435233163,
              26.24870466321238
            ],
            [
              33.39896373056996,
              26.40414507772016
            ],
            [
              33.16580310880829,
              26.481865284974106
            ],
            [
              32.93264248704668,
              26.637305699481885
            ],
            [
              32.69948186528501,
              26.71502590673572
            ],
            [
              32.46632124352334,
              26.79274611398955
            ],
            [
              32.23316062176167,
              26.870466321243498
            ],
            [
              32.0,
              26.94818652849733
            ],
            [
              31.689119170984497,
              26.94818652849733
            ],
            [
              31.455958549222828,
              27.025906735751278
            ],
            [
              31.14507772020727,
              27.025906735751278
            ],
            [
              30.83419689119171,
              27.025906735751278
            ],
            [
              30.523316062176207,
              27.025906735751278
            ],
            [
              30.445595854922317,
              26.79274611398955
            ],
            [
              30.445595854922317,
              26.71502590673572
            ],
            [
              30.367875647668427,
              26.481865284974106
            ],
            [
              30.212435233160647,
              26.24870466321238
            ],
            [
              30.134715025906758,
              26.015544041450767
            ],
            [
              30.134715025906758,
              25.704663212435207
            ],
            [
              30.290155440414537,
              25.47150259067348
            ],
            [
              30.367875647668427,
              25.238341968911868
            ],
            [
              30.523316062176207,
              25.005181347150256
            ]
          ],
          [
            [
              30.523316062176207,
              25.316062176165815
            ],
            [
              30.523316062176207,
              25.005181347150256
            ],
            [
              30.678756476683986,
              24.77202072538853
            ],
            [
              30.9119170984456,
              24.538860103626916
            ],
            [
              31.14507772020727,
              24.383419689119137
            ],
            [
              31.14507772020727,
              24.072538860103577
            ],
            [
              31.22279792746116,
              23.839378238341965
            ],
            [
              31.30051813471505,
              23.60621761658024
            ],
            [
              31.30051813471505,
              23.29533678756468
            ],
            [
              31.30051813471505,
              22.984455958549233
            ],
            [
              31.378238341968938,
              22.751295336787507
            ],
            [
              31.455958549222828,
              22.518134715025894
            ],
            [
              31.689119170984497,
              22.440414507771948
            ],
            [
              31.922279792746167,
              22.362694300518115
            ],
            [
              32.15544041450778,
              22.284974093264168
            ],
            [
              32.38860103626945,
              22.12953367875639
            ],
            [
              32.62176165803112,
              21.974093264248722
            ],
            [
              32.85492227979279,
              21.818652849740943
            ],
            [
              33.08808290155446,
              21.585492227979216
            ],
            [
              33.32124352331607,
              21.430051813471437
            ],
            [
              33.55440414507774,
              21.352331606217604
            ],
            [
              33.39896373056996,
              21.119170984455877
            ],
            [
              33.16580310880829,
              20.963730569948098
            ],
            [
              32.93264248704668,
              20.886010362694265
            ],
            [
              32.69948186528501,
              20.652849740932652
            ],
            [
              32.69948186528501,
              20.341968911917093
            ],
            [
              32.85492227979279,
              20.108808290155366
            ],
            [
              33.08808290155446,
              20.031088082901533
            ],
            [
              33.32124352331607,
              19.797927461139807
            ],
            [
              33.55440414507774,
              19.720207253885974
            ],
            [
              33.78756476683941,
              19.64248704663214
            ],
            [
              34.02072538860108,
              19.564766839378194
            ],
            [
              34.25388601036275,
              19.48704663212436
            ],
            [
              34.48704663212436,
              19.409326424870414
            ],
            [
              34.79792746113992,
              19.409326424870414
            ],
            [
              35.03108808290159,
              19.48704663212436
            ],
            [
              35.34196891191709,
              19.48704663212436
            ],
            [
              35.57512953367876,
              19.409326424870414
            ],
            [
              35.65284974093265,
              19.176165803108802
            ],
            [
              35.57512953367876,
              18.865284974093242
            ],
            [
              35.34196891191709,
              18.709844559585463
            ],
            [
              35.26424870466326,
              18.47668393782385
            ],
            [
              35.18652849740937,
              18.243523316062124
            ],
            [
              35.18652849740937,
              17.932642487046564
            ],
            [
              35.26424870466326,
              17.69948186528495
            ],
            [
              35.34196891191709,
              17.466321243523225
            ],
            [
              35.57512953367876,
              17.388601036269392
            ],
            [
              35.73056994818654,
              17.15544041450778
            ],
            [
              35.88601036269432,
              16.922279792746053
            ],
            [
              36.11917098445599,
              16.766839378238274
            ],
            [
              36.27461139896377,
              16.53367875647666
            ],
            [
              36.19689119170988,
              16.30051813471505
            ],
            [
              36.0414507772021,
              16.067357512953322
            ],
            [
              35.96373056994821,
              15.83419689119171
            ],
            [
              35.88601036269432,
              15.601036269429983
            ],
            [
              35.80829015544043,
              15.36787564766837
            ],
            [
              35.73056994818654,
              15.134715025906644
            ],
            [
              35.80829015544043,
              14.901554404145031
            ],
            [
              36.0414507772021,
              14.823834196891198
            ],
            [
              36.27461139896377,
              14.668393782383419
            ],
            [
              36.50777202072538,
              14.512953367875639
            ],
            [
              36.74093264248705,
              14.35751295336786
            ],
            [
              36.97409326424872,
              14.279792746113912
            ],
            [
              37.20725388601039,
              14.20207253886008
            ],
            [
              37.44041450777206,
              14.124352331606133
            ],
            [
              37.673575129533674,
              13.968911917098467
            ],
            [
              37.906735751295344,
              13.89119170984452
            ],
            [
              38.13989637305701,
              13.813471502590687
            ],
            [
              38.37305699481868,
              13.89119170984452
            ],
            [
              38.60621761658035,
              14.124352331606133
            ],
            [
              38.839378238341965,
              14.279792746113912
            ],
            [
              38.994818652849744,
              14.512953367875639
            ],
            [
              39.227979274611414,
              14.668393782383419
            ],
            [
              39.383419689119194,
              14.979274611398978
            ],
            [
              39.61658031088086,
              15.134715025906644
            ],
            [
              39.77202072538864,
              15.36787564766837
            ],
            [
              39.92746113989642,
              15.601036269429983
            ],
            [
              40.160621761658035,
              15.756476683937763
            ],
            [
              40.471502590673595,
              15.756476683937763
            ],
            [
              40.860103626943044,
              15.756476683937763
            ],
            [
              41.170984455958546,
              15.67875647668393
            ],
            [
              41.481865284974106,
              15.601036269429983
            ],
            [
              41.792746113989665,
              15.445595854922203
            ],
            [
              42.025906735751335,
              15.36787564766837
            ],
            [
              42.181347150259114,
              15.134715025906644
            ],
            [
              42.103626943005224,
              14.901554404145031
            ],
            [
              41.870466321243555,
              14.823834196891198
            ],
            [
              41.637305699481885,
              14.668393782383419
            ],
            [
              41.559585492227995,
              14.435233160621692
            ],
            [
              41.326424870466326,
              14.279792746113912
            ],
            [
              41.09326424870471,
              14.124352331606133
            ],
            [
              40.860103626943044,
              13.968911917098467
            ],
            [
              40.704663212435264,
              13.73575129533674
            ],
            [
              40.549222797927484,
              13.502590673575128
            ],
            [
              40.393782383419705,
              13.269430051813401
            ],
            [
              40.238341968911925,
              13.036269430051789
            ],
            [
              40.082901554404145,
              12.803108808290062
            ],
            [
              39.92746113989642,
              12.56994818652845
            ],
            [
              39.69430051813475,
              12.336787564766837
            ],
            [
              39.46113989637308,
              12.181347150259057
            ],
            [
              39.227979274611414,
              12.025906735751278
            ],
            [
              38.994818652849744,
              11.948186528497331
            ],
            [
              38.76165803108813,
              11.870466321243498
            ],
            [
              38.52849740932646,
              11.715025906735718
            ],
            [
              38.29533678756479,
              11.637305699481885
            ],
            [
              38.06217616580312,
              11.481865284974106
            ],
            [
              37.829015544041454,
              11.404145077720159
            ],
            [
              37.59585492227984,
              11.326424870466326
            ],
            [
              37.36269430051817,
              11.24870466321238
            ],
            [
              37.1295336787565,
              11.170984455958546
            ],
            [
              36.81865284974094,
              11.170984455958546
            ],
            [
              36.50777202072538,
              11.170984455958546
            ],
            [
              36.19689119170988,
              11.170984455958546
            ],
            [
              35.88601036269432,
              11.170984455958546
            ],
            [
              35.57512953367876,
              11.170984455958546
            ],
            [
              35.34196891191709,
              11.24870466321238
            ],
            [
              35.03108808290159,
              11.24870466321238
            ],
            [
              34.79792746113992,
              11.404145077720159
            ],
            [
              34.64248704663214,
              11.637305699481885
            ],
            [
              34.40932642487047,
              11.792746113989551
            ],
            [
              34.25388601036275,
              12.025906735751278
            ],
            [
              34.02072538860108,
              12.25906735751289
            ],
            [
              33.8652849740933,
              12.492227979274617
            ],
            [
              33.70984455958552,
              12.72538860103623
            ],
            [
              33.63212435233163,
              12.958549222797842
            ],
            [
              33.55440414507774,
              13.191709844559568
            ],
            [
              33.55440414507774,
              13.502590673575128
            ],
            [
              33.47668393782385,
              13.73575129533674
            ],
            [
              33.47668393782385,
              14.0466321243523
            ],
            [
              33.55440414507774,
              14.279792746113912
            ],
            [
              33.55440414507774,
              14.590673575129472
            ],
            [
              33.47668393782385,
              14.823834196891198
            ],
            [
              33.24352331606218,
              14.979274611398978
            ],
            [
              33.01036269430051,
              15.05699481865281
            ],
            [
              32.7772020725389,
              15.134715025906644
            ],
            [
              32.54404145077723,
              15.21243523316059
            ],
            [
              32.31088082901556,
              15.36787564766837
            ],
            [
              32.15544041450778,
              15.601036269429983
            ],
            [
              32.07772020725389,
              15.83419689119171
            ],
            [
              32.0,
              16.067357512953322
            ],
            [
              31.84455958549222,
              16.30051813471505
            ],
            [
              31.766839378238387,
              16.53367875647666
            ],
            [
              31.533678756476718,
              16.766839378238274
            ],
            [
              31.30051813471505,
              17.0
            ],
            [
              31.14507772020727,
              17.233160621761613
            ],
            [
              30.83419689119171,
              17.233160621761613
            ],
            [
              30.523316062176207,
              17.233160621761613
            ],
            [
              30.290155440414537,
              17.31088082901556
            ],
            [
              30.056994818652868,
              17.466321243523225
            ],
            [
              29.979274611398978,
              17.233160621761613
            ],
            [
              29.74611398963731,
              17.077720207253833
            ],
            [
              29.435233160621806,
              17.077720207253833
            ],
            [
              29.124352331606246,
              17.15544041450778
            ],
            [
              28.813471502590687,
              17.077720207253833
            ],
            [
              28.502590673575128,
              17.077720207253833
            ],
            [
              28.347150259067405,
              16.84455958549222
            ],
            [
              28.347150259067405,
              16.53367875647666
            ],
            [
              28.580310880829018,
              16.30051813471505
            ],
            [
              28.735751295336797,
              16.067357512953322
            ],
            [
              28.891191709844577,
              15.83419689119171
            ],
            [
              29.046632124352357,
              15.601036269429983
            ],
            [
              29.202072538860136,
              15.36787564766837
            ],
            [
              29.357512953367916,
              15.134715025906644
            ],
            [
              29.435233160621806,
              14.901554404145031
            ],
            [
              29.590673575129586,
              14.668393782383419
            ],
            [
              29.74611398963731,
              14.435233160621692
            ],
            [
              29.979274611398978,
              14.20207253886008
            ],
            [
              30.212435233160647,
              14.0466321243523
            ],
            [
              30.445595854922317,
              13.89119170984452
            ],
            [
              30.678756476683986,
              13.73575129533674
            ],
            [
              30.83419689119171,
              13.502590673575128
            ],
            [
              30.9119170984456,
              13.269430051813401
            ],
            [
              30.98963730569949,
              13.036269430051789
            ],
            [
              30.9119170984456,
              12.803108808290062
            ],
            [
              30.756476683937876,
              12.56994818652845
            ],
            [
              30.678756476683986,
              12.336787564766837
            ],
            [
              30.523316062176207,
              12.10362694300511
            ],
            [
              30.601036269430097,
              11.792746113989551
            ],
            [
              30.83419689119171,
              11.559585492227939
            ],
            [
              31.06735751295338,
              11.404145077720159
            ],
            [
              31.30051813471505,
              11.24870466321238
            ],
            [
              31.533678756476718,
              11.170984455958546
            ],
            [
              31.766839378238387,
              11.0932642487046
            ],
            [
              32.0,
              11.015544041450767
            ],
            [
              32.23316062176167,
              10.93782383419682
            ],
            [
              32.54404145077723,
              10.93782383419682
            ],
            [
              32.7772020725389,
              11.015544041450767
            ],
            [
              33.01036269430051,
              10.93782383419682
            ],
            [
              33.01036269430051,
              10.626943005181374
            ],
            [
              32.7772020725389,
              10.393782383419648
            ],
            [
              32.54404145077723,
              10.238341968911868
            ],
            [
              32.31088082901556,
              10.082901554404089
            ],
            [
              32.0,
              10.082901554404089
            ],
            [
              31.689119170984497,
              10.082901554404089
            ],
            [
              31.378238341968938,
              10.082901554404089
            ],
            [
              31.06735751295338,
              10.082901554404089
            ],
            [
              30.83419689119171,
              10.160621761658035
            ],
            [
              30.601036269430097,
              10.238341968911868
            ],
            [
              30.290155440414537,
              10.238341968911868
            ],
            [
              30.056994818652868,
              10.316062176165815
            ],
            [
              29.823834196891198,
              10.393782383419648
            ],
            [
              29.590673575129586,
              10.47150259067348
            ],
            [
              29.357512953367916,
              10.549222797927428
            ],
            [
              29.124352331606246,
              10.704663212435207
            ],
            [
              28.891191709844577,
              10.78238341968904
            ],
            [
              28.658031088082907,
              10.93782383419682
            ],
            [
              28.424870466321295,
              11.0932642487046
            ],
            [
              28.113989637305735,
              11.24870466321238
            ],
            [
              27.880829015544066,
              11.404145077720159
            ],
            [
              27.647668393782396,
              11.559585492227939
            ],
            [
              27.492227979274617,
              11.792746113989551
            ],
            [
              27.336787564766837,
              12.025906735751278
            ],
            [
              27.103626943005224,
              12.181347150259057
            ],
            [
              26.870466321243555,
              12.25906735751289
            ],
            [
              26.637305699481885,
              12.41450777202067
            ],
            [
              26.326424870466326,
              12.492227979274617
            ],
            [
              26.093264248704713,
              12.56994818652845
            ],
            [
              25.860103626943044,
              12.647668393782396
            ],
            [
              25.626943005181374,
              12.72538860103623
            ],
            [
              25.549222797927484,
              12.958549222797842
            ],
            [
              25.549222797927484,
              13.347150259067348
            ],
            [
              25.549222797927484,
              13.658031088082907
            ],
            [
              25.471502590673595,
              13.89119170984452
            ],
            [
              25.393782383419705,
              14.124352331606133
            ],
            [
              25.393782383419705,
              14.435233160621692
            ],
            [
              25.393782383419705,
              14.746113989637252
            ],
            [
              25.238341968911925,
              14.979274611398978
            ],
            [
              25.005181347150256,
              15.05699481865281
            ],
            [
              24.772020725388643,
              15.21243523316059
            ],
            [
              24.538860103626973,
              15.290155440414424
            ],
            [
              24.305699481865304,
              15.36787564766837
            ],
            [
              23.994818652849744,
              15.52331606217615
            ],
            [
              23.761658031088132,
              15.67875647668393
            ],
            [
              23.528497409326462,
              15.911917098445542
            ],
            [
              23.295336787564793,
              16.14507772020727
            ],
            [
              23.062176165803123,
              16.30051813471505
            ],
            [
              22.906735751295344,
              16.53367875647666
            ],
            [
              22.673575129533674,
              16.68911917098444
            ],
            [
              22.59585492227984,
              16.922279792746053
            ],
            [
              22.51813471502595,
              17.15544041450778
            ],
            [
              22.28497409326428,
              17.388601036269392
            ],
            [
              22.129533678756502,
              17.621761658031005
            ],
            [
              22.051813471502612,
              17.85492227979273
            ],
            [
              21.818652849740943,
              18.088082901554344
            ],
            [
              21.585492227979273,
              18.243523316062124
            ],
            [
              21.35233160621766,
              18.47668393782385
            ],
            [
              21.19689119170988,
              18.709844559585463
            ],
            [
              21.19689119170988,
              19.020725388601022
            ],
            [
              21.19689119170988,
              19.33160621761658
            ],
            [
              21.11917098445599,
              19.564766839378194
            ],
            [
              20.88601036269432,
              19.720207253885974
            ],
            [
              20.652849740932652,
              19.875647668393754
            ],
            [
              20.419689119170982,
              19.953367875647587
            ],
            [
              20.26424870466326,
              20.186528497409313
            ],
            [
              20.18652849740937,
              20.419689119170926
            ],
            [
              20.18652849740937,
              20.730569948186485
            ],
            [
              20.03108808290159,
              20.963730569948098
            ],
            [
              19.79792746113992,
              21.119170984455877
            ],
            [
              19.48704663212436,
              21.274611398963657
            ],
            [
              19.25388601036275,
              21.430051813471437
            ],
            [
              19.02072538860108,
              21.585492227979216
            ],
            [
              18.70984455958552,
              21.740932642486996
            ],
            [
              18.47668393782385,
              21.896373056994776
            ],
            [
              18.24352331606218,
              21.974093264248722
            ],
            [
              18.088082901554458,
              22.207253886010335
            ],
            [
              18.010362694300568,
              22.518134715025894
            ],
            [
              18.010362694300568,
              22.829015544041454
            ],
            [
              17.932642487046678,
              23.062176165803066
            ],
            [
              17.85492227979279,
              23.29533678756468
            ],
            [
              17.7772020725389,
              23.528497409326405
            ],
            [
              17.85492227979279,
              23.761658031088018
            ],
            [
              17.85492227979279,
              24.072538860103577
            ],
            [
              17.85492227979279,
              24.383419689119137
            ],
            [
              17.85492227979279,
              24.694300518134696
            ],
            [
              17.7772020725389,
              24.92746113989631
            ],
            [
              17.69948186528501,
              25.160621761658035
            ],
            [
              17.69948186528501,
              25.47150259067348
            ],
            [
              17.69948186528501,
              25.78238341968904
            ],
            [
              17.7772020725389,
              26.015544041450767
            ],
            [
              17.85492227979279,
              26.24870466321238
            ],
            [
              17.932642487046678,
              26.481865284974106
            ],
            [
              18.24352331606218,
              26.481865284974106
            ],
            [
              18.47668393782385,
              26.55958549222794
            ],
            [
              18.63212435233163,
              26.79274611398955
            ],
            [
              18.78756476683941,
              27.025906735751278
            ],
            [
              18.8652849740933,
              27.25906735751289
            ],
            [
              19.02072538860108,
              27.492227979274617
            ],
            [
              19.09844559585497,
              27.72538860103623
            ],
            [
              19.17616580310886,
              27.958549222797842
            ],
            [
              19.17616580310886,
              28.2694300518134
            ],
            [
              19.33160621761658,
              28.502590673575128
            ],
            [
              19.56476683937825,
              28.658031088082907
            ],
            [
              19.79792746113992,
              28.73575129533674
            ],
            [
              20.10880829015548,
              28.813471502590687
            ],
            [
              20.34196891191715,
              28.89119170984452
            ],
            [
              20.575129533678762,
              29.0466321243523
            ],
            [
              20.652849740932652,
              29.279792746113912
            ],
            [
              20.73056994818654,
              29.51295336787564
            ],
            [
              20.73056994818654,
              29.823834196891198
            ],
            [
              20.73056994818654,
              30.134715025906644
            ],
            [
              20.73056994818654,
              30.445595854922203
            ],
            [
              20.80829015544043,
              30.67875647668393
            ],
            [
              21.0414507772021,
              30.756476683937763
            ],
            [
              21.27461139896377,
              30.83419689119171
            ],
            [
              21.507772020725383,
              30.911917098445542
            ],
            [
              21.740932642487053,
              30.98963730569949
            ],
            [
              21.974093264248722,
              31.067357512953322
            ],
            [
              22.129533678756502,
              31.30051813471505
            ],
            [
              22.129533678756502,
              31.611398963730494
            ],
            [
              22.051813471502612,
              31.84455958549222
            ],
            [
              21.974093264248722,
              32.15544041450778
            ],
            [
              21.896373056994832,
              32.38860103626939
            ],
            [
              21.896373056994832,
              32.69948186528495
            ],
            [
              21.974093264248722,
              32.932642487046564
            ],
            [
              22.051813471502612,
              33.16580310880829
            ],
            [
              22.28497409326428,
              33.243523316062124
            ],
            [
              22.51813471502595,
              33.32124352331607
            ],
            [
              22.751295336787564,
              33.3989637305699
            ],
            [
              22.984455958549233,
              33.47668393782385
            ],
            [
              23.062176165803123,
              33.70984455958546
            ],
            [
              23.217616580310903,
              33.943005181347075
            ],
            [
              23.450777202072572,
              34.098445595854855
            ],
            [
              23.683937823834242,
              34.1761658031088
            ],
            [
              23.839378238341965,
              34.409326424870414
            ],
            [
              24.150259067357524,
              34.409326424870414
            ],
            [
              24.383419689119194,
              34.564766839378194
            ],
            [
              24.538860103626973,
              34.79792746113981
            ],
            [
              24.772020725388643,
              34.87564766839375
            ],
            [
              24.927461139896423,
              35.108808290155366
            ],
            [
              25.160621761658035,
              35.264248704663146
            ],
            [
              25.393782383419705,
              35.34196891191709
            ],
            [
              25.704663212435264,
              35.34196891191709
            ],
            [
              26.015544041450823,
              35.34196891191709
            ],
            [
              26.326424870466326,
              35.34196891191709
            ],
            [
              26.637305699481885,
              35.34196891191709
            ],
            [
              26.870466321243555,
              35.264248704663146
            ],
            [
              27.181347150259114,
              35.264248704663146
            ],
            [
              27.414507772020727,
              35.108808290155366
            ],
            [
              27.492227979274617,
              34.87564766839375
            ],
            [
              27.647668393782396,
              34.64248704663214
            ],
            [
              27.803108808290176,
              34.409326424870414
            ],
            [
              28.036269430051846,
              34.1761658031088
            ],
            [
              28.036269430051846,
              33.86528497409324
            ],
            [
              28.191709844559625,
              33.632124352331516
            ],
            [
              28.269430051813515,
              33.3989637305699
            ],
            [
              28.424870466321295,
              33.16580310880829
            ],
            [
              28.580310880829018,
              32.932642487046564
            ],
            [
              28.735751295336797,
              32.69948186528495
            ],
            [
              28.891191709844577,
              32.466321243523225
            ],
            [
              29.046632124352357,
              32.23316062176161
            ],
            [
              29.279792746114026,
              32.07772020725383
            ],
            [
              29.512953367875696,
              31.922279792746053
            ],
            [
              29.74611398963731,
              31.68911917098444
            ],
            [
              29.979274611398978,
              31.53367875647666
            ],
            [
              30.212435233160647,
              31.37823834196888
            ],
            [
              30.445595854922317,
              31.14507772020727
            ],
            [
              30.601036269430097,
              30.911917098445542
            ],
            [
              30.83419689119171,
              30.756476683937763
            ],
            [
              30.9119170984456,
              30.52331606217615
            ],
            [
              30.98963730569949,
              30.756476683937763
            ],
            [
              31.06735751295338,
              30.98963730569949
            ],
            [
              31.30051813471505,
              31.14507772020727
            ],
            [
              31.22279792746116,
              31.37823834196888
            ],
            [
              31.06735751295338,
              31.611398963730494
            ],
            [
              30.98963730569949,
              31.84455958549222
            ],
            [
              30.9119170984456,
              32.07772020725383
            ],
            [
              30.756476683937876,
              32.31088082901556
            ],
            [
              30.601036269430097,
              32.54404145077717
            ],
            [
              30.445595854922317,
              32.85492227979273
            ],
            [
              30.367875647668427,
              33.088082901554344
            ],
            [
              30.290155440414537,
              33.32124352331607
            ],
            [
              30.212435233160647,
              33.55440414507768
            ],
            [
              30.134715025906758,
              33.787564766839296
            ],
            [
              30.134715025906758,
              34.098445595854855
            ],
            [
              30.056994818652868,
              34.33160621761658
            ],
            [
              29.901554404145088,
              34.564766839378194
            ],
            [
              29.823834196891198,
              34.79792746113981
            ],
            [
              29.590673575129586,
              34.95336787564759
            ],
            [
              29.357512953367916,
              35.03108808290153
            ],
            [
              29.124352331606246,
              35.108808290155366
            ],
            [
              28.891191709844577,
              35.18652849740931
            ],
            [
              28.658031088082907,
              35.264248704663146
            ],
            [
              28.502590673575128,
              35.49740932642487
            ],
            [
              28.347150259067405,
              35.730569948186485
            ],
            [
              28.113989637305735,
              35.886010362694265
            ],
            [
              28.036269430051846,
              36.11917098445588
            ],
            [
              27.958549222797956,
              36.352331606217604
            ],
            [
              27.803108808290176,
              36.585492227979216
            ],
            [
              27.725388601036286,
              36.81865284974094
            ],
            [
              27.725388601036286,
              37.12953367875639
            ],
            [
              27.647668393782396,
              37.362694300518115
            ],
            [
              27.647668393782396,
              37.673575129533674
            ],
            [
              27.647668393782396,
              37.98445595854923
            ],
            [
              27.569948186528507,
              38.29533678756468
            ],
            [
              27.569948186528507,
              38.60621761658024
            ],
            [
              27.647668393782396,
              38.839378238341965
            ],
            [
              27.725388601036286,
              39.07253886010358
            ],
            [
              27.803108808290176,
              39.305699481865304
            ],
            [
              28.036269430051846,
              39.53886010362692
            ],
            [
              28.191709844559625,
              39.77202072538853
            ],
            [
              28.424870466321295,
              39.92746113989631
            ],
            [
              28.658031088082907,
              40.08290155440409
            ],
            [
              28.813471502590687,
              40.316062176165815
            ],
            [
              28.968911917098467,
              40.54922279792743
            ],
            [
              29.046632124352357,
              40.78238341968904
            ],
            [
              29.124352331606246,
              41.01554404145077
            ],
            [
              29.202072538860136,
              41.24870466321238
            ],
            [
              29.435233160621806,
              41.40414507772016
            ],
            [
              29.66839378238342,
              41.55958549222794
            ],
            [
              29.901554404145088,
              41.326424870466326
            ],
            [
              29.901554404145088,
              41.01554404145077
            ],
            [
              29.979274611398978,
              40.78238341968904
            ],
            [
              30.056994818652868,
              40.54922279792743
            ],
            [
              30.056994818652868,
              40.23834196891187
            ],
            [
              30.212435233160647,
              40.005181347150256
            ],
            [
              30.290155440414537,
              39.77202072538853
            ],
            [
              30.445595854922317,
              39.53886010362692
            ],
            [
              30.523316062176207,
              39.305699481865304
            ],
            [
              30.678756476683986,
              39.07253886010358
            ],
            [
              30.756476683937876,
              38.839378238341965
            ],
            [
              30.9119170984456,
              38.60621761658024
            ],
            [
              31.06735751295338,
              38.839378238341965
            ],
            [
              31.06735751295338,
              39.150259067357524
            ],
            [
              31.06735751295338,
              39.46113989637297
            ],
            [
              31.06735751295338,
              39.77202072538853
            ],
            [
              31.22279792746116,
              40.005181347150256
            ],
            [
              31.455958549222828,
              40.08290155440409
            ],
            [
              31.689119170984497,
              40.005181347150256
            ],
            [
              32.0,
              40.005181347150256
            ],
            [
              32.23316062176167,
              39.92746113989631
            ],
            [
              32.46632124352334,
              39.849740932642476
            ],
            [
              32.54404145077723,
              40.08290155440409
            ],
            [
              32.54404145077723,
              40.39378238341965
            ],
            [
              32.54404145077723,
              40.70466321243521
            ],
            [
              32.54404145077723,
              41.01554404145077
            ],
            [
              32.46632124352334,
              41.24870466321238
            ],
            [
              32.31088082901556,
              41.481865284974106
            ],
            [
              32.07772020725389,
              41.71502590673572
            ],
            [
              31.84455958549222,
              41.8704663212435
            ],
            [
              31.611398963730608,
              42.02590673575128
            ],
            [
              31.378238341968938,
              42.10362694300511
            ],
            [
              31.06735751295338,
              42.10362694300511
            ],
            [
              30.756476683937876,
              42.10362694300511
            ],
            [
              30.445595854922317,
              42.10362694300511
            ],
            [
              30.134715025906758,
              42.10362694300511
            ],
            [
              29.823834196891198,
              42.10362694300511
            ],
            [
              29.590673575129586,
              42.02590673575128
            ],
            [
              29.357512953367916,
              41.8704663212435
            ],
            [
              29.046632124352357,
              41.8704663212435
            ],
            [
              28.968911917098467,
              42.10362694300511
            ],
            [
              28.891191709844577,
              42.33678756476684
            ],
            [
              28.891191709844577,
              42.647668393782396
            ],
            [
              28.968911917098467,
              42.88082901554401
            ],
            [
              29.202072538860136,
              43.03626943005179
            ],
            [
              29.435233160621806,
              43.11398963730562
            ],
            [
              29.66839378238342,
              43.2694300518134
            ],
            [
              29.901554404145088,
              43.42487046632118
            ],
            [
              29.901554404145088,
              43.42487046632118
            ]
          ],
          [
            [
              29.979274611398978,
              43.50259067357513
            ],
            [
              30.290155440414537,
              43.58031088082896
            ],
            [
              30.523316062176207,
              43.73575129533674
            ],
            [
              30.756476683937876,
              43.89119170984452
            ],
            [
              30.9119170984456,
              44.12435233160613
            ],
            [
              31.14507772020727,
              44.20207253886008
            ],
            [
              31.378238341968938,
              44.12435233160613
            ],
            [
              31.611398963730608,
              44.0466321243523
            ],
            [
              31.689119170984497,
              43.81347150259069
            ],
            [
              31.922279792746167,
              43.73575129533674
            ],
            [
              32.15544041450778,
              43.65803108808291
            ],
            [
              32.46632124352334,
              43.65803108808291
            ],
            [
              32.69948186528501,
              43.73575129533674
            ],
            [
              32.85492227979279,
              43.96891191709847
            ],
            [
              33.08808290155446,
              44.12435233160613
            ],
            [
              33.32124352331607,
              44.27979274611391
            ],
            [
              33.55440414507774,
              44.43523316062169
            ],
            [
              33.78756476683941,
              44.59067357512947
            ],
            [
              34.02072538860108,
              44.74611398963725
            ],
            [
              34.25388601036275,
              44.90155440414503
            ],
            [
              34.48704663212436,
              45.134715025906644
            ],
            [
              34.72020725388603,
              45.36787564766837
            ],
            [
              34.87564766839381,
              45.60103626942998
            ],
            [
              34.9533678756477,
              45.83419689119171
            ],
            [
              34.87564766839381,
              46.06735751295332
            ],
            [
              34.87564766839381,
              46.37823834196888
            ],
            [
              34.79792746113992,
              46.611398963730494
            ],
            [
              34.72020725388603,
              46.84455958549222
            ],
            [
              34.72020725388603,
              47.15544041450778
            ],
            [
              34.64248704663214,
              47.38860103626939
            ],
            [
              34.56476683937825,
              47.621761658031005
            ],
            [
              34.56476683937825,
              47.932642487046564
            ],
            [
              34.40932642487047,
              48.16580310880829
            ],
            [
              34.33160621761658,
              48.3989637305699
            ],
            [
              34.25388601036275,
              48.632124352331516
            ],
            [
              34.1761658031088,
              48.86528497409324
            ],
            [
              34.1761658031088,
              49.1761658031088
            ],
            [
              34.09844559585497,
              49.564766839378194
            ],
            [
              34.09844559585497,
              49.87564766839375
            ],
            [
              34.02072538860108,
              50.108808290155366
            ],
            [
              33.94300518134719,
              50.34196891191709
            ],
            [
              33.94300518134719,
              50.65284974093265
            ],
            [
              33.94300518134719,
              50.9637305699481
            ],
            [
              33.94300518134719,
              51.27461139896366
            ],
            [
              34.1761658031088,
              51.196891191709824
            ],
            [
              34.33160621761658,
              50.9637305699481
            ],
            [
              34.56476683937825,
              50.730569948186485
            ],
            [
              34.64248704663214,
              50.49740932642487
            ],
            [
              34.79792746113992,
              50.264248704663146
            ],
            [
              34.9533678756477,
              50.03108808290153
            ],
            [
              35.03108808290159,
              49.79792746113981
            ],
            [
              35.10880829015548,
              49.48704663212436
            ],
            [
              35.26424870466326,
              49.253886010362635
            ],
            [
              35.41968911917104,
              49.02072538860102
            ],
            [
              35.57512953367876,
              48.787564766839296
            ],
            [
              35.65284974093265,
              48.55440414507768
            ],
            [
              35.73056994818654,
              48.32124352331607
            ],
            [
              36.0414507772021,
              48.088082901554344
            ],
            [
              36.27461139896377,
              47.932642487046564
            ],
            [
              36.58549222797933,
              47.69948186528495
            ],
            [
              36.81865284974094,
              47.54404145077717
            ],
            [
              37.1295336787565,
              47.54404145077717
            ],
            [
              37.44041450777206,
              47.54404145077717
            ],
            [
              37.673575129533674,
              47.466321243523225
            ],
            [
              37.98445595854923,
              47.466321243523225
            ],
            [
              38.29533678756479,
              47.466321243523225
            ],
            [
              38.52849740932646,
              47.54404145077717
            ],
            [
              38.839378238341965,
              47.54404145077717
            ],
            [
              39.072538860103634,
              47.621761658031005
            ],
            [
              39.305699481865304,
              47.69948186528495
            ],
            [
              39.61658031088086,
              47.69948186528495
            ],
            [
              40.005181347150256,
              47.69948186528495
            ],
            [
              40.316062176165815,
              47.69948186528495
            ],
            [
              40.704663212435264,
              47.69948186528495
            ],
            [
              41.01554404145082,
              47.69948186528495
            ],
            [
              41.326424870466326,
              47.69948186528495
            ],
            [
              41.559585492227995,
              47.621761658031005
            ],
            [
              41.870466321243555,
              47.621761658031005
            ],
            [
              42.103626943005224,
              47.54404145077717
            ],
            [
              42.33678756476684,
              47.466321243523225
            ],
            [
              42.56994818652851,
              47.38860103626939
            ],
            [
              42.880829015544066,
              47.31088082901556
            ],
            [
              43.113989637305735,
              47.23316062176161
            ],
            [
              43.424870466321295,
              47.15544041450778
            ],
            [
              43.7357512953368,
              47.15544041450778
            ],
            [
              43.96891191709847,
              47.07772020725383
            ],
            [
              44.202072538860136,
              47.0
            ],
            [
              44.435233160621806,
              46.84455958549222
            ],
            [
              44.66839378238342,
              46.68911917098444
            ]
          ],
          [
            [
              16.22279792746116,
              27.025906735751278
            ],
            [
              16.455958549222828,
              27.25906735751289
            ],
            [
              16.611398963730608,
              27.492227979274617
            ],
            [
              16.689119170984497,
              27.72538860103623
            ],
            [
              16.844559585492277,
              27.958549222797842
            ],
            [
              16.922279792746167,
              28.19170984455957
            ],
            [
              17.0,
              28.42487046632118
            ],
            [
              17.07772020725389,
              28.73575129533674
            ],
            [
              17.23316062176167,
              29.0466321243523
            ],
            [
              17.31088082901556,
              29.279792746113912
            ],
            [
              17.38860103626945,
              29.590673575129472
            ],
            [
              17.46632124352334,
              29.823834196891198
            ],
            [
              17.54404145077723,
              30.134715025906644
            ],
            [
              17.62176165803112,
              30.52331606217615
            ],
            [
              17.69948186528501,
              30.83419689119171
            ],
            [
              17.85492227979279,
              31.067357512953322
            ],
            [
              17.932642487046678,
              31.37823834196888
            ],
            [
              18.010362694300568,
              31.611398963730494
            ],
            [
              18.088082901554458,
              31.922279792746053
            ],
            [
              18.24352331606218,
              32.23316062176161
            ],
            [
              18.32124352331607,
              32.54404145077717
            ],
            [
              18.47668393782385,
              32.85492227979273
            ],
            [
              18.55440414507774,
              33.088082901554344
            ],
            [
              18.63212435233163,
              33.32124352331607
            ],
            [
              18.70984455958552,
              33.632124352331516
            ],
            [
              18.8652849740933,
              33.86528497409324
            ],
            [
              18.94300518134719,
              34.098445595854855
            ],
            [
              19.02072538860108,
              34.33160621761658
            ],
            [
              19.17616580310886,
              34.564766839378194
            ],
            [
              19.25388601036275,
              34.79792746113981
            ],
            [
              19.33160621761658,
              35.108808290155366
            ],
            [
              19.48704663212436,
              35.34196891191709
            ],
            [
              19.64248704663214,
              35.65284974093265
            ],
            [
              19.79792746113992,
              35.9637305699481
            ],
            [
              19.9533678756477,
              36.352331606217604
            ],
            [
              20.10880829015548,
              36.66321243523316
            ],
            [
              20.26424870466326,
              36.97409326424872
            ],
            [
              20.419689119170982,
              37.28497409326417
            ],
            [
              20.575129533678762,
              37.518134715025894
            ],
            [
              20.73056994818654,
              37.75129533678751
            ],
            [
              20.88601036269432,
              37.98445595854923
            ],
            [
              21.0414507772021,
              38.217616580310846
            ],
            [
              21.19689119170988,
              38.45077720207246
            ],
            [
              21.35233160621766,
              38.683937823834185
            ],
            [
              21.507772020725383,
              38.9170984455958
            ],
            [
              21.663212435233163,
              39.22797927461136
            ],
            [
              21.818652849740943,
              39.46113989637297
            ],
            [
              21.974093264248722,
              39.77202072538853
            ],
            [
              22.129533678756502,
              40.005181347150256
            ],
            [
              22.28497409326428,
              40.23834196891187
            ],
            [
              22.44041450777206,
              40.47150259067348
            ],
            [
              22.51813471502595,
              40.70466321243521
            ],
            [
              22.751295336787564,
              40.93782383419682
            ],
            [
              22.829015544041454,
              41.170984455958546
            ],
            [
              22.984455958549233,
              41.40414507772016
            ],
            [
              23.217616580310903,
              41.637305699481885
            ],
            [
              23.450777202072572,
              41.8704663212435
            ],
            [
              23.606217616580352,
              42.10362694300511
            ],
            [
              23.917098445595855,
              42.33678756476684
            ],
            [
              24.072538860103634,
              42.56994818652845
            ],
            [
              24.305699481865304,
              42.95854922279784
            ],
            [
              24.538860103626973,
              43.34715025906735
            ],
            [
              24.694300518134753,
              43.65803108808291
            ],
            [
              24.849740932642533,
              44.0466321243523
            ],
            [
              25.005181347150256,
              44.27979274611391
            ],
            [
              25.160621761658035,
              44.51295336787564
            ],
            [
              25.238341968911925,
              44.74611398963725
            ],
            [
              25.471502590673595,
              44.90155440414503
            ],
            [
              25.549222797927484,
              45.134715025906644
            ],
            [
              25.782383419689154,
              45.4455958549222
            ],
            [
              25.937823834196934,
              45.67875647668393
            ],
            [
              26.093264248704713,
              45.91191709844554
            ],
            [
              26.248704663212436,
              46.14507772020727
            ],
            [
              26.404145077720216,
              46.37823834196888
            ],
            [
              26.559585492227995,
              46.611398963730494
            ],
            [
              26.715025906735775,
              46.84455958549222
            ],
            [
              26.948186528497445,
              47.07772020725383
            ],
            [
              27.181347150259114,
              47.31088082901556
            ],
            [
              27.336787564766837,
              47.54404145077717
            ],
            [
              27.569948186528507,
              47.85492227979273
            ],
            [
              27.803108808290176,
              48.088082901554344
            ],
            [
              28.036269430051846,
              48.32124352331607
            ],
            [
              28.191709844559625,
              48.55440414507768
            ],
            [
              28.424870466321295,
              48.787564766839296
            ],
            [
              28.580310880829018,
              49.02072538860102
            ],
            [
              28.658031088082907,
              49.33160621761658
            ],
            [
              28.813471502590687,
              49.564766839378194
            ],
            [
              29.046632124352357,
              49.79792746113981
            ],
            [
              29.279792746114026,
              50.03108808290153
            ],
            [
              29.512953367875696,
              50.264248704663146
            ],
            [
              29.74611398963731,
              50.419689119170926
            ],
            [
              30.056994818652868,
              50.575129533678705
            ],
            [
              30.290155440414537,
              50.80829015544043
            ],
            [
              30.523316062176207,
              50.9637305699481
            ],
            [
              30.756476683937876,
              51.11917098445588
            ],
            [
              30.9119170984456,
              51.352331606217604
            ],
            [
              31.14507772020727,
              51.585492227979216
            ],
            [
              31.22279792746116,
              51.81865284974094
            ],
            [
              31.378238341968938,
              52.051813471502555
            ],
            [
              31.455958549222828,
              52.28497409326417
            ],
            [
              31.22279792746116,
              52.44041450777195
            ],
            [
              30.98963730569949,
              52.518134715025894
            ],
            [
              30.678756476683986,
              52.518134715025894
            ],
            [
              30.367875647668427,
              52.518134715025894
            ],
            [
              30.134715025906758,
              52.59585492227973
            ],
            [
              29.823834196891198,
              52.59585492227973
            ],
            [
              29.512953367875696,
              52.59585492227973
            ],
            [
              29.279792746114026,
              52.673575129533674
            ],
            [
              29.046632124352357,
              52.75129533678751
            ],
            [
              28.735751295336797,
              52.829015544041454
            ],
            [
              28.502590673575128,
              52.90673575129529
            ],
            [
              28.113989637305735,
              52.90673575129529
            ],
            [
              27.803108808290176,
              52.98445595854923
            ],
            [
              27.569948186528507,
              53.062176165803066
            ],
            [
              27.181347150259114,
              53.1398963730569
            ],
            [
              26.948186528497445,
              53.217616580310846
            ],
            [
              26.637305699481885,
              53.217616580310846
            ],
            [
              26.404145077720216,
              53.29533678756468
            ],
            [
              26.170984455958546,
              53.373056994818626
            ],
            [
              25.782383419689154,
              53.373056994818626
            ],
            [
              25.393782383419705,
              53.45077720207246
            ],
            [
              25.005181347150256,
              53.45077720207246
            ],
            [
              24.772020725388643,
              53.528497409326405
            ],
            [
              24.461139896373084,
              53.528497409326405
            ],
            [
              24.072538860103634,
              53.528497409326405
            ],
            [
              23.761658031088132,
              53.60621761658024
            ],
            [
              23.450777202072572,
              53.60621761658024
            ],
            [
              23.217616580310903,
              53.683937823834185
            ],
            [
              22.906735751295344,
              53.683937823834185
            ],
            [
              22.673575129533674,
              53.76165803108802
            ],
            [
              22.36269430051817,
              53.76165803108802
            ],
            [
              21.974093264248722,
              53.76165803108802
            ],
            [
              21.740932642487053,
              53.839378238341965
            ],
            [
              21.43005181347155,
              53.839378238341965
            ],
            [
              21.11917098445599,
              53.839378238341965
            ],
            [
              20.80829015544043,
              53.9170984455958
            ],
            [
              20.419689119170982,
              53.9170984455958
            ],
            [
              20.10880829015548,
              53.9170984455958
            ],
            [
              19.64248704663214,
              53.9170984455958
            ],
            [
              19.25388601036275,
              53.9170984455958
            ],
            [
              18.94300518134719,
              53.9170984455958
            ],
            [
              18.63212435233163,
              53.9170984455958
            ],
            [
              18.32124352331607,
              53.9170984455958
            ],
            [
              17.932642487046678,
              53.9170984455958
            ],
            [
              17.62176165803112,
              53.9170984455958
            ],
            [
              17.31088082901556,
              53.9170984455958
            ],
            [
              17.0,
              53.9170984455958
            ],
            [
              16.766839378238387,
              53.839378238341965
            ],
            [
              16.378238341968938,
              53.839378238341965
            ],
            [
              16.06735751295338,
              53.839378238341965
            ],
            [
              15.756476683937876,
              53.839378238341965
            ],
            [
              15.523316062176207,
              53.76165803108802
            ],
            [
              15.212435233160647,
              53.76165803108802
            ],
            [
              14.979274611398978,
              53.683937823834185
            ],
            [
              14.901554404145088,
              53.45077720207246
            ],
            [
              14.823834196891198,
              53.217616580310846
            ],
            [
              14.901554404145088,
              52.98445595854923
            ],
            [
              15.134715025906758,
              52.90673575129529
            ],
            [
              15.367875647668427,
              52.829015544041454
            ],
            [
              15.601036269430097,
              52.673575129533674
            ],
            [
              15.83419689119171,
              52.518134715025894
            ],
            [
              16.14507772020727,
              52.44041450777195
            ],
            [
              16.455958549222828,
              52.362694300518115
            ],
            [
              16.766839378238387,
              52.28497409326417
            ],
            [
              17.07772020725389,
              52.207253886010335
            ],
            [
              17.38860103626945,
              52.207253886010335
            ],
            [
              17.62176165803112,
              52.12953367875639
            ],
            [
              17.85492227979279,
              52.051813471502555
            ],
            [
              18.24352331606218,
              51.97409326424872
            ],
            [
              18.55440414507774,
              51.97409326424872
            ],
            [
              18.8652849740933,
              51.97409326424872
            ],
            [
              19.09844559585497,
              51.896373056994776
            ],
            [
              19.33160621761658,
              51.81865284974094
            ],
            [
              19.56476683937825,
              51.740932642486996
            ],
            [
              19.79792746113992,
              51.66321243523316
            ],
            [
              20.03108808290159,
              51.585492227979216
            ],
            [
              20.26424870466326,
              51.50777202072538
            ],
            [
              20.575129533678762,
              51.43005181347144
            ],
            [
              20.80829015544043,
              51.352331606217604
            ],
            [
              21.0414507772021,
              51.27461139896366
            ],
            [
              21.27461139896377,
              51.041450777202044
            ],
            [
              21.43005181347155,
              50.80829015544043
            ],
            [
              21.35233160621766,
              50.575129533678705
            ],
            [
              21.27461139896377,
              50.34196891191709
            ],
            [
              21.27461139896377,
              50.03108808290153
            ],
            [
              21.27461139896377,
              49.720207253885974
            ],
            [
              21.11917098445599,
              49.48704663212436
            ],
            [
              21.0414507772021,
              49.253886010362635
            ],
            [
              20.96373056994821,
              49.02072538860102
            ],
            [
              20.73056994818654,
              48.86528497409324
            ],
            [
              20.497409326424872,
              48.787564766839296
            ],
            [
              20.26424870466326,
              48.70984455958546
            ],
            [
              20.03108808290159,
              48.632124352331516
            ],
            [
              19.72020725388603,
              48.632124352331516
            ],
            [
              19.40932642487047,
              48.632124352331516
            ],
            [
              19.17616580310886,
              48.55440414507768
            ],
            [
              18.8652849740933,
              48.55440414507768
            ],
            [
              18.55440414507774,
              48.632124352331516
            ],
            [
              18.16580310880829,
              48.632124352331516
            ],
            [
              17.7772020725389,
              48.632124352331516
            ],
            [
              17.46632124352334,
              48.632124352331516
            ],
            [
              17.15544041450778,
              48.70984455958546
            ],
            [
              16.766839378238387,
              48.787564766839296
            ],
            [
              16.378238341968938,
              48.787564766839296
            ],
            [
              16.06735751295338,
              48.86528497409324
            ],
            [
              15.756476683937876,
              48.943005181347075
            ],
            [
              15.367875647668427,
              49.02072538860102
            ],
            [
              15.056994818652868,
              49.02072538860102
            ],
            [
              14.823834196891198,
              49.098445595854855
            ],
            [
              14.590673575129586,
              49.1761658031088
            ],
            [
              14.279792746114026,
              49.1761658031088
            ],
            [
              14.046632124352357,
              49.253886010362635
            ],
            [
              13.735751295336797,
              49.33160621761658
            ],
            [
              13.347150259067405,
              49.33160621761658
            ],
            [
              13.113989637305735,
              49.409326424870414
            ],
            [
              12.725388601036286,
              49.409326424870414
            ],
            [
              12.492227979274617,
              49.48704663212436
            ],
            [
              12.181347150259114,
              49.48704663212436
            ],
            [
              11.870466321243555,
              49.48704663212436
            ],
            [
              11.559585492227995,
              49.48704663212436
            ],
            [
              11.170984455958546,
              49.48704663212436
            ],
            [
              10.860103626943044,
              49.48704663212436
            ],
            [
              10.626943005181374,
              49.253886010362635
            ],
            [
              10.549222797927484,
              49.02072538860102
            ],
            [
              10.471502590673595,
              48.70984455958546
            ],
            [
              10.471502590673595,
              48.3989637305699
            ],
            [
              10.393782383419705,
              48.088082901554344
            ],
            [
              10.316062176165815,
              47.85492227979273
            ],
            [
              10.160621761658035,
              47.621761658031005
            ],
            [
              9.927461139896423,
              47.466321243523225
            ],
            [
              9.616580310880863,
              47.38860103626939
            ],
            [
              9.305699481865304,
              47.38860103626939
            ],
            [
              8.994818652849744,
              47.31088082901556
            ],
            [
              8.606217616580352,
              47.31088082901556
            ],
            [
              8.217616580310903,
              47.31088082901556
            ],
            [
              7.829015544041454,
              47.31088082901556
            ],
            [
              7.518134715025951,
              47.31088082901556
            ],
            [
              7.207253886010392,
              47.31088082901556
            ],
            [
              6.974093264248722,
              47.38860103626939
            ],
            [
              6.740932642487053,
              47.466321243523225
            ],
            [
              6.740932642487053,
              47.15544041450778
            ],
            [
              6.8963730569948325,
              46.92227979274605
            ],
            [
              7.129533678756502,
              46.611398963730494
            ],
            [
              7.3626943005181715,
              46.37823834196888
            ],
            [
              7.595854922279841,
              46.14507772020727
            ],
            [
              7.751295336787564,
              45.91191709844554
            ],
            [
              7.984455958549233,
              45.75647668393776
            ],
            [
              8.217616580310903,
              45.52331606217615
            ],
            [
              8.450777202072572,
              45.36787564766837
            ],
            [
              8.683937823834242,
              45.21243523316059
            ],
            [
              8.839378238341965,
              44.97927461139898
            ],
            [
              9.072538860103634,
              44.74611398963725
            ],
            [
              9.305699481865304,
              44.59067357512947
            ],
            [
              9.538860103626973,
              44.35751295336786
            ],
            [
              9.772020725388643,
              44.27979274611391
            ],
            [
              10.005181347150256,
              44.20207253886008
            ],
            [
              10.238341968911925,
              44.12435233160613
            ],
            [
              10.549222797927484,
              44.12435233160613
            ],
            [
              10.860103626943044,
              44.0466321243523
            ],
            [
              11.248704663212436,
              44.0466321243523
            ],
            [
              11.559585492227995,
              44.0466321243523
            ],
            [
              11.948186528497445,
              44.0466321243523
            ],
            [
              12.259067357513004,
              44.0466321243523
            ],
            [
              12.492227979274617,
              44.20207253886008
            ],
            [
              12.725388601036286,
              44.35751295336786
            ],
            [
              12.958549222797956,
              44.51295336787564
            ],
            [
              13.191709844559625,
              44.66839378238342
            ],
            [
              13.502590673575128,
              44.90155440414503
            ],
            [
              13.735751295336797,
              44.97927461139898
            ],
            [
              14.046632124352357,
              44.97927461139898
            ],
            [
              14.279792746114026,
              45.05699481865281
            ],
            [
              14.590673575129586,
              45.05699481865281
            ],
            [
              14.823834196891198,
              45.134715025906644
            ],
            [
              15.134715025906758,
              45.134715025906644
            ],
            [
              15.445595854922317,
              45.134715025906644
            ],
            [
              15.756476683937876,
              45.134715025906644
            ],
            [
              16.06735751295338,
              45.134715025906644
            ],
            [
              16.455958549222828,
              45.134715025906644
            ],
            [
              16.766839378238387,
              45.134715025906644
            ],
            [
              17.07772020725389,
              45.134715025906644
            ],
            [
              17.31088082901556,
              45.05699481865281
            ],
            [
              17.62176165803112,
              45.05699481865281
            ],
            [
              17.85492227979279,
              44.97927461139898
            ],
            [
              18.16580310880829,
              44.90155440414503
            ],
            [
              18.39896373056996,
              44.8238341968912
            ],
            [
              18.47668393782385,
              44.59067357512947
            ],
            [
              18.55440414507774,
              44.35751295336786
            ],
            [
              18.63212435233163,
              44.12435233160613
            ],
            [
              18.63212435233163,
              43.81347150259069
            ],
            [
              18.55440414507774,
              43.58031088082896
            ],
            [
              18.39896373056996,
              43.34715025906735
            ],
            [
              18.16580310880829,
              43.19170984455957
            ],
            [
              17.932642487046678,
              43.03626943005179
            ],
            [
              17.69948186528501,
              42.88082901554401
            ],
            [
              17.46632124352334,
              42.72538860103623
            ],
            [
              17.23316062176167,
              42.647668393782396
            ],
            [
              17.0,
              42.49222797927462
            ],
            [
              16.766839378238387,
              42.41450777202067
            ],
            [
              16.533678756476718,
              42.33678756476684
            ],
            [
              16.30051813471505,
              42.25906735751289
            ],
            [
              16.06735751295338,
              42.18134715025906
            ],
            [
              15.756476683937876,
              42.10362694300511
            ],
            [
              15.523316062176207,
              42.02590673575128
            ],
            [
              15.134715025906758,
              42.02590673575128
            ],
            [
              14.901554404145088,
              41.94818652849733
            ],
            [
              14.590673575129586,
              41.8704663212435
            ],
            [
              14.357512953367916,
              41.79274611398955
            ],
            [
              14.046632124352357,
              41.71502590673572
            ],
            [
              13.813471502590687,
              41.637305699481885
            ],
            [
              13.502590673575128,
              41.55958549222794
            ],
            [
              13.113989637305735,
              41.55958549222794
            ],
            [
              12.880829015544066,
              41.481865284974106
            ],
            [
              12.492227979274617,
              41.481865284974106
            ],
            [
              12.103626943005224,
              41.481865284974106
            ],
            [
              11.870466321243555,
              41.40414507772016
            ],
            [
              11.559585492227995,
              41.40414507772016
            ],
            [
              11.170984455958546,
              41.40414507772016
            ],
            [
              10.860103626943044,
              41.40414507772016
            ],
            [
              10.549222797927484,
              41.40414507772016
            ],
            [
              10.160621761658035,
              41.40414507772016
            ],
            [
              9.927461139896423,
              41.481865284974106
            ],
            [
              9.694300518134753,
              41.55958549222794
            ],
            [
              9.461139896373084,
              41.637305699481885
            ],
            [
              9.227979274611414,
              41.71502590673572
            ],
            [
              8.994818652849744,
              41.79274611398955
            ],
            [
              8.761658031088132,
              41.8704663212435
            ],
            [
              8.450777202072572,
              41.94818652849733
            ],
            [
              8.217616580310903,
              42.02590673575128
            ],
            [
              7.906735751295344,
              42.25906735751289
            ],
            [
              7.673575129533674,
              42.33678756476684
            ],
            [
              7.440414507772061,
              42.49222797927462
            ],
            [
              7.207253886010392,
              42.56994818652845
            ],
            [
              6.8963730569948325,
              42.647668393782396
            ],
            [
              6.663212435233163,
              42.72538860103623
            ],
            [
              6.43005181347155,
              42.80310880829006
            ],
            [
              6.196891191709881,
              42.88082901554401
            ],
            [
              5.886010362694321,
              42.88082901554401
            ],
            [
              5.575129533678762,
              42.95854922279784
            ],
            [
              5.26424870466326,
              42.95854922279784
            ],
            [
              5.03108808290159,
              42.72538860103623
            ],
            [
              5.03108808290159,
              42.41450777202067
            ],
            [
              5.03108808290159,
              42.10362694300511
            ],
            [
              5.18652849740937,
              41.8704663212435
            ],
            [
              5.419689119170982,
              41.71502590673572
            ],
            [
              5.652849740932652,
              41.55958549222794
            ],
            [
              5.886010362694321,
              41.481865284974106
            ],
            [
              6.119170984455991,
              41.326424870466326
            ],
            [
              6.3523316062176605,
              41.24870466321238
            ],
            [
              6.585492227979273,
              41.170984455958546
            ],
            [
              6.818652849740943,
              41.01554404145077
            ],
            [
              7.051813471502612,
              40.93782383419682
            ],
            [
              7.284974093264282,
              40.78238341968904
            ],
            [
              7.518134715025951,
              40.62694300518126
            ],
            [
              7.829015544041454,
              40.47150259067348
            ],
            [
              8.062176165803123,
              40.39378238341965
            ],
            [
              8.295336787564793,
              40.316062176165815
            ],
            [
              8.528497409326462,
              40.160621761658035
            ],
            [
              8.761658031088132,
              40.005181347150256
            ],
            [
              8.994818652849744,
              39.92746113989631
            ],
            [
              9.227979274611414,
              39.77202072538853
            ],
            [
              9.461139896373084,
              39.694300518134696
            ],
            [
              9.694300518134753,
              39.61658031088075
            ],
            [
              9.927461139896423,
              39.46113989637297
            ],
            [
              10.160621761658035,
              39.38341968911914
            ],
            [
              10.393782383419705,
              39.22797927461136
            ],
            [
              10.626943005181374,
              39.07253886010358
            ],
            [
              10.860103626943044,
              38.994818652849744
            ],
            [
              11.093264248704713,
              38.839378238341965
            ],
            [
              11.326424870466326,
              38.683937823834185
            ],
            [
              11.559585492227995,
              38.528497409326405
            ],
            [
              11.792746113989665,
              38.373056994818626
            ],
            [
              12.025906735751335,
              38.29533678756468
            ],
            [
              12.259067357513004,
              38.1398963730569
            ],
            [
              12.492227979274617,
              38.062176165803066
            ],
            [
              12.725388601036286,
              37.90673575129529
            ],
            [
              12.958549222797956,
              37.829015544041454
            ],
            [
              13.191709844559625,
              37.673575129533674
            ],
            [
              13.347150259067405,
              37.44041450777195
            ],
            [
              13.580310880829018,
              37.362694300518115
            ],
            [
              13.891191709844577,
              37.362694300518115
            ],
            [
              14.124352331606246,
              37.44041450777195
            ],
            [
              14.435233160621806,
              37.44041450777195
            ],
            [
              14.746113989637308,
              37.44041450777195
            ],
            [
              15.056994818652868,
              37.362694300518115
            ],
            [
              15.367875647668427,
              37.28497409326417
            ],
            [
              15.601036269430097,
              37.207253886010335
            ],
            [
              15.83419689119171,
              37.051813471502555
            ],
            [
              15.911917098445599,
              36.81865284974094
            ],
            [
              15.911917098445599,
              36.50777202072538
            ],
            [
              15.989637305699489,
              36.27461139896366
            ],
            [
              16.06735751295338,
              36.041450777202044
            ],
            [
              16.14507772020727,
              35.80829015544032
            ],
            [
              16.14507772020727,
              35.49740932642487
            ],
            [
              15.911917098445599,
              35.419689119170926
            ],
            [
              15.678756476683986,
              35.264248704663146
            ],
            [
              15.445595854922317,
              35.03108808290153
            ],
            [
              15.212435233160647,
              34.87564766839375
            ],
            [
              14.979274611398978,
              34.79792746113981
            ],
            [
              14.746113989637308,
              34.720207253885974
            ],
            [
              14.435233160621806,
              34.720207253885974
            ],
            [
              14.124352331606246,
              34.64248704663214
            ],
            [
              13.891191709844577,
              34.564766839378194
            ],
            [
              13.580310880829018,
              34.48704663212436
            ],
            [
              13.269430051813515,
              34.409326424870414
            ],
            [
              12.958549222797956,
              34.409326424870414
            ],
            [
              12.725388601036286,
              34.48704663212436
            ],
            [
              12.492227979274617,
              34.564766839378194
            ],
            [
              12.259067357513004,
              34.64248704663214
            ],
            [
              12.025906735751335,
              34.720207253885974
            ],
            [
              11.792746113989665,
              34.79792746113981
            ],
            [
              11.559585492227995,
              35.03108808290153
            ],
            [
              11.326424870466326,
              35.264248704663146
            ],
            [
              11.093264248704713,
              35.34196891191709
            ],
            [
              10.782383419689154,
              35.419689119170926
            ],
            [
              10.393782383419705,
              35.575129533678705
            ],
            [
              10.005181347150256,
              35.65284974093265
            ],
            [
              9.616580310880863,
              35.80829015544032
            ],
            [
              9.383419689119194,
              35.886010362694265
            ],
            [
              9.072538860103634,
              35.9637305699481
            ],
            [
              8.839378238341965,
              36.041450777202044
            ],
            [
              8.606217616580352,
              36.11917098445588
            ],
            [
              8.373056994818683,
              36.196891191709824
            ],
            [
              8.062176165803123,
              36.196891191709824
            ],
            [
              7.673575129533674,
              36.196891191709824
            ],
            [
              7.3626943005181715,
              36.196891191709824
            ],
            [
              7.051813471502612,
              36.196891191709824
            ],
            [
              6.740932642487053,
              36.196891191709824
            ],
            [
              6.663212435233163,
              35.9637305699481
            ],
            [
              6.585492227979273,
              35.730569948186485
            ],
            [
              6.585492227979273,
              35.419689119170926
            ],
            [
              6.663212435233163,
              35.18652849740931
            ],
            [
              6.8963730569948325,
              35.03108808290153
            ],
            [
              7.129533678756502,
              34.87564766839375
            ],
            [
              7.3626943005181715,
              34.79792746113981
            ],
            [
              7.595854922279841,
              34.720207253885974
            ],
            [
              7.829015544041454,
              34.64248704663214
            ],
            [
              8.062176165803123,
              34.564766839378194
            ],
            [
              8.295336787564793,
              34.48704663212436
            ],
            [
              8.683937823834242,
              34.409326424870414
            ],
            [
              8.917098445595855,
              34.33160621761658
            ],
            [
              9.227979274611414,
              34.253886010362635
            ],
            [
              9.538860103626973,
              34.253886010362635
            ],
            [
              9.849740932642533,
              34.253886010362635
            ],
            [
              10.160621761658035,
              34.253886010362635
            ],
            [
              10.471502590673595,
              34.253886010362635
            ],
            [
              10.782383419689154,
              34.253886010362635
            ],
            [
              11.015544041450823,
              34.1761658031088
            ],
            [
              11.248704663212436,
              34.098445595854855
            ],
            [
              11.481865284974106,
              34.02072538860102
            ],
            [
              11.792746113989665,
              34.02072538860102
            ],
            [
              12.025906735751335,
              33.943005181347075
            ],
            [
              12.259067357513004,
              33.86528497409324
            ],
            [
              12.569948186528507,
              33.86528497409324
            ],
            [
              12.803108808290176,
              33.787564766839296
            ],
            [
              13.113989637305735,
              33.70984455958546
            ],
            [
              13.347150259067405,
              33.632124352331516
            ],
            [
              13.580310880829018,
              33.55440414507768
            ],
            [
              13.813471502590687,
              33.3989637305699
            ],
            [
              14.124352331606246,
              33.16580310880829
            ],
            [
              14.357512953367916,
              33.01036269430051
            ],
            [
              14.512953367875696,
              32.777202072538785
            ],
            [
              14.668393782383419,
              32.54404145077717
            ],
            [
              14.823834196891198,
              32.31088082901556
            ],
            [
              14.979274611398978,
              32.07772020725383
            ],
            [
              15.134715025906758,
              31.84455958549222
            ],
            [
              15.212435233160647,
              31.611398963730494
            ],
            [
              15.290155440414537,
              31.37823834196888
            ],
            [
              15.367875647668427,
              31.14507772020727
            ],
            [
              15.367875647668427,
              30.83419689119171
            ],
            [
              15.445595854922317,
              30.601036269429983
            ],
            [
              15.523316062176207,
              30.36787564766837
            ],
            [
              15.367875647668427,
              30.134715025906644
            ],
            [
              15.212435233160647,
              29.90155440414503
            ],
            [
              15.134715025906758,
              29.590673575129472
            ],
            [
              15.056994818652868,
              29.35751295336786
            ],
            [
              14.979274611398978,
              29.124352331606133
            ],
            [
              14.746113989637308,
              29.0466321243523
            ],
            [
              14.512953367875696,
              28.968911917098467
            ],
            [
              14.124352331606246,
              28.89119170984452
            ],
            [
              13.658031088082907,
              28.89119170984452
            ],
            [
              13.269430051813515,
              28.89119170984452
            ],
            [
              12.880829015544066,
              28.89119170984452
            ],
            [
              12.492227979274617,
              28.89119170984452
            ],
            [
              12.181347150259114,
              28.89119170984452
            ],
            [
              11.792746113989665,
              28.89119170984452
            ],
            [
              11.404145077720216,
              28.968911917098467
            ],
            [
              11.093264248704713,
              29.0466321243523
            ],
            [
              10.860103626943044,
              29.124352331606133
            ],
            [
              10.626943005181374,
              29.20207253886008
            ],
            [
              10.316062176165815,
              29.20207253886008
            ],
            [
              10.082901554404145,
              29.279792746113912
            ],
            [
              9.849740932642533,
              29.35751295336786
            ],
            [
              9.538860103626973,
              29.435233160621692
            ],
            [
              9.227979274611414,
              29.435233160621692
            ],
            [
              8.994818652849744,
              29.51295336787564
            ],
            [
              8.683937823834242,
              29.590673575129472
            ],
            [
              8.373056994818683,
              29.590673575129472
            ],
            [
              8.139896373057013,
              29.66839378238342
            ],
            [
              7.906735751295344,
              29.74611398963725
            ],
            [
              7.673575129533674,
              29.823834196891198
            ],
            [
              7.595854922279841,
              30.05699481865281
            ],
            [
              7.518134715025951,
              30.36787564766837
            ],
            [
              7.3626943005181715,
              30.601036269429983
            ],
            [
              7.207253886010392,
              30.83419689119171
            ],
            [
              7.129533678756502,
              31.067357512953322
            ],
            [
              7.051813471502612,
              31.30051813471505
            ],
            [
              6.818652849740943,
              31.37823834196888
            ],
            [
              6.585492227979273,
              31.455958549222714
            ],
            [
              6.274611398963771,
              31.455958549222714
            ],
            [
              5.886010362694321,
              31.455958549222714
            ],
            [
              5.575129533678762,
              31.455958549222714
            ],
            [
              5.341968911917149,
              31.611398963730494
            ],
            [
              5.10880829015548,
              31.766839378238274
            ],
            [
              5.03108808290159,
              32.0
            ],
            [
              4.87564766839381,
              32.23316062176161
            ],
            [
              4.7979274611399205,
              32.466321243523225
            ],
            [
              4.720207253886031,
              32.69948186528495
            ],
            [
              4.642487046632141,
              32.932642487046564
            ],
            [
              4.642487046632141,
              33.243523316062124
            ],
            [
              4.564766839378251,
              33.47668393782385
            ],
            [
              4.564766839378251,
              33.787564766839296
            ],
            [
              4.564766839378251,
              34.098445595854855
            ],
            [
              4.564766839378251,
              34.409326424870414
            ],
            [
              4.487046632124361,
              34.64248704663214
            ],
            [
              4.409326424870471,
              34.87564766839375
            ],
            [
              4.253886010362692,
              35.108808290155366
            ],
            [
              4.098445595854969,
              35.34196891191709
            ],
            [
              3.8652849740932993,
              35.49740932642487
            ],
            [
              3.63212435233163,
              35.575129533678705
            ],
            [
              3.3989637305699603,
              35.65284974093265
            ],
            [
              3.1658031088082907,
              35.730569948186485
            ],
            [
              2.8549222797927882,
              35.730569948186485
            ],
            [
              2.6217616580311187,
              35.49740932642487
            ],
            [
              2.544041450777229,
              35.264248704663146
            ],
            [
              2.544041450777229,
              34.95336787564759
            ],
            [
              2.466321243523339,
              34.720207253885974
            ],
            [
              2.466321243523339,
              34.409326424870414
            ],
            [
              2.544041450777229,
              34.098445595854855
            ],
            [
              2.6217616580311187,
              33.86528497409324
            ],
            [
              2.6994818652850086,
              33.632124352331516
            ],
            [
              2.7772020725388984,
              33.3989637305699
            ],
            [
              2.8549222797927882,
              33.088082901554344
            ],
            [
              2.8549222797927882,
              32.777202072538785
            ],
            [
              2.6217616580311187,
              32.621761658031005
            ],
            [
              2.544041450777229,
              32.38860103626939
            ],
            [
              2.388601036269449,
              32.15544041450778
            ],
            [
              2.3108808290155594,
              31.922279792746053
            ],
            [
              2.1554404145077797,
              31.68911917098444
            ],
            [
              2.1554404145077797,
              31.68911917098444
            ],
            [
              2.07772020725389,
              31.455958549222714
            ],
            [
              2.0,
              31.2227979274611
            ],
            [
              2.0,
              30.911917098445542
            ],
            [
              2.0,
              30.601036269429983
            ],
            [
              2.07772020725389,
              30.36787564766837
            ],
            [
              2.1554404145077797,
              30.134715025906644
            ],
            [
              2.1554404145077797,
              29.823834196891198
            ],
            [
              2.2331606217616695,
              29.590673575129472
            ],
            [
              2.3108808290155594,
              29.35751295336786
            ],
            [
              2.466321243523339,
              29.124352331606133
            ]
          ],
          [
            [
              2.07772020725389,
              29.435233160621692
            ],
            [
              2.3108808290155594,
              29.279792746113912
            ],
            [
              2.466321243523339,
              29.0466321243523
            ],
            [
              2.466321243523339,
              28.73575129533674
            ],
            [
              2.544041450777229,
              28.502590673575128
            ],
            [
              2.6994818652850086,
              28.2694300518134
            ],
            [
              2.932642487046678,
              28.19170984455957
            ],
            [
              2.932642487046678,
              27.88082901554401
            ],
            [
              2.932642487046678,
              27.56994818652845
            ],
            [
              3.010362694300568,
              27.25906735751289
            ],
            [
              3.088082901554401,
              27.025906735751278
            ],
            [
              3.3212435233160704,
              26.94818652849733
            ],
            [
              3.55440414507774,
              26.71502590673572
            ],
            [
              3.63212435233163,
              26.481865284974106
            ],
            [
              3.7875647668394095,
              26.24870466321238
            ],
            [
              4.020725388601079,
              26.170984455958546
            ],
            [
              4.253886010362692,
              26.015544041450767
            ],
            [
              4.487046632124361,
              25.860103626942987
            ],
            [
              4.720207253886031,
              25.78238341968904
            ],
            [
              4.9533678756477,
              25.704663212435207
            ],
            [
              5.18652849740937,
              25.62694300518126
            ],
            [
              5.497409326424872,
              25.62694300518126
            ],
            [
              5.730569948186542,
              25.704663212435207
            ],
            [
              6.041450777202101,
              25.704663212435207
            ],
            [
              6.3523316062176605,
              25.704663212435207
            ],
            [
              6.663212435233163,
              25.704663212435207
            ],
            [
              6.8963730569948325,
              25.62694300518126
            ],
            [
              7.129533678756502,
              25.47150259067348
            ],
            [
              7.3626943005181715,
              25.393782383419648
            ],
            [
              7.595854922279841,
              25.316062176165815
            ],
            [
              7.829015544041454,
              25.238341968911868
            ],
            [
              8.062176165803123,
              25.160621761658035
            ],
            [
              8.295336787564793,
              25.08290155440409
            ],
            [
              8.528497409326462,
              25.005181347150256
            ],
            [
              8.761658031088132,
              24.92746113989631
            ],
            [
              8.994818652849744,
              24.849740932642476
            ],
            [
              9.305699481865304,
              24.849740932642476
            ],
            [
              9.616580310880863,
              24.849740932642476
            ],
            [
              9.927461139896423,
              24.849740932642476
            ],
            [
              10.082901554404145,
              24.61658031088075
            ],
            [
              10.238341968911925,
              24.305699481865304
            ],
            [
              10.316062176165815,
              24.072538860103577
            ],
            [
              10.471502590673595,
              23.839378238341965
            ],
            [
              10.626943005181374,
              23.60621761658024
            ],
            [
              10.860103626943044,
              23.373056994818626
            ],
            [
              11.093264248704713,
              23.1398963730569
            ],
            [
              11.326424870466326,
              22.906735751295287
            ],
            [
              11.559585492227995,
              22.751295336787507
            ],
            [
              11.792746113989665,
              22.673575129533674
            ],
            [
              12.103626943005224,
              22.673575129533674
            ],
            [
              12.336787564766837,
              22.751295336787507
            ],
            [
              12.647668393782396,
              22.906735751295287
            ],
            [
              12.803108808290176,
              23.1398963730569
            ],
            [
              13.036269430051846,
              23.373056994818626
            ],
            [
              13.269430051813515,
              23.60621761658024
            ],
            [
              13.424870466321295,
              23.839378238341965
            ],
            [
              13.658031088082907,
              24.072538860103577
            ],
            [
              13.813471502590687,
              24.305699481865304
            ],
            [
              14.046632124352357,
              24.46113989637297
            ],
            [
              14.279792746114026,
              24.538860103626916
            ],
            [
              14.512953367875696,
              24.694300518134696
            ],
            [
              14.668393782383419,
              24.92746113989631
            ],
            [
              14.823834196891198,
              25.160621761658035
            ],
            [
              14.901554404145088,
              25.393782383419648
            ],
            [
              15.134715025906758,
              25.549222797927428
            ],
            [
              15.367875647668427,
              25.78238341968904
            ],
            [
              15.523316062176207,
              26.015544041450767
            ],
            [
              15.678756476683986,
              26.24870466321238
            ],
            [
              15.83419689119171,
              26.481865284974106
            ],
            [
              16.06735751295338,
              26.55958549222794
            ],
            [
              16.30051813471505,
              26.71502590673572
            ],
            [
              16.533678756476718,
              26.79274611398955
            ],
            [
              16.766839378238387,
              26.870466321243498
            ],
            [
              17.0,
              27.025906735751278
            ],
            [
              17.07772020725389,
              27.336787564766837
            ],
            [
              17.15544041450778,
              27.56994818652845
            ],
            [
              17.23316062176167,
              27.803108808290062
            ],
            [
              17.31088082901556,
              28.03626943005179
            ]
          ]
        ]
      }
    }
  ]
}