{
  "type": "FeatureCollection",
  "crs": {
    "type": "name",
    "properties": {
      "name": "urn:ogc:def:crs:OGC:1.3:CRS84"
    }
  },
  "features": [
    {
      "type": "Feature",
      "properties": {
        "timestamp": "2026-07-08T21:41:25.581844",
        "country_name": "Falkland Islands",
        "author": "joe",
        "author_id": "7176e9f6-f3a8-4d77-9006-37603200f16f",
        "validated": false,
        "ranking": [
          [
            "Falkland Islands",
            0.3517496585845947
          ],
          [
            "Papua New Guinea",
            0.10334756225347519
          ],
          [
            "Guinea-Bissau",
            0.09466094523668289
          ],
          [
            "Svalbard",
            0.04225641489028931
          ],
          [
            "Greece",
            0.03692227974534035
          ],
          [
            "Russia",
            0.03247527778148651
          ],
          [
            "Canada",
            0.029689960181713104
          ],
          [
            "Tajikistan",
            0.0225465577095747
          ],
          [
            "Bangladesh",
            0.017261411994695663
          ],
          [
            "Indonesia",
            0.01532137580215931
          ],
          [
            "Hong Kong",
            0.015051105991005898
          ],
          [
            "Panama",
            0.0132119320333004
          ],
          [
            "Kyrgyzstan",
            0.00936262495815754
          ],
          [
            "Croatia",
            0.008787843398749828
          ],
          [
            "South Georgia Islands",
            0.008645018562674522
          ],
          [
            "Ukraine",
            0.00812254473567009
          ],
          [
            "Iceland",
            0.006077775731682777
          ],
          [
            "Uzbekistan",
            0.005569010507315397
          ],
          [
            "Mozambique",
            0.00543149234727025
          ],
          [
            "Denmark",
            0.00536693399772048
          ],
          [
            "Kazakhstan",
            0.004402140621095896
          ],
          [
            "Cuba",
            0.004391883499920368
          ],
          [
            "Philippines",
            0.004374552518129349
          ],
          [
            "Slovakia",
            0.004246906377375126
          ],
          [
            "Estonia",
            0.0042136237025260925
          ],
          [
            "India",
            0.004071718081831932
          ],
          [
            "Mexico",
            0.004012875724583864
          ],
          [
            "Switzerland",
            0.00389359169639647
          ],
          [
            "Somalia",
            0.0038741014432162046
          ],
          [
            "Georgia",
            0.0038461899384856224
          ],
          [
            "Dominican Republic",
            0.003835025941953063
          ],
          [
            "New Caledonia",
            0.0034632235765457153
          ],
          [
            "Turkmenistan",
            0.003449892858043313
          ],
          [
            "Jamaica",
            0.0033559096045792103
          ],
          [
            "Guadeloupe",
            0.0032522620167583227
          ],
          [
            "Turkey",
            0.0032231942750513554
          ],
          [
            "Honduras",
            0.003024966921657324
          ],
          [
            "Central African Republic",
            0.002998868701979518
          ],
          [
            "Thailand",
            0.0028236370999366045
          ],
          [
            "Italy",
            0.002795972628518939
          ],
          [
            "Nepal",
            0.002726243808865547
          ],
          [
            "China",
            0.0027093864046037197
          ],
          [
            "Netherlands",
            0.002611213130876422
          ],
          [
            "Haiti",
            0.002348685869947076
          ],
          [
            "Fiji",
            0.00227074371650815
          ],
          [
            "Senegal",
            0.002227736869826913
          ],
          [
            "El Salvador",
            0.002193437423557043
          ],
          [
            "Latvia",
            0.0021462340373545885
          ],
          [
            "France",
            0.0017853995086625218
          ],
          [
            "Turks and Caicos Islands",
            0.0016810068627819419
          ],
          [
            "Burkina Faso",
            0.0016347164055332541
          ],
          [
            "Laos",
            0.0016228737076744437
          ],
          [
            "Guinea",
            0.0015991340624168515
          ],
          [
            "United Kingdom",
            0.0015986217185854912
          ],
          [
            "Puerto Rico",
            0.0015201178612187505
          ],
          [
            "Brunei",
            0.0015199815388768911
          ],
          [
            "Yemen",
            0.001482976833358407
          ],
          [
            "Gambia",
            0.0014681618195027113
          ],
          [
            "South Korea",
            0.0014100605621933937
          ],
          [
            "Bhutan",
            0.0014044882263988256
          ],
          [
            "Mongolia",
            0.0013170386664569378
          ],
          [
            "Timor-Leste",
            0.001310221035964787
          ],
          [
            "Ireland",
            0.0012843203730881214
          ],
          [
            "Greenland",
            0.0012662913650274277
          ],
          [
            "Peru",
            0.0012346830917522311
          ],
          [
            "Venezuela",
            0.0012167799286544323
          ],
          [
            "Bulgaria",
            0.001205617212690413
          ],
          [
            "Costa Rica",
            0.001178976846858859
          ],
          [
            "Belgium",
            0.0011775341117754579
          ],
          [
            "Armenia",
            0.0011463426053524017
          ],
          [
            "Congo",
            0.0011437633074820042
          ],
          [
            "Gabon",
            0.0011402172967791557
          ],
          [
            "Myanmar",
            0.0011237994767725468
          ],
          [
            "Cyprus",
            0.0011208753567188978
          ],
          [
            "Montenegro",
            0.001031616353429854
          ],
          [
            "Faroe Islands",
            0.001002969336695969
          ],
          [
            "Spain",
            0.0008589837816543877
          ],
          [
            "Sweden",
            0.0008446524734608829
          ],
          [
            "Azerbaijan",
            0.0008310135453939438
          ],
          [
            "Syria",
            0.0007969402358867228
          ],
          [
            "Kuwait",
            0.0007906766259111464
          ],
          [
            "Heard and McDonald Islands",
            0.0007852091803215444
          ],
          [
            "Eritrea",
            0.0007827210356481373
          ],
          [
            "Norway",
            0.0007767779170535505
          ],
          [
            "Czech Republic",
            0.0007748838397674263
          ],
          [
            "Rwanda",
            0.0007658225949853659
          ],
          [
            "Jordan",
            0.0007643909775651991
          ],
          [
            "Benin",
            0.0007617595256306231
          ],
          [
            "Burundi",
            0.0007441247580572963
          ],
          [
            "Austria",
            0.0007338873692788184
          ],
          [
            "Slovenia",
            0.0007319722208194435
          ],
          [
            "United States of America",
            0.0006959434249438345
          ],
          [
            "North Korea",
            0.0006893050740472972
          ],
          [
            "Brazil",
            0.0006889186333864927
          ],
          [
            "Tunisia",
            0.0006818138645030558
          ],
          [
            "Kiribati",
            0.0006088458467274904
          ],
          [
            "Malawi",
            0.0006069362279959023
          ],
          [
            "Romania",
            0.0006033512181602418
          ],
          [
            "Mali",
            0.0005998709239065647
          ],
          [
            "Samoa",
            0.0005823337705805898
          ],
          [
            "New Zealand",
            0.0005715934676118195
          ],
          [
            "Lithuania",
            0.0005656846915371716
          ],
          [
            "South Africa",
            0.0005609838990494609
          ],
          [
            "South Sudan",
            0.0005521813291125
          ],
          [
            "Japan",
            0.0005476177902892232
          ],
          [
            "Saudi Arabia",
            0.0005430837045423687
          ],
          [
            "Guyana",
            0.0005103492294438183
          ],
          [
            "Australia",
            0.00048796518240123987
          ],
          [
            "Madeira Islands",
            0.00047084048856049776
          ],
          [
            "Mayotte",
            0.0004696036921814084
          ],
          [
            "Afghanistan",
            0.00046412734081968665
          ],
          [
            "Bahamas",
            0.000457538670161739
          ],
          [
            "Guam",
            0.0004499789502006024
          ],
          [
            "Argentina",
            0.00041496718768030405
          ],
          [
            "Moldova",
            0.00039200950413942337
          ],
          [
            "Solomon Islands",
            0.0003877285635098815
          ],
          [
            "Malaysia",
            0.0003782652784138918
          ],
          [
            "Djibouti",
            0.00037396964034996927
          ],
          [
            "Iran",
            0.00034779903944581747
          ],
          [
            "North Macedonia",
            0.0003363642608746886
          ],
          [
            "Zambia",
            0.00032341049518436193
          ],
          [
            "Serbia",
            0.00032021256629377604
          ],
          [
            "Hungary",
            0.0003129374817945063
          ],
          [
            "Colombia",
            0.00030737914494238794
          ],
          [
            "Israel",
            0.000299618550343439
          ],
          [
            "Western Sahara",
            0.0002859280211851001
          ],
          [
            "Togo",
            0.0002754094311967492
          ],
          [
            "Portugal",
            0.00026594294467940927
          ],
          [
            "Lebanon",
            0.00026373800938017666
          ],
          [
            "Vietnam",
            0.0002615907578729093
          ],
          [
            "Pakistan",
            0.0002543474838603288
          ],
          [
            "Albania",
            0.00024053407832980156
          ],
          [
            "Nigeria",
            0.00023749563843011856
          ],
          [
            "Ecuador",
            0.00022998855274636298
          ],
          [
            "Angola",
            0.00022919595357961953
          ],
          [
            "Belize",
            0.0002276184386573732
          ],
          [
            "Niger",
            0.0002253668790217489
          ],
          [
            "Taiwan",
            0.00022198336955625564
          ],
          [
            "Namibia",
            0.000210849815630354
          ],
          [
            "United Arab Emirates",
            0.0002046485460596159
          ],
          [
            "Bolivia",
            0.00019874073041137308
          ],
          [
            "Belarus",
            0.00019543537928257138
          ],
          [
            "Finland",
            0.00018757126235868782
          ],
          [
            "Morocco",
            0.0001841455086832866
          ],
          [
            "Cameroon",
            0.00018072024977300316
          ],
          [
            "Vanuatu",
            0.00017609770293347538
          ],
          [
            "Ethiopia",
            0.00017497774388175458
          ],
          [
            "Paraguay",
            0.00017406533879693598
          ],
          [
            "Mauritania",
            0.00017393160669598728
          ],
          [
            "Cambodia",
            0.0001733027456793934
          ],
          [
            "Iraq",
            0.00017137227405328304
          ],
          [
            "Oman",
            0.00016791056259535253
          ],
          [
            "Germany",
            0.00016005735960789025
          ],
          [
            "Isle of Man",
            0.00014856627967674285
          ],
          [
            "Lesotho",
            0.00014791455760132521
          ],
          [
            "Netherlands Antilles",
            0.00013841457257512957
          ],
          [
            "Trinidad and Tobago",
            0.00012203864753246307
          ],
          [
            "Madagascar",
            0.00012096658610971645
          ],
          [
            "Guatemala",
            0.00012018603592878208
          ],
          [
            "Libya",
            0.00011934039503103122
          ],
          [
            "Liberia",
            0.0001189168615383096
          ],
          [
            "Algeria",
            0.0001127053183154203
          ],
          [
            "Sri Lanka",
            0.00010607331205392256
          ],
          [
            "Qatar",
            9.614929149392992e-05
          ],
          [
            "Nicaragua",
            9.614488953957334e-05
          ],
          [
            "Saint Lucia",
            8.865969721227884e-05
          ],
          [
            "Bahrain",
            8.83983084349893e-05
          ],
          [
            "Sudan",
            8.628948853584006e-05
          ],
          [
            "Martinique",
            8.425297710346058e-05
          ],
          [
            "Cape Verde",
            7.913973968243226e-05
          ],
          [
            "DR Congo",
            7.856836600694805e-05
          ],
          [
            "Chile",
            7.7116783359088e-05
          ],
          [
            "Chad",
            7.399505557259545e-05
          ],
          [
            "Luxembourg",
            7.257977995323017e-05
          ],
          [
            "Egypt",
            7.12245746399276e-05
          ],
          [
            "Bosnia & Herzegovina",
            7.01892568031326e-05
          ],
          [
            "Kenya",
            6.610606942558661e-05
          ],
          [
            "Ghana",
            6.578884494956583e-05
          ],
          [
            "West Bank",
            6.486927304649726e-05
          ],
          [
            "Equatorial Guinea",
            6.423274317057803e-05
          ],
          [
            "French Guiana",
            6.364213913911954e-05
          ],
          [
            "Uganda",
            6.259322253754362e-05
          ],
          [
            "Côte d'Ivoire",
            5.943130236119032e-05
          ],
          [
            "Sierra Leone",
            5.6952223530970514e-05
          ],
          [
            "Palau",
            5.620953379548155e-05
          ],
          [
            "Dominica",
            5.6022439821390435e-05
          ],
          [
            "Reunion",
            5.548044282477349e-05
          ],
          [
            "Botswana",
            5.30945289938245e-05
          ],
          [
            "Comoros",
            5.165786205907352e-05
          ],
          [
            "Suriname",
            4.691227150033228e-05
          ],
          [
            "Tanzania",
            4.6137596655171365e-05
          ],
          [
            "Zimbabwe",
            4.481278301682323e-05
          ],
          [
            "Eswatini",
            4.180780524620786e-05
          ],
          [
            "Uruguay",
            3.8807167584309354e-05
          ],
          [
            "Poland",
            3.8513906474690884e-05
          ],
          [
            "Barbados",
            3.3848082239273936e-05
          ],
          [
            "Antigua & Barbuda",
            2.7336247512721457e-05
          ],
          [
            "Sao Tome and Principe",
            9.7201373137068e-06
          ],
          [
            "United States Virgin Islands",
            7.461520908691455e-06
          ]
        ]
      },
      "geometry": {
        "type": "MultiLineString",
        "coordinates": [
          [
            [
              11.600000000000023,
              42.56923076923073
            ],
            [
              11.784615384615392,
              43.03076923076924
            ],
            [
              11.876923076923049,
              43.39999999999998
            ],
            [
              11.876923076923049,
              43.769230769230774
            ],
            [
              11.876923076923049,
              44.230769230769226
            ],
            [
              12.246153846153845,
              43.86153846153843
            ],
            [
              12.523076923076928,
              43.39999999999998
            ],
            [
              12.800000000000011,
              42.938461538461524
            ],
            [
              13.076923076923094,
              42.38461538461536
            ],
            [
              13.446153846153834,
              41.83076923076919
            ],
            [
              13.723076923076917,
              41.36923076923074
            ],
            [
              14.0,
              41.0
            ],
            [
              14.276923076923083,
              40.630769230769204
            ],
            [
              14.553846153846166,
              40.35384615384612
            ],
            [
              14.738461538461536,
              40.07692307692304
            ],
            [
              15.015384615384619,
              39.799999999999955
            ],
            [
              15.292307692307702,
              39.52307692307693
            ],
            [
              15.569230769230785,
              39.15384615384613
            ],
            [
              15.753846153846155,
              38.78461538461539
            ],
            [
              15.938461538461524,
              38.50769230769231
            ],
            [
              16.215384615384608,
              38.04615384615386
            ],
            [
              16.399999999999977,
              37.67692307692306
            ],
            [
              16.67692307692306,
              37.307692307692264
            ],
            [
              16.86153846153843,
              36.938461538461524
            ],
            [
              17.046153846153857,
              36.66153846153844
            ],
            [
              17.32307692307694,
              36.38461538461536
            ],
            [
              17.50769230769231,
              36.01538461538462
            ],
            [
              17.600000000000023,
              35.738461538461536
            ],
            [
              17.87692307692305,
              35.36923076923074
            ],
            [
              18.061538461538476,
              35.0
            ],
            [
              18.246153846153845,
              34.72307692307692
            ],
            [
              18.33846153846156,
              34.446153846153834
            ],
            [
              18.52307692307693,
              34.07692307692304
            ],
            [
              18.707692307692298,
              33.615384615384585
            ],
            [
              18.80000000000001,
              33.15384615384613
            ],
            [
              18.80000000000001,
              32.69230769230768
            ],
            [
              18.892307692307668,
              32.32307692307688
            ],
            [
              18.98461538461538,
              31.584615384615347
            ],
            [
              18.98461538461538,
              31.215384615384608
            ],
            [
              19.076923076923094,
              30.66153846153844
            ],
            [
              19.076923076923094,
              30.107692307692275
            ],
            [
              19.261538461538464,
              29.553846153846166
            ],
            [
              19.261538461538464,
              29.092307692307656
            ],
            [
              19.261538461538464,
              28.723076923076917
            ],
            [
              19.446153846153834,
              28.261538461538464
            ],
            [
              19.538461538461547,
              27.707692307692298
            ],
            [
              19.723076923076917,
              27.246153846153845
            ],
            [
              19.81538461538463,
              26.969230769230762
            ],
            [
              20.0,
              26.69230769230768
            ],
            [
              20.18461538461537,
              26.138461538461513
            ],
            [
              20.461538461538453,
              25.67692307692306
            ],
            [
              20.738461538461536,
              25.123076923076894
            ],
            [
              20.923076923076906,
              24.84615384615381
            ],
            [
              21.107692307692332,
              24.47692307692307
            ],
            [
              21.292307692307702,
              24.107692307692275
            ],
            [
              21.47692307692307,
              23.646153846153823
            ],
            [
              21.753846153846155,
              23.18461538461537
            ],
            [
              22.123076923076894,
              22.630769230769204
            ],
            [
              22.399999999999977,
              22.076923076923038
            ],
            [
              22.67692307692306,
              21.799999999999955
            ],
            [
              22.86153846153843,
              21.430769230769215
            ],
            [
              23.138461538461513,
              21.246153846153845
            ],
            [
              23.415384615384596,
              21.06153846153842
            ],
            [
              23.69230769230768,
              20.969230769230762
            ],
            [
              23.969230769230762,
              20.87692307692305
            ],
            [
              24.430769230769215,
              20.599999999999966
            ],
            [
              24.80000000000001,
              20.415384615384596
            ],
            [
              25.261538461538464,
              20.323076923076883
            ],
            [
              25.538461538461547,
              20.046153846153857
            ],
            [
              25.81538461538463,
              19.67692307692306
            ],
            [
              26.0,
              19.399999999999977
            ],
            [
              26.276923076923083,
              19.030769230769238
            ],
            [
              26.553846153846166,
              18.753846153846155
            ],
            [
              26.923076923076906,
              18.66153846153844
            ],
            [
              27.292307692307702,
              18.66153846153844
            ],
            [
              27.569230769230785,
              18.753846153846155
            ],
            [
              27.846153846153868,
              18.84615384615381
            ],
            [
              28.123076923076894,
              18.938461538461524
            ],
            [
              28.49230769230769,
              19.123076923076894
            ],
            [
              28.769230769230774,
              19.307692307692264
            ],
            [
              29.138461538461513,
              19.307692307692264
            ],
            [
              29.415384615384596,
              19.215384615384608
            ],
            [
              29.69230769230768,
              19.123076923076894
            ],
            [
              30.061538461538476,
              18.938461538461524
            ],
            [
              30.33846153846156,
              18.84615384615381
            ],
            [
              30.707692307692298,
              18.753846153846155
            ],
            [
              31.076923076923094,
              18.753846153846155
            ],
            [
              31.446153846153834,
              18.753846153846155
            ],
            [
              31.907692307692287,
              18.753846153846155
            ],
            [
              32.46153846153845,
              18.753846153846155
            ],
            [
              33.19999999999999,
              18.753846153846155
            ],
            [
              33.753846153846155,
              18.753846153846155
            ],
            [
              34.30769230769232,
              18.753846153846155
            ],
            [
              34.95384615384614,
              18.753846153846155
            ],
            [
              35.69230769230768,
              18.753846153846155
            ],
            [
              36.33846153846156,
              18.66153846153844
            ],
            [
              36.89230769230767,
              18.66153846153844
            ],
            [
              37.35384615384612,
              18.38461538461536
            ],
            [
              37.90769230769229,
              18.38461538461536
            ],
            [
              38.553846153846166,
              18.292307692307645
            ],
            [
              39.19999999999999,
              18.19999999999999
            ],
            [
              39.569230769230785,
              18.19999999999999
            ],
            [
              39.938461538461524,
              18.19999999999999
            ],
            [
              40.39999999999998,
              18.107692307692275
            ],
            [
              40.67692307692306,
              18.01538461538462
            ],
            [
              41.04615384615386,
              18.01538461538462
            ],
            [
              41.415384615384596,
              18.01538461538462
            ],
            [
              41.96923076923076,
              18.01538461538462
            ],
            [
              42.430769230769215,
              17.923076923076906
            ],
            [
              42.89230769230767,
              17.830769230769192
            ],
            [
              43.261538461538464,
              17.830769230769192
            ],
            [
              43.53846153846155,
              17.738461538461536
            ],
            [
              43.90769230769229,
              17.738461538461536
            ],
            [
              44.46153846153845,
              17.553846153846166
            ],
            [
              45.10769230769233,
              17.553846153846166
            ],
            [
              45.47692307692307,
              17.461538461538453
            ],
            [
              45.84615384615381,
              17.461538461538453
            ],
            [
              46.21538461538461,
              17.461538461538453
            ],
            [
              46.584615384615404,
              17.553846153846166
            ],
            [
              46.86153846153843,
              17.738461538461536
            ],
            [
              47.13846153846151,
              17.830769230769192
            ],
            [
              47.50769230769231,
              17.923076923076906
            ],
            [
              47.87692307692305,
              18.107692307692275
            ],
            [
              48.246153846153845,
              18.292307692307645
            ],
            [
              48.430769230769215,
              18.569230769230728
            ],
            [
              48.7076923076923,
              18.66153846153844
            ],
            [
              48.89230769230767,
              19.030769230769238
            ],
            [
              48.98461538461538,
              19.307692307692264
            ],
            [
              48.98461538461538,
              19.769230769230774
            ],
            [
              48.98461538461538,
              20.230769230769226
            ],
            [
              48.98461538461538,
              20.69230769230768
            ],
            [
              49.16923076923075,
              20.969230769230762
            ],
            [
              49.261538461538464,
              21.430769230769215
            ],
            [
              49.35384615384612,
              21.799999999999955
            ],
            [
              49.53846153846155,
              22.16923076923075
            ],
            [
              49.630769230769204,
              22.630769230769204
            ],
            [
              49.72307692307692,
              22.907692307692287
            ],
            [
              49.90769230769229,
              23.276923076923026
            ],
            [
              50.0,
              23.646153846153823
            ],
            [
              50.09230769230771,
              23.923076923076906
            ],
            [
              50.18461538461537,
              24.19999999999999
            ],
            [
              50.27692307692308,
              24.66153846153844
            ],
            [
              50.36923076923074,
              24.938461538461524
            ],
            [
              50.46153846153845,
              25.307692307692264
            ],
            [
              50.553846153846166,
              25.769230769230774
            ],
            [
              50.64615384615382,
              26.046153846153857
            ],
            [
              50.64615384615382,
              26.50769230769231
            ],
            [
              50.64615384615382,
              26.87692307692305
            ],
            [
              50.64615384615382,
              27.3384615384615
            ],
            [
              50.64615384615382,
              27.707692307692298
            ],
            [
              50.738461538461536,
              28.16923076923075
            ],
            [
              50.923076923076906,
              28.538461538461547
            ],
            [
              51.01538461538462,
              28.907692307692287
            ],
            [
              51.10769230769233,
              29.36923076923074
            ],
            [
              51.19999999999999,
              29.646153846153823
            ],
            [
              51.2923076923077,
              29.923076923076906
            ],
            [
              51.38461538461536,
              30.47692307692307
            ],
            [
              51.569230769230785,
              30.84615384615381
            ],
            [
              51.753846153846155,
              31.307692307692264
            ],
            [
              51.938461538461524,
              31.67692307692306
            ],
            [
              52.21538461538461,
              32.13846153846151
            ],
            [
              52.49230769230769,
              32.599999999999966
            ],
            [
              52.86153846153843,
              33.06153846153842
            ],
            [
              53.13846153846151,
              33.430769230769215
            ],
            [
              53.32307692307694,
              33.89230769230767
            ],
            [
              53.60000000000002,
              34.261538461538464
            ],
            [
              53.87692307692305,
              34.630769230769204
            ],
            [
              54.061538461538476,
              34.90769230769229
            ],
            [
              54.246153846153845,
              35.18461538461537
            ],
            [
              54.33846153846156,
              35.46153846153845
            ],
            [
              54.52307692307693,
              36.01538461538462
            ],
            [
              54.7076923076923,
              36.47692307692307
            ],
            [
              54.80000000000001,
              36.84615384615381
            ],
            [
              54.98461538461538,
              37.39999999999998
            ],
            [
              55.261538461538464,
              37.86153846153843
            ],
            [
              55.53846153846155,
              38.599999999999966
            ],
            [
              55.72307692307692,
              39.06153846153842
            ],
            [
              55.90769230769229,
              39.430769230769215
            ],
            [
              56.0,
              39.799999999999955
            ],
            [
              56.09230769230771,
              40.07692307692304
            ],
            [
              56.27692307692308,
              40.35384615384612
            ],
            [
              56.36923076923074,
              40.630769230769204
            ],
            [
              56.46153846153845,
              40.90769230769229
            ],
            [
              56.64615384615382,
              41.27692307692308
            ],
            [
              56.923076923076906,
              41.83076923076919
            ],
            [
              57.10769230769233,
              42.38461538461536
            ],
            [
              57.2923076923077,
              42.938461538461524
            ],
            [
              57.47692307692307,
              43.49230769230769
            ],
            [
              57.66153846153844,
              43.95384615384614
            ],
            [
              57.66153846153844,
              44.415384615384596
            ],
            [
              57.66153846153844,
              44.78461538461539
            ],
            [
              57.66153846153844,
              45.15384615384613
            ],
            [
              57.66153846153844,
              45.52307692307693
            ],
            [
              57.753846153846155,
              45.799999999999955
            ],
            [
              57.753846153846155,
              46.35384615384612
            ],
            [
              57.84615384615381,
              46.72307692307692
            ],
            [
              57.938461538461524,
              47.0
            ],
            [
              57.938461538461524,
              47.36923076923074
            ],
            [
              58.03076923076924,
              47.64615384615382
            ],
            [
              58.12307692307695,
              48.01538461538462
            ],
            [
              58.21538461538461,
              48.292307692307645
            ],
            [
              58.39999999999998,
              48.56923076923073
            ],
            [
              58.67692307692306,
              48.938461538461524
            ],
            [
              58.86153846153843,
              49.21538461538461
            ]
          ],
          [
            [
              12.246153846153845,
              44.04615384615386
            ],
            [
              12.061538461538476,
              44.415384615384596
            ],
            [
              11.876923076923049,
              44.78461538461539
            ],
            [
              11.876923076923049,
              45.15384615384613
            ],
            [
              11.784615384615392,
              45.430769230769215
            ],
            [
              11.600000000000023,
              45.799999999999955
            ],
            [
              11.415384615384596,
              46.07692307692304
            ],
            [
              11.138461538461513,
              46.16923076923075
            ],
            [
              10.86153846153843,
              46.35384615384612
            ],
            [
              10.584615384615404,
              46.630769230769204
            ],
            [
              10.399999999999977,
              46.90769230769229
            ],
            [
              10.399999999999977,
              47.27692307692308
            ],
            [
              10.399999999999977,
              47.64615384615382
            ],
            [
              10.30769230769232,
              48.292307692307645
            ],
            [
              10.123076923076894,
              48.66153846153844
            ],
            [
              9.938461538461524,
              49.03076923076924
            ],
            [
              9.753846153846155,
              49.307692307692264
            ],
            [
              9.661538461538441,
              49.67692307692306
            ],
            [
              9.292307692307702,
              49.769230769230774
            ],
            [
              9.015384615384619,
              49.86153846153843
            ],
            [
              8.646153846153823,
              49.86153846153843
            ],
            [
              8.36923076923074,
              49.67692307692306
            ],
            [
              8.092307692307713,
              49.58461538461535
            ],
            [
              7.723076923076917,
              49.39999999999998
            ],
            [
              7.446153846153834,
              49.21538461538461
            ],
            [
              7.076923076923094,
              49.123076923076894
            ],
            [
              6.615384615384585,
              49.123076923076894
            ],
            [
              6.246153846153845,
              49.123076923076894
            ],
            [
              5.876923076923049,
              49.123076923076894
            ],
            [
              5.507692307692309,
              49.123076923076894
            ],
            [
              5.138461538461513,
              49.21538461538461
            ],
            [
              4.769230769230774,
              49.39999999999998
            ],
            [
              4.399999999999977,
              49.39999999999998
            ],
            [
              4.030769230769238,
              49.39999999999998
            ],
            [
              3.7538461538461547,
              49.307692307692264
            ],
            [
              3.3846153846153584,
              49.21538461538461
            ],
            [
              3.015384615384619,
              49.21538461538461
            ],
            [
              2.6461538461538225,
              49.21538461538461
            ],
            [
              2.276923076923083,
              49.307692307692264
            ],
            [
              2.0,
              49.49230769230769
            ]
          ],
          [
            [
              59.32307692307694,
              48.938461538461524
            ],
            [
              59.69230769230768,
              48.938461538461524
            ],
            [
              60.15384615384613,
              48.938461538461524
            ],
            [
              60.61538461538464,
              48.938461538461524
            ],
            [
              60.89230769230767,
              48.84615384615381
            ],
            [
              61.35384615384612,
              48.753846153846155
            ],
            [
              61.630769230769204,
              48.66153846153844
            ],
            [
              62.0,
              48.66153846153844
            ]
          ],
          [
            [
              2.0,
              16.723076923076917
            ],
            [
              2.553846153846166,
              16.723076923076917
            ],
            [
              3.1076923076922753,
              16.723076923076917
            ],
            [
              3.4769230769230717,
              16.723076923076917
            ],
            [
              3.9384615384615245,
              16.723076923076917
            ],
            [
              4.307692307692321,
              16.723076923076917
            ],
            [
              4.86153846153843,
              16.723076923076917
            ],
            [
              5.230769230769226,
              16.723076923076917
            ],
            [
              5.600000000000023,
              16.723076923076917
            ],
            [
              5.969230769230762,
              16.723076923076917
            ],
            [
              6.615384615384585,
              16.723076923076917
            ],
            [
              7.076923076923094,
              16.815384615384573
            ],
            [
              7.630769230769204,
              16.907692307692287
            ],
            [
              8.36923076923074,
              17.0
            ],
            [
              8.83076923076925,
              17.092307692307656
            ],
            [
              9.107692307692275,
              17.18461538461537
            ],
            [
              9.476923076923072,
              17.36923076923074
            ],
            [
              9.846153846153811,
              17.461538461538453
            ],
            [
              10.123076923076894,
              17.553846153846166
            ],
            [
              10.49230769230769,
              17.738461538461536
            ],
            [
              11.046153846153857,
              18.01538461538462
            ],
            [
              11.415384615384596,
              18.107692307692275
            ],
            [
              11.969230769230762,
              18.107692307692275
            ],
            [
              12.615384615384585,
              18.107692307692275
            ],
            [
              12.984615384615381,
              18.19999999999999
            ],
            [
              13.630769230769204,
              18.292307692307645
            ],
            [
              14.092307692307713,
              18.292307692307645
            ],
            [
              14.738461538461536,
              18.292307692307645
            ],
            [
              15.384615384615358,
              18.292307692307645
            ],
            [
              16.123076923076894,
              18.292307692307645
            ],
            [
              16.584615384615404,
              18.292307692307645
            ],
            [
              16.953846153846143,
              18.292307692307645
            ],
            [
              17.32307692307694,
              18.292307692307645
            ],
            [
              18.061538461538476,
              18.292307692307645
            ],
            [
              18.80000000000001,
              18.292307692307645
            ],
            [
              19.446153846153834,
              18.19999999999999
            ],
            [
              20.092307692307713,
              18.19999999999999
            ],
            [
              20.461538461538453,
              18.107692307692275
            ],
            [
              21.01538461538462,
              18.107692307692275
            ],
            [
              21.38461538461536,
              18.107692307692275
            ],
            [
              22.123076923076894,
              18.107692307692275
            ],
            [
              22.584615384615404,
              18.107692307692275
            ],
            [
              23.32307692307694,
              18.107692307692275
            ],
            [
              24.061538461538476,
              18.19999999999999
            ],
            [
              24.52307692307693,
              18.292307692307645
            ],
            [
              24.80000000000001,
              18.38461538461536
            ],
            [
              25.538461538461547,
              18.47692307692307
            ],
            [
              26.092307692307713,
              18.47692307692307
            ],
            [
              26.461538461538453,
              18.569230769230728
            ],
            [
              26.923076923076906,
              18.66153846153844
            ],
            [
              27.38461538461536,
              18.66153846153844
            ],
            [
              27.66153846153844,
              18.753846153846155
            ],
            [
              27.938461538461524,
              18.84615384615381
            ],
            [
              28.49230769230769,
              18.84615384615381
            ],
            [
              28.953846153846143,
              18.84615384615381
            ],
            [
              29.32307692307694,
              18.84615384615381
            ],
            [
              29.784615384615392,
              18.84615384615381
            ],
            [
              30.246153846153845,
              18.84615384615381
            ],
            [
              30.707692307692298,
              18.84615384615381
            ],
            [
              31.35384615384612,
              18.84615384615381
            ],
            [
              31.907692307692287,
              18.84615384615381
            ],
            [
              32.46153846153845,
              18.84615384615381
            ],
            [
              33.19999999999999,
              18.84615384615381
            ],
            [
              33.84615384615381,
              18.84615384615381
            ],
            [
              34.49230769230769,
              18.84615384615381
            ],
            [
              35.50769230769231,
              18.84615384615381
            ],
            [
              36.52307692307693,
              18.84615384615381
            ],
            [
              37.53846153846155,
              18.84615384615381
            ],
            [
              38.36923076923074,
              18.84615384615381
            ],
            [
              39.01538461538462,
              18.84615384615381
            ],
            [
              39.47692307692307,
              18.84615384615381
            ],
            [
              40.03076923076924,
              18.84615384615381
            ],
            [
              40.67692307692306,
              18.84615384615381
            ],
            [
              41.04615384615386,
              18.84615384615381
            ],
            [
              41.60000000000002,
              18.84615384615381
            ],
            [
              42.061538461538476,
              18.84615384615381
            ],
            [
              42.61538461538464,
              18.84615384615381
            ],
            [
              43.35384615384612,
              18.84615384615381
            ],
            [
              44.27692307692308,
              18.84615384615381
            ],
            [
              45.01538461538462,
              18.84615384615381
            ],
            [
              45.66153846153844,
              18.84615384615381
            ],
            [
              46.12307692307695,
              18.84615384615381
            ],
            [
              46.49230769230769,
              18.84615384615381
            ],
            [
              46.86153846153843,
              18.84615384615381
            ],
            [
              47.32307692307694,
              18.84615384615381
            ],
            [
              47.96923076923076,
              18.84615384615381
            ],
            [
              48.61538461538464,
              18.84615384615381
            ],
            [
              49.076923076923094,
              18.84615384615381
            ],
            [
              49.72307692307692,
              18.84615384615381
            ],
            [
              50.27692307692308,
              18.84615384615381
            ],
            [
              50.64615384615382,
              18.84615384615381
            ],
            [
              51.01538461538462,
              18.753846153846155
            ],
            [
              51.47692307692307,
              18.753846153846155
            ],
            [
              52.03076923076924,
              18.66153846153844
            ],
            [
              52.584615384615404,
              18.66153846153844
            ],
            [
              53.32307692307694,
              18.569230769230728
            ],
            [
              54.061538461538476,
              18.569230769230728
            ],
            [
              54.80000000000001,
              18.47692307692307
            ],
            [
              55.53846153846155,
              18.47692307692307
            ],
            [
              56.18461538461537,
              18.38461538461536
            ],
            [
              57.10769230769233,
              18.38461538461536
            ],
            [
              57.753846153846155,
              18.38461538461536
            ],
            [
              58.49230769230769,
              18.292307692307645
            ],
            [
              59.415384615384596,
              18.19999999999999
            ],
            [
              60.246153846153845,
              18.107692307692275
            ],
            [
              61.35384615384612,
              18.107692307692275
            ]
          ],
          [
            [
              14.646153846153823,
              45.246153846153845
            ],
            [
              14.738461538461536,
              44.69230769230768
            ],
            [
              15.015384615384619,
              43.58461538461535
            ],
            [
              15.569230769230785,
              42.19999999999999
            ],
            [
              16.67692307692306,
              40.16923076923075
            ],
            [
              17.87692307692305,
              37.86153846153843
            ],
            [
              20.0,
              35.0
            ],
            [
              23.046153846153857,
              31.399999999999977
            ],
            [
              26.461538461538453,
              28.076923076923038
            ],
            [
              29.230769230769226,
              25.215384615384608
            ],
            [
              31.723076923076917,
              23.276923076923026
            ],
            [
              33.19999999999999,
              22.261538461538464
            ],
            [
              34.03076923076924,
              21.799999999999955
            ]
          ],
          [
            [
              21.292307692307702,
              41.923076923076906
            ],
            [
              21.753846153846155,
              41.09230769230766
            ],
            [
              22.86153846153843,
              39.52307692307693
            ],
            [
              25.261538461538464,
              36.753846153846155
            ],
            [
              28.67692307692306,
              32.96923076923076
            ],
            [
              32.09230769230771,
              29.092307692307656
            ],
            [
              35.78461538461539,
              25.307692307692264
            ],
            [
              39.569230769230785,
              21.52307692307693
            ],
            [
              42.80000000000001,
              18.66153846153844
            ],
            [
              44.46153846153845,
              17.553846153846166
            ],
            [
              45.38461538461536,
              17.18461538461537
            ]
          ],
          [
            [
              39.66153846153844,
              41.923076923076906
            ],
            [
              40.67692307692306,
              40.90769230769229
            ],
            [
              42.52307692307693,
              38.96923076923076
            ],
            [
              45.38461538461536,
              36.107692307692275
            ],
            [
              48.15384615384613,
              32.96923076923076
            ],
            [
              51.38461538461536,
              29.553846153846166
            ],
            [
              54.33846153846156,
              26.69230769230768
            ],
            [
              56.46153846153845,
              24.84615384615381
            ],
            [
              57.84615384615381,
              23.18461538461537
            ],
            [
              58.12307692307695,
              22.723076923076917
            ]
          ],
          [
            [
              54.52307692307693,
              41.36923076923074
            ],
            [
              54.33846153846156,
              40.72307692307692
            ],
            [
              54.15384615384613,
              39.06153846153842
            ],
            [
              53.87692307692305,
              37.03076923076924
            ],
            [
              53.32307692307694,
              34.35384615384612
            ],
            [
              52.39999999999998,
              31.215384615384608
            ],
            [
              51.38461538461536,
              28.16923076923075
            ],
            [
              50.18461538461537,
              25.399999999999977
            ],
            [
              48.89230769230767,
              23.36923076923074
            ],
            [
              47.415384615384596,
              21.707692307692298
            ],
            [
              46.12307692307695,
              20.784615384615336
            ],
            [
              45.19999999999999,
              20.415384615384596
            ],
            [
              44.923076923076906,
              20.323076923076883
            ]
          ],
          [
            [
              52.21538461538461,
              41.27692307692308
            ],
            [
              51.66153846153844,
              40.72307692307692
            ],
            [
              51.10769230769233,
              39.3384615384615
            ],
            [
              50.36923076923074,
              37.21538461538461
            ],
            [
              49.261538461538464,
              34.446153846153834
            ],
            [
              47.96923076923076,
              31.584615384615347
            ],
            [
              46.39999999999998,
              28.538461538461547
            ],
            [
              44.738461538461536,
              25.49230769230769
            ],
            [
              42.80000000000001,
              21.615384615384585
            ],
            [
              40.769230769230774,
              18.38461538461536
            ],
            [
              39.19999999999999,
              15.707692307692298
            ],
            [
              37.90769230769229,
              14.415384615384596
            ],
            [
              37.446153846153834,
              14.138461538461513
            ]
          ],
          [
            [
              47.96923076923076,
              40.53846153846155
            ],
            [
              47.50769230769231,
              40.261538461538464
            ],
            [
              46.21538461538461,
              39.3384615384615
            ],
            [
              44.09230769230771,
              37.769230769230774
            ],
            [
              41.50769230769231,
              35.64615384615382
            ],
            [
              38.18461538461537,
              32.32307692307688
            ],
            [
              34.86153846153843,
              29.18461538461537
            ],
            [
              31.723076923076917,
              26.323076923076883
            ],
            [
              28.67692307692306,
              23.923076923076906
            ],
            [
              27.292307692307702,
              22.723076923076917
            ],
            [
              26.738461538461536,
              22.16923076923075
            ]
          ],
          [
            [
              50.64615384615382,
              44.50769230769231
            ],
            [
              49.630769230769204,
              42.938461538461524
            ],
            [
              48.430769230769215,
              41.18461538461537
            ],
            [
              46.95384615384614,
              38.96923076923076
            ],
            [
              45.01538461538462,
              36.292307692307645
            ],
            [
              42.61538461538464,
              33.246153846153845
            ],
            [
              39.38461538461536,
              30.38461538461536
            ],
            [
              35.78461538461539,
              27.799999999999955
            ],
            [
              32.27692307692308,
              25.67692307692306
            ],
            [
              29.138461538461513,
              23.830769230769192
            ],
            [
              26.83076923076925,
              22.16923076923075
            ],
            [
              25.538461538461547,
              21.3384615384615
            ],
            [
              24.98461538461538,
              21.06153846153842
            ]
          ],
          [
            [
              35.78461538461539,
              40.35384615384612
            ],
            [
              35.230769230769226,
              39.89230769230767
            ],
            [
              33.569230769230785,
              38.69230769230768
            ],
            [
              30.80000000000001,
              36.753846153846155
            ],
            [
              26.738461538461536,
              34.261538461538464
            ],
            [
              23.046153846153857,
              31.953846153846143
            ],
            [
              20.0,
              29.738461538461536
            ],
            [
              18.33846153846156,
              28.261538461538464
            ],
            [
              17.87692307692305,
              27.52307692307693
            ]
          ],
          [
            [
              18.061538461538476,
              46.16923076923075
            ],
            [
              17.87692307692305,
              45.52307692307693
            ],
            [
              17.87692307692305,
              44.599999999999966
            ],
            [
              18.061538461538476,
              42.753846153846155
            ],
            [
              19.16923076923075,
              40.446153846153834
            ],
            [
              21.19999999999999,
              37.21538461538461
            ],
            [
              24.246153846153845,
              33.89230769230767
            ],
            [
              27.938461538461524,
              30.47692307692307
            ],
            [
              31.538461538461547,
              27.615384615384585
            ],
            [
              35.230769230769226,
              25.123076923076894
            ],
            [
              38.36923076923074,
              23.553846153846166
            ],
            [
              40.39999999999998,
              22.723076923076917
            ],
            [
              41.415384615384596,
              22.446153846153834
            ]
          ],
          [
            [
              24.707692307692298,
              38.78461538461539
            ],
            [
              25.16923076923075,
              37.95384615384614
            ],
            [
              26.0,
              36.47692307692307
            ],
            [
              27.38461538461536,
              34.630769230769204
            ],
            [
              29.138461538461513,
              32.04615384615386
            ],
            [
              31.076923076923094,
              29.276923076923026
            ],
            [
              32.923076923076906,
              26.969230769230762
            ],
            [
              34.86153846153843,
              24.938461538461524
            ],
            [
              36.430769230769215,
              23.646153846153823
            ],
            [
              37.35384615384612,
              23.36923076923074
            ],
            [
              37.90769230769229,
              23.830769230769192
            ],
            [
              38.27692307692308,
              24.292307692307645
            ]
          ],
          [
            [
              52.49230769230769,
              38.78461538461539
            ],
            [
              52.49230769230769,
              37.769230769230774
            ],
            [
              52.49230769230769,
              36.38461538461536
            ],
            [
              51.938461538461524,
              34.630769230769204
            ],
            [
              51.01538461538462,
              32.32307692307688
            ],
            [
              49.90769230769229,
              30.01538461538462
            ],
            [
              48.52307692307693,
              27.799999999999955
            ],
            [
              47.32307692307694,
              26.323076923076883
            ],
            [
              46.49230769230769,
              25.307692307692264
            ],
            [
              45.753846153846155,
              24.753846153846155
            ],
            [
              45.47692307692307,
              24.84615384615381
            ]
          ],
          [
            [
              49.81538461538463,
              43.58461538461535
            ],
            [
              49.446153846153834,
              42.938461538461524
            ],
            [
              48.61538461538464,
              41.55384615384611
            ],
            [
              47.60000000000002,
              39.7076923076923
            ],
            [
              46.39999999999998,
              37.86153846153843
            ],
            [
              44.553846153846166,
              35.36923076923074
            ],
            [
              42.52307692307693,
              33.06153846153842
            ],
            [
              40.49230769230769,
              31.307692307692264
            ],
            [
              38.738461538461536,
              29.36923076923074
            ],
            [
              37.16923076923075,
              27.892307692307668
            ],
            [
              36.246153846153845,
              26.969230769230762
            ],
            [
              35.78461538461539,
              26.50769230769231
            ]
          ],
          [
            [
              48.61538461538464,
              43.86153846153843
            ],
            [
              48.61538461538464,
              42.47692307692307
            ],
            [
              48.61538461538464,
              41.09230769230766
            ],
            [
              48.61538461538464,
              39.246153846153845
            ],
            [
              48.61538461538464,
              36.84615384615381
            ],
            [
              48.246153846153845,
              34.16923076923075
            ],
            [
              47.415384615384596,
              31.49230769230769
            ],
            [
              46.49230769230769,
              28.630769230769204
            ],
            [
              45.38461538461536,
              26.323076923076883
            ],
            [
              44.09230769230771,
              24.66153846153844
            ],
            [
              42.61538461538464,
              23.646153846153823
            ],
            [
              41.50769230769231,
              23.18461538461537
            ],
            [
              41.04615384615386,
              23.18461538461537
            ],
            [
              40.67692307692306,
              23.36923076923074
            ]
          ],
          [
            [
              41.230769230769226,
              19.67692307692306
            ],
            [
              40.67692307692306,
              19.030769230769238
            ],
            [
              40.03076923076924,
              18.66153846153844
            ],
            [
              38.923076923076906,
              18.47692307692307
            ],
            [
              37.076923076923094,
              18.292307692307645
            ],
            [
              35.04615384615386,
              18.19999999999999
            ],
            [
              33.2923076923077,
              17.923076923076906
            ],
            [
              31.723076923076917,
              17.738461538461536
            ],
            [
              30.153846153846132,
              17.738461538461536
            ],
            [
              28.86153846153843,
              17.738461538461536
            ],
            [
              28.399999999999977,
              18.01538461538462
            ],
            [
              28.30769230769232,
              18.292307692307645
            ]
          ],
          [
            [
              32.18461538461537,
              19.123076923076894
            ],
            [
              32.64615384615382,
              19.030769230769238
            ],
            [
              34.67692307692306,
              19.030769230769238
            ],
            [
              36.80000000000001,
              19.215384615384608
            ],
            [
              38.923076923076906,
              19.584615384615347
            ],
            [
              40.67692307692306,
              19.86153846153843
            ],
            [
              42.52307692307693,
              20.138461538461513
            ],
            [
              43.446153846153834,
              20.323076923076883
            ],
            [
              43.72307692307692,
              20.415384615384596
            ],
            [
              43.261538461538464,
              20.415384615384596
            ],
            [
              41.32307692307694,
              20.784615384615336
            ],
            [
              40.584615384615404,
              20.969230769230762
            ]
          ],
          [
            [
              24.52307692307693,
              22.16923076923075
            ],
            [
              25.81538461538463,
              22.16923076923075
            ],
            [
              26.923076923076906,
              22.261538461538464
            ],
            [
              27.753846153846155,
              22.16923076923075
            ],
            [
              28.769230769230774,
              21.98461538461538
            ],
            [
              29.87692307692305,
              21.799999999999955
            ],
            [
              31.630769230769204,
              21.430769230769215
            ],
            [
              33.84615384615381,
              21.246153846153845
            ],
            [
              35.96923076923076,
              21.153846153846132
            ],
            [
              37.81538461538463,
              21.153846153846132
            ],
            [
              39.938461538461524,
              21.153846153846132
            ],
            [
              40.769230769230774,
              21.3384615384615
            ]
          ],
          [
            [
              43.53846153846155,
              21.892307692307668
            ],
            [
              42.61538461538464,
              21.892307692307668
            ],
            [
              41.13846153846151,
              21.799999999999955
            ],
            [
              39.84615384615381,
              21.799999999999955
            ],
            [
              38.738461538461536,
              21.799999999999955
            ],
            [
              37.630769230769204,
              21.799999999999955
            ],
            [
              36.33846153846156,
              21.799999999999955
            ],
            [
              35.230769230769226,
              22.076923076923038
            ],
            [
              34.584615384615404,
              22.16923076923075
            ],
            [
              34.123076923076894,
              22.446153846153834
            ]
          ],
          [
            [
              38.553846153846166,
              22.630769230769204
            ],
            [
              39.2923076923077,
              22.446153846153834
            ],
            [
              41.13846153846151,
              22.16923076923075
            ],
            [
              42.89230769230767,
              21.98461538461538
            ],
            [
              44.46153846153845,
              21.98461538461538
            ],
            [
              46.03076923076924,
              21.98461538461538
            ],
            [
              47.69230769230768,
              22.16923076923075
            ],
            [
              48.89230769230767,
              22.35384615384612
            ],
            [
              49.446153846153834,
              22.723076923076917
            ],
            [
              49.53846153846155,
              23.0
            ]
          ],
          [
            [
              49.076923076923094,
              23.553846153846166
            ],
            [
              48.246153846153845,
              23.830769230769192
            ],
            [
              46.39999999999998,
              24.47692307692307
            ],
            [
              44.18461538461537,
              24.753846153846155
            ],
            [
              42.98461538461538,
              24.84615384615381
            ],
            [
              42.061538461538476,
              24.84615384615381
            ],
            [
              41.04615384615386,
              24.84615384615381
            ],
            [
              39.47692307692307,
              24.938461538461524
            ],
            [
              37.35384615384612,
              25.307692307692264
            ],
            [
              35.50769230769231,
              25.584615384615347
            ],
            [
              34.123076923076894,
              25.769230769230774
            ],
            [
              33.66153846153844,
              25.86153846153843
            ]
          ],
          [
            [
              39.2923076923077,
              27.430769230769215
            ],
            [
              40.12307692307695,
              27.430769230769215
            ],
            [
              41.13846153846151,
              27.430769230769215
            ],
            [
              42.061538461538476,
              27.430769230769215
            ],
            [
              42.80000000000001,
              27.3384615384615
            ],
            [
              43.076923076923094,
              27.06153846153842
            ],
            [
              43.446153846153834,
              26.784615384615336
            ],
            [
              43.90769230769229,
              26.69230769230768
            ]
          ],
          [
            [
              38.923076923076906,
              28.16923076923075
            ],
            [
              38.36923076923074,
              28.16923076923075
            ],
            [
              37.53846153846155,
              28.16923076923075
            ],
            [
              36.7076923076923,
              28.16923076923075
            ],
            [
              35.78461538461539,
              28.076923076923038
            ],
            [
              34.67692307692306,
              28.076923076923038
            ],
            [
              33.10769230769233,
              28.16923076923075
            ],
            [
              31.723076923076917,
              28.261538461538464
            ],
            [
              30.430769230769215,
              28.35384615384612
            ],
            [
              29.784615384615392,
              28.35384615384612
            ],
            [
              29.230769230769226,
              28.35384615384612
            ]
          ],
          [
            [
              25.81538461538463,
              28.907692307692287
            ],
            [
              25.35384615384612,
              28.815384615384573
            ],
            [
              24.98461538461538,
              28.538461538461547
            ],
            [
              24.892307692307668,
              28.261538461538464
            ],
            [
              24.80000000000001,
              27.892307692307668
            ],
            [
              24.80000000000001,
              27.3384615384615
            ],
            [
              24.80000000000001,
              26.69230769230768
            ],
            [
              24.98461538461538,
              26.230769230769226
            ],
            [
              25.076923076923094,
              25.86153846153843
            ]
          ],
          [
            [
              26.276923076923083,
              23.092307692307656
            ],
            [
              26.36923076923074,
              22.630769230769204
            ],
            [
              26.461538461538453,
              22.35384615384612
            ],
            [
              27.19999999999999,
              22.16923076923075
            ],
            [
              28.584615384615404,
              22.076923076923038
            ],
            [
              30.153846153846132,
              22.16923076923075
            ],
            [
              32.36923076923074,
              22.723076923076917
            ],
            [
              35.32307692307694,
              23.646153846153823
            ],
            [
              37.16923076923075,
              24.292307692307645
            ],
            [
              38.46153846153845,
              24.569230769230728
            ],
            [
              39.01538461538462,
              24.569230769230728
            ],
            [
              39.38461538461536,
              24.66153846153844
            ],
            [
              39.938461538461524,
              24.753846153846155
            ],
            [
              41.13846153846151,
              24.84615384615381
            ],
            [
              42.33846153846156,
              24.938461538461524
            ],
            [
              43.53846153846155,
              25.123076923076894
            ],
            [
              44.18461538461537,
              25.215384615384608
            ]
          ],
          [
            [
              49.53846153846155,
              26.50769230769231
            ],
            [
              49.16923076923075,
              26.784615384615336
            ],
            [
              48.52307692307693,
              27.246153846153845
            ],
            [
              48.061538461538476,
              27.430769230769215
            ],
            [
              47.04615384615386,
              27.799999999999955
            ],
            [
              45.938461538461524,
              28.076923076923038
            ],
            [
              45.47692307692307,
              28.076923076923038
            ]
          ],
          [
            [
              37.630769230769204,
              28.35384615384612
            ],
            [
              37.076923076923094,
              28.35384615384612
            ],
            [
              34.21538461538461,
              27.98461538461538
            ],
            [
              31.261538461538464,
              27.246153846153845
            ],
            [
              28.86153846153843,
              26.50769230769231
            ],
            [
              27.19999999999999,
              26.046153846153857
            ],
            [
              25.81538461538463,
              25.584615384615347
            ],
            [
              24.98461538461538,
              25.49230769230769
            ],
            [
              24.246153846153845,
              25.307692307692264
            ],
            [
              23.32307692307694,
              25.307692307692264
            ],
            [
              22.584615384615404,
              25.123076923076894
            ],
            [
              21.753846153846155,
              25.030769230769238
            ],
            [
              21.292307692307702,
              25.030769230769238
            ]
          ],
          [
            [
              20.553846153846166,
              24.938461538461524
            ],
            [
              21.19999999999999,
              24.84615384615381
            ],
            [
              22.30769230769232,
              24.569230769230728
            ],
            [
              24.153846153846132,
              24.38461538461536
            ],
            [
              26.553846153846166,
              24.292307692307645
            ],
            [
              29.230769230769226,
              24.292307692307645
            ],
            [
              31.81538461538463,
              24.292307692307645
            ],
            [
              34.21538461538461,
              24.47692307692307
            ],
            [
              35.96923076923076,
              24.753846153846155
            ],
            [
              36.430769230769215,
              24.938461538461524
            ]
          ],
          [
            [
              39.569230769230785,
              26.046153846153857
            ],
            [
              40.49230769230769,
              26.230769230769226
            ],
            [
              41.13846153846151,
              26.415384615384596
            ],
            [
              41.78461538461539,
              26.599999999999966
            ],
            [
              42.246153846153845,
              26.69230769230768
            ],
            [
              42.52307692307693,
              26.969230769230762
            ],
            [
              43.076923076923094,
              27.3384615384615
            ],
            [
              43.446153846153834,
              27.52307692307693
            ],
            [
              43.90769230769229,
              27.799999999999955
            ]
          ],
          [
            [
              46.584615384615404,
              29.461538461538453
            ],
            [
              46.95384615384614,
              29.461538461538453
            ]
          ],
          [
            [
              42.246153846153845,
              30.84615384615381
            ],
            [
              40.95384615384614,
              31.030769230769238
            ],
            [
              40.03076923076924,
              31.215384615384608
            ],
            [
              39.01538461538462,
              31.307692307692264
            ],
            [
              38.0,
              31.49230769230769
            ],
            [
              37.16923076923075,
              31.584615384615347
            ],
            [
              36.61538461538464,
              31.67692307692306
            ],
            [
              36.15384615384613,
              31.67692307692306
            ],
            [
              35.50769230769231,
              31.769230769230774
            ],
            [
              34.769230769230774,
              31.769230769230774
            ],
            [
              34.123076923076894,
              31.953846153846143
            ]
          ],
          [
            [
              23.87692307692305,
              31.769230769230774
            ],
            [
              23.50769230769231,
              31.584615384615347
            ]
          ],
          [
            [
              27.292307692307702,
              30.753846153846155
            ],
            [
              28.215384615384608,
              30.47692307692307
            ],
            [
              29.87692307692305,
              29.923076923076906
            ],
            [
              32.27692307692308,
              29.461538461538453
            ],
            [
              35.230769230769226,
              28.815384615384573
            ],
            [
              38.27692307692308,
              28.446153846153834
            ],
            [
              41.50769230769231,
              28.076923076923038
            ],
            [
              43.81538461538463,
              28.076923076923038
            ],
            [
              45.2923076923077,
              28.076923076923038
            ],
            [
              46.39999999999998,
              28.35384615384612
            ]
          ],
          [
            [
              49.630769230769204,
              29.646153846153823
            ],
            [
              49.16923076923075,
              29.923076923076906
            ],
            [
              48.33846153846156,
              30.19999999999999
            ],
            [
              47.04615384615386,
              30.47692307692307
            ],
            [
              46.21538461538461,
              30.569230769230728
            ]
          ],
          [
            [
              40.12307692307695,
              30.01538461538462
            ],
            [
              39.66153846153844,
              30.01538461538462
            ],
            [
              39.2923076923077,
              29.923076923076906
            ],
            [
              38.83076923076925,
              29.923076923076906
            ],
            [
              38.18461538461537,
              29.923076923076906
            ],
            [
              37.35384615384612,
              29.923076923076906
            ],
            [
              36.52307692307693,
              29.923076923076906
            ],
            [
              35.60000000000002,
              29.923076923076906
            ],
            [
              34.95384615384614,
              29.923076923076906
            ],
            [
              34.123076923076894,
              29.923076923076906
            ],
            [
              32.738461538461536,
              29.830769230769192
            ],
            [
              30.892307692307668,
              29.646153846153823
            ],
            [
              30.52307692307693,
              29.461538461538453
            ]
          ],
          [
            [
              22.215384615384608,
              28.723076923076917
            ],
            [
              21.753846153846155,
              28.723076923076917
            ]
          ],
          [
            [
              21.47692307692307,
              28.723076923076917
            ],
            [
              21.84615384615381,
              28.723076923076917
            ],
            [
              23.230769230769226,
              28.446153846153834
            ],
            [
              24.33846153846156,
              28.261538461538464
            ],
            [
              25.538461538461547,
              28.16923076923075
            ],
            [
              26.092307692307713,
              28.16923076923075
            ]
          ],
          [
            [
              27.19999999999999,
              28.261538461538464
            ],
            [
              27.66153846153844,
              28.261538461538464
            ],
            [
              28.123076923076894,
              28.261538461538464
            ],
            [
              28.953846153846143,
              28.261538461538464
            ],
            [
              29.87692307692305,
              28.261538461538464
            ],
            [
              30.98461538461538,
              28.261538461538464
            ],
            [
              32.553846153846166,
              28.35384615384612
            ],
            [
              34.03076923076924,
              28.35384615384612
            ],
            [
              35.415384615384596,
              28.446153846153834
            ]
          ],
          [
            [
              49.35384615384612,
              30.569230769230728
            ],
            [
              49.076923076923094,
              30.753846153846155
            ],
            [
              48.7076923076923,
              30.938461538461524
            ],
            [
              48.33846153846156,
              31.123076923076894
            ],
            [
              47.87692307692305,
              31.307692307692264
            ],
            [
              47.230769230769226,
              31.399999999999977
            ],
            [
              46.769230769230774,
              31.584615384615347
            ],
            [
              46.30769230769232,
              31.67692307692306
            ],
            [
              45.47692307692307,
              31.769230769230774
            ],
            [
              44.553846153846166,
              31.86153846153843
            ],
            [
              43.630769230769204,
              31.953846153846143
            ],
            [
              42.80000000000001,
              31.953846153846143
            ],
            [
              41.60000000000002,
              31.953846153846143
            ],
            [
              39.938461538461524,
              31.67692307692306
            ],
            [
              37.90769230769229,
              31.215384615384608
            ],
            [
              35.50769230769231,
              30.569230769230728
            ],
            [
              33.2923076923077,
              30.107692307692275
            ],
            [
              31.538461538461547,
              29.738461538461536
            ],
            [
              30.246153846153845,
              29.553846153846166
            ],
            [
              29.230769230769226,
              29.36923076923074
            ],
            [
              28.584615384615404,
              29.36923076923074
            ],
            [
              27.846153846153868,
              29.276923076923026
            ],
            [
              26.923076923076906,
              29.276923076923026
            ],
            [
              26.36923076923074,
              29.276923076923026
            ]
          ],
          [
            [
              43.72307692307692,
              31.49230769230769
            ],
            [
              42.61538461538464,
              31.49230769230769
            ],
            [
              39.938461538461524,
              31.584615384615347
            ],
            [
              35.96923076923076,
              31.67692307692306
            ],
            [
              32.64615384615382,
              31.67692307692306
            ],
            [
              30.153846153846132,
              31.67692307692306
            ],
            [
              27.47692307692307,
              31.584615384615347
            ],
            [
              25.723076923076917,
              31.584615384615347
            ],
            [
              23.87692307692305,
              31.86153846153843
            ],
            [
              22.399999999999977,
              32.32307692307688
            ],
            [
              21.19999999999999,
              32.69230769230768
            ],
            [
              20.646153846153823,
              32.87692307692305
            ]
          ],
          [
            [
              45.47692307692307,
              34.07692307692304
            ],
            [
              44.83076923076925,
              34.261538461538464
            ],
            [
              44.18461538461537,
              34.35384615384612
            ],
            [
              43.630769230769204,
              34.53846153846155
            ],
            [
              42.89230769230767,
              34.72307692307692
            ],
            [
              41.96923076923076,
              34.81538461538457
            ],
            [
              40.49230769230769,
              34.81538461538457
            ],
            [
              38.09230769230771,
              34.81538461538457
            ],
            [
              34.67692307692306,
              34.81538461538457
            ],
            [
              29.969230769230762,
              34.81538461538457
            ],
            [
              26.646153846153823,
              34.72307692307692
            ],
            [
              23.600000000000023,
              34.630769230769204
            ],
            [
              21.569230769230785,
              34.630769230769204
            ],
            [
              20.923076923076906,
              34.630769230769204
            ]
          ],
          [
            [
              52.584615384615404,
              31.307692307692264
            ],
            [
              51.938461538461524,
              31.584615384615347
            ],
            [
              50.27692307692308,
              31.86153846153843
            ],
            [
              47.96923076923076,
              32.415384615384596
            ],
            [
              44.83076923076925,
              33.15384615384613
            ],
            [
              41.87692307692305,
              33.7076923076923
            ],
            [
              39.84615384615381,
              34.261538461538464
            ],
            [
              38.0,
              34.53846153846155
            ],
            [
              36.33846153846156,
              34.72307692307692
            ],
            [
              35.04615384615386,
              34.90769230769229
            ],
            [
              33.938461538461524,
              35.09230769230766
            ],
            [
              33.19999999999999,
              35.18461538461537
            ],
            [
              32.36923076923074,
              35.27692307692308
            ],
            [
              31.81538461538463,
              35.46153846153845
            ],
            [
              31.16923076923075,
              35.553846153846166
            ]
          ],
          [
            [
              48.61538461538464,
              40.16923076923075
            ],
            [
              46.49230769230769,
              40.35384615384612
            ],
            [
              43.35384615384612,
              40.53846153846155
            ],
            [
              39.753846153846155,
              40.53846153846155
            ],
            [
              35.415384615384596,
              40.446153846153834
            ],
            [
              32.46153846153845,
              40.07692307692304
            ],
            [
              29.969230769230762,
              39.7076923076923
            ],
            [
              28.584615384615404,
              39.615384615384585
            ],
            [
              27.38461538461536,
              39.52307692307693
            ],
            [
              25.723076923076917,
              39.52307692307693
            ],
            [
              23.969230769230762,
              39.52307692307693
            ],
            [
              22.030769230769238,
              39.52307692307693
            ],
            [
              19.538461538461547,
              39.7076923076923
            ],
            [
              17.046153846153857,
              39.98461538461538
            ],
            [
              16.769230769230774,
              40.07692307692304
            ]
          ],
          [
            [
              47.415384615384596,
              40.261538461538464
            ],
            [
              46.769230769230774,
              39.98461538461538
            ],
            [
              45.569230769230785,
              39.615384615384585
            ],
            [
              43.53846153846155,
              39.246153846153845
            ],
            [
              40.584615384615404,
              38.78461538461539
            ],
            [
              36.33846153846156,
              38.13846153846151
            ],
            [
              32.36923076923074,
              37.39999999999998
            ],
            [
              27.753846153846155,
              36.753846153846155
            ],
            [
              23.50769230769231,
              36.56923076923073
            ],
            [
              20.0,
              36.56923076923073
            ],
            [
              17.600000000000023,
              36.66153846153844
            ],
            [
              15.846153846153868,
              36.84615384615381
            ],
            [
              14.738461538461536,
              37.03076923076924
            ],
            [
              14.18461538461537,
              37.21538461538461
            ]
          ],
          [
            [
              48.061538461538476,
              35.27692307692308
            ],
            [
              47.60000000000002,
              35.46153846153845
            ],
            [
              46.769230769230774,
              35.553846153846166
            ],
            [
              45.38461538461536,
              35.738461538461536
            ],
            [
              43.076923076923094,
              36.01538461538462
            ],
            [
              40.30769230769232,
              36.107692307692275
            ],
            [
              36.15384615384613,
              36.292307692307645
            ],
            [
              30.52307692307693,
              36.38461538461536
            ],
            [
              25.16923076923075,
              36.47692307692307
            ],
            [
              18.98461538461538,
              36.47692307692307
            ],
            [
              14.092307692307713,
              36.66153846153844
            ],
            [
              11.138461538461513,
              36.753846153846155
            ],
            [
              10.584615384615404,
              36.84615384615381
            ]
          ],
          [
            [
              52.03076923076924,
              42.938461538461524
            ],
            [
              51.569230769230785,
              42.84615384615381
            ],
            [
              50.09230769230771,
              43.03076923076924
            ],
            [
              47.32307692307694,
              43.49230769230769
            ],
            [
              43.35384615384612,
              44.415384615384596
            ],
            [
              38.553846153846166,
              45.799999999999955
            ],
            [
              34.67692307692306,
              46.630769230769204
            ],
            [
              31.076923076923094,
              47.18461538461537
            ],
            [
              28.123076923076894,
              47.36923076923074
            ],
            [
              25.81538461538463,
              47.553846153846166
            ],
            [
              24.430769230769215,
              47.553846153846166
            ],
            [
              23.784615384615392,
              47.46153846153845
            ],
            [
              23.50769230769231,
              47.36923076923074
            ]
          ],
          [
            [
              49.35384615384612,
              42.01538461538462
            ],
            [
              48.33846153846156,
              42.292307692307645
            ],
            [
              46.21538461538461,
              42.47692307692307
            ],
            [
              43.81538461538463,
              42.753846153846155
            ],
            [
              40.21538461538461,
              42.938461538461524
            ],
            [
              36.061538461538476,
              43.123076923076894
            ],
            [
              32.0,
              43.307692307692264
            ],
            [
              26.923076923076906,
              43.49230769230769
            ],
            [
              23.415384615384596,
              43.67692307692306
            ],
            [
              20.738461538461536,
              43.769230769230774
            ],
            [
              19.35384615384612,
              43.769230769230774
            ]
          ],
          [
            [
              41.78461538461539,
              43.49230769230769
            ],
            [
              39.753846153846155,
              43.86153846153843
            ],
            [
              36.430769230769215,
              44.04615384615386
            ],
            [
              30.98461538461538,
              44.230769230769226
            ],
            [
              24.153846153846132,
              44.230769230769226
            ],
            [
              17.32307692307694,
              44.13846153846151
            ],
            [
              11.415384615384596,
              43.67692307692306
            ],
            [
              7.353846153846121,
              43.39999999999998
            ],
            [
              3.7538461538461547,
              43.307692307692264
            ],
            [
              2.0,
              43.307692307692264
            ]
          ],
          [
            [
              55.630769230769204,
              42.938461538461524
            ],
            [
              55.446153846153834,
              43.21538461538461
            ],
            [
              53.87692307692305,
              43.769230769230774
            ],
            [
              50.36923076923074,
              44.87692307692305
            ],
            [
              44.46153846153845,
              46.446153846153834
            ],
            [
              37.72307692307692,
              47.36923076923074
            ],
            [
              32.553846153846166,
              47.83076923076919
            ],
            [
              27.846153846153868,
              48.107692307692275
            ],
            [
              23.230769230769226,
              48.19999999999999
            ],
            [
              19.81538461538463,
              48.19999999999999
            ],
            [
              18.33846153846156,
              48.01538461538462
            ]
          ],
          [
            [
              52.03076923076924,
              44.32307692307688
            ],
            [
              50.738461538461536,
              44.69230769230768
            ],
            [
              48.33846153846156,
              45.430769230769215
            ],
            [
              44.0,
              46.35384615384612
            ],
            [
              39.753846153846155,
              47.0
            ],
            [
              35.96923076923076,
              47.36923076923074
            ],
            [
              32.553846153846166,
              47.36923076923074
            ],
            [
              29.138461538461513,
              47.553846153846166
            ],
            [
              25.35384615384612,
              47.64615384615382
            ],
            [
              21.569230769230785,
              47.83076923076919
            ],
            [
              18.52307692307693,
              47.83076923076919
            ],
            [
              16.769230769230774,
              47.83076923076919
            ],
            [
              16.215384615384608,
              47.83076923076919
            ]
          ],
          [
            [
              54.33846153846156,
              44.13846153846151
            ],
            [
              53.87692307692305,
              44.32307692307688
            ],
            [
              52.39999999999998,
              44.69230769230768
            ],
            [
              49.076923076923094,
              45.615384615384585
            ],
            [
              44.27692307692308,
              47.0
            ],
            [
              37.53846153846155,
              48.292307692307645
            ],
            [
              30.98461538461538,
              49.03076923076924
            ],
            [
              25.723076923076917,
              49.307692307692264
            ],
            [
              21.66153846153844,
              49.58461538461535
            ],
            [
              17.87692307692305,
              49.67692307692306
            ],
            [
              14.461538461538453,
              49.769230769230774
            ],
            [
              12.800000000000011,
              49.86153846153843
            ],
            [
              12.061538461538476,
              49.769230769230774
            ]
          ],
          [
            [
              55.35384615384612,
              45.52307692307693
            ],
            [
              54.61538461538464,
              45.799999999999955
            ],
            [
              53.13846153846151,
              46.261538461538464
            ],
            [
              50.738461538461536,
              47.0
            ],
            [
              48.061538461538476,
              47.738461538461536
            ],
            [
              45.10769230769233,
              48.753846153846155
            ],
            [
              42.430769230769215,
              49.307692307692264
            ],
            [
              39.47692307692307,
              49.67692307692306
            ],
            [
              36.33846153846156,
              49.769230769230774
            ],
            [
              33.01538461538462,
              49.769230769230774
            ],
            [
              29.50769230769231,
              49.67692307692306
            ],
            [
              26.0,
              49.39999999999998
            ],
            [
              23.230769230769226,
              49.21538461538461
            ],
            [
              21.01538461538462,
              48.938461538461524
            ],
            [
              19.261538461538464,
              48.938461538461524
            ],
            [
              18.153846153846132,
              48.938461538461524
            ],
            [
              17.69230769230768,
              48.938461538461524
            ]
          ],
          [
            [
              32.553846153846166,
              45.615384615384585
            ],
            [
              31.723076923076917,
              45.430769230769215
            ],
            [
              30.98461538461538,
              45.430769230769215
            ],
            [
              29.600000000000023,
              45.246153846153845
            ],
            [
              28.215384615384608,
              45.246153846153845
            ],
            [
              26.646153846153823,
              45.3384615384615
            ],
            [
              24.430769230769215,
              45.615384615384585
            ],
            [
              21.107692307692332,
              46.16923076923075
            ],
            [
              17.87692307692305,
              47.0
            ],
            [
              14.83076923076925,
              47.64615384615382
            ],
            [
              12.892307692307668,
              47.923076923076906
            ],
            [
              12.338461538461559,
              48.01538461538462
            ]
          ],
          [
            [
              43.53846153846155,
              40.81538461538457
            ],
            [
              43.16923076923075,
              40.90769230769229
            ],
            [
              42.430769230769215,
              41.09230769230766
            ],
            [
              41.415384615384596,
              41.36923076923074
            ],
            [
              40.21538461538461,
              41.55384615384611
            ],
            [
              39.19999999999999,
              41.64615384615382
            ],
            [
              38.36923076923074,
              41.64615384615382
            ],
            [
              37.35384615384612,
              41.738461538461536
            ],
            [
              36.430769230769215,
              41.738461538461536
            ],
            [
              35.32307692307694,
              41.83076923076919
            ],
            [
              33.66153846153844,
              41.83076923076919
            ],
            [
              31.35384615384612,
              41.923076923076906
            ],
            [
              28.399999999999977,
              41.923076923076906
            ],
            [
              25.81538461538463,
              41.923076923076906
            ],
            [
              24.061538461538476,
              41.923076923076906
            ],
            [
              22.49230769230769,
              41.923076923076906
            ],
            [
              21.569230769230785,
              42.01538461538462
            ],
            [
              21.19999999999999,
              42.107692307692275
            ]
          ]
        ]
      }
    }
  ]
}