{
  "type": "FeatureCollection",
  "crs": {
    "type": "name",
    "properties": {
      "name": "urn:ogc:def:crs:OGC:1.3:CRS84"
    }
  },
  "features": [
    {
      "type": "Feature",
      "properties": {
        "timestamp": "2026-07-20T18:40:18.417765",
        "country_name": "Germany",
        "author": "",
        "author_id": "058a7abb-8b27-44b0-8498-bba2d41b72f5",
        "validated": false,
        "ranking": [
          [
            "Côte d'Ivoire",
            0.15376408398151398
          ],
          [
            "Sierra Leone",
            0.10553235560655594
          ],
          [
            "Sudan",
            0.046592310070991516
          ],
          [
            "Nigeria",
            0.04448804259300232
          ],
          [
            "Cambodia",
            0.043222833424806595
          ],
          [
            "French Guiana",
            0.042422860860824585
          ],
          [
            "Suriname",
            0.037857536226511
          ],
          [
            "Botswana",
            0.03411728888750076
          ],
          [
            "Burundi",
            0.02946976199746132
          ],
          [
            "Germany",
            0.026711173355579376
          ],
          [
            "Poland",
            0.025843745097517967
          ],
          [
            "Reunion",
            0.02206568606197834
          ],
          [
            "Egypt",
            0.02161041647195816
          ],
          [
            "Syria",
            0.019124235957860947
          ],
          [
            "Eswatini",
            0.01691233180463314
          ],
          [
            "Uruguay",
            0.01639990508556366
          ],
          [
            "Angola",
            0.01601487025618553
          ],
          [
            "Ecuador",
            0.0133529556915164
          ],
          [
            "Lithuania",
            0.011572143994271755
          ],
          [
            "North Macedonia",
            0.01144317165017128
          ],
          [
            "Kenya",
            0.011267974972724915
          ],
          [
            "Bolivia",
            0.009390158578753471
          ],
          [
            "Tanzania",
            0.009327752515673637
          ],
          [
            "Lesotho",
            0.008629756048321724
          ],
          [
            "Uganda",
            0.008534211665391922
          ],
          [
            "Barbados",
            0.008017685264348984
          ],
          [
            "Gabon",
            0.007398519199341536
          ],
          [
            "Romania",
            0.007373021449893713
          ],
          [
            "France",
            0.006833486258983612
          ],
          [
            "Namibia",
            0.006518233101814985
          ],
          [
            "India",
            0.0063489386811852455
          ],
          [
            "Malaysia",
            0.00604501785710454
          ],
          [
            "Saudi Arabia",
            0.005356906913220882
          ],
          [
            "Ethiopia",
            0.005329339299350977
          ],
          [
            "Iran",
            0.005194379948079586
          ],
          [
            "Montenegro",
            0.0051246280781924725
          ],
          [
            "Australia",
            0.004964260850101709
          ],
          [
            "Bosnia & Herzegovina",
            0.004518597386777401
          ],
          [
            "Iraq",
            0.0042824409902095795
          ],
          [
            "Libya",
            0.004279754590243101
          ],
          [
            "Ghana",
            0.004116301890462637
          ],
          [
            "Guadeloupe",
            0.004085686523467302
          ],
          [
            "Cape Verde",
            0.0038351104594767094
          ],
          [
            "Bulgaria",
            0.0034168981947004795
          ],
          [
            "Spain",
            0.0031187080312520266
          ],
          [
            "Mauritania",
            0.0030750983860343695
          ],
          [
            "Rwanda",
            0.0026394121814519167
          ],
          [
            "Guinea",
            0.002622726373374462
          ],
          [
            "Algeria",
            0.002508348086848855
          ],
          [
            "Comoros",
            0.0023616482503712177
          ],
          [
            "Guatemala",
            0.002335545839741826
          ],
          [
            "Kuwait",
            0.002202129689976573
          ],
          [
            "Armenia",
            0.0021974220871925354
          ],
          [
            "South Africa",
            0.0019728357437998056
          ],
          [
            "Djibouti",
            0.0018331281607970595
          ],
          [
            "Serbia",
            0.0018081845482811332
          ],
          [
            "Belarus",
            0.001786041771993041
          ],
          [
            "Guyana",
            0.001725187641568482
          ],
          [
            "Yemen",
            0.0017132092034444213
          ],
          [
            "Bangladesh",
            0.0016386733623221517
          ],
          [
            "Sri Lanka",
            0.001586824539117515
          ],
          [
            "Martinique",
            0.0015840122941881418
          ],
          [
            "Luxembourg",
            0.0015741604147478938
          ],
          [
            "Dominican Republic",
            0.0015724110417068005
          ],
          [
            "Chad",
            0.0015176280867308378
          ],
          [
            "Brazil",
            0.0014661794994026423
          ],
          [
            "United States Virgin Islands",
            0.0014086748706176877
          ],
          [
            "Uzbekistan",
            0.001397464657202363
          ],
          [
            "United Arab Emirates",
            0.0013734366511926055
          ],
          [
            "Switzerland",
            0.0013443900970742106
          ],
          [
            "Azerbaijan",
            0.0013176505453884602
          ],
          [
            "Peru",
            0.001316881855018437
          ],
          [
            "Dominica",
            0.001269860309548676
          ],
          [
            "Puerto Rico",
            0.001262819510884583
          ],
          [
            "Sao Tome and Principe",
            0.001184100634418428
          ],
          [
            "Bahamas",
            0.0011767225805670023
          ],
          [
            "Venezuela",
            0.001172094838693738
          ],
          [
            "Senegal",
            0.0011322497157379985
          ],
          [
            "Slovenia",
            0.0011271731927990913
          ],
          [
            "United States of America",
            0.0011224340414628386
          ],
          [
            "Italy",
            0.0011103585129603744
          ],
          [
            "Czech Republic",
            0.0011099731782451272
          ],
          [
            "China",
            0.0011091498890891671
          ],
          [
            "Eritrea",
            0.0010791562963277102
          ],
          [
            "Turkmenistan",
            0.0010414969874545932
          ],
          [
            "Costa Rica",
            0.00102051324211061
          ],
          [
            "Hungary",
            0.000963216123636812
          ],
          [
            "Zambia",
            0.0009552410338073969
          ],
          [
            "Zimbabwe",
            0.0009390816558152437
          ],
          [
            "Liberia",
            0.0009353688219562173
          ],
          [
            "Ukraine",
            0.0009152254788205028
          ],
          [
            "South Sudan",
            0.0009103610645979643
          ],
          [
            "Belgium",
            0.0009099323069676757
          ],
          [
            "Mali",
            0.0009071007953025401
          ],
          [
            "Turkey",
            0.0008638183353468776
          ],
          [
            "Nicaragua",
            0.0008163723978213966
          ],
          [
            "Netherlands Antilles",
            0.0007905929815024137
          ],
          [
            "Equatorial Guinea",
            0.0007824098574928939
          ],
          [
            "Burkina Faso",
            0.0007735216640867293
          ],
          [
            "Greenland",
            0.0007542870007455349
          ],
          [
            "Honduras",
            0.0007166771101765335
          ],
          [
            "Jordan",
            0.00070385099388659
          ],
          [
            "Laos",
            0.0007020918419584632
          ],
          [
            "Hong Kong",
            0.000700076634529978
          ],
          [
            "Cameroon",
            0.0006953072734177113
          ],
          [
            "Congo",
            0.0006914244731888175
          ],
          [
            "Iceland",
            0.0006586227100342512
          ],
          [
            "Turks and Caicos Islands",
            0.000645707652438432
          ],
          [
            "Moldova",
            0.0006257935892790556
          ],
          [
            "El Salvador",
            0.0005987022304907441
          ],
          [
            "Mongolia",
            0.0005952873616479337
          ],
          [
            "South Georgia Islands",
            0.0005861510871909559
          ],
          [
            "Belize",
            0.0005797985941171646
          ],
          [
            "Heard and McDonald Islands",
            0.0005731596611440182
          ],
          [
            "Slovakia",
            0.0005512642674148083
          ],
          [
            "Vanuatu",
            0.0005344371893443167
          ],
          [
            "Qatar",
            0.0005063086864538491
          ],
          [
            "Somalia",
            0.0004949622671119869
          ],
          [
            "Mayotte",
            0.00046600925270467997
          ],
          [
            "Isle of Man",
            0.0004600024258252233
          ],
          [
            "Solomon Islands",
            0.0004408024251461029
          ],
          [
            "Timor-Leste",
            0.00041923177195712924
          ],
          [
            "Bahrain",
            0.000418837764300406
          ],
          [
            "Paraguay",
            0.00041617327951826155
          ],
          [
            "Tajikistan",
            0.0004125637642573565
          ],
          [
            "Afghanistan",
            0.00041085577686317265
          ],
          [
            "Georgia",
            0.00040803346200846136
          ],
          [
            "Latvia",
            0.0004039224877487868
          ],
          [
            "South Korea",
            0.0003962043847423047
          ],
          [
            "Cyprus",
            0.0003954260319005698
          ],
          [
            "Vietnam",
            0.0003830729692708701
          ],
          [
            "Niger",
            0.00038286697235889733
          ],
          [
            "Bhutan",
            0.0003686260897666216
          ],
          [
            "Fiji",
            0.0003610758576542139
          ],
          [
            "Cuba",
            0.00035303260665386915
          ],
          [
            "Finland",
            0.000345898064551875
          ],
          [
            "Indonesia",
            0.0003408720367588103
          ],
          [
            "Antigua & Barbuda",
            0.00033896786044351757
          ],
          [
            "Pakistan",
            0.00032887118868529797
          ],
          [
            "Guinea-Bissau",
            0.0003227459383197129
          ],
          [
            "Russia",
            0.00032129394821822643
          ],
          [
            "Kyrgyzstan",
            0.0003179738123435527
          ],
          [
            "Japan",
            0.0003102024202235043
          ],
          [
            "DR Congo",
            0.0003072235849685967
          ],
          [
            "Falkland Islands",
            0.0003068569640163332
          ],
          [
            "Benin",
            0.00029596840613521636
          ],
          [
            "Albania",
            0.00029120538965798914
          ],
          [
            "Svalbard",
            0.0002910149341914803
          ],
          [
            "Croatia",
            0.00029090672614984214
          ],
          [
            "Papua New Guinea",
            0.0002900374529417604
          ],
          [
            "Kazakhstan",
            0.0002899467363022268
          ],
          [
            "Trinidad and Tobago",
            0.00027900130953639746
          ],
          [
            "Samoa",
            0.00027513669920153916
          ],
          [
            "New Caledonia",
            0.0002700936165638268
          ],
          [
            "Nepal",
            0.0002678093151189387
          ],
          [
            "Jamaica",
            0.0002661868347786367
          ],
          [
            "Mexico",
            0.00026414505555294454
          ],
          [
            "West Bank",
            0.0002616469282656908
          ],
          [
            "North Korea",
            0.0002545287716202438
          ],
          [
            "Togo",
            0.0002505076408851892
          ],
          [
            "Madeira Islands",
            0.00023976436932571232
          ],
          [
            "Saint Lucia",
            0.0002306354435859248
          ],
          [
            "New Zealand",
            0.00022846598585601896
          ],
          [
            "Netherlands",
            0.00021583744091913104
          ],
          [
            "Estonia",
            0.00021420638950075954
          ],
          [
            "Faroe Islands",
            0.00020664604380726814
          ],
          [
            "Greece",
            0.00020538156968541443
          ],
          [
            "Oman",
            0.00019833989790640771
          ],
          [
            "Panama",
            0.00019453409186098725
          ],
          [
            "Canada",
            0.00018684090173337609
          ],
          [
            "Thailand",
            0.00017400877550244331
          ],
          [
            "Malawi",
            0.0001626497250981629
          ],
          [
            "Colombia",
            0.00016208669694606215
          ],
          [
            "Mozambique",
            0.0001502953382441774
          ],
          [
            "Portugal",
            0.00013433716958388686
          ],
          [
            "Central African Republic",
            0.00013164617121219635
          ],
          [
            "Morocco",
            0.0001245329185621813
          ],
          [
            "Guam",
            0.00012076062557753175
          ],
          [
            "Philippines",
            0.00011792497389251366
          ],
          [
            "Denmark",
            0.00010948879207717255
          ],
          [
            "Brunei",
            0.0001092184756998904
          ],
          [
            "Argentina",
            0.00010496608592802659
          ],
          [
            "Chile",
            9.956317080650479e-05
          ],
          [
            "Lebanon",
            9.100462921196595e-05
          ],
          [
            "Norway",
            8.978995901998132e-05
          ],
          [
            "Gambia",
            8.490625623380765e-05
          ],
          [
            "Tunisia",
            8.459508535452187e-05
          ],
          [
            "Ireland",
            8.061333937803283e-05
          ],
          [
            "Western Sahara",
            7.072377775330096e-05
          ],
          [
            "Austria",
            6.241280061658472e-05
          ],
          [
            "Myanmar",
            6.097468576626852e-05
          ],
          [
            "Israel",
            5.15410938533023e-05
          ],
          [
            "United Kingdom",
            4.9691818276187405e-05
          ],
          [
            "Sweden",
            4.4007723772665486e-05
          ],
          [
            "Taiwan",
            3.7314617657102644e-05
          ],
          [
            "Kiribati",
            3.22880623571109e-05
          ],
          [
            "Palau",
            2.8805809051846154e-05
          ],
          [
            "Haiti",
            1.93781506823143e-05
          ],
          [
            "Madagascar",
            1.5023621926957276e-05
          ]
        ]
      },
      "geometry": {
        "type": "MultiLineString",
        "coordinates": [
          [
            [
              31.152542372881328,
              62.0
            ],
            [
              31.423728813559308,
              62.0
            ],
            [
              31.694915254237287,
              62.0
            ],
            [
              31.96610169491521,
              62.0
            ],
            [
              32.23728813559319,
              62.0
            ],
            [
              32.50847457627117,
              62.0
            ],
            [
              32.77966101694915,
              62.0
            ],
            [
              33.05084745762713,
              62.0
            ],
            [
              33.32203389830505,
              62.0
            ],
            [
              33.59322033898303,
              62.0
            ],
            [
              33.86440677966101,
              62.0
            ],
            [
              34.13559322033893,
              62.0
            ],
            [
              34.40677966101691,
              62.0
            ],
            [
              34.67796610169489,
              62.0
            ],
            [
              34.88135593220335,
              61.93220338983053
            ],
            [
              35.08474576271186,
              61.796610169491544
            ],
            [
              35.28813559322032,
              61.72881355932208
            ],
            [
              35.491525423728774,
              61.59322033898309
            ],
            [
              35.5593220338983,
              61.389830508474574
            ],
            [
              35.762711864406754,
              61.254237288135585
            ],
            [
              35.83050847457628,
              61.05084745762713
            ],
            [
              35.89830508474574,
              60.84745762711867
            ],
            [
              35.96610169491521,
              60.644067796610216
            ],
            [
              36.1016949152542,
              60.4406779661017
            ],
            [
              36.16949152542372,
              60.237288135593246
            ],
            [
              36.23728813559319,
              60.03389830508479
            ],
            [
              36.30508474576271,
              59.83050847457628
            ],
            [
              36.4406779661017,
              59.62711864406782
            ],
            [
              36.64406779661016,
              59.49152542372883
            ],
            [
              36.847457627118615,
              59.288135593220375
            ],
            [
              37.05084745762713,
              59.152542372881385
            ],
            [
              37.254237288135585,
              59.08474576271186
            ],
            [
              37.45762711864404,
              59.016949152542395
            ],
            [
              37.6610169491525,
              58.94915254237287
            ],
            [
              37.86440677966101,
              58.881355932203405
            ],
            [
              38.06779661016947,
              58.81355932203394
            ],
            [
              38.27118644067792,
              58.745762711864415
            ],
            [
              38.338983050847446,
              58.54237288135596
            ],
            [
              38.474576271186436,
              58.3389830508475
            ],
            [
              38.5423728813559,
              58.13559322033899
            ],
            [
              38.610169491525426,
              57.93220338983053
            ],
            [
              38.67796610169489,
              57.72881355932208
            ],
            [
              38.74576271186436,
              57.4576271186441
            ],
            [
              38.74576271186436,
              57.18644067796612
            ],
            [
              38.74576271186436,
              56.91525423728814
            ],
            [
              38.74576271186436,
              56.644067796610216
            ],
            [
              38.74576271186436,
              56.372881355932236
            ],
            [
              38.74576271186436,
              56.10169491525426
            ],
            [
              38.74576271186436,
              55.83050847457628
            ],
            [
              38.88135593220335,
              55.62711864406782
            ],
            [
              38.88135593220335,
              55.35593220338984
            ],
            [
              38.94915254237287,
              55.152542372881385
            ],
            [
              39.01694915254234,
              54.94915254237287
            ],
            [
              39.08474576271186,
              54.745762711864415
            ],
            [
              39.22033898305085,
              54.54237288135596
            ],
            [
              39.42372881355931,
              54.40677966101697
            ],
            [
              39.5593220338983,
              54.20338983050851
            ],
            [
              39.69491525423729,
              54.0
            ],
            [
              39.89830508474574,
              53.86440677966101
            ],
            [
              40.1016949152542,
              53.72881355932208
            ],
            [
              40.30508474576271,
              53.661016949152554
            ],
            [
              40.576271186440636,
              53.661016949152554
            ],
            [
              40.847457627118615,
              53.661016949152554
            ],
            [
              41.118644067796595,
              53.661016949152554
            ],
            [
              41.389830508474574,
              53.661016949152554
            ],
            [
              41.6610169491525,
              53.661016949152554
            ],
            [
              41.93220338983048,
              53.661016949152554
            ],
            [
              42.203389830508456,
              53.72881355932208
            ],
            [
              42.474576271186436,
              53.72881355932208
            ],
            [
              42.67796610169489,
              53.86440677966101
            ],
            [
              42.88135593220335,
              53.93220338983053
            ],
            [
              43.08474576271186,
              54.0
            ],
            [
              43.28813559322032,
              54.13559322033899
            ],
            [
              43.491525423728774,
              54.20338983050851
            ],
            [
              43.69491525423729,
              54.27118644067798
            ],
            [
              43.96610169491521,
              54.27118644067798
            ],
            [
              44.16949152542372,
              54.3389830508475
            ],
            [
              44.37288135593218,
              54.40677966101697
            ],
            [
              44.64406779661016,
              54.40677966101697
            ],
            [
              44.847457627118615,
              54.474576271186436
            ],
            [
              45.05084745762713,
              54.54237288135596
            ],
            [
              45.32203389830505,
              54.67796610169495
            ],
            [
              45.52542372881351,
              54.81355932203394
            ],
            [
              45.72881355932202,
              55.016949152542395
            ],
            [
              45.93220338983048,
              55.08474576271186
            ],
            [
              46.13559322033893,
              55.288135593220375
            ],
            [
              46.338983050847446,
              55.35593220338984
            ],
            [
              46.5423728813559,
              55.49152542372883
            ],
            [
              46.74576271186436,
              55.62711864406782
            ],
            [
              46.94915254237287,
              55.69491525423729
            ],
            [
              47.15254237288133,
              55.83050847457628
            ],
            [
              47.355932203389784,
              55.8983050847458
            ],
            [
              47.627118644067764,
              55.96610169491527
            ],
            [
              47.89830508474574,
              56.03389830508479
            ],
            [
              48.16949152542372,
              56.10169491525426
            ],
            [
              48.4406779661017,
              56.10169491525426
            ],
            [
              48.711864406779625,
              56.10169491525426
            ],
            [
              48.983050847457605,
              56.10169491525426
            ],
            [
              49.18644067796606,
              55.96610169491527
            ],
            [
              49.254237288135585,
              55.76271186440681
            ],
            [
              49.45762711864404,
              55.5593220338983
            ],
            [
              49.59322033898303,
              55.35593220338984
            ],
            [
              49.59322033898303,
              55.08474576271186
            ],
            [
              49.389830508474574,
              55.016949152542395
            ],
            [
              49.18644067796606,
              54.94915254237287
            ],
            [
              48.983050847457605,
              54.881355932203405
            ],
            [
              48.91525423728808,
              54.67796610169495
            ],
            [
              48.983050847457605,
              54.40677966101697
            ],
            [
              49.18644067796606,
              54.3389830508475
            ],
            [
              49.389830508474574,
              54.27118644067798
            ],
            [
              49.59322033898303,
              54.20338983050851
            ],
            [
              49.86440677966101,
              54.20338983050851
            ],
            [
              50.13559322033893,
              54.20338983050851
            ],
            [
              50.338983050847446,
              54.27118644067798
            ],
            [
              50.610169491525426,
              54.27118644067798
            ],
            [
              50.88135593220335,
              54.27118644067798
            ],
            [
              51.15254237288133,
              54.27118644067798
            ],
            [
              51.355932203389784,
              54.20338983050851
            ],
            [
              51.5593220338983,
              54.13559322033899
            ],
            [
              51.83050847457628,
              54.13559322033899
            ],
            [
              52.03389830508473,
              54.06779661016952
            ],
            [
              52.30508474576271,
              54.06779661016952
            ],
            [
              52.576271186440636,
              54.06779661016952
            ],
            [
              52.847457627118615,
              54.06779661016952
            ],
            [
              53.05084745762713,
              54.13559322033899
            ],
            [
              53.32203389830505,
              54.20338983050851
            ],
            [
              53.59322033898303,
              54.20338983050851
            ],
            [
              53.79661016949149,
              54.27118644067798
            ],
            [
              54.0,
              54.3389830508475
            ],
            [
              54.203389830508456,
              54.40677966101697
            ],
            [
              54.474576271186436,
              54.40677966101697
            ],
            [
              54.74576271186436,
              54.40677966101697
            ],
            [
              54.94915254237287,
              54.3389830508475
            ],
            [
              55.15254237288133,
              54.27118644067798
            ],
            [
              55.355932203389784,
              54.20338983050851
            ],
            [
              55.42372881355931,
              54.0
            ],
            [
              55.627118644067764,
              53.86440677966101
            ],
            [
              55.762711864406754,
              53.661016949152554
            ],
            [
              55.83050847457628,
              53.4576271186441
            ],
            [
              56.03389830508473,
              53.32203389830511
            ],
            [
              56.1016949152542,
              53.11864406779665
            ],
            [
              56.1016949152542,
              52.84745762711867
            ],
            [
              56.16949152542372,
              52.644067796610216
            ],
            [
              56.30508474576271,
              52.4406779661017
            ],
            [
              56.37288135593218,
              52.23728813559319
            ],
            [
              56.4406779661017,
              52.03389830508479
            ],
            [
              56.50847457627117,
              51.83050847457628
            ],
            [
              56.50847457627117,
              51.5593220338983
            ],
            [
              56.576271186440636,
              51.28813559322032
            ],
            [
              56.64406779661016,
              51.08474576271192
            ],
            [
              56.64406779661016,
              50.81355932203394
            ],
            [
              56.711864406779625,
              50.54237288135596
            ],
            [
              56.711864406779625,
              50.27118644067798
            ],
            [
              56.711864406779625,
              50.0
            ],
            [
              56.711864406779625,
              49.72881355932202
            ],
            [
              56.64406779661016,
              49.52542372881362
            ],
            [
              56.576271186440636,
              49.32203389830511
            ],
            [
              56.64406779661016,
              49.118644067796595
            ],
            [
              56.847457627118615,
              49.05084745762713
            ],
            [
              57.05084745762707,
              48.77966101694915
            ],
            [
              57.18644067796606,
              48.57627118644075
            ],
            [
              57.389830508474574,
              48.4406779661017
            ],
            [
              57.45762711864404,
              48.23728813559319
            ],
            [
              57.59322033898303,
              48.03389830508479
            ],
            [
              57.59322033898303,
              47.76271186440681
            ],
            [
              57.45762711864404,
              47.5593220338983
            ],
            [
              57.389830508474574,
              47.3559322033899
            ],
            [
              57.389830508474574,
              47.08474576271192
            ],
            [
              57.389830508474574,
              46.81355932203394
            ],
            [
              57.45762711864404,
              46.610169491525426
            ],
            [
              57.52542372881351,
              46.406779661017026
            ],
            [
              57.59322033898303,
              46.20338983050851
            ],
            [
              57.59322033898303,
              45.93220338983053
            ],
            [
              57.59322033898303,
              45.661016949152554
            ],
            [
              57.59322033898303,
              45.389830508474574
            ],
            [
              57.59322033898303,
              45.118644067796595
            ],
            [
              57.59322033898303,
              44.847457627118615
            ],
            [
              57.59322033898303,
              44.57627118644075
            ],
            [
              57.59322033898303,
              44.30508474576277
            ],
            [
              57.6610169491525,
              44.10169491525426
            ],
            [
              57.6610169491525,
              43.83050847457628
            ],
            [
              57.6610169491525,
              43.5593220338983
            ],
            [
              57.72881355932202,
              43.3559322033899
            ],
            [
              57.93220338983048,
              43.28813559322032
            ],
            [
              58.13559322033893,
              43.08474576271192
            ],
            [
              58.338983050847446,
              43.01694915254234
            ],
            [
              58.474576271186436,
              42.81355932203394
            ],
            [
              58.5423728813559,
              42.610169491525426
            ],
            [
              58.5423728813559,
              42.338983050847446
            ],
            [
              58.474576271186436,
              42.13559322033905
            ],
            [
              58.40677966101691,
              41.93220338983053
            ],
            [
              58.40677966101691,
              41.661016949152554
            ],
            [
              58.474576271186436,
              41.45762711864404
            ],
            [
              58.474576271186436,
              41.186440677966175
            ],
            [
              58.40677966101691,
              40.98305084745766
            ],
            [
              58.338983050847446,
              40.77966101694915
            ],
            [
              58.27118644067792,
              40.57627118644075
            ],
            [
              58.13559322033893,
              40.372881355932236
            ],
            [
              58.13559322033893,
              40.10169491525426
            ],
            [
              58.06779661016947,
              39.89830508474574
            ],
            [
              58.06779661016947,
              39.627118644067764
            ],
            [
              58.06779661016947,
              39.3559322033899
            ],
            [
              58.06779661016947,
              39.08474576271192
            ],
            [
              57.93220338983048,
              38.881355932203405
            ],
            [
              57.79661016949149,
              38.67796610169489
            ],
            [
              57.79661016949149,
              38.406779661017026
            ],
            [
              57.93220338983048,
              38.20338983050851
            ],
            [
              58.06779661016947,
              38.0
            ],
            [
              58.27118644067792,
              37.79661016949149
            ],
            [
              58.474576271186436,
              37.59322033898309
            ],
            [
              58.67796610169489,
              37.389830508474574
            ],
            [
              58.81355932203388,
              37.186440677966175
            ],
            [
              58.88135593220335,
              36.98305084745766
            ],
            [
              59.08474576271186,
              36.915254237288195
            ],
            [
              59.15254237288133,
              36.71186440677968
            ],
            [
              59.355932203389784,
              36.57627118644075
            ],
            [
              59.42372881355931,
              36.372881355932236
            ],
            [
              59.5593220338983,
              36.16949152542372
            ],
            [
              59.627118644067764,
              35.89830508474574
            ],
            [
              59.83050847457628,
              35.76271186440681
            ],
            [
              60.03389830508473,
              35.5593220338983
            ],
            [
              60.23728813559319,
              35.49152542372883
            ],
            [
              60.4406779661017,
              35.3559322033899
            ],
            [
              60.64406779661016,
              35.22033898305085
            ],
            [
              60.77966101694915,
              35.01694915254234
            ],
            [
              60.983050847457605,
              34.881355932203405
            ],
            [
              61.05084745762707,
              34.67796610169489
            ],
            [
              61.118644067796595,
              34.47457627118649
            ],
            [
              61.254237288135585,
              34.27118644067798
            ],
            [
              61.32203389830505,
              34.06779661016947
            ],
            [
              61.118644067796595,
              33.93220338983053
            ],
            [
              60.847457627118615,
              33.93220338983053
            ],
            [
              60.64406779661016,
              34.06779661016947
            ],
            [
              60.4406779661017,
              34.20338983050851
            ],
            [
              60.37288135593218,
              34.406779661017026
            ],
            [
              60.1016949152542,
              34.406779661017026
            ],
            [
              59.83050847457628,
              34.406779661017026
            ],
            [
              59.627118644067764,
              34.338983050847446
            ],
            [
              59.355932203389784,
              34.338983050847446
            ],
            [
              59.15254237288133,
              34.27118644067798
            ],
            [
              58.94915254237287,
              34.20338983050851
            ],
            [
              58.67796610169489,
              34.13559322033905
            ],
            [
              58.40677966101691,
              34.06779661016947
            ],
            [
              58.13559322033893,
              34.06779661016947
            ],
            [
              57.86440677966101,
              34.06779661016947
            ],
            [
              57.59322033898303,
              34.06779661016947
            ],
            [
              57.389830508474574,
              34.13559322033905
            ],
            [
              57.18644067796606,
              34.27118644067798
            ],
            [
              56.91525423728808,
              34.27118644067798
            ],
            [
              56.64406779661016,
              34.27118644067798
            ],
            [
              56.37288135593218,
              34.27118644067798
            ],
            [
              56.16949152542372,
              34.20338983050851
            ],
            [
              55.89830508474574,
              34.20338983050851
            ],
            [
              55.69491525423729,
              34.13559322033905
            ],
            [
              55.42372881355931,
              34.13559322033905
            ],
            [
              55.22033898305085,
              34.06779661016947
            ],
            [
              54.94915254237287,
              34.06779661016947
            ],
            [
              54.67796610169489,
              34.06779661016947
            ],
            [
              54.474576271186436,
              34.13559322033905
            ],
            [
              54.203389830508456,
              34.13559322033905
            ],
            [
              53.93220338983048,
              34.13559322033905
            ],
            [
              53.6610169491525,
              34.13559322033905
            ],
            [
              53.45762711864404,
              34.0
            ],
            [
              53.254237288135585,
              33.93220338983053
            ],
            [
              53.05084745762713,
              33.79661016949149
            ],
            [
              52.847457627118615,
              33.72881355932202
            ],
            [
              52.64406779661016,
              33.59322033898309
            ],
            [
              52.4406779661017,
              33.52542372881362
            ],
            [
              52.16949152542372,
              33.52542372881362
            ],
            [
              51.89830508474574,
              33.52542372881362
            ],
            [
              51.627118644067764,
              33.52542372881362
            ],
            [
              51.355932203389784,
              33.52542372881362
            ],
            [
              51.08474576271186,
              33.389830508474574
            ],
            [
              50.81355932203388,
              33.32203389830511
            ],
            [
              50.610169491525426,
              33.25423728813564
            ],
            [
              50.40677966101691,
              33.118644067796595
            ],
            [
              50.203389830508456,
              33.05084745762713
            ],
            [
              50.0,
              32.915254237288195
            ],
            [
              49.86440677966101,
              32.71186440677968
            ],
            [
              49.72881355932202,
              32.50847457627117
            ],
            [
              49.59322033898303,
              32.30508474576277
            ],
            [
              49.52542372881351,
              32.10169491525426
            ],
            [
              49.45762711864404,
              31.898305084745743
            ],
            [
              49.389830508474574,
              31.694915254237344
            ],
            [
              49.254237288135585,
              31.49152542372883
            ],
            [
              49.118644067796595,
              31.288135593220318
            ],
            [
              48.91525423728808,
              31.22033898305085
            ],
            [
              48.711864406779625,
              31.08474576271192
            ],
            [
              48.50847457627117,
              31.016949152542338
            ],
            [
              48.30508474576271,
              30.94915254237287
            ],
            [
              48.1016949152542,
              30.881355932203405
            ],
            [
              47.89830508474574,
              30.81355932203394
            ],
            [
              47.69491525423729,
              30.745762711864472
            ],
            [
              47.491525423728774,
              30.677966101694892
            ],
            [
              47.22033898305085,
              30.677966101694892
            ],
            [
              46.94915254237287,
              30.677966101694892
            ],
            [
              46.67796610169489,
              30.610169491525426
            ],
            [
              46.474576271186436,
              30.474576271186493
            ],
            [
              46.338983050847446,
              30.27118644067798
            ],
            [
              46.203389830508456,
              30.067796610169466
            ],
            [
              46.06779661016947,
              29.864406779661067
            ],
            [
              45.93220338983048,
              29.661016949152554
            ],
            [
              45.79661016949149,
              29.45762711864404
            ],
            [
              45.59322033898303,
              29.186440677966175
            ],
            [
              45.389830508474574,
              29.05084745762713
            ],
            [
              45.18644067796606,
              28.915254237288195
            ],
            [
              44.983050847457605,
              28.77966101694915
            ],
            [
              44.77966101694915,
              28.711864406779682
            ],
            [
              44.576271186440636,
              28.644067796610216
            ],
            [
              44.37288135593218,
              28.57627118644075
            ],
            [
              44.03389830508473,
              28.57627118644075
            ],
            [
              43.762711864406754,
              28.50847457627117
            ],
            [
              43.491525423728774,
              28.372881355932236
            ],
            [
              43.15254237288133,
              28.03389830508479
            ],
            [
              42.81355932203388,
              27.559322033898297
            ],
            [
              42.610169491525426,
              27.355932203389898
            ],
            [
              42.610169491525426,
              27.08474576271192
            ],
            [
              42.5423728813559,
              26.881355932203405
            ],
            [
              42.610169491525426,
              26.677966101694892
            ],
            [
              42.67796610169489,
              26.474576271186493
            ],
            [
              42.88135593220335,
              26.338983050847446
            ],
            [
              42.94915254237287,
              26.135593220339047
            ],
            [
              42.94915254237287,
              25.864406779661067
            ],
            [
              42.94915254237287,
              25.593220338983087
            ],
            [
              43.01694915254234,
              25.389830508474574
            ],
            [
              43.22033898305085,
              25.25423728813564
            ],
            [
              43.42372881355931,
              25.05084745762713
            ],
            [
              43.5593220338983,
              24.847457627118615
            ],
            [
              43.762711864406754,
              24.77966101694915
            ],
            [
              43.96610169491521,
              24.57627118644075
            ],
            [
              44.23728813559319,
              24.50847457627117
            ],
            [
              44.4406779661017,
              24.372881355932236
            ],
            [
              44.64406779661016,
              24.23728813559319
            ],
            [
              44.847457627118615,
              24.169491525423723
            ],
            [
              44.983050847457605,
              23.966101694915324
            ],
            [
              45.18644067796606,
              23.830508474576277
            ],
            [
              45.32203389830505,
              23.627118644067764
            ],
            [
              45.59322033898303,
              23.423728813559364
            ],
            [
              45.79661016949149,
              23.355932203389898
            ],
            [
              46.0,
              23.152542372881385
            ],
            [
              46.203389830508456,
              22.94915254237287
            ],
            [
              46.27118644067792,
              22.610169491525426
            ],
            [
              46.27118644067792,
              22.338983050847446
            ],
            [
              46.27118644067792,
              22.067796610169466
            ],
            [
              46.27118644067792,
              21.796610169491487
            ],
            [
              46.338983050847446,
              21.593220338983087
            ],
            [
              46.40677966101691,
              21.389830508474574
            ],
            [
              46.5423728813559,
              21.186440677966175
            ],
            [
              46.74576271186436,
              21.05084745762713
            ],
            [
              46.88135593220335,
              20.847457627118615
            ],
            [
              47.08474576271186,
              20.644067796610216
            ],
            [
              47.355932203389784,
              20.50847457627117
            ],
            [
              47.5593220338983,
              20.30508474576277
            ],
            [
              47.69491525423729,
              20.101694915254257
            ],
            [
              47.762711864406754,
              19.898305084745743
            ],
            [
              47.762711864406754,
              19.627118644067764
            ],
            [
              47.762711864406754,
              19.355932203389898
            ],
            [
              47.69491525423729,
              19.152542372881385
            ],
            [
              47.627118644067764,
              18.94915254237287
            ],
            [
              47.5593220338983,
              18.677966101694892
            ],
            [
              47.491525423728774,
              18.406779661017026
            ],
            [
              47.491525423728774,
              18.135593220339047
            ],
            [
              47.491525423728774,
              17.864406779661067
            ],
            [
              47.491525423728774,
              17.52542372881362
            ],
            [
              47.491525423728774,
              17.25423728813564
            ],
            [
              47.627118644067764,
              16.983050847457662
            ],
            [
              47.69491525423729,
              16.644067796610216
            ],
            [
              47.762711864406754,
              16.440677966101703
            ],
            [
              47.89830508474574,
              16.23728813559319
            ],
            [
              47.96610169491521,
              16.03389830508479
            ],
            [
              48.03389830508473,
              15.830508474576277
            ],
            [
              48.16949152542372,
              15.627118644067764
            ],
            [
              48.30508474576271,
              15.423728813559364
            ],
            [
              48.4406779661017,
              15.220338983050851
            ],
            [
              48.711864406779625,
              15.016949152542338
            ],
            [
              48.847457627118615,
              14.813559322033939
            ],
            [
              49.05084745762713,
              14.677966101694892
            ],
            [
              49.254237288135585,
              14.54237288135596
            ],
            [
              49.45762711864404,
              14.406779661017026
            ],
            [
              49.59322033898303,
              14.203389830508513
            ],
            [
              49.72881355932202,
              14.0
            ],
            [
              49.93220338983048,
              13.796610169491487
            ],
            [
              50.0,
              13.593220338983087
            ],
            [
              50.06779661016947,
              13.389830508474574
            ],
            [
              50.13559322033893,
              13.186440677966175
            ],
            [
              50.27118644067792,
              12.983050847457662
            ],
            [
              50.40677966101691,
              12.779661016949149
            ],
            [
              50.610169491525426,
              12.711864406779682
            ],
            [
              50.81355932203388,
              12.57627118644075
            ],
            [
              51.01694915254234,
              12.508474576271169
            ],
            [
              51.22033898305085,
              12.440677966101703
            ],
            [
              51.42372881355931,
              12.372881355932236
            ],
            [
              51.69491525423729,
              12.30508474576277
            ],
            [
              51.89830508474574,
              12.169491525423723
            ],
            [
              51.89830508474574,
              11.898305084745743
            ],
            [
              51.96610169491521,
              11.694915254237344
            ],
            [
              51.96610169491521,
              11.423728813559364
            ],
            [
              51.96610169491521,
              11.152542372881385
            ],
            [
              52.03389830508473,
              10.949152542372872
            ],
            [
              51.96610169491521,
              10.677966101694892
            ],
            [
              51.83050847457628,
              10.474576271186493
            ],
            [
              51.627118644067764,
              10.27118644067798
            ],
            [
              51.42372881355931,
              10.067796610169466
            ],
            [
              51.22033898305085,
              9.864406779661067
            ],
            [
              51.01694915254234,
              9.72881355932202
            ],
            [
              50.81355932203388,
              9.525423728813621
            ],
            [
              50.610169491525426,
              9.322033898305108
            ],
            [
              50.474576271186436,
              9.118644067796595
            ],
            [
              50.27118644067792,
              8.983050847457662
            ],
            [
              50.06779661016947,
              8.779661016949149
            ],
            [
              50.0,
              8.57627118644075
            ],
            [
              49.86440677966101,
              8.30508474576277
            ],
            [
              49.72881355932202,
              8.101694915254257
            ],
            [
              49.6610169491525,
              7.898305084745743
            ],
            [
              49.52542372881351,
              7.694915254237344
            ],
            [
              49.254237288135585,
              7.491525423728831
            ],
            [
              49.05084745762713,
              7.355932203389898
            ],
            [
              48.847457627118615,
              7.152542372881385
            ],
            [
              48.64406779661016,
              7.084745762711918
            ],
            [
              48.4406779661017,
              6.949152542372872
            ],
            [
              48.23728813559319,
              6.881355932203405
            ],
            [
              48.03389830508473,
              6.813559322033939
            ],
            [
              47.762711864406754,
              6.813559322033939
            ],
            [
              47.5593220338983,
              6.881355932203405
            ],
            [
              47.28813559322032,
              6.949152542372872
            ],
            [
              47.08474576271186,
              7.016949152542338
            ],
            [
              46.81355932203388,
              7.016949152542338
            ],
            [
              46.5423728813559,
              7.016949152542338
            ],
            [
              46.27118644067792,
              7.016949152542338
            ],
            [
              46.06779661016947,
              6.949152542372872
            ],
            [
              45.86440677966101,
              6.881355932203405
            ],
            [
              45.6610169491525,
              6.745762711864472
            ],
            [
              45.45762711864404,
              6.610169491525426
            ],
            [
              45.32203389830505,
              6.406779661017026
            ],
            [
              45.254237288135585,
              6.203389830508513
            ],
            [
              45.18644067796606,
              6.0
            ],
            [
              45.18644067796606,
              5.72881355932202
            ],
            [
              45.118644067796595,
              5.525423728813621
            ],
            [
              45.05084745762713,
              5.322033898305108
            ],
            [
              45.05084745762713,
              5.050847457627128
            ],
            [
              45.05084745762713,
              4.779661016949149
            ],
            [
              44.983050847457605,
              4.576271186440749
            ],
            [
              44.91525423728808,
              4.372881355932236
            ],
            [
              44.711864406779625,
              4.2372881355931895
            ],
            [
              44.576271186440636,
              4.03389830508479
            ],
            [
              44.37288135593218,
              3.9661016949153236
            ],
            [
              44.16949152542372,
              3.7627118644068105
            ],
            [
              43.96610169491521,
              3.6271186440678775
            ],
            [
              43.762711864406754,
              3.491525423728831
            ],
            [
              43.5593220338983,
              3.355932203389898
            ],
            [
              43.355932203389784,
              3.2203389830508513
            ],
            [
              43.15254237288133,
              3.0847457627119184
            ],
            [
              42.94915254237287,
              3.016949152542338
            ],
            [
              42.67796610169489,
              3.016949152542338
            ],
            [
              42.40677966101691,
              3.016949152542338
            ],
            [
              42.13559322033893,
              3.016949152542338
            ],
            [
              41.86440677966101,
              3.016949152542338
            ],
            [
              41.59322033898303,
              3.016949152542338
            ],
            [
              41.32203389830505,
              3.016949152542338
            ],
            [
              41.118644067796595,
              2.9491525423728717
            ],
            [
              40.847457627118615,
              2.8135593220339388
            ],
            [
              40.64406779661016,
              2.677966101694892
            ],
            [
              40.4406779661017,
              2.6101694915254257
            ],
            [
              40.23728813559319,
              2.542372881355959
            ],
            [
              39.96610169491521,
              2.4067796610170262
            ],
            [
              39.69491525423729,
              2.4067796610170262
            ],
            [
              39.42372881355931,
              2.338983050847446
            ],
            [
              39.15254237288133,
              2.338983050847446
            ],
            [
              38.88135593220335,
              2.2711864406779796
            ],
            [
              38.610169491525426,
              2.2711864406779796
            ],
            [
              38.27118644067792,
              2.2711864406779796
            ],
            [
              38.0,
              2.2711864406779796
            ],
            [
              37.79661016949149,
              2.338983050847446
            ],
            [
              37.45762711864404,
              2.4067796610170262
            ],
            [
              37.18644067796606,
              2.4745762711864927
            ],
            [
              36.91525423728808,
              2.542372881355959
            ],
            [
              36.64406779661016,
              2.6101694915254257
            ],
            [
              36.4406779661017,
              2.677966101694892
            ],
            [
              36.23728813559319,
              2.7457627118644723
            ],
            [
              36.16949152542372,
              2.9491525423728717
            ],
            [
              36.1016949152542,
              3.152542372881385
            ],
            [
              36.37288135593218,
              3.2203389830508513
            ],
            [
              36.64406779661016,
              3.2203389830508513
            ],
            [
              36.91525423728808,
              3.2203389830508513
            ],
            [
              37.18644067796606,
              3.0847457627119184
            ],
            [
              36.983050847457605,
              3.152542372881385
            ],
            [
              36.77966101694915,
              3.4237288135593644
            ],
            [
              36.50847457627117,
              3.355932203389898
            ],
            [
              36.30508474576271,
              3.288135593220318
            ],
            [
              36.1016949152542,
              3.152542372881385
            ],
            [
              35.89830508474574,
              3.0847457627119184
            ],
            [
              35.69491525423729,
              3.016949152542338
            ],
            [
              35.491525423728774,
              2.9491525423728717
            ],
            [
              35.22033898305085,
              2.9491525423728717
            ],
            [
              34.94915254237287,
              2.8135593220339388
            ],
            [
              34.610169491525426,
              2.8135593220339388
            ],
            [
              34.40677966101691,
              2.7457627118644723
            ],
            [
              34.13559322033893,
              2.7457627118644723
            ],
            [
              33.86440677966101,
              2.7457627118644723
            ],
            [
              33.59322033898303,
              2.7457627118644723
            ],
            [
              33.32203389830505,
              2.7457627118644723
            ],
            [
              33.05084745762713,
              2.7457627118644723
            ],
            [
              32.77966101694915,
              2.7457627118644723
            ],
            [
              32.50847457627117,
              2.7457627118644723
            ],
            [
              32.16949152542372,
              2.7457627118644723
            ],
            [
              31.898305084745743,
              2.7457627118644723
            ],
            [
              31.627118644067764,
              2.677966101694892
            ],
            [
              31.355932203389784,
              2.677966101694892
            ],
            [
              31.08474576271186,
              2.677966101694892
            ],
            [
              30.813559322033882,
              2.677966101694892
            ],
            [
              30.542372881355902,
              2.677966101694892
            ],
            [
              30.338983050847446,
              2.8135593220339388
            ],
            [
              30.067796610169466,
              2.8135593220339388
            ],
            [
              29.86440677966101,
              2.9491525423728717
            ],
            [
              29.72881355932202,
              3.152542372881385
            ],
            [
              29.525423728813507,
              3.288135593220318
            ],
            [
              29.525423728813507,
              3.5593220338982974
            ],
            [
              29.32203389830505,
              3.6271186440678775
            ],
            [
              29.05084745762707,
              3.6271186440678775
            ],
            [
              28.77966101694915,
              3.6271186440678775
            ],
            [
              28.711864406779625,
              3.4237288135593644
            ],
            [
              28.64406779661016,
              3.2203389830508513
            ],
            [
              28.711864406779625,
              3.016949152542338
            ],
            [
              28.91525423728814,
              2.9491525423728717
            ],
            [
              29.118644067796595,
              2.8135593220339388
            ],
            [
              29.32203389830505,
              2.677966101694892
            ],
            [
              29.389830508474574,
              2.4745762711864927
            ],
            [
              29.32203389830505,
              2.203389830508513
            ],
            [
              29.118644067796595,
              2.0677966101694665
            ],
            [
              28.91525423728814,
              2.0
            ],
            [
              28.64406779661016,
              2.0
            ],
            [
              28.440677966101703,
              2.0677966101694665
            ],
            [
              28.23728813559319,
              2.1355932203390466
            ],
            [
              28.033898305084733,
              2.203389830508513
            ],
            [
              27.830508474576277,
              2.338983050847446
            ],
            [
              27.491525423728774,
              2.4067796610170262
            ],
            [
              27.22033898305085,
              2.4067796610170262
            ],
            [
              26.94915254237287,
              2.4067796610170262
            ],
            [
              26.677966101694892,
              2.4067796610170262
            ],
            [
              26.406779661016913,
              2.4067796610170262
            ],
            [
              26.135593220338933,
              2.4067796610170262
            ],
            [
              25.932203389830477,
              2.4745762711864927
            ],
            [
              25.72881355932202,
              2.542372881355959
            ],
            [
              25.661016949152497,
              2.7457627118644723
            ],
            [
              25.59322033898303,
              2.9491525423728717
            ],
            [
              25.45762711864404,
              3.152542372881385
            ],
            [
              25.254237288135585,
              3.2203389830508513
            ],
            [
              24.91525423728814,
              3.2203389830508513
            ],
            [
              24.64406779661016,
              3.2203389830508513
            ],
            [
              24.305084745762713,
              3.2203389830508513
            ],
            [
              24.033898305084733,
              3.2203389830508513
            ],
            [
              23.762711864406754,
              3.2203389830508513
            ],
            [
              23.491525423728774,
              3.152542372881385
            ],
            [
              23.288135593220318,
              3.0847457627119184
            ],
            [
              23.08474576271186,
              3.016949152542338
            ],
            [
              22.813559322033882,
              3.016949152542338
            ],
            [
              22.610169491525426,
              2.9491525423728717
            ],
            [
              22.406779661016913,
              2.8813559322034052
            ],
            [
              22.135593220338933,
              2.8135593220339388
            ],
            [
              21.86440677966101,
              2.7457627118644723
            ],
            [
              21.59322033898303,
              2.7457627118644723
            ],
            [
              21.32203389830505,
              2.7457627118644723
            ],
            [
              21.05084745762707,
              2.7457627118644723
            ],
            [
              20.847457627118615,
              2.8135593220339388
            ],
            [
              20.64406779661016,
              2.9491525423728717
            ],
            [
              20.37288135593218,
              3.016949152542338
            ],
            [
              20.169491525423723,
              3.0847457627119184
            ],
            [
              19.96610169491521,
              3.152542372881385
            ],
            [
              19.694915254237287,
              3.152542372881385
            ],
            [
              19.355932203389784,
              3.152542372881385
            ],
            [
              19.08474576271186,
              3.152542372881385
            ],
            [
              18.813559322033882,
              3.152542372881385
            ],
            [
              18.474576271186436,
              3.152542372881385
            ],
            [
              18.203389830508456,
              3.152542372881385
            ],
            [
              17.932203389830477,
              3.152542372881385
            ],
            [
              17.661016949152497,
              3.152542372881385
            ],
            [
              17.45762711864404,
              3.2203389830508513
            ],
            [
              17.254237288135585,
              3.288135593220318
            ],
            [
              17.05084745762707,
              3.355932203389898
            ],
            [
              16.847457627118615,
              3.491525423728831
            ],
            [
              16.847457627118615,
              3.7627118644068105
            ],
            [
              16.77966101694915,
              3.9661016949153236
            ],
            [
              16.64406779661016,
              4.169491525423723
            ],
            [
              16.440677966101646,
              4.30508474576277
            ],
            [
              16.23728813559319,
              4.440677966101703
            ],
            [
              16.033898305084733,
              4.576271186440749
            ],
            [
              15.830508474576277,
              4.644067796610216
            ],
            [
              15.627118644067764,
              4.711864406779682
            ],
            [
              15.423728813559308,
              4.779661016949149
            ],
            [
              15.152542372881328,
              4.847457627118615
            ],
            [
              14.949152542372872,
              4.915254237288195
            ],
            [
              14.610169491525426,
              4.915254237288195
            ],
            [
              14.271186440677923,
              4.915254237288195
            ],
            [
              14.0,
              4.915254237288195
            ],
            [
              13.661016949152497,
              4.915254237288195
            ],
            [
              13.389830508474574,
              4.915254237288195
            ],
            [
              13.118644067796595,
              4.915254237288195
            ],
            [
              12.847457627118615,
              4.915254237288195
            ],
            [
              12.508474576271169,
              4.915254237288195
            ],
            [
              12.169491525423723,
              4.915254237288195
            ],
            [
              11.898305084745743,
              4.915254237288195
            ],
            [
              11.627118644067764,
              4.915254237288195
            ],
            [
              11.355932203389784,
              4.915254237288195
            ],
            [
              11.152542372881328,
              4.847457627118615
            ],
            [
              10.949152542372872,
              4.711864406779682
            ],
            [
              10.813559322033882,
              4.508474576271169
            ],
            [
              10.610169491525426,
              4.440677966101703
            ],
            [
              10.338983050847446,
              4.440677966101703
            ],
            [
              10.067796610169466,
              4.644067796610216
            ],
            [
              9.86440677966101,
              4.779661016949149
            ],
            [
              9.661016949152497,
              4.915254237288195
            ],
            [
              9.45762711864404,
              5.118644067796595
            ],
            [
              9.45762711864404,
              5.389830508474574
            ],
            [
              9.45762711864404,
              5.661016949152554
            ],
            [
              9.525423728813564,
              5.864406779661067
            ],
            [
              9.661016949152497,
              6.135593220339047
            ],
            [
              9.932203389830477,
              6.338983050847446
            ],
            [
              10.203389830508456,
              6.542372881355959
            ],
            [
              10.406779661016913,
              6.745762711864472
            ],
            [
              10.610169491525426,
              6.881355932203405
            ],
            [
              10.813559322033882,
              7.016949152542338
            ],
            [
              11.016949152542338,
              7.152542372881385
            ],
            [
              11.220338983050851,
              7.355932203389898
            ],
            [
              11.355932203389784,
              7.559322033898297
            ],
            [
              11.423728813559308,
              7.7627118644068105
            ],
            [
              11.491525423728774,
              8.03389830508479
            ],
            [
              11.559322033898297,
              8.23728813559319
            ],
            [
              11.627118644067764,
              8.508474576271169
            ],
            [
              11.627118644067764,
              8.779661016949149
            ],
            [
              11.694915254237287,
              9.050847457627128
            ],
            [
              11.762711864406754,
              9.254237288135641
            ],
            [
              11.830508474576277,
              9.45762711864404
            ],
            [
              11.898305084745743,
              9.661016949152554
            ],
            [
              11.96610169491521,
              9.864406779661067
            ],
            [
              12.1016949152542,
              10.067796610169466
            ],
            [
              12.169491525423723,
              10.27118644067798
            ],
            [
              12.23728813559319,
              10.474576271186493
            ],
            [
              12.305084745762713,
              10.677966101694892
            ],
            [
              12.508474576271169,
              10.881355932203405
            ],
            [
              12.576271186440636,
              11.084745762711918
            ],
            [
              12.711864406779625,
              11.288135593220318
            ],
            [
              12.847457627118615,
              11.491525423728831
            ],
            [
              13.050847457627071,
              11.694915254237344
            ],
            [
              13.186440677966061,
              11.898305084745743
            ],
            [
              13.322033898305051,
              12.101694915254257
            ],
            [
              13.525423728813564,
              12.23728813559319
            ],
            [
              13.59322033898303,
              12.440677966101703
            ],
            [
              13.796610169491487,
              12.644067796610216
            ],
            [
              13.932203389830477,
              12.847457627118615
            ],
            [
              14.067796610169466,
              13.050847457627128
            ],
            [
              14.135593220338933,
              13.254237288135641
            ],
            [
              14.203389830508456,
              13.45762711864404
            ],
            [
              14.271186440677923,
              13.661016949152554
            ],
            [
              14.338983050847446,
              13.864406779661067
            ],
            [
              14.406779661016913,
              14.135593220339047
            ],
            [
              14.474576271186436,
              14.406779661017026
            ],
            [
              14.542372881355902,
              14.610169491525426
            ],
            [
              14.610169491525426,
              14.881355932203405
            ],
            [
              14.677966101694892,
              15.084745762711918
            ],
            [
              14.745762711864359,
              15.288135593220318
            ],
            [
              14.813559322033882,
              15.559322033898297
            ],
            [
              14.813559322033882,
              15.830508474576277
            ],
            [
              14.949152542372872,
              16.03389830508479
            ],
            [
              15.016949152542338,
              16.23728813559319
            ],
            [
              15.084745762711862,
              16.440677966101703
            ],
            [
              15.152542372881328,
              16.644067796610216
            ],
            [
              15.220338983050851,
              16.847457627118615
            ],
            [
              15.288135593220318,
              17.05084745762713
            ],
            [
              15.423728813559308,
              17.25423728813564
            ],
            [
              15.559322033898297,
              17.45762711864404
            ],
            [
              15.627118644067764,
              17.661016949152554
            ],
            [
              15.762711864406754,
              17.864406779661067
            ],
            [
              15.762711864406754,
              18.135593220339047
            ],
            [
              15.762711864406754,
              18.406779661017026
            ],
            [
              15.762711864406754,
              18.677966101694892
            ],
            [
              15.830508474576277,
              18.881355932203405
            ],
            [
              15.898305084745743,
              19.08474576271192
            ],
            [
              15.898305084745743,
              19.355932203389898
            ],
            [
              15.96610169491521,
              19.559322033898297
            ],
            [
              16.033898305084733,
              19.76271186440681
            ],
            [
              16.1016949152542,
              19.966101694915324
            ],
            [
              15.96610169491521,
              20.169491525423723
            ],
            [
              15.694915254237287,
              20.23728813559319
            ],
            [
              15.491525423728774,
              20.30508474576277
            ],
            [
              15.288135593220318,
              20.372881355932236
            ],
            [
              15.084745762711862,
              20.50847457627117
            ],
            [
              14.881355932203348,
              20.644067796610216
            ],
            [
              14.677966101694892,
              20.711864406779682
            ],
            [
              14.474576271186436,
              20.77966101694915
            ],
            [
              14.271186440677923,
              20.915254237288195
            ],
            [
              14.067796610169466,
              20.983050847457662
            ],
            [
              13.86440677966101,
              21.05084745762713
            ],
            [
              13.661016949152497,
              21.118644067796595
            ],
            [
              13.389830508474574,
              21.118644067796595
            ],
            [
              13.118644067796595,
              21.118644067796595
            ],
            [
              12.847457627118615,
              21.118644067796595
            ],
            [
              12.576271186440636,
              21.186440677966175
            ],
            [
              12.305084745762713,
              21.186440677966175
            ],
            [
              12.033898305084733,
              21.186440677966175
            ],
            [
              11.762711864406754,
              21.186440677966175
            ],
            [
              11.491525423728774,
              21.186440677966175
            ],
            [
              11.220338983050851,
              21.186440677966175
            ],
            [
              10.949152542372872,
              21.25423728813564
            ],
            [
              10.677966101694892,
              21.25423728813564
            ],
            [
              10.406779661016913,
              21.322033898305108
            ],
            [
              10.135593220338933,
              21.322033898305108
            ],
            [
              9.932203389830477,
              21.389830508474574
            ],
            [
              9.661016949152497,
              21.45762711864404
            ],
            [
              9.45762711864404,
              21.52542372881362
            ],
            [
              9.254237288135585,
              21.593220338983087
            ],
            [
              9.050847457627071,
              21.72881355932202
            ],
            [
              8.847457627118615,
              21.796610169491487
            ],
            [
              8.644067796610159,
              21.932203389830534
            ],
            [
              8.440677966101646,
              22.0
            ],
            [
              8.23728813559319,
              22.067796610169466
            ],
            [
              8.033898305084733,
              22.203389830508513
            ],
            [
              7.830508474576277,
              22.27118644067798
            ],
            [
              7.559322033898297,
              22.338983050847446
            ],
            [
              7.355932203389784,
              22.406779661017026
            ],
            [
              7.152542372881328,
              22.474576271186493
            ],
            [
              6.949152542372872,
              22.54237288135596
            ],
            [
              6.745762711864359,
              22.610169491525426
            ],
            [
              6.542372881355902,
              22.677966101694892
            ],
            [
              6.338983050847446,
              22.745762711864472
            ],
            [
              6.135593220338933,
              22.881355932203405
            ],
            [
              6.0,
              23.08474576271192
            ],
            [
              5.796610169491487,
              23.22033898305085
            ],
            [
              5.593220338983031,
              23.355932203389898
            ],
            [
              5.389830508474574,
              23.49152542372883
            ],
            [
              5.186440677966061,
              23.559322033898297
            ],
            [
              4.983050847457605,
              23.627118644067764
            ],
            [
              4.779661016949149,
              23.694915254237344
            ],
            [
              4.576271186440636,
              23.76271186440681
            ],
            [
              4.372881355932179,
              23.830508474576277
            ],
            [
              4.169491525423723,
              23.898305084745743
            ],
            [
              3.96610169491521,
              23.966101694915324
            ],
            [
              3.7627118644067536,
              24.101694915254257
            ],
            [
              3.5593220338982974,
              24.169491525423723
            ],
            [
              3.3559322033897843,
              24.23728813559319
            ],
            [
              3.152542372881328,
              24.30508474576277
            ],
            [
              2.9491525423728717,
              24.372881355932236
            ],
            [
              2.677966101694892,
              24.440677966101703
            ],
            [
              2.677966101694892,
              24.711864406779682
            ],
            [
              2.677966101694892,
              24.983050847457662
            ],
            [
              2.677966101694892,
              25.25423728813564
            ],
            [
              2.7457627118643586,
              25.52542372881362
            ],
            [
              2.813559322033882,
              25.72881355932202
            ],
            [
              2.8813559322033484,
              25.932203389830534
            ],
            [
              3.016949152542338,
              26.135593220339047
            ],
            [
              3.0847457627118615,
              26.338983050847446
            ],
            [
              3.152542372881328,
              26.54237288135596
            ],
            [
              3.2203389830508513,
              26.745762711864472
            ],
            [
              3.3559322033897843,
              26.94915254237287
            ],
            [
              3.491525423728774,
              27.152542372881385
            ],
            [
              3.491525423728774,
              27.423728813559364
            ],
            [
              3.491525423728774,
              27.694915254237344
            ],
            [
              3.3559322033897843,
              27.898305084745743
            ],
            [
              3.288135593220318,
              28.101694915254257
            ],
            [
              3.288135593220318,
              28.372881355932236
            ],
            [
              3.2203389830508513,
              28.57627118644075
            ],
            [
              3.0847457627118615,
              28.77966101694915
            ],
            [
              3.016949152542338,
              28.983050847457662
            ],
            [
              3.016949152542338,
              29.25423728813564
            ],
            [
              3.2203389830508513,
              29.322033898305108
            ],
            [
              3.4237288135593076,
              29.389830508474574
            ],
            [
              3.627118644067764,
              29.45762711864404
            ],
            [
              3.830508474576277,
              29.593220338983087
            ],
            [
              4.033898305084733,
              29.72881355932202
            ],
            [
              4.169491525423723,
              29.932203389830534
            ],
            [
              4.305084745762713,
              30.135593220339047
            ],
            [
              4.372881355932179,
              30.338983050847446
            ],
            [
              4.372881355932179,
              30.610169491525426
            ],
            [
              4.372881355932179,
              30.881355932203405
            ],
            [
              4.372881355932179,
              31.152542372881385
            ],
            [
              4.372881355932179,
              31.423728813559364
            ],
            [
              4.372881355932179,
              31.694915254237344
            ],
            [
              4.2372881355931895,
              31.898305084745743
            ],
            [
              3.96610169491521,
              32.10169491525426
            ],
            [
              3.830508474576277,
              32.30508474576277
            ],
            [
              3.627118644067764,
              32.4406779661017
            ],
            [
              3.5593220338982974,
              32.644067796610216
            ],
            [
              3.491525423728774,
              32.847457627118615
            ],
            [
              3.5593220338982974,
              33.118644067796595
            ],
            [
              3.7627118644067536,
              33.389830508474574
            ],
            [
              3.8983050847457434,
              33.59322033898309
            ],
            [
              4.033898305084733,
              33.79661016949149
            ],
            [
              4.169491525423723,
              34.0
            ],
            [
              4.372881355932179,
              34.20338983050851
            ],
            [
              4.508474576271169,
              34.406779661017026
            ],
            [
              4.644067796610159,
              34.610169491525426
            ],
            [
              4.779661016949149,
              34.81355932203394
            ],
            [
              4.9152542372881385,
              35.01694915254234
            ],
            [
              5.050847457627071,
              35.22033898305085
            ],
            [
              5.186440677966061,
              35.423728813559364
            ],
            [
              5.2542372881355845,
              35.627118644067764
            ],
            [
              5.389830508474574,
              35.83050847457628
            ],
            [
              5.457627118644041,
              36.03389830508479
            ],
            [
              5.525423728813564,
              36.23728813559319
            ],
            [
              5.593220338983031,
              36.50847457627117
            ],
            [
              5.661016949152497,
              36.77966101694915
            ],
            [
              5.661016949152497,
              37.05084745762713
            ],
            [
              5.661016949152497,
              37.32203389830511
            ],
            [
              5.72881355932202,
              37.59322033898309
            ],
            [
              5.72881355932202,
              37.86440677966107
            ],
            [
              5.796610169491487,
              38.13559322033905
            ],
            [
              5.796610169491487,
              38.406779661017026
            ],
            [
              5.796610169491487,
              38.67796610169489
            ],
            [
              5.86440677966101,
              38.881355932203405
            ],
            [
              5.932203389830477,
              39.152542372881385
            ],
            [
              6.0,
              39.423728813559364
            ],
            [
              6.0,
              39.694915254237344
            ],
            [
              6.0,
              39.966101694915324
            ],
            [
              6.0,
              40.23728813559319
            ],
            [
              6.0,
              40.50847457627117
            ],
            [
              5.932203389830477,
              40.71186440677968
            ],
            [
              5.86440677966101,
              40.915254237288195
            ],
            [
              5.86440677966101,
              41.186440677966175
            ],
            [
              5.86440677966101,
              41.45762711864404
            ],
            [
              5.796610169491487,
              41.661016949152554
            ],
            [
              5.796610169491487,
              41.93220338983053
            ],
            [
              5.86440677966101,
              42.13559322033905
            ],
            [
              6.0677966101694665,
              42.06779661016947
            ],
            [
              6.271186440677923,
              41.93220338983053
            ],
            [
              6.474576271186436,
              41.86440677966107
            ],
            [
              6.677966101694892,
              41.72881355932202
            ],
            [
              6.881355932203348,
              41.59322033898309
            ],
            [
              7.152542372881328,
              41.59322033898309
            ],
            [
              7.355932203389784,
              41.661016949152554
            ],
            [
              7.491525423728774,
              41.86440677966107
            ],
            [
              7.694915254237287,
              41.93220338983053
            ],
            [
              7.830508474576277,
              42.13559322033905
            ],
            [
              8.033898305084733,
              42.338983050847446
            ],
            [
              8.23728813559319,
              42.54237288135596
            ],
            [
              8.37288135593218,
              42.74576271186447
            ],
            [
              8.508474576271169,
              42.94915254237287
            ],
            [
              8.576271186440636,
              43.152542372881385
            ],
            [
              8.576271186440636,
              43.423728813559364
            ],
            [
              8.508474576271169,
              43.627118644067764
            ],
            [
              8.440677966101646,
              43.83050847457628
            ],
            [
              8.37288135593218,
              44.03389830508479
            ],
            [
              8.305084745762713,
              44.23728813559319
            ],
            [
              8.305084745762713,
              44.50847457627117
            ],
            [
              8.305084745762713,
              44.77966101694915
            ],
            [
              8.305084745762713,
              45.05084745762713
            ],
            [
              8.37288135593218,
              45.25423728813564
            ],
            [
              8.576271186440636,
              45.45762711864404
            ],
            [
              8.779661016949149,
              45.59322033898309
            ],
            [
              8.915254237288138,
              45.79661016949149
            ],
            [
              9.118644067796595,
              45.86440677966107
            ],
            [
              9.322033898305051,
              46.06779661016947
            ],
            [
              9.525423728813564,
              46.20338983050851
            ],
            [
              9.72881355932202,
              46.338983050847446
            ],
            [
              9.932203389830477,
              46.54237288135596
            ],
            [
              10.067796610169466,
              46.74576271186447
            ],
            [
              10.203389830508456,
              46.94915254237287
            ],
            [
              10.271186440677923,
              47.152542372881385
            ],
            [
              10.338983050847446,
              47.3559322033899
            ],
            [
              10.474576271186436,
              47.5593220338983
            ],
            [
              10.542372881355902,
              47.76271186440681
            ],
            [
              10.610169491525426,
              47.966101694915324
            ],
            [
              10.813559322033882,
              48.16949152542372
            ],
            [
              10.881355932203348,
              48.372881355932236
            ],
            [
              11.016949152542338,
              48.57627118644075
            ],
            [
              11.152542372881328,
              48.77966101694915
            ],
            [
              11.288135593220318,
              48.98305084745766
            ],
            [
              11.288135593220318,
              49.25423728813564
            ],
            [
              11.084745762711862,
              49.389830508474574
            ],
            [
              10.881355932203348,
              49.52542372881362
            ],
            [
              10.677966101694892,
              49.661016949152554
            ],
            [
              10.474576271186436,
              49.79661016949149
            ],
            [
              10.271186440677923,
              50.0
            ],
            [
              10.067796610169466,
              50.06779661016947
            ],
            [
              9.86440677966101,
              50.20338983050851
            ],
            [
              9.86440677966101,
              50.47457627118649
            ],
            [
              9.86440677966101,
              50.74576271186447
            ],
            [
              9.86440677966101,
              51.01694915254234
            ],
            [
              10.0,
              51.22033898305085
            ],
            [
              10.067796610169466,
              51.423728813559364
            ],
            [
              10.203389830508456,
              51.627118644067764
            ],
            [
              10.271186440677923,
              51.83050847457628
            ],
            [
              10.474576271186436,
              51.89830508474574
            ],
            [
              10.745762711864359,
              51.89830508474574
            ],
            [
              11.016949152542338,
              51.89830508474574
            ],
            [
              11.288135593220318,
              51.89830508474574
            ],
            [
              11.491525423728774,
              51.83050847457628
            ],
            [
              11.694915254237287,
              51.76271186440681
            ],
            [
              11.96610169491521,
              51.76271186440681
            ],
            [
              12.23728813559319,
              51.76271186440681
            ],
            [
              12.305084745762713,
              51.966101694915324
            ],
            [
              12.440677966101646,
              52.16949152542372
            ],
            [
              12.508474576271169,
              52.372881355932236
            ],
            [
              12.576271186440636,
              52.57627118644069
            ],
            [
              12.644067796610159,
              52.84745762711867
            ],
            [
              12.711864406779625,
              53.05084745762713
            ],
            [
              12.779661016949149,
              53.25423728813564
            ],
            [
              12.847457627118615,
              53.4576271186441
            ],
            [
              12.915254237288138,
              53.661016949152554
            ],
            [
              12.983050847457605,
              53.86440677966101
            ],
            [
              13.050847457627071,
              54.13559322033899
            ],
            [
              13.118644067796595,
              54.3389830508475
            ],
            [
              13.186440677966061,
              54.54237288135596
            ],
            [
              13.254237288135585,
              54.81355932203394
            ],
            [
              13.322033898305051,
              55.08474576271186
            ],
            [
              13.389830508474574,
              55.35593220338984
            ],
            [
              13.45762711864404,
              55.5593220338983
            ],
            [
              13.59322033898303,
              55.76271186440681
            ],
            [
              13.796610169491487,
              55.8983050847458
            ],
            [
              14.0,
              56.03389830508479
            ],
            [
              14.203389830508456,
              56.16949152542372
            ],
            [
              14.406779661016913,
              56.237288135593246
            ],
            [
              14.610169491525426,
              56.372881355932236
            ],
            [
              14.813559322033882,
              56.4406779661017
            ],
            [
              15.016949152542338,
              56.57627118644069
            ],
            [
              15.220338983050851,
              56.644067796610216
            ],
            [
              15.423728813559308,
              56.77966101694915
            ],
            [
              15.627118644067764,
              56.98305084745766
            ],
            [
              15.762711864406754,
              57.18644067796612
            ],
            [
              15.898305084745743,
              57.4576271186441
            ],
            [
              16.033898305084733,
              57.661016949152554
            ],
            [
              16.1016949152542,
              57.86440677966101
            ],
            [
              16.23728813559319,
              58.06779661016952
            ],
            [
              16.37288135593218,
              58.27118644067798
            ],
            [
              16.440677966101646,
              58.474576271186436
            ],
            [
              16.576271186440636,
              58.67796610169495
            ],
            [
              16.711864406779625,
              58.881355932203405
            ],
            [
              16.91525423728814,
              58.94915254237287
            ],
            [
              17.18644067796606,
              58.94915254237287
            ],
            [
              17.389830508474574,
              58.81355932203394
            ],
            [
              17.59322033898303,
              58.67796610169495
            ],
            [
              17.796610169491487,
              58.610169491525426
            ],
            [
              18.0,
              58.54237288135596
            ],
            [
              18.271186440677923,
              58.54237288135596
            ],
            [
              18.542372881355902,
              58.54237288135596
            ],
            [
              18.813559322033882,
              58.54237288135596
            ],
            [
              19.016949152542338,
              58.610169491525426
            ],
            [
              19.288135593220318,
              58.67796610169495
            ],
            [
              19.559322033898297,
              58.745762711864415
            ],
            [
              19.762711864406754,
              58.81355932203394
            ],
            [
              19.96610169491521,
              58.881355932203405
            ],
            [
              20.169491525423723,
              59.016949152542395
            ],
            [
              20.37288135593218,
              59.22033898305085
            ],
            [
              20.576271186440636,
              59.35593220338984
            ],
            [
              20.711864406779625,
              59.5593220338983
            ],
            [
              20.91525423728814,
              59.69491525423729
            ],
            [
              21.118644067796595,
              59.83050847457628
            ],
            [
              21.32203389830505,
              59.96610169491527
            ],
            [
              21.525423728813507,
              60.03389830508479
            ],
            [
              21.72881355932202,
              60.10169491525426
            ],
            [
              22.0,
              60.10169491525426
            ],
            [
              22.271186440677923,
              60.10169491525426
            ],
            [
              22.542372881355902,
              60.10169491525426
            ],
            [
              22.813559322033882,
              60.10169491525426
            ],
            [
              23.016949152542338,
              60.03389830508479
            ],
            [
              23.22033898305085,
              59.96610169491527
            ],
            [
              23.423728813559308,
              59.8983050847458
            ],
            [
              23.627118644067764,
              59.83050847457628
            ],
            [
              23.898305084745743,
              59.76271186440681
            ],
            [
              24.169491525423723,
              59.62711864406782
            ],
            [
              24.37288135593218,
              59.49152542372883
            ],
            [
              24.576271186440636,
              59.423728813559364
            ],
            [
              24.77966101694915,
              59.35593220338984
            ],
            [
              24.983050847457605,
              59.288135593220375
            ],
            [
              25.254237288135585,
              59.288135593220375
            ],
            [
              25.525423728813507,
              59.288135593220375
            ],
            [
              25.796610169491487,
              59.288135593220375
            ],
            [
              26.067796610169466,
              59.288135593220375
            ],
            [
              26.406779661016913,
              59.35593220338984
            ],
            [
              26.677966101694892,
              59.35593220338984
            ],
            [
              26.88135593220335,
              59.423728813559364
            ],
            [
              27.152542372881328,
              59.423728813559364
            ],
            [
              27.355932203389784,
              59.49152542372883
            ],
            [
              27.627118644067764,
              59.49152542372883
            ],
            [
              27.830508474576277,
              59.35593220338984
            ],
            [
              28.1016949152542,
              59.152542372881385
            ],
            [
              28.305084745762713,
              58.94915254237287
            ],
            [
              28.576271186440636,
              58.745762711864415
            ],
            [
              28.77966101694915,
              58.54237288135596
            ],
            [
              28.983050847457605,
              58.474576271186436
            ],
            [
              29.18644067796606,
              58.40677966101697
            ],
            [
              29.389830508474574,
              58.3389830508475
            ],
            [
              29.661016949152497,
              58.40677966101697
            ],
            [
              29.86440677966101,
              58.474576271186436
            ],
            [
              30.067796610169466,
              58.54237288135596
            ],
            [
              30.271186440677923,
              58.67796610169495
            ],
            [
              30.474576271186436,
              58.745762711864415
            ],
            [
              30.610169491525426,
              58.94915254237287
            ],
            [
              30.813559322033882,
              59.016949152542395
            ],
            [
              30.88135593220335,
              59.22033898305085
            ],
            [
              30.94915254237287,
              59.423728813559364
            ],
            [
              30.94915254237287,
              59.69491525423729
            ],
            [
              30.88135593220335,
              59.96610169491527
            ],
            [
              30.813559322033882,
              60.16949152542372
            ],
            [
              30.74576271186436,
              60.372881355932236
            ],
            [
              30.677966101694892,
              60.57627118644069
            ],
            [
              30.677966101694892,
              60.84745762711867
            ],
            [
              30.677966101694892,
              61.11864406779665
            ],
            [
              30.74576271186436,
              61.32203389830511
            ],
            [
              30.94915254237287,
              61.525423728813564
            ],
            [
              31.016949152542338,
              61.72881355932208
            ],
            [
              31.288135593220318,
              61.72881355932208
            ]
          ]
        ]
      }
    }
  ]
}