{
  "type": "FeatureCollection",
  "crs": {
    "type": "name",
    "properties": {
      "name": "urn:ogc:def:crs:OGC:1.3:CRS84"
    }
  },
  "features": [
    {
      "type": "Feature",
      "properties": {
        "timestamp": "2026-03-25T19:09:43.034582",
        "country_name": "Greece",
        "author": "Noah",
        "author_id": "fc146340-33ea-4f96-94d5-f7a43febc223",
        "validated": false,
        "ranking": [
          [
            "Greece",
            0.14157533645629883
          ],
          [
            "Canada",
            0.08801635354757309
          ],
          [
            "Denmark",
            0.08041295409202576
          ],
          [
            "Netherlands",
            0.04169979318976402
          ],
          [
            "Falkland Islands",
            0.03513927012681961
          ],
          [
            "Bangladesh",
            0.03501836583018303
          ],
          [
            "Haiti",
            0.026707928627729416
          ],
          [
            "Papua New Guinea",
            0.02388095296919346
          ],
          [
            "Hong Kong",
            0.023854229599237442
          ],
          [
            "Guinea-Bissau",
            0.02382003888487816
          ],
          [
            "Tajikistan",
            0.021772325038909912
          ],
          [
            "Russia",
            0.02146943099796772
          ],
          [
            "Croatia",
            0.014910862781107426
          ],
          [
            "Senegal",
            0.012810450978577137
          ],
          [
            "Venezuela",
            0.010541106574237347
          ],
          [
            "Svalbard",
            0.009773729369044304
          ],
          [
            "France",
            0.009734919294714928
          ],
          [
            "Iceland",
            0.009419710375368595
          ],
          [
            "Ireland",
            0.00913757923990488
          ],
          [
            "South Africa",
            0.008961525745689869
          ],
          [
            "Congo",
            0.008925260044634342
          ],
          [
            "North Korea",
            0.008840934373438358
          ],
          [
            "Italy",
            0.008609096519649029
          ],
          [
            "Philippines",
            0.008527514524757862
          ],
          [
            "Ukraine",
            0.008454828523099422
          ],
          [
            "Switzerland",
            0.008350384421646595
          ],
          [
            "Estonia",
            0.008029153570532799
          ],
          [
            "Somalia",
            0.008014342747628689
          ],
          [
            "Gabon",
            0.0071082953363657
          ],
          [
            "India",
            0.007065014913678169
          ],
          [
            "Fiji",
            0.006701855920255184
          ],
          [
            "Belarus",
            0.005728728603571653
          ],
          [
            "South Georgia Islands",
            0.005675166845321655
          ],
          [
            "Kuwait",
            0.005656837951391935
          ],
          [
            "Guinea",
            0.005489889997988939
          ],
          [
            "China",
            0.005009482614696026
          ],
          [
            "Belgium",
            0.0049553909339010715
          ],
          [
            "Pakistan",
            0.004761137068271637
          ],
          [
            "Djibouti",
            0.004724869970232248
          ],
          [
            "Guadeloupe",
            0.004724536091089249
          ],
          [
            "Cambodia",
            0.004706260748207569
          ],
          [
            "Rwanda",
            0.004637124948203564
          ],
          [
            "Kyrgyzstan",
            0.0043301149271428585
          ],
          [
            "Mozambique",
            0.004278508480638266
          ],
          [
            "Peru",
            0.00416617700830102
          ],
          [
            "Burkina Faso",
            0.0041405814699828625
          ],
          [
            "Montenegro",
            0.003929806407541037
          ],
          [
            "Mauritania",
            0.0037069732788950205
          ],
          [
            "Brunei",
            0.0036391657777130604
          ],
          [
            "Angola",
            0.003619333729147911
          ],
          [
            "Costa Rica",
            0.0034443431068211794
          ],
          [
            "Burundi",
            0.0034334089141339064
          ],
          [
            "Colombia",
            0.003318773116916418
          ],
          [
            "Syria",
            0.0032418754417449236
          ],
          [
            "Lithuania",
            0.0031091715209186077
          ],
          [
            "Iran",
            0.0030749007128179073
          ],
          [
            "Nigeria",
            0.0030433174688369036
          ],
          [
            "Panama",
            0.0030416694935411215
          ],
          [
            "Turkmenistan",
            0.003036295995116234
          ],
          [
            "Kazakhstan",
            0.0030350107699632645
          ],
          [
            "Dominican Republic",
            0.0029934446793049574
          ],
          [
            "Romania",
            0.002865794813260436
          ],
          [
            "Bulgaria",
            0.0028287575114518404
          ],
          [
            "Brazil",
            0.0027854223735630512
          ],
          [
            "Mali",
            0.0027711307629942894
          ],
          [
            "Honduras",
            0.002769086044281721
          ],
          [
            "United Kingdom",
            0.002710864180698991
          ],
          [
            "Uzbekistan",
            0.002705254824832082
          ],
          [
            "Central African Republic",
            0.002650664420798421
          ],
          [
            "Thailand",
            0.002627219073474407
          ],
          [
            "Laos",
            0.002509675221517682
          ],
          [
            "Slovakia",
            0.002440346870571375
          ],
          [
            "Azerbaijan",
            0.0024273579474538565
          ],
          [
            "Jordan",
            0.002397742588073015
          ],
          [
            "Australia",
            0.0022707520984113216
          ],
          [
            "Zambia",
            0.0022414394188672304
          ],
          [
            "Greenland",
            0.0022281911224126816
          ],
          [
            "Spain",
            0.0020560326520353556
          ],
          [
            "Latvia",
            0.0020449955482035875
          ],
          [
            "Kiribati",
            0.0020060997921973467
          ],
          [
            "Slovenia",
            0.00197677337564528
          ],
          [
            "El Salvador",
            0.0019650033209472895
          ],
          [
            "Niger",
            0.001953765517100692
          ],
          [
            "Germany",
            0.0017853141762316227
          ],
          [
            "United Arab Emirates",
            0.001767505775205791
          ],
          [
            "Sweden",
            0.001672783400863409
          ],
          [
            "North Macedonia",
            0.001645703217945993
          ],
          [
            "Saudi Arabia",
            0.0016421505715698004
          ],
          [
            "Indonesia",
            0.0015967352082952857
          ],
          [
            "Sudan",
            0.0015711408341303468
          ],
          [
            "Bolivia",
            0.0015689817955717444
          ],
          [
            "Mexico",
            0.001552028232254088
          ],
          [
            "Guyana",
            0.0015390606131404638
          ],
          [
            "Norway",
            0.0015106574865058064
          ],
          [
            "Uganda",
            0.0014852384338155389
          ],
          [
            "Afghanistan",
            0.0014171217335388064
          ],
          [
            "Bhutan",
            0.0013984147226437926
          ],
          [
            "Armenia",
            0.0013381028547883034
          ],
          [
            "Nicaragua",
            0.0012644376838579774
          ],
          [
            "Turkey",
            0.0012444545282050967
          ],
          [
            "Morocco",
            0.001242069061845541
          ],
          [
            "South Sudan",
            0.0012083288747817278
          ],
          [
            "Cameroon",
            0.0011760996421799064
          ],
          [
            "French Guiana",
            0.0011730236001312733
          ],
          [
            "Cuba",
            0.0011543816654011607
          ],
          [
            "Tunisia",
            0.0011518370592966676
          ],
          [
            "Malawi",
            0.0011262884363532066
          ],
          [
            "Mayotte",
            0.0011256635189056396
          ],
          [
            "Faroe Islands",
            0.0011193539248779416
          ],
          [
            "Lesotho",
            0.0011076221708208323
          ],
          [
            "South Korea",
            0.0011041270336136222
          ],
          [
            "United States of America",
            0.0010981665691360831
          ],
          [
            "Western Sahara",
            0.0010613102931529284
          ],
          [
            "Serbia",
            0.001033554202876985
          ],
          [
            "Guatemala",
            0.0010286709293723106
          ],
          [
            "Finland",
            0.00101145647931844
          ],
          [
            "Cyprus",
            0.0010052404832094908
          ],
          [
            "Austria",
            0.0010001914342865348
          ],
          [
            "Myanmar",
            0.0009909817017614841
          ],
          [
            "Côte d'Ivoire",
            0.0009734543855302036
          ],
          [
            "Ethiopia",
            0.0009625978418625891
          ],
          [
            "Mongolia",
            0.0009537815349176526
          ],
          [
            "Yemen",
            0.000933058385271579
          ],
          [
            "Czech Republic",
            0.0009048239444382489
          ],
          [
            "Vietnam",
            0.000893501506652683
          ],
          [
            "Benin",
            0.0008682143525220454
          ],
          [
            "Moldova",
            0.0008642046013846993
          ],
          [
            "Jamaica",
            0.0008589541539549828
          ],
          [
            "Algeria",
            0.0008416129276156425
          ],
          [
            "New Caledonia",
            0.0008404611726291478
          ],
          [
            "Oman",
            0.000837606203276664
          ],
          [
            "Isle of Man",
            0.0008246077341027558
          ],
          [
            "Bosnia & Herzegovina",
            0.0008189994259737432
          ],
          [
            "Sierra Leone",
            0.0007740033906884491
          ],
          [
            "Iraq",
            0.0007652281783521175
          ],
          [
            "Heard and McDonald Islands",
            0.000737805909011513
          ],
          [
            "Libya",
            0.0007245076121762395
          ],
          [
            "Portugal",
            0.0007091310690157115
          ],
          [
            "Georgia",
            0.0007001158664934337
          ],
          [
            "Nepal",
            0.000699543219525367
          ],
          [
            "Uruguay",
            0.0006953740958124399
          ],
          [
            "Chad",
            0.000687002728227526
          ],
          [
            "Lebanon",
            0.0006756052025593817
          ],
          [
            "Argentina",
            0.0006671816809102893
          ],
          [
            "Paraguay",
            0.0006590315606445074
          ],
          [
            "Togo",
            0.000650792324449867
          ],
          [
            "Guam",
            0.0006443043821491301
          ],
          [
            "Albania",
            0.0006428117631003261
          ],
          [
            "Turks and Caicos Islands",
            0.0006374396616593003
          ],
          [
            "Timor-Leste",
            0.0006064744084142148
          ],
          [
            "Trinidad and Tobago",
            0.0005874228663742542
          ],
          [
            "Eritrea",
            0.0005675553693436086
          ],
          [
            "Hungary",
            0.0005608554347418249
          ],
          [
            "Kenya",
            0.0005492820637300611
          ],
          [
            "Japan",
            0.0005297245807014406
          ],
          [
            "Gambia",
            0.000526872870977968
          ],
          [
            "Poland",
            0.0005244305357336998
          ],
          [
            "Suriname",
            0.0005205707857385278
          ],
          [
            "Belize",
            0.0005166773335076869
          ],
          [
            "Botswana",
            0.00051093939691782
          ],
          [
            "DR Congo",
            0.0004971785820089281
          ],
          [
            "Namibia",
            0.0004943936946801841
          ],
          [
            "Ghana",
            0.0004891681601293385
          ],
          [
            "Bahamas",
            0.0004547814023680985
          ],
          [
            "Puerto Rico",
            0.00044454223825596273
          ],
          [
            "Zimbabwe",
            0.00044009875273332
          ],
          [
            "Luxembourg",
            0.0004141977406106889
          ],
          [
            "Liberia",
            0.00041000437340699136
          ],
          [
            "Reunion",
            0.0004062352527398616
          ],
          [
            "Qatar",
            0.0003918270522262901
          ],
          [
            "Egypt",
            0.0003687346470542252
          ],
          [
            "Taiwan",
            0.00033147670910693705
          ],
          [
            "Madeira Islands",
            0.0003295225615147501
          ],
          [
            "New Zealand",
            0.0003288005536887795
          ],
          [
            "Ecuador",
            0.00032177253160625696
          ],
          [
            "Samoa",
            0.00032000799546949565
          ],
          [
            "Tanzania",
            0.0003193963784724474
          ],
          [
            "Sri Lanka",
            0.0003015879774466157
          ],
          [
            "Saint Lucia",
            0.0002893094497267157
          ],
          [
            "Malaysia",
            0.00028663018019869924
          ],
          [
            "Madagascar",
            0.00028532379656098783
          ],
          [
            "Israel",
            0.00027948617935180664
          ],
          [
            "Eswatini",
            0.0002610349911265075
          ],
          [
            "Cape Verde",
            0.0002497606910765171
          ],
          [
            "West Bank",
            0.00024770645541138947
          ],
          [
            "Martinique",
            0.00024215810117311776
          ],
          [
            "Barbados",
            0.00017729475803207606
          ],
          [
            "Vanuatu",
            0.0001508997956989333
          ],
          [
            "Equatorial Guinea",
            0.0001408761163474992
          ],
          [
            "Bahrain",
            0.00011539783008629456
          ],
          [
            "Solomon Islands",
            0.00011245063797105104
          ],
          [
            "Comoros",
            0.00010557635687291622
          ],
          [
            "Dominica",
            0.00010270020720781758
          ],
          [
            "Netherlands Antilles",
            8.787246770225465e-05
          ],
          [
            "Antigua & Barbuda",
            8.211543899960816e-05
          ],
          [
            "Palau",
            7.91889542597346e-05
          ],
          [
            "Chile",
            6.029838550603017e-05
          ],
          [
            "United States Virgin Islands",
            3.3251566492253914e-05
          ],
          [
            "Sao Tome and Principe",
            1.400703695253469e-05
          ]
        ]
      },
      "geometry": {
        "type": "MultiLineString",
        "coordinates": [
          [
            [
              2.8768267223382225,
              58.80584551148226
            ],
            [
              3.377870563674321,
              58.5553235908142
            ],
            [
              4.00417536534448,
              58.430062630480165
            ],
            [
              4.630480167014639,
              58.304801670146134
            ],
            [
              5.131524008350738,
              58.304801670146134
            ],
            [
              6.00835073068896,
              58.304801670146134
            ],
            [
              6.509394572025059,
              58.304801670146134
            ],
            [
              7.135699373695218,
              58.304801670146134
            ],
            [
              7.762004175365348,
              58.1795407098121
            ],
            [
              8.388308977035507,
              58.1795407098121
            ],
            [
              9.265135699373701,
              58.1795407098121
            ],
            [
              9.89144050104386,
              58.1795407098121
            ],
            [
              10.392484342379959,
              58.1795407098121
            ],
            [
              11.269311064718181,
              58.304801670146134
            ],
            [
              12.271398747390407,
              58.430062630480165
            ],
            [
              12.772442588726534,
              58.430062630480165
            ],
            [
              13.273486430062633,
              58.5553235908142
            ],
            [
              13.899791231732792,
              58.5553235908142
            ],
            [
              14.52609603340295,
              58.5553235908142
            ],
            [
              15.277661795407113,
              58.5553235908142
            ],
            [
              15.77870563674324,
              58.430062630480165
            ],
            [
              16.40501043841337,
              58.430062630480165
            ],
            [
              17.15657620041756,
              58.430062630480165
            ],
            [
              18.033402922755755,
              58.430062630480165
            ],
            [
              18.659707724425914,
              58.430062630480165
            ],
            [
              19.536534446764108,
              58.430062630480165
            ],
            [
              20.037578288100235,
              58.304801670146134
            ],
            [
              20.663883089770366,
              58.304801670146134
            ],
            [
              21.290187891440524,
              58.5553235908142
            ],
            [
              21.916492693110655,
              58.80584551148226
            ],
            [
              22.29227557411275,
              59.056367432150324
            ],
            [
              22.542797494780814,
              58.1795407098121
            ],
            [
              22.542797494780814,
              56.80167014613778
            ],
            [
              22.91858037578288,
              55.173277661795424
            ],
            [
              23.169102296450944,
              53.169102296450944
            ],
            [
              23.419624217119008,
              51.03966597077246
            ],
            [
              23.67014613778707,
              47.65762004175366
            ],
            [
              23.67014613778707,
              45.402922755741145
            ],
            [
              23.67014613778707,
              43.64926931106473
            ],
            [
              23.419624217119008,
              41.26931106471818
            ],
            [
              22.542797494780814,
              39.2651356993737
            ],
            [
              22.16701461377872,
              37.511482254697285
            ],
            [
              22.041753653444687,
              36.50939457202506
            ],
            [
              22.041753653444687,
              35.8830897703549
            ],
            [
              22.041753653444687,
              35.13152400835074
            ],
            [
              22.16701461377872,
              34.50521920668058
            ],
            [
              22.417536534446782,
              33.75365344467642
            ],
            [
              22.417536534446782,
              33.25260960334029
            ],
            [
              22.793319415448877,
              32.375782881002095
            ],
            [
              22.91858037578288,
              32.0
            ],
            [
              21.66597077244259,
              32.250521920668064
            ],
            [
              20.789144050104397,
              32.250521920668064
            ],
            [
              19.78705636743217,
              32.250521920668064
            ],
            [
              18.534446764091882,
              32.250521920668064
            ],
            [
              17.281837160751593,
              32.250521920668064
            ],
            [
              16.154488517745307,
              31.874739039665968
            ],
            [
              14.901878914405017,
              31.4989561586639
            ],
            [
              13.649269311064728,
              30.997912317327774
            ],
            [
              12.52192066805847,
              30.74739039665971
            ],
            [
              11.77035490605428,
              30.496868475991647
            ],
            [
              10.768267223382054,
              30.12108559498955
            ],
            [
              9.390396659707733,
              29.745302713987485
            ],
            [
              8.764091858037602,
              29.49478079331942
            ],
            [
              7.636743215031316,
              29.49478079331942
            ],
            [
              6.759916492693122,
              29.36951983298539
            ],
            [
              5.883089770354928,
              29.36951983298539
            ],
            [
              5.256784968684769,
              29.36951983298539
            ],
            [
              4.881002087682674,
              29.244258872651358
            ],
            [
              4.505219206680607,
              29.118997912317326
            ],
            [
              3.7536534446764165,
              28.993736951983294
            ],
            [
              3.377870563674321,
              28.86847599164929
            ]
          ],
          [
            [
              11.14405010438415,
              57.052192066805844
            ],
            [
              11.14405010438415,
              56.551148225469746
            ],
            [
              11.14405010438415,
              55.298538622129456
            ],
            [
              11.14405010438415,
              54.2964509394572
            ],
            [
              11.14405010438415,
              52.91858037578288
            ],
            [
              11.14405010438415,
              51.54070981210856
            ],
            [
              11.14405010438415,
              50.28810020876827
            ],
            [
              11.14405010438415,
              49.411273486430076
            ],
            [
              11.14405010438415,
              48.78496868475992
            ],
            [
              11.14405010438415,
              48.15866388308979
            ],
            [
              11.14405010438415,
              47.407098121085596
            ],
            [
              11.14405010438415,
              46.655532359081434
            ],
            [
              11.14405010438415,
              45.77870563674321
            ],
            [
              11.269311064718181,
              44.90187891440502
            ],
            [
              11.394572025052213,
              43.77453027139876
            ],
            [
              11.519832985386245,
              43.02296450939457
            ],
            [
              11.645093945720276,
              42.39665970772444
            ],
            [
              11.645093945720276,
              41.89561586638831
            ],
            [
              11.645093945720276,
              41.26931106471818
            ],
            [
              11.645093945720276,
              40.768267223382054
            ],
            [
              11.895615866388312,
              40.01670146137786
            ],
            [
              11.895615866388312,
              39.13987473903967
            ],
            [
              11.895615866388312,
              38.38830897703551
            ],
            [
              12.146137787056375,
              38.01252609603341
            ],
            [
              12.146137787056375,
              37.38622129436325
            ],
            [
              12.146137787056375,
              36.885177453027154
            ],
            [
              12.146137787056375,
              36.13361169102296
            ],
            [
              12.146137787056375,
              35.50730688935283
            ],
            [
              12.146137787056375,
              34.881002087682674
            ],
            [
              12.146137787056375,
              34.379958246346575
            ],
            [
              12.146137787056375,
              33.87891440501045
            ],
            [
              12.146137787056375,
              33.25260960334029
            ],
            [
              12.146137787056375,
              32.75156576200419
            ],
            [
              12.146137787056375,
              32.250521920668064
            ],
            [
              12.146137787056375,
              31.749478079331936
            ],
            [
              12.146137787056375,
              31.248434237995838
            ]
          ],
          [
            [
              14.025052192066823,
              58.1795407098121
            ],
            [
              14.025052192066823,
              57.55323590814197
            ],
            [
              14.025052192066823,
              56.67640918580378
            ],
            [
              14.275574112734887,
              55.42379958246346
            ],
            [
              14.275574112734887,
              54.546972860125265
            ],
            [
              14.275574112734887,
              54.04592901878914
            ],
            [
              14.275574112734887,
              53.41962421711901
            ],
            [
              14.275574112734887,
              52.542797494780785
            ],
            [
              14.275574112734887,
              51.41544885177453
            ],
            [
              14.275574112734887,
              50.16283924843424
            ],
            [
              14.275574112734887,
              48.534446764091854
            ],
            [
              14.275574112734887,
              47.0313152400835
            ],
            [
              14.275574112734887,
              46.27974947807934
            ],
            [
              14.275574112734887,
              45.402922755741145
            ],
            [
              14.150313152400855,
              43.89979123173279
            ],
            [
              13.899791231732792,
              42.6471816283925
            ],
            [
              13.77453027139876,
              41.26931106471818
            ],
            [
              13.524008350730696,
              39.515657620041765
            ],
            [
              13.524008350730696,
              38.63883089770354
            ],
            [
              13.273486430062633,
              37.26096033402922
            ],
            [
              13.148225469728601,
              35.7578288100209
            ],
            [
              13.148225469728601,
              34.63048016701461
            ],
            [
              13.022964509394598,
              34.00417536534448
            ],
            [
              13.022964509394598,
              33.37787056367432
            ],
            [
              12.897703549060566,
              32.87682672233822
            ],
            [
              12.897703549060566,
              32.375782881002095
            ],
            [
              12.897703549060566,
              31.874739039665968
            ],
            [
              12.897703549060566,
              31.37369519832987
            ],
            [
              13.022964509394598,
              30.997912317327774
            ]
          ],
          [
            [
              2.8768267223382225,
              45.27766179540711
            ],
            [
              2.8768267223382225,
              45.77870563674321
            ],
            [
              3.377870563674321,
              46.029227557411275
            ],
            [
              4.129436325678512,
              46.40501043841337
            ],
            [
              4.881002087682674,
              46.655532359081434
            ],
            [
              5.883089770354928,
              46.780793319415466
            ],
            [
              7.010438413361186,
              46.780793319415466
            ],
            [
              8.388308977035507,
              46.780793319415466
            ],
            [
              9.766179540709828,
              46.780793319415466
            ],
            [
              11.018789144050118,
              46.655532359081434
            ],
            [
              12.52192066805847,
              46.655532359081434
            ],
            [
              14.025052192066823,
              46.40501043841337
            ],
            [
              14.901878914405017,
              46.27974947807934
            ],
            [
              16.27974947807934,
              46.15448851774531
            ],
            [
              17.281837160751593,
              46.15448851774531
            ],
            [
              18.534446764091882,
              46.15448851774531
            ],
            [
              19.411273486430076,
              46.40501043841337
            ],
            [
              20.28810020876827,
              46.655532359081434
            ],
            [
              20.91440501043843,
              46.90605427974947
            ],
            [
              21.791231732776623,
              47.407098121085596
            ],
            [
              22.542797494780814,
              47.407098121085596
            ],
            [
              23.419624217119008,
              47.65762004175366
            ],
            [
              24.296450939457202,
              47.65762004175366
            ],
            [
              25.298538622129456,
              47.65762004175366
            ],
            [
              26.300626304801682,
              47.65762004175366
            ],
            [
              26.676409185803777,
              47.53235908141963
            ]
          ],
          [
            [
              3.252609603340318,
              41.89561586638831
            ],
            [
              4.00417536534448,
              41.89561586638831
            ],
            [
              4.881002087682674,
              42.02087682672234
            ],
            [
              5.256784968684769,
              42.146137787056375
            ],
            [
              5.883089770354928,
              42.146137787056375
            ],
            [
              6.509394572025059,
              42.146137787056375
            ],
            [
              7.135699373695218,
              42.146137787056375
            ],
            [
              7.88726513569938,
              42.02087682672234
            ],
            [
              8.764091858037602,
              42.02087682672234
            ],
            [
              9.640918580375796,
              42.02087682672234
            ],
            [
              10.643006263048022,
              42.02087682672234
            ],
            [
              11.519832985386245,
              42.02087682672234
            ],
            [
              12.647181628392502,
              42.02087682672234
            ],
            [
              13.273486430062633,
              42.02087682672234
            ],
            [
              13.899791231732792,
              42.02087682672234
            ],
            [
              14.651356993736954,
              42.02087682672234
            ],
            [
              15.402922755741145,
              42.02087682672234
            ],
            [
              16.530271398747402,
              42.146137787056375
            ],
            [
              17.407098121085596,
              42.27139874739041
            ],
            [
              18.40918580375785,
              42.39665970772444
            ],
            [
              19.03549060542798,
              42.39665970772444
            ],
            [
              19.78705636743217,
              42.39665970772444
            ],
            [
              20.538622129436334,
              42.39665970772444
            ],
            [
              21.03966597077246,
              42.39665970772444
            ],
            [
              21.791231732776623,
              42.52192066805847
            ],
            [
              22.16701461377872,
              42.6471816283925
            ],
            [
              23.043841336116913,
              42.6471816283925
            ],
            [
              23.419624217119008,
              42.89770354906054
            ],
            [
              23.920668058455135,
              43.1482254697286
            ],
            [
              24.421711899791234,
              43.1482254697286
            ]
          ],
          [
            [
              13.273486430062633,
              31.4989561586639
            ],
            [
              13.273486430062633,
              32.12526096033403
            ],
            [
              13.524008350730696,
              33.002087682672254
            ],
            [
              13.524008350730696,
              34.00417536534448
            ],
            [
              13.524008350730696,
              35.006263048016706
            ],
            [
              13.649269311064728,
              35.7578288100209
            ],
            [
              13.77453027139876,
              34.379958246346575
            ],
            [
              13.649269311064728,
              33.002087682672254
            ],
            [
              13.398747390396665,
              31.874739039665968
            ],
            [
              13.398747390396665,
              31.123173277661806
            ],
            [
              13.273486430062633,
              30.74739039665971
            ],
            [
              13.273486430062633,
              31.248434237995838
            ],
            [
              13.398747390396665,
              32.75156576200419
            ],
            [
              13.77453027139876,
              34.50521920668058
            ],
            [
              14.275574112734887,
              36.258872651356995
            ],
            [
              14.651356993736954,
              37.38622129436325
            ],
            [
              14.901878914405017,
              37.76200417536535
            ],
            [
              14.901878914405017,
              37.010438413361186
            ],
            [
              14.52609603340295,
              35.50730688935283
            ],
            [
              14.150313152400855,
              33.628392484342385
            ],
            [
              13.77453027139876,
              32.375782881002095
            ],
            [
              13.649269311064728,
              31.4989561586639
            ],
            [
              13.524008350730696,
              32.50104384133613
            ],
            [
              13.524008350730696,
              34.12943632567851
            ],
            [
              13.524008350730696,
              36.258872651356995
            ],
            [
              13.524008350730696,
              38.38830897703551
            ],
            [
              13.524008350730696,
              39.76617954070983
            ],
            [
              13.524008350730696,
              40.26722338204593
            ],
            [
              13.524008350730696,
              38.889352818371606
            ],
            [
              13.022964509394598,
              37.010438413361186
            ],
            [
              12.52192066805847,
              34.75574112734864
            ],
            [
              12.020876826722343,
              33.12734864300626
            ],
            [
              11.895615866388312,
              32.62630480167016
            ],
            [
              11.895615866388312,
              33.75365344467642
            ],
            [
              12.146137787056375,
              37.38622129436325
            ],
            [
              12.146137787056375,
              40.01670146137786
            ],
            [
              12.271398747390407,
              42.02087682672234
            ],
            [
              12.396659707724439,
              43.1482254697286
            ],
            [
              12.52192066805847,
              43.77453027139876
            ],
            [
              12.647181628392502,
              42.27139874739041
            ],
            [
              12.897703549060566,
              38.63883089770354
            ],
            [
              12.897703549060566,
              36.258872651356995
            ],
            [
              12.772442588726534,
              34.881002087682674
            ],
            [
              12.772442588726534,
              33.75365344467642
            ],
            [
              12.772442588726534,
              35.7578288100209
            ],
            [
              12.772442588726534,
              40.51774530271399
            ],
            [
              12.897703549060566,
              43.398747390396665
            ],
            [
              12.897703549060566,
              45.52818371607515
            ],
            [
              12.897703549060566,
              46.655532359081434
            ],
            [
              12.897703549060566,
              47.15657620041753
            ],
            [
              12.897703549060566,
              43.27348643006263
            ],
            [
              12.897703549060566,
              41.519832985386216
            ],
            [
              12.897703549060566,
              40.26722338204593
            ],
            [
              12.897703549060566,
              42.89770354906054
            ],
            [
              13.398747390396665,
              46.90605427974947
            ],
            [
              13.77453027139876,
              51.41544885177453
            ],
            [
              14.150313152400855,
              57.30271398747391
            ],
            [
              14.400835073068919,
              59.93319415448852
            ]
          ],
          [
            [
              13.524008350730696,
              48.15866388308979
            ],
            [
              13.398747390396665,
              48.659707724425886
            ],
            [
              13.273486430062633,
              49.53653444676411
            ],
            [
              13.148225469728601,
              51.03966597077246
            ],
            [
              13.022964509394598,
              52.16701461377872
            ],
            [
              13.022964509394598,
              52.79331941544885
            ],
            [
              12.897703549060566,
              50.7891440501044
            ],
            [
              12.647181628392502,
              47.78288100208769
            ],
            [
              12.271398747390407,
              45.02713987473905
            ],
            [
              12.020876826722343,
              43.02296450939457
            ],
            [
              12.020876826722343,
              42.146137787056375
            ],
            [
              12.146137787056375,
              42.52192066805847
            ],
            [
              12.396659707724439,
              44.90187891440502
            ],
            [
              12.772442588726534,
              48.91022964509395
            ],
            [
              13.148225469728601,
              53.169102296450944
            ],
            [
              13.148225469728601,
              54.79749478079333
            ],
            [
              13.148225469728601,
              55.42379958246346
            ],
            [
              13.148225469728601,
              54.421711899791234
            ],
            [
              13.148225469728601,
              51.290187891440496
            ],
            [
              13.148225469728601,
              48.28392484342382
            ],
            [
              13.148225469728601,
              45.65344467640918
            ],
            [
              13.148225469728601,
              42.89770354906054
            ],
            [
              13.148225469728601,
              45.15240083507308
            ],
            [
              13.148225469728601,
              49.66179540709814
            ],
            [
              13.273486430062633,
              53.41962421711901
            ],
            [
              13.649269311064728,
              55.54906054279749
            ],
            [
              13.649269311064728,
              56.17536534446765
            ],
            [
              13.899791231732792,
              54.79749478079333
            ],
            [
              14.025052192066823,
              53.04384133611691
            ],
            [
              14.025052192066823,
              51.16492693110649
            ],
            [
              14.025052192066823,
              49.16075156576201
            ],
            [
              14.025052192066823,
              47.53235908141963
            ],
            [
              14.025052192066823,
              46.5302713987474
            ],
            [
              14.025052192066823,
              47.78288100208769
            ],
            [
              14.025052192066823,
              50.7891440501044
            ],
            [
              14.025052192066823,
              53.294363256784976
            ],
            [
              14.025052192066823,
              54.421711899791234
            ],
            [
              13.899791231732792,
              54.79749478079333
            ],
            [
              13.77453027139876,
              53.169102296450944
            ],
            [
              13.524008350730696,
              50.91440501043843
            ],
            [
              13.022964509394598,
              48.78496868475992
            ],
            [
              12.897703549060566,
              47.281837160751564
            ],
            [
              12.52192066805847,
              50.663883089770366
            ],
            [
              12.271398747390407,
              53.7954070981211
            ],
            [
              11.895615866388312,
              56.551148225469746
            ],
            [
              11.895615866388312,
              57.678496868476
            ],
            [
              11.895615866388312,
              56.551148225469746
            ],
            [
              11.895615866388312,
              54.17118997912317
            ],
            [
              11.895615866388312,
              51.16492693110649
            ],
            [
              11.895615866388312,
              49.03549060542798
            ],
            [
              11.895615866388312,
              47.281837160751564
            ],
            [
              11.895615866388312,
              46.5302713987474
            ],
            [
              11.895615866388312,
              47.407098121085596
            ],
            [
              11.895615866388312,
              50.16283924843424
            ],
            [
              12.146137787056375,
              52.542797494780785
            ],
            [
              12.396659707724439,
              54.2964509394572
            ],
            [
              12.647181628392502,
              54.6722338204593
            ],
            [
              12.647181628392502,
              54.04592901878914
            ],
            [
              12.647181628392502,
              51.916492693110655
            ],
            [
              12.647181628392502,
              48.91022964509395
            ],
            [
              12.647181628392502,
              46.15448851774531
            ],
            [
              12.647181628392502,
              43.89979123173279
            ],
            [
              12.52192066805847,
              42.89770354906054
            ],
            [
              12.52192066805847,
              43.398747390396665
            ],
            [
              12.52192066805847,
              45.77870563674321
            ],
            [
              12.52192066805847,
              48.78496868475992
            ],
            [
              12.52192066805847,
              51.16492693110649
            ],
            [
              12.52192066805847,
              52.79331941544885
            ],
            [
              12.52192066805847,
              53.67014613778707
            ],
            [
              12.52192066805847,
              54.17118997912317
            ],
            [
              12.271398747390407,
              52.16701461377872
            ],
            [
              12.271398747390407,
              49.16075156576201
            ],
            [
              12.271398747390407,
              46.029227557411275
            ],
            [
              12.271398747390407,
              44.02505219206682
            ],
            [
              12.271398747390407,
              42.772442588726506
            ],
            [
              12.396659707724439,
              43.524008350730696
            ],
            [
              12.647181628392502,
              46.90605427974947
            ],
            [
              13.398747390396665,
              51.66597077244259
            ],
            [
              13.649269311064728,
              55.92484342379959
            ],
            [
              13.649269311064728,
              56.67640918580378
            ],
            [
              13.649269311064728,
              55.67432150313152
            ],
            [
              13.398747390396665,
              51.916492693110655
            ],
            [
              13.022964509394598,
              49.286012526096044
            ],
            [
              12.647181628392502,
              47.0313152400835
            ],
            [
              12.271398747390407,
              44.776617954070986
            ],
            [
              12.020876826722343,
              43.27348643006263
            ],
            [
              12.020876826722343,
              42.52192066805847
            ],
            [
              11.895615866388312,
              42.89770354906054
            ],
            [
              11.895615866388312,
              44.15031315240083
            ],
            [
              11.895615866388312,
              46.029227557411275
            ],
            [
              11.895615866388312,
              47.78288100208769
            ],
            [
              11.895615866388312,
              49.16075156576201
            ],
            [
              11.895615866388312,
              49.78705636743214
            ],
            [
              12.146137787056375,
              48.534446764091854
            ],
            [
              12.146137787056375,
              46.5302713987474
            ],
            [
              12.146137787056375,
              44.651356993736954
            ],
            [
              12.020876826722343,
              43.27348643006263
            ],
            [
              12.020876826722343,
              45.77870563674321
            ],
            [
              12.52192066805847,
              48.28392484342382
            ],
            [
              12.772442588726534,
              50.663883089770366
            ],
            [
              12.897703549060566,
              51.79123173277662
            ],
            [
              13.148225469728601,
              52.41753653444678
            ],
            [
              13.273486430062633,
              51.916492693110655
            ],
            [
              13.524008350730696,
              48.91022964509395
            ],
            [
              13.899791231732792,
              45.77870563674321
            ],
            [
              13.899791231732792,
              42.146137787056375
            ],
            [
              13.649269311064728,
              40.39248434237996
            ],
            [
              13.524008350730696,
              39.2651356993737
            ],
            [
              13.148225469728601,
              40.51774530271399
            ],
            [
              13.148225469728601,
              42.52192066805847
            ],
            [
              13.148225469728601,
              44.52609603340292
            ],
            [
              13.148225469728601,
              46.780793319415466
            ],
            [
              13.148225469728601,
              48.40918580375782
            ],
            [
              13.148225469728601,
              49.16075156576201
            ],
            [
              13.148225469728601,
              48.659707724425886
            ],
            [
              13.022964509394598,
              45.52818371607515
            ],
            [
              12.647181628392502,
              43.27348643006263
            ],
            [
              12.396659707724439,
              41.519832985386216
            ],
            [
              12.396659707724439,
              40.64300626304802
            ]
          ],
          [
            [
              7.88726513569938,
              42.6471816283925
            ],
            [
              9.265135699373701,
              43.398747390396665
            ],
            [
              10.893528183716086,
              44.15031315240083
            ],
            [
              12.271398747390407,
              44.52609603340292
            ],
            [
              12.897703549060566,
              44.651356993736954
            ],
            [
              12.396659707724439,
              44.40083507306889
            ],
            [
              11.519832985386245,
              43.77453027139876
            ],
            [
              10.392484342379959,
              43.398747390396665
            ],
            [
              9.515657620041765,
              42.6471816283925
            ],
            [
              8.137787056367443,
              42.6471816283925
            ],
            [
              6.759916492693122,
              42.6471816283925
            ],
            [
              6.00835073068896,
              42.89770354906054
            ],
            [
              5.256784968684769,
              43.02296450939457
            ],
            [
              5.883089770354928,
              43.398747390396665
            ],
            [
              6.759916492693122,
              43.398747390396665
            ],
            [
              7.511482254697285,
              43.77453027139876
            ],
            [
              7.010438413361186,
              43.89979123173279
            ],
            [
              6.00835073068896,
              43.77453027139876
            ],
            [
              4.630480167014639,
              43.524008350730696
            ],
            [
              3.503131524008353,
              43.27348643006263
            ],
            [
              5.006263048016706,
              43.398747390396665
            ],
            [
              6.133611691022963,
              43.64926931106473
            ],
            [
              7.511482254697285,
              43.77453027139876
            ],
            [
              8.012526096033412,
              43.89979123173279
            ],
            [
              7.511482254697285,
              43.89979123173279
            ],
            [
              6.759916492693122,
              43.77453027139876
            ],
            [
              4.630480167014639,
              43.524008350730696
            ],
            [
              3.6283924843423847,
              43.398747390396665
            ],
            [
              2.8768267223382225,
              43.27348643006263
            ],
            [
              2.501043841336127,
              43.398747390396665
            ],
            [
              3.377870563674321,
              44.15031315240083
            ],
            [
              4.755741127348642,
              44.651356993736954
            ],
            [
              6.509394572025059,
              45.02713987473905
            ],
            [
              8.889352818371606,
              45.02713987473905
            ],
            [
              9.515657620041765,
              45.02713987473905
            ],
            [
              9.13987473903967,
              44.651356993736954
            ],
            [
              8.137787056367443,
              44.40083507306889
            ],
            [
              6.759916492693122,
              44.15031315240083
            ],
            [
              4.881002087682674,
              44.15031315240083
            ],
            [
              3.0020876826722542,
              44.15031315240083
            ],
            [
              2.2505219206680636,
              44.15031315240083
            ],
            [
              2.8768267223382225,
              44.651356993736954
            ],
            [
              3.7536534446764165,
              45.02713987473905
            ],
            [
              4.254697286012544,
              45.27766179540711
            ],
            [
              4.755741127348642,
              45.27766179540711
            ],
            [
              4.505219206680607,
              44.776617954070986
            ],
            [
              3.6283924843423847,
              44.15031315240083
            ],
            [
              2.501043841336127,
              43.64926931106473
            ]
          ],
          [
            [
              8.263048016701475,
              44.90187891440502
            ],
            [
              9.390396659707733,
              44.90187891440502
            ],
            [
              10.893528183716086,
              44.90187891440502
            ],
            [
              11.645093945720276,
              44.90187891440502
            ],
            [
              10.392484342379959,
              44.90187891440502
            ],
            [
              9.014613778705638,
              45.15240083507308
            ],
            [
              6.509394572025059,
              45.27766179540711
            ],
            [
              5.131524008350738,
              45.27766179540711
            ],
            [
              4.630480167014639,
              45.27766179540711
            ],
            [
              5.382045929018801,
              45.27766179540711
            ],
            [
              6.509394572025059,
              45.27766179540711
            ],
            [
              8.513569937369539,
              45.27766179540711
            ],
            [
              10.392484342379959,
              45.27766179540711
            ],
            [
              11.895615866388312,
              45.27766179540711
            ],
            [
              12.647181628392502,
              45.27766179540711
            ],
            [
              12.146137787056375,
              45.27766179540711
            ],
            [
              11.14405010438415,
              45.27766179540711
            ],
            [
              8.889352818371606,
              45.15240083507308
            ],
            [
              8.012526096033412,
              44.90187891440502
            ],
            [
              6.258872651356995,
              44.651356993736954
            ],
            [
              5.7578288100208965,
              44.651356993736954
            ],
            [
              6.509394572025059,
              44.776617954070986
            ],
            [
              8.137787056367443,
              45.02713987473905
            ],
            [
              10.392484342379959,
              45.27766179540711
            ],
            [
              14.025052192066823,
              45.65344467640918
            ],
            [
              15.903966597077272,
              45.65344467640918
            ],
            [
              16.530271398747402,
              45.65344467640918
            ],
            [
              15.528183716075176,
              45.65344467640918
            ],
            [
              13.649269311064728,
              45.65344467640918
            ],
            [
              12.271398747390407,
              45.65344467640918
            ],
            [
              10.768267223382054,
              45.77870563674321
            ],
            [
              9.265135699373701,
              45.77870563674321
            ],
            [
              7.88726513569938,
              45.77870563674321
            ],
            [
              7.135699373695218,
              45.77870563674321
            ],
            [
              8.513569937369539,
              45.90396659707724
            ],
            [
              10.016701461377892,
              46.029227557411275
            ],
            [
              11.519832985386245,
              46.029227557411275
            ],
            [
              13.148225469728601,
              46.029227557411275
            ],
            [
              12.52192066805847,
              45.77870563674321
            ],
            [
              11.394572025052213,
              45.402922755741145
            ],
            [
              9.89144050104386,
              45.402922755741145
            ],
            [
              8.137787056367443,
              45.15240083507308
            ],
            [
              6.634655532359091,
              45.02713987473905
            ],
            [
              5.507306889352833,
              44.776617954070986
            ],
            [
              4.755741127348642,
              44.776617954070986
            ],
            [
              5.632567849686865,
              44.90187891440502
            ],
            [
              7.511482254697285,
              45.15240083507308
            ],
            [
              9.640918580375796,
              45.402922755741145
            ],
            [
              11.895615866388312,
              45.52818371607515
            ],
            [
              13.398747390396665,
              45.52818371607515
            ],
            [
              13.899791231732792,
              45.52818371607515
            ],
            [
              12.897703549060566,
              45.52818371607515
            ],
            [
              10.267223382045927,
              45.402922755741145
            ],
            [
              7.636743215031316,
              45.402922755741145
            ],
            [
              5.883089770354928,
              45.02713987473905
            ],
            [
              5.256784968684769,
              45.02713987473905
            ],
            [
              6.509394572025059,
              45.77870563674321
            ],
            [
              8.012526096033412,
              46.029227557411275
            ],
            [
              9.265135699373701,
              46.27974947807934
            ],
            [
              10.643006263048022,
              46.40501043841337
            ],
            [
              11.519832985386245,
              46.40501043841337
            ],
            [
              11.895615866388312,
              46.5302713987474
            ],
            [
              9.640918580375796,
              46.15448851774531
            ],
            [
              8.263048016701475,
              45.77870563674321
            ],
            [
              7.2609603340292495,
              45.52818371607515
            ],
            [
              6.885177453027154,
              45.27766179540711
            ],
            [
              8.513569937369539,
              45.02713987473905
            ],
            [
              9.89144050104386,
              45.02713987473905
            ],
            [
              10.643006263048022,
              45.02713987473905
            ],
            [
              9.265135699373701,
              44.90187891440502
            ],
            [
              8.012526096033412,
              44.90187891440502
            ],
            [
              5.7578288100208965,
              45.15240083507308
            ],
            [
              4.755741127348642,
              45.402922755741145
            ],
            [
              4.254697286012544,
              45.52818371607515
            ],
            [
              5.632567849686865,
              46.029227557411275
            ],
            [
              6.885177453027154,
              46.029227557411275
            ],
            [
              8.263048016701475,
              46.029227557411275
            ],
            [
              9.89144050104386,
              46.029227557411275
            ],
            [
              11.394572025052213,
              45.65344467640918
            ],
            [
              11.77035490605428,
              45.402922755741145
            ],
            [
              11.018789144050118,
              44.90187891440502
            ],
            [
              10.392484342379959,
              44.776617954070986
            ],
            [
              8.263048016701475,
              44.52609603340292
            ],
            [
              6.509394572025059,
              44.40083507306889
            ],
            [
              4.254697286012544,
              44.52609603340292
            ],
            [
              3.0020876826722542,
              44.776617954070986
            ],
            [
              2.3757828810020953,
              44.90187891440502
            ],
            [
              2.8768267223382225,
              45.402922755741145
            ],
            [
              3.503131524008353,
              45.52818371607515
            ],
            [
              5.883089770354928,
              46.029227557411275
            ],
            [
              8.012526096033412,
              46.15448851774531
            ],
            [
              9.640918580375796,
              46.40501043841337
            ],
            [
              10.768267223382054,
              46.40501043841337
            ],
            [
              10.392484342379959,
              45.77870563674321
            ],
            [
              9.640918580375796,
              45.15240083507308
            ],
            [
              8.137787056367443,
              44.651356993736954
            ],
            [
              5.507306889352833,
              44.02505219206682
            ],
            [
              2.8768267223382225,
              43.1482254697286
            ],
            [
              2.501043841336127,
              43.02296450939457
            ],
            [
              3.377870563674321,
              43.27348643006263
            ],
            [
              5.507306889352833,
              43.524008350730696
            ],
            [
              8.263048016701475,
              43.77453027139876
            ],
            [
              10.267223382045927,
              43.77453027139876
            ],
            [
              12.271398747390407,
              43.77453027139876
            ],
            [
              13.148225469728601,
              43.64926931106473
            ],
            [
              12.146137787056375,
              43.398747390396665
            ],
            [
              10.768267223382054,
              43.27348643006263
            ],
            [
              9.640918580375796,
              43.27348643006263
            ],
            [
              9.13987473903967,
              43.27348643006263
            ],
            [
              9.515657620041765,
              43.398747390396665
            ],
            [
              10.768267223382054,
              43.398747390396665
            ],
            [
              13.398747390396665,
              43.398747390396665
            ],
            [
              16.154488517745307,
              43.1482254697286
            ],
            [
              18.033402922755755,
              42.772442588726506
            ],
            [
              18.659707724425914,
              42.52192066805847
            ],
            [
              18.033402922755755,
              42.02087682672234
            ],
            [
              15.77870563674324,
              42.02087682672234
            ],
            [
              12.647181628392502,
              42.02087682672234
            ],
            [
              9.13987473903967,
              42.02087682672234
            ],
            [
              8.012526096033412,
              42.02087682672234
            ],
            [
              8.63883089770357,
              42.39665970772444
            ],
            [
              10.51774530271399,
              42.772442588726506
            ],
            [
              13.524008350730696,
              43.02296450939457
            ],
            [
              16.655532359081434,
              43.02296450939457
            ],
            [
              19.286012526096044,
              43.02296450939457
            ],
            [
              20.91440501043843,
              42.6471816283925
            ],
            [
              21.415448851774556,
              42.52192066805847
            ],
            [
              21.164926931106493,
              42.146137787056375
            ],
            [
              19.78705636743217,
              42.02087682672234
            ],
            [
              17.15657620041756,
              42.02087682672234
            ],
            [
              13.77453027139876,
              42.27139874739041
            ],
            [
              9.014613778705638,
              43.1482254697286
            ],
            [
              4.881002087682674,
              43.398747390396665
            ],
            [
              2.626304801670159,
              43.77453027139876
            ],
            [
              2.125260960334032,
              44.02505219206682
            ],
            [
              2.626304801670159,
              44.52609603340292
            ],
            [
              4.505219206680607,
              44.90187891440502
            ],
            [
              7.135699373695218,
              44.90187891440502
            ],
            [
              10.392484342379959,
              44.90187891440502
            ],
            [
              13.899791231732792,
              44.651356993736954
            ],
            [
              16.906054279749497,
              44.02505219206682
            ],
            [
              18.784968684759917,
              43.398747390396665
            ],
            [
              19.286012526096044,
              43.1482254697286
            ],
            [
              18.784968684759917,
              42.772442588726506
            ],
            [
              16.029227557411275,
              42.52192066805847
            ],
            [
              13.649269311064728,
              42.02087682672234
            ],
            [
              10.893528183716086,
              41.89561586638831
            ],
            [
              9.014613778705638,
              41.64509394572025
            ],
            [
              8.263048016701475,
              41.64509394572025
            ],
            [
              9.014613778705638,
              41.89561586638831
            ],
            [
              10.893528183716086,
              42.52192066805847
            ],
            [
              13.398747390396665,
              42.772442588726506
            ],
            [
              18.40918580375785,
              43.02296450939457
            ],
            [
              21.03966597077246,
              42.89770354906054
            ],
            [
              22.668058455114846,
              42.52192066805847
            ],
            [
              23.043841336116913,
              42.39665970772444
            ],
            [
              22.542797494780814,
              42.39665970772444
            ],
            [
              21.164926931106493,
              42.772442588726506
            ],
            [
              19.78705636743217,
              42.772442588726506
            ],
            [
              19.160751565762013,
              42.772442588726506
            ],
            [
              20.538622129436334,
              42.772442588726506
            ],
            [
              22.29227557411275,
              42.52192066805847
            ],
            [
              23.043841336116913,
              42.27139874739041
            ],
            [
              22.668058455114846,
              42.146137787056375
            ],
            [
              21.290187891440524,
              41.89561586638831
            ],
            [
              19.78705636743217,
              41.89561586638831
            ],
            [
              16.655532359081434,
              42.39665970772444
            ],
            [
              15.653444676409208,
              42.6471816283925
            ],
            [
              15.903966597077272,
              43.1482254697286
            ],
            [
              16.530271398747402,
              43.398747390396665
            ],
            [
              17.65762004175366,
              43.77453027139876
            ],
            [
              19.160751565762013,
              44.27557411273486
            ],
            [
              20.91440501043843,
              44.651356993736954
            ],
            [
              21.415448851774556,
              44.651356993736954
            ],
            [
              20.663883089770366,
              44.40083507306889
            ],
            [
              19.912317327766203,
              43.77453027139876
            ],
            [
              20.28810020876827,
              43.64926931106473
            ],
            [
              22.29227557411275,
              43.89979123173279
            ],
            [
              24.672233820459297,
              43.89979123173279
            ],
            [
              26.17536534446765,
              43.89979123173279
            ],
            [
              26.551148225469746,
              43.77453027139876
            ],
            [
              25.799582463465555,
              43.27348643006263
            ],
            [
              24.546972860125265,
              42.772442588726506
            ],
            [
              23.043841336116913,
              42.52192066805847
            ],
            [
              21.791231732776623,
              42.52192066805847
            ],
            [
              20.663883089770366,
              42.27139874739041
            ],
            [
              21.66597077244259,
              42.89770354906054
            ],
            [
              23.043841336116913,
              43.398747390396665
            ],
            [
              25.173277661795424,
              43.89979123173279
            ],
            [
              26.17536534446765,
              43.89979123173279
            ],
            [
              26.676409185803777,
              43.89979123173279
            ],
            [
              26.05010438413362,
              43.524008350730696
            ],
            [
              25.54906054279752,
              43.27348643006263
            ],
            [
              24.92275574112736,
              43.02296450939457
            ],
            [
              24.1711899791232,
              42.772442588726506
            ],
            [
              23.67014613778707,
              42.772442588726506
            ],
            [
              24.672233820459297,
              43.398747390396665
            ],
            [
              25.173277661795424,
              43.64926931106473
            ],
            [
              24.1711899791232,
              43.27348643006263
            ],
            [
              23.043841336116913,
              43.02296450939457
            ],
            [
              21.791231732776623,
              42.6471816283925
            ],
            [
              20.663883089770366,
              42.6471816283925
            ],
            [
              20.037578288100235,
              42.6471816283925
            ],
            [
              20.789144050104397,
              43.27348643006263
            ],
            [
              22.16701461377872,
              43.89979123173279
            ],
            [
              23.795407098121103,
              44.27557411273486
            ],
            [
              24.79749478079333,
              44.27557411273486
            ],
            [
              24.1711899791232,
              43.89979123173279
            ],
            [
              23.043841336116913,
              43.398747390396665
            ],
            [
              21.03966597077246,
              42.89770354906054
            ],
            [
              19.286012526096044,
              42.772442588726506
            ],
            [
              17.65762004175366,
              42.6471816283925
            ],
            [
              17.15657620041756,
              42.772442588726506
            ],
            [
              16.906054279749497,
              43.1482254697286
            ],
            [
              17.03131524008353,
              43.77453027139876
            ],
            [
              17.908141962421723,
              44.40083507306889
            ],
            [
              19.411273486430076,
              45.02713987473905
            ],
            [
              20.538622129436334,
              45.27766179540711
            ],
            [
              21.415448851774556,
              45.27766179540711
            ],
            [
              20.789144050104397,
              44.776617954070986
            ],
            [
              20.16283924843424,
              44.27557411273486
            ],
            [
              21.290187891440524,
              44.40083507306889
            ],
            [
              23.67014613778707,
              44.651356993736954
            ],
            [
              25.799582463465555,
              44.651356993736954
            ],
            [
              24.045929018789167,
              44.27557411273486
            ],
            [
              22.417536534446782,
              43.89979123173279
            ],
            [
              20.413361169102302,
              43.89979123173279
            ],
            [
              18.534446764091882,
              44.02505219206682
            ],
            [
              17.65762004175366,
              44.40083507306889
            ],
            [
              17.281837160751593,
              44.52609603340292
            ],
            [
              17.65762004175366,
              44.651356993736954
            ],
            [
              18.534446764091882,
              45.27766179540711
            ],
            [
              19.536534446764108,
              45.52818371607515
            ],
            [
              18.28392484342382,
              44.90187891440502
            ],
            [
              15.903966597077272,
              44.15031315240083
            ],
            [
              14.400835073068919,
              43.77453027139876
            ],
            [
              14.025052192066823,
              43.89979123173279
            ],
            [
              15.402922755741145,
              44.776617954070986
            ],
            [
              16.906054279749497,
              45.402922755741145
            ],
            [
              17.78288100208769,
              45.65344467640918
            ],
            [
              17.407098121085596,
              45.52818371607515
            ],
            [
              16.530271398747402,
              45.02713987473905
            ],
            [
              15.528183716075176,
              44.52609603340292
            ],
            [
              14.901878914405017,
              44.15031315240083
            ],
            [
              18.40918580375785,
              44.651356993736954
            ],
            [
              19.66179540709814,
              44.651356993736954
            ],
            [
              20.16283924843424,
              44.651356993736954
            ],
            [
              19.78705636743217,
              44.40083507306889
            ],
            [
              19.286012526096044,
              44.15031315240083
            ],
            [
              18.534446764091882,
              44.02505219206682
            ],
            [
              17.15657620041756,
              43.89979123173279
            ],
            [
              16.40501043841337,
              43.89979123173279
            ],
            [
              18.033402922755755,
              44.52609603340292
            ],
            [
              20.16283924843424,
              44.90187891440502
            ],
            [
              21.415448851774556,
              44.90187891440502
            ],
            [
              20.037578288100235,
              44.15031315240083
            ],
            [
              18.659707724425914,
              43.89979123173279
            ],
            [
              17.908141962421723,
              43.89979123173279
            ],
            [
              18.40918580375785,
              44.15031315240083
            ],
            [
              19.536534446764108,
              44.52609603340292
            ],
            [
              20.413361169102302,
              44.52609603340292
            ],
            [
              19.411273486430076,
              44.40083507306889
            ],
            [
              17.03131524008353,
              44.15031315240083
            ],
            [
              14.52609603340295,
              44.15031315240083
            ],
            [
              13.022964509394598,
              44.15031315240083
            ],
            [
              12.647181628392502,
              44.27557411273486
            ],
            [
              12.897703549060566,
              44.776617954070986
            ],
            [
              13.77453027139876,
              44.776617954070986
            ],
            [
              15.02713987473905,
              44.776617954070986
            ],
            [
              15.77870563674324,
              44.776617954070986
            ],
            [
              16.906054279749497,
              44.776617954070986
            ],
            [
              17.532359081419628,
              44.776617954070986
            ],
            [
              14.776617954070986,
              44.651356993736954
            ],
            [
              13.398747390396665,
              44.52609603340292
            ],
            [
              14.400835073068919,
              45.02713987473905
            ],
            [
              16.27974947807934,
              45.27766179540711
            ],
            [
              18.158663883089787,
              45.52818371607515
            ],
            [
              19.536534446764108,
              45.52818371607515
            ],
            [
              20.413361169102302,
              45.52818371607515
            ],
            [
              21.03966597077246,
              45.402922755741145
            ],
            [
              21.415448851774556,
              45.77870563674321
            ],
            [
              21.791231732776623,
              46.029227557411275
            ],
            [
              21.791231732776623,
              45.52818371607515
            ],
            [
              21.791231732776623,
              45.02713987473905
            ],
            [
              22.16701461377872,
              46.029227557411275
            ],
            [
              22.29227557411275,
              46.40501043841337
            ],
            [
              22.29227557411275,
              45.52818371607515
            ],
            [
              22.16701461377872,
              45.15240083507308
            ],
            [
              22.29227557411275,
              45.52818371607515
            ],
            [
              22.668058455114846,
              46.27974947807934
            ],
            [
              23.043841336116913,
              46.655532359081434
            ],
            [
              23.169102296450944,
              45.65344467640918
            ],
            [
              23.294363256784976,
              44.776617954070986
            ],
            [
              23.419624217119008,
              44.27557411273486
            ],
            [
              23.795407098121103,
              44.776617954070986
            ],
            [
              23.795407098121103,
              45.27766179540711
            ],
            [
              23.795407098121103,
              44.776617954070986
            ],
            [
              23.920668058455135,
              45.27766179540711
            ],
            [
              24.045929018789167,
              46.029227557411275
            ],
            [
              24.1711899791232,
              46.780793319415466
            ],
            [
              23.54488517745304,
              45.65344467640918
            ],
            [
              23.169102296450944,
              44.90187891440502
            ],
            [
              23.169102296450944,
              44.40083507306889
            ],
            [
              23.169102296450944,
              45.15240083507308
            ],
            [
              23.169102296450944,
              44.15031315240083
            ],
            [
              23.169102296450944,
              45.402922755741145
            ],
            [
              23.169102296450944,
              45.90396659707724
            ],
            [
              23.54488517745304,
              45.77870563674321
            ],
            [
              23.419624217119008,
              45.402922755741145
            ],
            [
              23.67014613778707,
              46.15448851774531
            ],
            [
              23.169102296450944,
              46.15448851774531
            ],
            [
              22.668058455114846,
              46.15448851774531
            ],
            [
              22.16701461377872,
              46.029227557411275
            ],
            [
              21.54070981210856,
              45.77870563674321
            ],
            [
              21.66597077244259,
              46.15448851774531
            ],
            [
              20.91440501043843,
              45.52818371607515
            ],
            [
              19.912317327766203,
              45.02713987473905
            ],
            [
              19.286012526096044,
              45.02713987473905
            ],
            [
              20.663883089770366,
              45.52818371607515
            ],
            [
              21.791231732776623,
              45.90396659707724
            ],
            [
              21.164926931106493,
              45.402922755741145
            ],
            [
              20.28810020876827,
              44.776617954070986
            ],
            [
              19.411273486430076,
              44.52609603340292
            ],
            [
              18.784968684759917,
              44.27557411273486
            ],
            [
              18.91022964509395,
              44.776617954070986
            ],
            [
              19.286012526096044,
              45.27766179540711
            ],
            [
              20.538622129436334,
              45.77870563674321
            ],
            [
              21.916492693110655,
              46.15448851774531
            ],
            [
              22.668058455114846,
              46.27974947807934
            ],
            [
              22.16701461377872,
              46.029227557411275
            ],
            [
              21.03966597077246,
              45.65344467640918
            ],
            [
              19.66179540709814,
              45.402922755741145
            ],
            [
              18.28392484342382,
              45.27766179540711
            ],
            [
              17.78288100208769,
              45.15240083507308
            ],
            [
              18.033402922755755,
              45.52818371607515
            ],
            [
              19.286012526096044,
              46.029227557411275
            ],
            [
              20.91440501043843,
              46.40501043841337
            ],
            [
              22.29227557411275,
              46.40501043841337
            ],
            [
              24.045929018789167,
              46.40501043841337
            ],
            [
              24.421711899791234,
              46.27974947807934
            ],
            [
              24.296450939457202,
              45.77870563674321
            ],
            [
              23.67014613778707,
              45.402922755741145
            ],
            [
              23.294363256784976,
              45.27766179540711
            ],
            [
              22.793319415448877,
              45.27766179540711
            ],
            [
              21.290187891440524,
              45.27766179540711
            ],
            [
              20.037578288100235,
              45.27766179540711
            ],
            [
              21.415448851774556,
              45.90396659707724
            ],
            [
              22.793319415448877,
              46.15448851774531
            ],
            [
              23.419624217119008,
              46.15448851774531
            ],
            [
              22.542797494780814,
              45.52818371607515
            ],
            [
              21.791231732776623,
              44.90187891440502
            ],
            [
              21.03966597077246,
              44.52609603340292
            ],
            [
              20.538622129436334,
              44.40083507306889
            ],
            [
              21.164926931106493,
              44.52609603340292
            ],
            [
              22.417536534446782,
              44.651356993736954
            ],
            [
              22.91858037578288,
              44.651356993736954
            ],
            [
              22.417536534446782,
              44.27557411273486
            ],
            [
              21.54070981210856,
              43.89979123173279
            ],
            [
              20.91440501043843,
              43.64926931106473
            ],
            [
              21.916492693110655,
              44.27557411273486
            ],
            [
              22.793319415448877,
              44.52609603340292
            ],
            [
              21.791231732776623,
              43.89979123173279
            ],
            [
              21.290187891440524,
              43.64926931106473
            ],
            [
              21.791231732776623,
              43.89979123173279
            ],
            [
              22.29227557411275,
              44.02505219206682
            ]
          ],
          [
            [
              23.920668058455135,
              55.54906054279749
            ],
            [
              25.048016701461393,
              55.54906054279749
            ],
            [
              26.17536534446765,
              55.54906054279749
            ],
            [
              27.803757828810035,
              55.54906054279749
            ],
            [
              28.555323590814197,
              55.54906054279749
            ],
            [
              29.55741127348645,
              55.54906054279749
            ],
            [
              30.68475991649271,
              55.173277661795424
            ],
            [
              31.937369519833,
              54.92275574112736
            ],
            [
              33.56576200417538,
              54.79749478079333
            ],
            [
              35.94572025052193,
              54.546972860125265
            ],
            [
              37.69937369519835,
              54.2964509394572
            ],
            [
              39.32776617954073,
              54.2964509394572
            ],
            [
              41.20668058455115,
              54.04592901878914
            ],
            [
              42.835073068893536,
              53.7954070981211
            ],
            [
              44.46346555323592,
              53.7954070981211
            ],
            [
              45.340292275574114,
              53.67014613778707
            ],
            [
              45.96659707724427,
              53.54488517745304
            ],
            [
              46.592901878914404,
              53.54488517745304
            ],
            [
              47.59498956158666,
              53.54488517745304
            ],
            [
              48.59707724425891,
              53.54488517745304
            ],
            [
              50.22546972860124,
              53.54488517745304
            ],
            [
              51.853862212943625,
              53.67014613778707
            ],
            [
              53.356993736952006,
              53.920668058455135
            ],
            [
              54.86012526096033,
              53.7954070981211
            ],
            [
              57.114822546972846,
              53.41962421711901
            ],
            [
              59.118997912317354,
              53.169102296450944
            ],
            [
              61.874739039666,
              52.542797494780785
            ]
          ],
          [
            [
              23.795407098121103,
              49.53653444676411
            ],
            [
              24.672233820459297,
              49.286012526096044
            ],
            [
              25.54906054279752,
              49.16075156576201
            ],
            [
              26.551148225469746,
              49.03549060542798
            ],
            [
              28.17954070981213,
              48.78496868475992
            ],
            [
              30.05845511482255,
              48.659707724425886
            ],
            [
              32.06263048016703,
              48.28392484342382
            ],
            [
              34.56784968684761,
              48.033402922755755
            ],
            [
              38.70146137787057,
              47.53235908141963
            ],
            [
              41.582463465553246,
              47.0313152400835
            ],
            [
              43.71189979123176,
              46.780793319415466
            ],
            [
              46.21711899791234,
              46.5302713987474
            ],
            [
              48.34655532359085,
              46.27974947807934
            ],
            [
              49.84968684759917,
              46.15448851774531
            ],
            [
              51.60334029227556,
              45.90396659707724
            ],
            [
              52.98121085594994,
              45.65344467640918
            ],
            [
              54.86012526096033,
              45.52818371607515
            ],
            [
              56.488517745302715,
              45.52818371607515
            ],
            [
              57.86638830897704,
              45.52818371607515
            ],
            [
              59.49478079331942,
              45.52818371607515
            ],
            [
              60.74739039665974,
              45.52818371607515
            ],
            [
              61.62421711899793,
              45.65344467640918
            ]
          ],
          [
            [
              26.551148225469746,
              43.89979123173279
            ],
            [
              27.302713987473908,
              43.64926931106473
            ],
            [
              28.430062630480165,
              43.524008350730696
            ],
            [
              29.807933194154487,
              43.524008350730696
            ],
            [
              33.064718162839256,
              43.524008350730696
            ],
            [
              36.07098121085596,
              43.27348643006263
            ],
            [
              39.07724425887267,
              42.89770354906054
            ],
            [
              42.45929018789144,
              42.52192066805847
            ],
            [
              44.839248434238016,
              42.39665970772444
            ],
            [
              47.344467640918594,
              42.146137787056375
            ],
            [
              49.348643006263046,
              41.89561586638831
            ],
            [
              50.97703549060543,
              41.519832985386216
            ],
            [
              52.10438413361169,
              41.519832985386216
            ],
            [
              52.98121085594994,
              41.26931106471818
            ],
            [
              53.85803757828813,
              41.26931106471818
            ],
            [
              54.60960334029227,
              41.26931106471818
            ],
            [
              55.862212943632585,
              41.26931106471818
            ],
            [
              56.73903966597078,
              41.26931106471818
            ],
            [
              57.49060542797497,
              41.26931106471818
            ],
            [
              58.2421711899791,
              41.26931106471818
            ],
            [
              58.74321503131523,
              41.519832985386216
            ],
            [
              59.62004175365348,
              41.64509394572025
            ],
            [
              60.62212943632568,
              41.89561586638831
            ],
            [
              61.749478079331936,
              41.89561586638831
            ]
          ],
          [
            [
              23.795407098121103,
              39.640918580375796
            ],
            [
              24.296450939457202,
              39.515657620041765
            ],
            [
              25.298538622129456,
              39.39039665970773
            ],
            [
              26.05010438413362,
              39.2651356993737
            ],
            [
              27.302713987473908,
              39.2651356993737
            ],
            [
              29.056367432150324,
              39.2651356993737
            ],
            [
              31.43632567849687,
              39.2651356993737
            ],
            [
              34.06680584551151,
              39.2651356993737
            ],
            [
              36.82254697286015,
              39.2651356993737
            ],
            [
              39.82881002087683,
              39.13987473903967
            ],
            [
              44.087682672233825,
              38.889352818371606
            ],
            [
              46.84342379958247,
              38.63883089770354
            ],
            [
              48.84759916492692,
              38.263048016701475
            ],
            [
              50.601252609603364,
              37.88726513569938
            ],
            [
              52.22964509394575,
              37.511482254697285
            ],
            [
              53.48225469728601,
              37.26096033402922
            ],
            [
              54.86012526096033,
              36.75991649269312
            ],
            [
              56.11273486430065,
              36.38413361169103
            ],
            [
              57.240083507306906,
              36.258872651356995
            ],
            [
              58.2421711899791,
              36.258872651356995
            ],
            [
              59.49478079331942,
              36.258872651356995
            ],
            [
              60.87265135699374,
              36.258872651356995
            ],
            [
              61.874739039666,
              36.258872651356995
            ]
          ],
          [
            [
              22.668058455114846,
              33.628392484342385
            ],
            [
              23.294363256784976,
              33.75365344467642
            ],
            [
              23.795407098121103,
              33.75365344467642
            ],
            [
              24.546972860125265,
              33.87891440501045
            ],
            [
              25.298538622129456,
              34.00417536534448
            ],
            [
              25.924843423799587,
              34.00417536534448
            ],
            [
              26.80167014613781,
              34.00417536534448
            ],
            [
              27.678496868476003,
              34.12943632567851
            ],
            [
              29.056367432150324,
              34.12943632567851
            ],
            [
              30.559498956158677,
              34.12943632567851
            ],
            [
              31.937369519833,
              34.379958246346575
            ],
            [
              33.18997912317329,
              34.50521920668058
            ],
            [
              34.56784968684761,
              34.50521920668058
            ],
            [
              36.19624217118999,
              34.379958246346575
            ],
            [
              38.826722338204604,
              33.87891440501045
            ],
            [
              40.830897703549056,
              33.628392484342385
            ],
            [
              43.0855949895616,
              33.628392484342385
            ],
            [
              44.96450939457205,
              33.37787056367432
            ],
            [
              47.469728601252626,
              33.12734864300626
            ],
            [
              49.84968684759917,
              32.75156576200419
            ],
            [
              51.853862212943625,
              32.62630480167016
            ],
            [
              54.359081419624204,
              32.62630480167016
            ],
            [
              56.98956158663884,
              32.75156576200419
            ],
            [
              59.24425887265136,
              32.87682672233822
            ],
            [
              61.37369519832987,
              33.002087682672254
            ]
          ],
          [
            [
              2.125260960334032,
              25.110647181628394
            ],
            [
              2.501043841336127,
              24.86012526096033
            ],
            [
              3.252609603340318,
              24.609603340292267
            ],
            [
              4.630480167014639,
              24.359081419624232
            ],
            [
              7.010438413361186,
              24.2338204592902
            ],
            [
              9.640918580375796,
              24.10855949895617
            ],
            [
              13.148225469728601,
              23.732776617954073
            ],
            [
              16.780793319415466,
              23.60751565762004
            ],
            [
              21.03966597077246,
              23.231732776617946
            ],
            [
              26.17536534446765,
              23.231732776617946
            ],
            [
              30.05845511482255,
              23.231732776617946
            ],
            [
              34.317327766179545,
              23.231732776617946
            ],
            [
              39.32776617954073,
              23.60751565762004
            ],
            [
              41.83298538622131,
              23.60751565762004
            ],
            [
              43.96242171189979,
              23.983298538622137
            ],
            [
              46.21711899791234,
              24.484342379958264
            ],
            [
              48.59707724425891,
              24.86012526096033
            ],
            [
              50.72651356993737,
              25.110647181628394
            ],
            [
              52.98121085594994,
              25.361169102296458
            ],
            [
              54.86012526096033,
              25.361169102296458
            ],
            [
              56.23799582463465,
              25.361169102296458
            ],
            [
              57.240083507306906,
              25.235908141962426
            ],
            [
              58.2421711899791,
              24.985386221294362
            ],
            [
              59.36951983298542,
              24.609603340292267
            ],
            [
              60.12108559498955,
              24.484342379958264
            ],
            [
              60.87265135699374,
              24.484342379958264
            ],
            [
              61.37369519832987,
              24.484342379958264
            ]
          ],
          [
            [
              3.0020876826722542,
              16.217118997912337
            ],
            [
              4.129436325678512,
              16.217118997912337
            ],
            [
              6.133611691022963,
              16.091858037578277
            ],
            [
              8.137787056367443,
              15.71607515657621
            ],
            [
              10.643006263048022,
              15.590814196242178
            ],
            [
              13.77453027139876,
              15.340292275574114
            ],
            [
              17.532359081419628,
              15.340292275574114
            ],
            [
              21.66597077244259,
              15.340292275574114
            ],
            [
              26.17536534446765,
              15.340292275574114
            ],
            [
              29.55741127348645,
              15.340292275574114
            ],
            [
              32.56367432150313,
              15.340292275574114
            ],
            [
              35.44467640918583,
              15.340292275574114
            ],
            [
              37.574112734864315,
              15.340292275574114
            ],
            [
              39.32776617954073,
              15.340292275574114
            ],
            [
              42.33402922755744,
              15.340292275574114
            ],
            [
              43.83716075156576,
              15.340292275574114
            ],
            [
              45.465553235908146,
              15.340292275574114
            ],
            [
              47.344467640918594,
              15.465553235908146
            ],
            [
              49.22338204592904,
              15.465553235908146
            ],
            [
              51.10229645093949,
              15.71607515657621
            ],
            [
              52.98121085594994,
              15.966597077244273
            ],
            [
              54.86012526096033,
              16.217118997912337
            ],
            [
              56.613778705636776,
              16.34237995824634
            ],
            [
              57.9916492693111,
              16.592901878914404
            ],
            [
              59.62004175365348,
              16.9686847599165
            ],
            [
              62.0,
              17.344467640918594
            ]
          ],
          [
            [
              2.0,
              9.077244258872668
            ],
            [
              3.252609603340318,
              9.077244258872668
            ],
            [
              4.379958246346575,
              9.202505219206671
            ],
            [
              5.7578288100208965,
              9.327766179540731
            ],
            [
              7.2609603340292495,
              9.703549060542798
            ],
            [
              9.640918580375796,
              9.954070981210862
            ],
            [
              12.396659707724439,
              9.954070981210862
            ],
            [
              15.402922755741145,
              9.954070981210862
            ],
            [
              18.659707724425914,
              9.954070981210862
            ],
            [
              21.916492693110655,
              9.954070981210862
            ],
            [
              25.173277661795424,
              9.954070981210862
            ],
            [
              28.80584551148226,
              10.204592901878925
            ],
            [
              32.438413361169125,
              10.204592901878925
            ],
            [
              36.947807933194156,
              10.329853862212957
            ],
            [
              39.2025052192067,
              10.830897703549056
            ],
            [
              41.70772442588728,
              11.206680584551151
            ],
            [
              44.58872651356995,
              11.707724425887278
            ],
            [
              47.59498956158666,
              12.334029227557409
            ],
            [
              50.475991649269304,
              12.960334029227567
            ],
            [
              53.85803757828813,
              13.336116910229634
            ],
            [
              57.49060542797497,
              13.71189979123173
            ],
            [
              60.87265135699374,
              13.837160751565762
            ]
          ],
          [
            [
              2.2505219206680636,
              4.066805845511482
            ],
            [
              3.0020876826722542,
              4.442588726513577
            ],
            [
              4.379958246346575,
              4.567849686847609
            ],
            [
              6.133611691022963,
              4.818371607515672
            ],
            [
              8.63883089770357,
              4.943632567849704
            ],
            [
              11.77035490605428,
              5.194154488517768
            ],
            [
              14.901878914405017,
              5.444676409185803
            ],
            [
              18.91022964509395,
              5.695198329853866
            ],
            [
              23.419624217119008,
              5.569937369519835
            ],
            [
              28.430062630480165,
              5.319415448851771
            ],
            [
              32.81419624217119,
              4.818371607515672
            ],
            [
              38.45093945720251,
              4.066805845511482
            ],
            [
              41.33194154488518,
              4.066805845511482
            ],
            [
              43.83716075156576,
              4.066805845511482
            ],
            [
              45.59081419624218,
              4.317327766179545
            ],
            [
              47.59498956158666,
              4.818371607515672
            ],
            [
              49.72442588726517,
              5.319415448851771
            ],
            [
              51.47807933194156,
              5.695198329853866
            ],
            [
              52.85594989561588,
              6.1962421711899935
            ],
            [
              54.484342379958264,
              6.572025052192089
            ],
            [
              56.11273486430065,
              6.947807933194156
            ],
            [
              56.98956158663884,
              7.198329853862219
            ],
            [
              58.1169102296451,
              7.574112734864315
            ],
            [
              60.24634655532361,
              7.82463465553235
            ],
            [
              60.87265135699374,
              7.82463465553235
            ],
            [
              61.62421711899793,
              7.82463465553235
            ]
          ]
        ]
      }
    }
  ]
}