{
  "type": "FeatureCollection",
  "crs": {
    "type": "name",
    "properties": {
      "name": "urn:ogc:def:crs:OGC:1.3:CRS84"
    }
  },
  "features": [
    {
      "type": "Feature",
      "properties": {
        "timestamp": "2026-06-06T19:42:50.784671",
        "country_name": "Greece",
        "author": "",
        "author_id": "c099d4f0-d4b8-4862-aa84-cd179c1cc257",
        "validated": false,
        "ranking": [
          [
            "Greece",
            0.1779932975769043
          ],
          [
            "Denmark",
            0.05763977766036987
          ],
          [
            "Canada",
            0.04922223836183548
          ],
          [
            "Bangladesh",
            0.03626251220703125
          ],
          [
            "Tajikistan",
            0.03088979981839657
          ],
          [
            "Papua New Guinea",
            0.02823653258383274
          ],
          [
            "Croatia",
            0.02818627469241619
          ],
          [
            "Falkland Islands",
            0.02556106075644493
          ],
          [
            "Guinea-Bissau",
            0.023644985631108284
          ],
          [
            "Russia",
            0.023528512567281723
          ],
          [
            "Senegal",
            0.021563732996582985
          ],
          [
            "Italy",
            0.017596349120140076
          ],
          [
            "Svalbard",
            0.016395626589655876
          ],
          [
            "Hong Kong",
            0.014856323599815369
          ],
          [
            "Netherlands",
            0.014478890225291252
          ],
          [
            "Ukraine",
            0.013235711492598057
          ],
          [
            "Iceland",
            0.01113317720592022
          ],
          [
            "Guadeloupe",
            0.010858986526727676
          ],
          [
            "Switzerland",
            0.009557429701089859
          ],
          [
            "Estonia",
            0.00871348287910223
          ],
          [
            "Venezuela",
            0.008670329116284847
          ],
          [
            "Azerbaijan",
            0.008607172407209873
          ],
          [
            "Turkmenistan",
            0.008554798550903797
          ],
          [
            "Peru",
            0.007484647911041975
          ],
          [
            "Guinea",
            0.006647023838013411
          ],
          [
            "Costa Rica",
            0.006449708715081215
          ],
          [
            "South Georgia Islands",
            0.006432386580854654
          ],
          [
            "Uzbekistan",
            0.006262120325118303
          ],
          [
            "France",
            0.006069871596992016
          ],
          [
            "Somalia",
            0.005933958105742931
          ],
          [
            "Ireland",
            0.005760435946285725
          ],
          [
            "Rwanda",
            0.005745326168835163
          ],
          [
            "Philippines",
            0.005666544195264578
          ],
          [
            "Belgium",
            0.0056526619009673595
          ],
          [
            "India",
            0.005517570301890373
          ],
          [
            "Gabon",
            0.005342969670891762
          ],
          [
            "Fiji",
            0.005163877736777067
          ],
          [
            "Mozambique",
            0.005100894253700972
          ],
          [
            "Burkina Faso",
            0.004975030664354563
          ],
          [
            "Iran",
            0.004793016705662012
          ],
          [
            "Mexico",
            0.004697578027844429
          ],
          [
            "Haiti",
            0.004661643411964178
          ],
          [
            "Romania",
            0.004619802813977003
          ],
          [
            "Kazakhstan",
            0.00459529273211956
          ],
          [
            "Australia",
            0.0045618279837071896
          ],
          [
            "Congo",
            0.004550348501652479
          ],
          [
            "Latvia",
            0.004521219525486231
          ],
          [
            "Laos",
            0.004469824489206076
          ],
          [
            "Syria",
            0.004372723400592804
          ],
          [
            "South Africa",
            0.0043604387901723385
          ],
          [
            "Lithuania",
            0.004247365519404411
          ],
          [
            "Indonesia",
            0.004042557906359434
          ],
          [
            "Cambodia",
            0.003938449081033468
          ],
          [
            "Turkey",
            0.0038753338158130646
          ],
          [
            "Saudi Arabia",
            0.0037905038334429264
          ],
          [
            "Kyrgyzstan",
            0.0037619599606841803
          ],
          [
            "Guyana",
            0.0034919290337711573
          ],
          [
            "Brazil",
            0.0034291078336536884
          ],
          [
            "Dominican Republic",
            0.0033453884534537792
          ],
          [
            "United Kingdom",
            0.0032271232921630144
          ],
          [
            "Thailand",
            0.003224785439670086
          ],
          [
            "Slovakia",
            0.0031817974522709846
          ],
          [
            "North Korea",
            0.0031686611473560333
          ],
          [
            "Burundi",
            0.0030731994193047285
          ],
          [
            "China",
            0.0030467021279037
          ],
          [
            "Angola",
            0.0030376622453331947
          ],
          [
            "Panama",
            0.0030180036555975676
          ],
          [
            "United States of America",
            0.0029196590185165405
          ],
          [
            "Central African Republic",
            0.0027973847463726997
          ],
          [
            "Armenia",
            0.002741379663348198
          ],
          [
            "Mauritania",
            0.0026670184452086687
          ],
          [
            "Bulgaria",
            0.002664715051651001
          ],
          [
            "El Salvador",
            0.002639433369040489
          ],
          [
            "Kuwait",
            0.002590876305475831
          ],
          [
            "Serbia",
            0.002586906310170889
          ],
          [
            "Djibouti",
            0.0025797863490879536
          ],
          [
            "Mali",
            0.002328567672520876
          ],
          [
            "Belarus",
            0.0022937001194804907
          ],
          [
            "Turks and Caicos Islands",
            0.002254446968436241
          ],
          [
            "Colombia",
            0.00225240970030427
          ],
          [
            "Spain",
            0.002153273206204176
          ],
          [
            "Czech Republic",
            0.0021169644314795732
          ],
          [
            "Montenegro",
            0.00210327235981822
          ],
          [
            "North Macedonia",
            0.0020951766055077314
          ],
          [
            "Malawi",
            0.002074985532090068
          ],
          [
            "Brunei",
            0.002064764266833663
          ],
          [
            "Yemen",
            0.0020574284717440605
          ],
          [
            "Honduras",
            0.002049653558060527
          ],
          [
            "Niger",
            0.0020399577915668488
          ],
          [
            "Nepal",
            0.0020342112984508276
          ],
          [
            "Greenland",
            0.002018492668867111
          ],
          [
            "South Sudan",
            0.002005070447921753
          ],
          [
            "Bahamas",
            0.0019888519309461117
          ],
          [
            "Cuba",
            0.001963979797437787
          ],
          [
            "Heard and McDonald Islands",
            0.0018121660687029362
          ],
          [
            "Germany",
            0.001809610053896904
          ],
          [
            "Paraguay",
            0.0018032497027888894
          ],
          [
            "New Caledonia",
            0.0017935115611180663
          ],
          [
            "Georgia",
            0.0017827682895585895
          ],
          [
            "Moldova",
            0.001717476057820022
          ],
          [
            "Zambia",
            0.0017143962904810905
          ],
          [
            "South Korea",
            0.0016798072028905153
          ],
          [
            "Jamaica",
            0.0016740753781050444
          ],
          [
            "Eritrea",
            0.0016728464979678392
          ],
          [
            "Nicaragua",
            0.0016256611561402678
          ],
          [
            "Nigeria",
            0.0016227862797677517
          ],
          [
            "Sudan",
            0.001524010207504034
          ],
          [
            "Sweden",
            0.0014932139310985804
          ],
          [
            "Sierra Leone",
            0.001490877359174192
          ],
          [
            "Jordan",
            0.0014469855232164264
          ],
          [
            "Bhutan",
            0.0013992093736305833
          ],
          [
            "Slovenia",
            0.0013739244313910604
          ],
          [
            "Bosnia & Herzegovina",
            0.0013652516063302755
          ],
          [
            "Uganda",
            0.001341549796052277
          ],
          [
            "Puerto Rico",
            0.0013251036871224642
          ],
          [
            "Faroe Islands",
            0.0013183348346501589
          ],
          [
            "Guatemala",
            0.001299843192100525
          ],
          [
            "Bolivia",
            0.0012275043409317732
          ],
          [
            "Libya",
            0.0011893840273842216
          ],
          [
            "Ethiopia",
            0.0011839676881209016
          ],
          [
            "Benin",
            0.0011764357332140207
          ],
          [
            "Myanmar",
            0.0011755900923162699
          ],
          [
            "Pakistan",
            0.001151158008724451
          ],
          [
            "Côte d'Ivoire",
            0.0011459726374596357
          ],
          [
            "Iraq",
            0.0011214970145374537
          ],
          [
            "Vietnam",
            0.00112108641769737
          ],
          [
            "Norway",
            0.0011047923471778631
          ],
          [
            "Togo",
            0.001096493797376752
          ],
          [
            "Timor-Leste",
            0.0010858275927603245
          ],
          [
            "Mongolia",
            0.0010849208338186145
          ],
          [
            "United Arab Emirates",
            0.0010714225936681032
          ],
          [
            "Samoa",
            0.0010183959966525435
          ],
          [
            "Algeria",
            0.0010064239613711834
          ],
          [
            "Finland",
            0.0010057867038995028
          ],
          [
            "Kiribati",
            0.0009724704432301223
          ],
          [
            "French Guiana",
            0.0009634993621148169
          ],
          [
            "Mayotte",
            0.0009452764061279595
          ],
          [
            "Albania",
            0.0009421121212653816
          ],
          [
            "Tunisia",
            0.0009164169896394014
          ],
          [
            "Suriname",
            0.0008890777826309204
          ],
          [
            "Argentina",
            0.0008770169224590063
          ],
          [
            "Kenya",
            0.000874908349942416
          ],
          [
            "Liberia",
            0.0008629194926470518
          ],
          [
            "Reunion",
            0.0008340619970113039
          ],
          [
            "Cameroon",
            0.0007704063900746405
          ],
          [
            "Namibia",
            0.0007454966544173658
          ],
          [
            "Belize",
            0.0007376902503892779
          ],
          [
            "Martinique",
            0.0007201565313152969
          ],
          [
            "Cape Verde",
            0.0007174104684963822
          ],
          [
            "Oman",
            0.0006970030954107642
          ],
          [
            "Egypt",
            0.0006774321664124727
          ],
          [
            "Botswana",
            0.0006759453099220991
          ],
          [
            "Cyprus",
            0.0006736093200743198
          ],
          [
            "Hungary",
            0.0006733228801749647
          ],
          [
            "Poland",
            0.0006475652917288244
          ],
          [
            "DR Congo",
            0.0006424413877539337
          ],
          [
            "Austria",
            0.0006346672889776528
          ],
          [
            "Lesotho",
            0.0006115947035141289
          ],
          [
            "Western Sahara",
            0.0006110664689913392
          ],
          [
            "Portugal",
            0.0006095927092246711
          ],
          [
            "Guam",
            0.000591772492043674
          ],
          [
            "Gambia",
            0.0005862172110937536
          ],
          [
            "Uruguay",
            0.0005751847638748586
          ],
          [
            "Trinidad and Tobago",
            0.0005712423007935286
          ],
          [
            "Afghanistan",
            0.0005465312860906124
          ],
          [
            "Solomon Islands",
            0.0005285959341563284
          ],
          [
            "Morocco",
            0.0005217883153818548
          ],
          [
            "Japan",
            0.0005093328072689474
          ],
          [
            "Ecuador",
            0.000508718250785023
          ],
          [
            "Luxembourg",
            0.0004962206003256142
          ],
          [
            "Tanzania",
            0.0004839450411964208
          ],
          [
            "Madeira Islands",
            0.00048245477955788374
          ],
          [
            "Sri Lanka",
            0.0004614085191860795
          ],
          [
            "Zimbabwe",
            0.0004590778553392738
          ],
          [
            "Malaysia",
            0.00045231409603729844
          ],
          [
            "Israel",
            0.000437046168372035
          ],
          [
            "New Zealand",
            0.00039909116458147764
          ],
          [
            "Qatar",
            0.00039127428317442536
          ],
          [
            "Vanuatu",
            0.0003844242310151458
          ],
          [
            "Comoros",
            0.000377324759028852
          ],
          [
            "Ghana",
            0.0003753536439035088
          ],
          [
            "Lebanon",
            0.0003734384081326425
          ],
          [
            "Isle of Man",
            0.0003679995716083795
          ],
          [
            "Barbados",
            0.0003362467105034739
          ],
          [
            "West Bank",
            0.00030469740158878267
          ],
          [
            "Bahrain",
            0.0002839696535374969
          ],
          [
            "Equatorial Guinea",
            0.0002802087983582169
          ],
          [
            "Chad",
            0.0002686817606445402
          ],
          [
            "Eswatini",
            0.0002555611135903746
          ],
          [
            "Saint Lucia",
            0.00025426974752917886
          ],
          [
            "Taiwan",
            0.0002448793384246528
          ],
          [
            "Netherlands Antilles",
            0.00023877959756646305
          ],
          [
            "Dominica",
            0.00022874162823427469
          ],
          [
            "Antigua & Barbuda",
            0.00018687803822103888
          ],
          [
            "Chile",
            0.00015030283248052
          ],
          [
            "Madagascar",
            0.00011097485548816621
          ],
          [
            "Palau",
            9.135649452218786e-05
          ],
          [
            "United States Virgin Islands",
            8.435665222350508e-05
          ],
          [
            "Sao Tome and Principe",
            4.420408731675707e-05
          ]
        ]
      },
      "geometry": {
        "type": "MultiLineString",
        "coordinates": [
          [
            [
              3.8240374365735477,
              60.0611773176156
            ],
            [
              3.620480343193023,
              59.399806096839
            ],
            [
              3.36602328833051,
              58.382312263385
            ],
            [
              3.1624661949499853,
              57.31394595222952
            ],
            [
              3.0606784869995636,
              56.39819860105521
            ],
            [
              3.0606784869995636,
              55.736828907155314
            ]
          ],
          [
            [
              4.740065733059609,
              57.7209425694851
            ],
            [
              3.9258190370171917,
              57.51744349741897
            ]
          ],
          [
            [
              5.706987883520895,
              58.12793765986399
            ],
            [
              5.706987883520895,
              57.36481995680771
            ],
            [
              5.706987883520895,
              56.60169614624465
            ],
            [
              5.706987883520895,
              55.78770443861019
            ]
          ],
          [
            [
              9.880015179190167,
              59.04368195728492
            ],
            [
              9.065774590654541,
              59.04368195728492
            ],
            [
              8.047958586218044,
              59.04368195728492
            ]
          ],
          [
            [
              9.625564231834431,
              58.178813191318866
            ],
            [
              9.625564231834431,
              57.568319028873844
            ],
            [
              9.676451978302879,
              56.957821812675434
            ],
            [
              9.93091514067217,
              56.39819860105521
            ],
            [
              10.388929288915193,
              55.78770443861019
            ],
            [
              10.897831183626664,
              55.32983228989973
            ],
            [
              10.23626604950988,
              55.533331361965864
            ],
            [
              9.574676485366012,
              55.736828907155314
            ]
          ],
          [
            [
              13.595028326616443,
              59.19630855164955
            ],
            [
              14.053042474859467,
              58.7384364029391
            ],
            [
              14.66373207752136,
              57.92444011467455
            ],
            [
              15.121746225764383,
              57.11044535328669
            ],
            [
              15.528872627538988,
              56.296449065022145
            ],
            [
              15.88509906783159,
              55.58420383966735
            ]
          ],
          [
            [
              17.31004147404269,
              57.61919150657533
            ],
            [
              16.444900924025063,
              57.4156924345092
            ]
          ],
          [
            [
              18.02250656964145,
              57.92444011467455
            ],
            [
              18.378745224947608,
              56.90694780809724
            ],
            [
              18.684096133785346,
              56.04207751525452
            ],
            [
              18.989422612595945,
              54.871958614312575
            ]
          ],
          [
            [
              22.297321573261172,
              57.568319028873844
            ],
            [
              21.890195171486567,
              57.059572875585204
            ],
            [
              21.53395651618041,
              56.296449065022145
            ],
            [
              21.432181023243544,
              55.533331361965864
            ],
            [
              21.788407463536146,
              54.871958614312575
            ],
            [
              22.449984812666486,
              54.56671153309006
            ],
            [
              23.06067441532838,
              54.66846106912314
            ],
            [
              23.518688563571402,
              55.17720569553509
            ],
            [
              23.416913070634536,
              56.0929530467094
            ],
            [
              22.704447975035777,
              56.90694780809724
            ],
            [
              21.941082917955015,
              57.31394595222952
            ]
          ],
          [
            [
              24.994518716250923,
              58.0770651821625
            ],
            [
              25.401645118025527,
              57.31394595222952
            ],
            [
              25.808771519800132,
              56.70344720915442
            ],
            [
              26.215897921574737,
              55.99120198379963
            ],
            [
              26.62302432334934,
              55.48245735738767
            ],
            [
              27.386364950402964,
              55.83857844318838
            ],
            [
              27.640828112772255,
              56.85607074976568
            ],
            [
              27.74260360570912,
              57.568319028873844
            ],
            [
              28.353293208371042,
              57.61919150657533
            ],
            [
              28.86220731809607,
              57.00869429037692
            ],
            [
              27.589940366303836,
              61.180419160225966
            ]
          ],
          [
            [
              33.798587455832546,
              55.99120198379963
            ],
            [
              33.59502425494526,
              56.60169614624465
            ],
            [
              33.289685561121075,
              57.51744349741897
            ],
            [
              32.93344690581492,
              58.53493580399626
            ],
            [
              32.628108211990735,
              59.29805503392923
            ],
            [
              32.27186955668458,
              60.11204979531709
            ],
            [
              31.864755369923557,
              59.34893209226081
            ],
            [
              31.762967661973107,
              58.63668534002933
            ],
            [
              31.661179954022685,
              57.82269057864147
            ],
            [
              31.55940446108582,
              57.00869429037692
            ],
            [
              31.406741221680505,
              56.194702582742465
            ],
            [
              31.203165805779662,
              55.48245735738767
            ]
          ],
          [
            [
              32.83167141287805,
              57.00869429037692
            ],
            [
              32.22098181021616,
              57.059572875585204
            ]
          ],
          [
            [
              35.83421946470554,
              56.55082519541986
            ],
            [
              35.73243175675509,
              57.4156924345092
            ],
            [
              35.73243175675509,
              58.229688722773744
            ],
            [
              35.73243175675509,
              58.941933948128536
            ],
            [
              35.83421946470554,
              59.603303642028436
            ],
            [
              36.139558158529695,
              60.417299930292984
            ],
            [
              36.75024776119159,
              60.87517207900345
            ],
            [
              37.36093736385351,
              60.77342254297038
            ],
            [
              37.76805155061453,
              60.26467638968174
            ],
            [
              37.971614751501846,
              59.603303642028436
            ],
            [
              37.971614751501846,
              58.840185938972155
            ],
            [
              37.81895151209653,
              58.229688722773744
            ],
            [
              37.462712856790375,
              57.7209425694851
            ],
            [
              36.9029110005969,
              57.4156924345092
            ],
            [
              36.34312135941701,
              57.16131935786488
            ],
            [
              36.801135507660035,
              56.7543227406093
            ]
          ],
          [
            [
              40.058122291829704,
              60.16292685364867
            ],
            [
              40.159909999780126,
              59.55243116432695
            ],
            [
              40.26169770773055,
              58.78931193439398
            ],
            [
              40.36347320066744,
              57.97531564612943
            ],
            [
              40.465260908617864,
              57.16131935786488
            ],
            [
              40.51613644007273,
              56.49994966396497
            ],
            [
              40.56703640155473,
              55.88945092088987
            ],
            [
              40.77059960244202,
              55.075459213255414
            ],
            [
              41.07595051127976,
              54.41408799247881
            ]
          ],
          [
            [
              42.042854339220696,
              57.82269057864147
            ],
            [
              41.17772600421662,
              57.77181504718659
            ]
          ],
          [
            [
              41.58484019097767,
              60.26467638968174
            ],
            [
              40.872375095378914,
              60.16292685364867
            ],
            [
              40.26169770773055,
              59.959427781582534
            ]
          ],
          [
            [
              44.43471278838629,
              53.29484462299175
            ],
            [
              43.569572238368664,
              53.09134555092561
            ],
            [
              42.75533164983301,
              52.88784647885947
            ],
            [
              41.890178884801855,
              52.684347406793336
            ]
          ],
          [
            [
              50.38892114557285,
              59.399806096839
            ],
            [
              50.33802118409085,
              58.63668534002933
            ],
            [
              50.33802118409085,
              57.97531564612943
            ],
            [
              50.33802118409085,
              56.90694780809724
            ],
            [
              50.49069663850969,
              56.143825524410886
            ],
            [
              51.254049480576896,
              55.94032950609814
            ],
            [
              51.76296359030192,
              56.34732765023041
            ],
            [
              51.661188097365056,
              55.635082424875634
            ],
            [
              51.101374026158055,
              54.871958614312575
            ],
            [
              50.694259839397006,
              54.261462924990866
            ],
            [
              50.28714565263596,
              53.65096876254583
            ]
          ],
          [
            [
              56.13955408685854,
              56.65257473145293
            ],
            [
              55.47796452271464,
              56.04207751525452
            ],
            [
              55.01995037447159,
              55.43158029905611
            ],
            [
              54.76551164212941,
              54.770210605156194
            ],
            [
              55.17262582889046,
              54.108840911256294
            ],
            [
              55.78331543155235,
              54.00708984834654
            ],
            [
              56.49579274216467,
              54.210588920412675
            ],
            [
              57.00468242186258,
              54.56671153309006
            ],
            [
              57.259145584231874,
              55.126333217833604
            ]
          ],
          [
            [
              58.98942668426713,
              57.16131935786488
            ],
            [
              59.091202177204025,
              56.34732765023041
            ],
            [
              59.243877631622865,
              55.635082424875634
            ],
            [
              59.44744083251018,
              54.92283719952084
            ],
            [
              60.10901818164052,
              54.92283719952084
            ],
            [
              60.5161445834151,
              55.43158029905611
            ],
            [
              60.77058331575728,
              56.04207751525452
            ],
            [
              60.97415873165815,
              56.957821812675434
            ],
            [
              60.97415873165815,
              57.568319028873844
            ]
          ],
          [
            [
              2.0,
              51.89357185929606
            ],
            [
              2.254457054862513,
              51.07958015166162
            ],
            [
              2.458026363256593,
              50.21470985881888
            ],
            [
              2.5089141097250263,
              49.60421264262047
            ],
            [
              2.5598018561934595,
              48.94284294872057
            ],
            [
              2.712471203105551,
              48.332342678768754
            ],
            [
              2.96692825796805,
              47.77272404777861
            ],
            [
              3.62850560709839,
              47.721848516323746
            ],
            [
              4.239182994746727,
              47.97622311984475
            ],
            [
              4.49364004960924,
              48.58672033604316
            ],
            [
              4.290082956228716,
              49.24809002994306
            ],
            [
              3.8829565544541254,
              50.01121078675274
            ],
            [
              3.475830152679521,
              50.570829417742885
            ],
            [
              2.8651527650311834,
              50.977830615628534
            ],
            [
              2.1017938154571993,
              51.07958015166162
            ]
          ],
          [
            [
              7.648857448348821,
              50.163834327363986
            ],
            [
              7.190843300105783,
              49.75683618323171
            ],
            [
              7.394406500993085,
              48.99371542642206
            ],
            [
              7.801532902767676,
              48.332342678768754
            ],
            [
              8.361334758961135,
              48.07797112900113
            ],
            [
              8.717561199253737,
              48.58672033604316
            ],
            [
              8.564885744834868,
              49.24809002994306
            ],
            [
              8.005096103654978,
              49.85858419238809
            ],
            [
              7.445306462475074,
              50.21470985881888
            ],
            [
              6.834604644799626,
              50.26558233652037
            ]
          ],
          [
            [
              13.246827150229194,
              50.163834327363986
            ],
            [
              12.483462093148432,
              50.06208326445423
            ],
            [
              11.669209289599252,
              49.807711714686604
            ],
            [
              11.058531901950914,
              49.40071357055433
            ]
          ],
          [
            [
              12.381686600211566,
              48.891967417265676
            ],
            [
              12.381686600211566,
              48.281470201067265
            ],
            [
              12.432574346680013,
              47.62009745341396
            ],
            [
              12.636137547567301,
              47.009603290968954
            ],
            [
              13.195939403760747,
              46.653480678291544
            ],
            [
              12.53434983961688,
              47.26397789448998
            ],
            [
              11.923672451968542,
              47.31485037219147
            ]
          ],
          [
            [
              15.944024293218945,
              47.1622268315802
            ],
            [
              15.893136546750526,
              47.8235995792335
            ],
            [
              15.893136546750526,
              48.4849692731334
            ],
            [
              15.893136546750526,
              49.29896556139795
            ],
            [
              16.605601642349285,
              48.73934082290103
            ],
            [
              16.910952551187023,
              48.12884666045602
            ],
            [
              17.318066737948072,
              47.31485037219147
            ],
            [
              17.72519313972265,
              46.806101165149414
            ],
            [
              18.38677048885299,
              47.009603290968954
            ],
            [
              18.488545981789855,
              47.67097603862226
            ],
            [
              18.437670450334963,
              48.68846834519954
            ]
          ],
          [
            [
              22.916036439828446,
              50.469081408586504
            ],
            [
              22.050895889810818,
              50.06208326445423
            ],
            [
              21.389318540680478,
              49.197214498488194
            ],
            [
              21.134867593324742,
              48.63759281374465
            ],
            [
              20.982179923892318,
              47.518352498010984
            ],
            [
              21.18575533979316,
              46.755228687447925
            ],
            [
              21.694657234504632,
              46.24648253415927
            ],
            [
              22.458022291585394,
              46.04298346209316
            ],
            [
              23.017811932765312,
              46.449981606225435
            ],
            [
              23.526713827476783,
              45.89035992148189
            ]
          ],
          [
            [
              24.391866592507967,
              45.8394874437804
            ],
            [
              23.730289243377626,
              46.144731471249514
            ],
            [
              22.966924186296865,
              46.34823054331565
            ]
          ],
          [
            [
              25.155219434575173,
              51.99532139532914
            ],
            [
              25.664121329286644,
              51.53745230037208
            ],
            [
              26.478374132835825,
              50.77432848980902
            ],
            [
              27.0381759890293,
              50.112958795909094
            ],
            [
              26.529261879304272,
              49.553337111165575
            ],
            [
              25.918584491655935,
              49.45158604825582
            ],
            [
              25.613233582818197,
              48.891967417265676
            ],
            [
              25.918584491655935,
              48.179722191910884
            ],
            [
              26.122135477529667,
              47.31485037219147
            ]
          ],
          [
            [
              26.07124773106125,
              45.12723916467223
            ],
            [
              26.07124773106125,
              44.46586947077233
            ]
          ],
          [
            [
              31.46564201704075,
              50.36733339943012
            ],
            [
              31.46564201704075,
              49.75683618323171
            ],
            [
              31.46564201704075,
              49.1463389670333
            ],
            [
              31.46564201704075,
              48.535844804588294
            ],
            [
              31.312978777635465,
              47.67097603862226
            ],
            [
              31.21120328469857,
              47.009603290968954
            ],
            [
              31.160303323216596,
              46.24648253415927
            ],
            [
              31.21120328469857,
              45.38161071443986
            ],
            [
              31.414766485585886,
              44.36411840786255
            ],
            [
              31.669217432941622,
              43.550125173351404
            ],
            [
              32.025443873234224,
              42.8887524256981
            ],
            [
              32.636133475896116,
              42.53262981302072
            ],
            [
              33.45037406443174,
              42.685253353631964
            ],
            [
              34.010175920625215,
              43.09225149776424
            ],
            [
              34.46819006886824,
              43.60100070480627
            ],
            [
              35.02797971004816,
              44.262370398706196
            ],
            [
              35.43510611182273,
              45.02549115551585
            ],
            [
              35.63866931271005,
              45.63598531796089
            ],
            [
              35.689569274192024,
              46.29735806561416
            ],
            [
              35.43510611182273,
              46.9078522280592
            ],
            [
              35.02797971004816,
              47.518352498010984
            ],
            [
              34.46819006886824,
              48.12884666045602
            ],
            [
              33.90840042768835,
              48.73934082290103
            ],
            [
              33.348598571494875,
              49.34983803909944
            ],
            [
              32.941484384733826,
              49.807711714686604
            ]
          ],
          [
            [
              40.88041257429782,
              48.07797112900113
            ],
            [
              40.16793526368551,
              47.8235995792335
            ],
            [
              39.557245661023615,
              47.365725903646336
            ],
            [
              39.0483559813257,
              46.653480678291544
            ],
            [
              38.79389281895641,
              45.94123545293678
            ],
            [
              38.895668311893274,
              45.27986575903688
            ],
            [
              39.4045824216183,
              44.72024102053996
            ],
            [
              40.01525980926664,
              44.41499393931744
            ],
            [
              40.82951261281585,
              44.36411840786255
            ],
            [
              41.49108996194616,
              44.56762053368209
            ],
            [
              41.99999185665763,
              44.97461562406096
            ],
            [
              42.30533055048181,
              45.68686084941575
            ],
            [
              42.30533055048181,
              46.60260514683668
            ],
            [
              41.99999185665763,
              47.31485037219147
            ],
            [
              41.541977708414606,
              47.721848516323746
            ]
          ],
          [
            [
              48.10687566826303,
              48.12884666045602
            ],
            [
              48.2595511226819,
              47.21309930928169
            ],
            [
              48.41220214707366,
              46.55173266913519
            ],
            [
              48.819316333834706,
              46.04298346209316
            ],
            [
              49.430018151510154,
              46.34823054331565
            ],
            [
              49.78625680681631,
              46.9078522280592
            ],
            [
              49.735369060347864,
              46.29735806561416
            ],
            [
              49.32824265857329,
              45.53423730880451
            ],
            [
              48.9720040032671,
              44.821992083449715
            ],
            [
              48.66666530944295,
              44.2114918134979
            ],
            [
              48.46310210855563,
              43.60100070480627
            ],
            [
              48.15775119971792,
              42.93962795715299
            ]
          ],
          [
            [
              54.62086145161592,
              47.41660143510123
            ],
            [
              54.010184063967586,
              46.958730813267465
            ],
            [
              53.70483315512985,
              46.34823054331565
            ],
            [
              53.603045447179426,
              45.53423730880451
            ],
            [
              53.80663307809385,
              44.92373703885269
            ],
            [
              54.417298250728635,
              44.41499393931744
            ],
            [
              55.02798785339053,
              44.36411840786255
            ],
            [
              55.68956520252084,
              44.821992083449715
            ],
            [
              55.94402836489013,
              45.38161071443986
            ],
            [
              55.74044073397573,
              46.04298346209316
            ]
          ],
          [
            [
              58.48855005346104,
              47.365725903646336
            ],
            [
              58.48855005346104,
              46.653480678291544
            ],
            [
              58.69211325434833,
              45.94123545293678
            ],
            [
              59.50635384288398,
              45.53423730880451
            ],
            [
              60.16793119201432,
              45.43248624589472
            ],
            [
              60.77863300968977,
              45.483361777349614
            ],
            [
              61.18574719645082,
              46.09385593979465
            ],
            [
              61.18574719645082,
              46.806101165149414
            ],
            [
              61.18574719645082,
              47.41660143510123
            ]
          ],
          [
            [
              60.37149439290161,
              44.36411840786255
            ],
            [
              61.033059527018395,
              44.72024102053996
            ],
            [
              61.592873598225424,
              45.33073823673837
            ],
            [
              61.89821229204958,
              45.89035992148189
            ],
            [
              62.0,
              46.500854083926924
            ]
          ],
          [
            [
              6.020364056263986,
              41.769509056211035
            ],
            [
              5.867688601845117,
              40.75201980338713
            ],
            [
              5.715019254933026,
              39.836272452212825
            ],
            [
              5.613237654489382,
              39.12402722685803
            ],
            [
              5.613237654489382,
              38.51353001065962
            ],
            [
              5.6641315084645925,
              37.69953677614848
            ],
            [
              6.4274904580385765,
              37.2925355782628
            ],
            [
              7.445306462475074,
              37.34341110971769
            ],
            [
              8.513997998366449,
              37.34341110971769
            ],
            [
              9.32825080191563,
              37.13991509140493
            ]
          ],
          [
            [
              11.363870595775069,
              40.9046433439984
            ],
            [
              12.127223437842275,
              40.59939320902248
            ],
            [
              12.737913040504168,
              40.29414307404659
            ]
          ],
          [
            [
              12.483462093148432,
              39.63277338014669
            ],
            [
              12.585237586085299,
              38.767901560427276
            ],
            [
              12.585237586085299,
              37.80128783905823
            ],
            [
              12.381686600211566,
              36.98728849704031
            ],
            [
              12.2799111072747,
              36.376794334595274
            ],
            [
              13.043263949341906,
              36.47854539750503
            ],
            [
              13.806616791409112,
              36.47854539750503
            ],
            [
              14.569981848489846,
              36.58029035290804
            ]
          ],
          [
            [
              17.36895448441649,
              40.39589413695637
            ],
            [
              17.52162993883536,
              39.63277338014669
            ],
            [
              17.623417646785782,
              38.615281073569406
            ],
            [
              17.623417646785782,
              37.648661244693585
            ],
            [
              17.623417646785782,
              36.885543541637304
            ],
            [
              17.623417646785782,
              36.17329526252914
            ]
          ],
          [
            [
              17.97965630209194,
              36.98728849704031
            ],
            [
              18.692109182677143,
              36.58029035290804
            ],
            [
              19.35369874682104,
              36.122419731074274
            ]
          ],
          [
            [
              18.284982780902567,
              36.885543541637304
            ],
            [
              18.99746009151488,
              37.2925355782628
            ],
            [
              19.608149694176774,
              37.903035848214614
            ],
            [
              20.218839296838667,
              38.51353001065962
            ]
          ],
          [
            [
              22.254459090698106,
              39.22577828976782
            ],
            [
              22.763360985409577,
              38.20828292943713
            ],
            [
              23.119599640715734,
              36.93641601933882
            ],
            [
              23.17048738718418,
              36.27504632543889
            ],
            [
              23.017811932765312,
              35.35930202801799
            ],
            [
              23.628501535427205,
              35.41017145196608
            ],
            [
              24.340966631025964,
              35.7154185331886
            ]
          ],
          [
            [
              24.239178923075542,
              35.91892065900811
            ],
            [
              24.849868525737435,
              36.07154419961938
            ],
            [
              25.816796783705513,
              36.27504632543889
            ]
          ],
          [
            [
              23.577613788958757,
              37.95391137966948
            ],
            [
              24.239178923075542,
              38.15741350548902
            ],
            [
              25.05343172662475,
              38.36090647004838
            ],
            [
              25.867684530173932,
              38.564405542114514
            ]
          ],
          [
            [
              23.526713827476783,
              38.767901560427276
            ],
            [
              24.493642085444833,
              39.02227616394828
            ],
            [
              25.206107181043592,
              39.12402722685803
            ]
          ],
          [
            [
              31.007627868797726,
              39.02227616394828
            ],
            [
              31.109415576748148,
              38.20828292943713
            ],
            [
              31.312978777635465,
              36.93641601933882
            ],
            [
              31.363866524103884,
              36.32591880314038
            ],
            [
              31.46564201704075,
              35.308423442809726
            ],
            [
              31.516529763509197,
              34.69792928036469
            ]
          ],
          [
            [
              32.127231581184645,
              38.36090647004838
            ],
            [
              32.687021222364535,
              37.75041230760337
            ],
            [
              33.348598571494875,
              36.98728849704031
            ],
            [
              33.8575126812199,
              36.17329526252914
            ],
            [
              34.21372690649895,
              35.56279804633073
            ],
            [
              34.62086552328711,
              35.10493047825037
            ],
            [
              35.02797971004816,
              35.81716959609835
            ],
            [
              35.43510611182273,
              36.58029035290804
            ],
            [
              35.79134476712892,
              37.19079062285982
            ],
            [
              36.30024666184039,
              38.05566244257926
            ]
          ],
          [
            [
              41.49108996194616,
              37.75041230760337
            ],
            [
              40.62594941192853,
              37.59778571323872
            ],
            [
              39.557245661023615,
              37.394286641172584
            ],
            [
              38.84478056542483,
              36.98728849704031
            ],
            [
              38.3867664171818,
              36.52942092895992
            ],
            [
              38.28499092424494,
              35.91892065900811
            ],
            [
              38.43765416365022,
              35.308423442809726
            ],
            [
              38.79389281895641,
              34.69792928036469
            ],
            [
              39.4045824216183,
              34.29092808247901
            ],
            [
              40.11704751721706,
              34.18918618082944
            ],
            [
              40.57506166546011,
              34.6470537489098
            ],
            [
              41.185751268121976,
              35.35930202801799
            ],
            [
              41.7964408707839,
              35.81716959609835
            ],
            [
              42.407118258432234,
              36.122419731074274
            ]
          ],
          [
            [
              44.391850305823226,
              33.78218498294376
            ],
            [
              44.391850305823226,
              34.49443020829855
            ],
            [
              44.391850305823226,
              35.206675433653345
            ],
            [
              44.69718899964738,
              35.868045127553245
            ],
            [
              45.358778563791276,
              36.17329526252914
            ],
            [
              46.020355912921616,
              36.122419731074274
            ],
            [
              45.96945595143961,
              35.46105309092775
            ],
            [
              45.40966631025972,
              34.95230388388572
            ],
            [
              44.798988922611386,
              34.6470537489098
            ]
          ],
          [
            [
              46.07123144437651,
              33.83306051439865
            ],
            [
              46.73283322353393,
              33.527813433176135
            ]
          ],
          [
            [
              49.27735491210484,
              37.903035848214614
            ],
            [
              49.633593567411,
              37.2925355782628
            ],
            [
              49.93893226123515,
              36.63117199186968
            ],
            [
              50.14248324710891,
              35.969796190463
            ]
          ],
          [
            [
              48.9720040032671,
              36.58029035290804
            ],
            [
              49.58268139091547,
              36.63117199186968
            ],
            [
              50.19338320859089,
              36.732916947272656
            ],
            [
              50.90583608917612,
              36.83466495642904
            ],
            [
              51.51652569183801,
              36.93641601933882
            ]
          ],
          [
            [
              54.010184063967586,
              37.34341110971769
            ],
            [
              54.010184063967586,
              36.376794334595274
            ],
            [
              54.010184063967586,
              35.7154185331886
            ],
            [
              54.010184063967586,
              35.00317941534058
            ],
            [
              54.010184063967586,
              34.3926791453888
            ]
          ],
          [
            [
              53.755720901598295,
              34.90142835243083
            ],
            [
              54.77353690603479,
              34.69792928036469
            ]
          ],
          [
            [
              56.14757935076389,
              35.308423442809726
            ],
            [
              56.50381800607005,
              34.18918618082944
            ],
            [
              56.707381206957336,
              33.57868896463103
            ],
            [
              56.9109321928311,
              32.96818869467921
            ]
          ],
          [
            [
              6.4274904580385765,
              31.449273135439256
            ],
            [
              6.529278165988998,
              30.533525784264953
            ],
            [
              6.631053658925879,
              29.821283612663535
            ],
            [
              6.834604644799626,
              28.752909667124584
            ],
            [
              6.987280099218481,
              27.888047008665325
            ],
            [
              6.9363923527500475,
              26.565298459605344
            ],
            [
              6.834604644799626,
              25.70043274739271
            ]
          ],
          [
            [
              7.445306462475074,
              26.565298459605344
            ],
            [
              8.157759343060292,
              26.46355655795577
            ],
            [
              8.921124400141053,
              26.26005443213623
            ],
            [
              9.480914041320943,
              25.85305934175733
            ]
          ],
          [
            [
              7.648857448348821,
              26.412677972747474
            ],
            [
              8.20865930454228,
              27.074047666647402
            ],
            [
              8.819348907204159,
              27.73542346805408
            ],
            [
              9.27736305544721,
              28.295042099044224
            ]
          ],
          [
            [
              14.97710825026445,
              27.12492625185567
            ],
            [
              14.061079953778403,
              27.12492625185567
            ],
            [
              13.297714896697642,
              26.97229965749102
            ],
            [
              12.737913040504168,
              26.717925053969992
            ],
            [
              13.450390351116482,
              26.20918195443474
            ],
            [
              14.315518686120583,
              26.0056798286152
            ],
            [
              15.078883743201317,
              25.85305934175733
            ],
            [
              15.68957334586321,
              25.954810404667114
            ],
            [
              15.536897891444369,
              26.616180098567014
            ],
            [
              15.180671451151767,
              27.226674261012022
            ],
            [
              14.41731860908456,
              27.633672405144296
            ],
            [
              13.603065805535351,
              27.53192134223454
            ]
          ],
          [
            [
              20.06615162740627,
              30.38090224365368
            ],
            [
              19.86260064153251,
              29.617781486844024
            ],
            [
              19.65903744064522,
              28.600292234020117
            ],
            [
              19.455474239757905,
              27.684544882845785
            ],
            [
              19.251911038870617,
              26.92142412603613
            ],
            [
              19.04834783798333,
              26.107430891524984
            ]
          ],
          [
            [
              19.86260064153251,
              28.752909667124584
            ],
            [
              20.473290244194402,
              28.803791306086254
            ],
            [
              21.134867593324742,
              28.803791306086254
            ],
            [
              21.898232650405504,
              28.803791306086254
            ],
            [
              22.66158549247271,
              28.702040243176498
            ],
            [
              23.323162841603022,
              28.600292234020117
            ],
            [
              24.13741564515223,
              28.19329103613444
            ],
            [
              24.493642085444833,
              27.58279381993603
            ],
            [
              24.290078884557545,
              26.97229965749102
            ],
            [
              23.781176989846074,
              26.412677972747474
            ],
            [
              23.119599640715734,
              26.0056798286152
            ],
            [
              22.305346837166553,
              25.85305934175733
            ],
            [
              21.491094033617344,
              25.903928765705444
            ],
            [
              20.778628938018585,
              26.107430891524984
            ],
            [
              20.167951550370248,
              26.412677972747474
            ],
            [
              19.608149694176774,
              26.66704952251513
            ],
            [
              20.06615162740627,
              25.954810404667114
            ],
            [
              20.67685344508172,
              25.19168964785746
            ],
            [
              21.23664308626161,
              24.63206490936051
            ],
            [
              21.8473326889235,
              24.275942296683127
            ]
          ],
          [
            [
              27.750641084628057,
              27.175798729557158
            ],
            [
              27.241739189916586,
              26.361805495045985
            ],
            [
              26.88550053461043,
              25.751308278847574
            ],
            [
              26.427486386367406,
              24.83556092767327
            ],
            [
              26.173023223998115,
              24.225066765228235
            ],
            [
              26.88550053461043,
              24.17419123377337
            ],
            [
              27.64886559169119,
              24.021564639408723
            ],
            [
              28.46311839524037,
              23.868938045044075
            ],
            [
              29.27734676876247,
              23.66544813423812
            ],
            [
              29.888036371424363,
              23.411070476963687
            ]
          ],
          [
            [
              27.954204285515345,
              25.3443101347153
            ],
            [
              28.615781634645685,
              25.039063053492782
            ],
            [
              29.226471237307578,
              24.83556092767327
            ]
          ],
          [
            [
              30.040711825843232,
              26.66704952251513
            ],
            [
              30.549613720554703,
              26.158303369226473
            ],
            [
              31.160303323216596,
              25.751308278847574
            ],
            [
              31.923656165283802,
              25.395179558663415
            ]
          ],
          [
            [
              35.333330618885896,
              20.81646723281898
            ],
            [
              35.74045702066047,
              21.884828963344376
            ],
            [
              35.94402022154776,
              22.59707418869914
            ],
            [
              36.04580792949821,
              23.258449990105845
            ],
            [
              36.147583422435076,
              23.97068910795383
            ],
            [
              36.198471168903495,
              25.039063053492782
            ],
            [
              36.04580792949821,
              25.64955721593782
            ],
            [
              35.43510611182273,
              25.85305934175733
            ],
            [
              34.97709196357971,
              25.446055090118307
            ],
            [
              34.62086552328711,
              24.886436459128163
            ],
            [
              34.26462686798095,
              24.225066765228235
            ],
            [
              34.010175920625215,
              23.411070476963687
            ],
            [
              33.75572497326948,
              22.749700783063815
            ]
          ],
          [
            [
              35.99492018302976,
              24.021564639408723
            ],
            [
              36.6055975706781,
              23.46194600841858
            ],
            [
              37.21629938835355,
              22.902327377428435
            ]
          ],
          [
            [
              34.51909003035024,
              22.34270874643829
            ],
            [
              35.28244287241745,
              22.088331089163887
            ],
            [
              35.89313247507934,
              21.98658002625413
            ],
            [
              36.554697609196126,
              21.833953431889483
            ]
          ],
          [
            [
              40.01525980926664,
              28.752909667124584
            ],
            [
              40.778612651333844,
              28.498538117356958
            ],
            [
              41.49108996194616,
              28.091539973224684
            ],
            [
              42.05087960312608,
              27.684544882845785
            ],
            [
              42.50891818139621,
              27.074047666647402
            ],
            [
              42.20356727255847,
              26.412677972747474
            ],
            [
              41.592865454883025,
              26.0056798286152
            ],
            [
              40.98218806723469,
              25.59868473823633
            ],
            [
              40.524173918991664,
              25.19168964785746
            ],
            [
              40.42238621104124,
              24.530313846450753
            ]
          ],
          [
            [
              42.48011517943448,
              20.52397262574746
            ],
            [
              41.86941336175903,
              19.964353994757317
            ],
            [
              41.360523682061114,
              19.557355850625044
            ],
            [
              41.41142364354312,
              20.16785001307005
            ]
          ],
          [
            [
              47.92540942689601,
              26.32369465275565
            ],
            [
              48.12896041276974,
              25.306193184918186
            ],
            [
              48.33252361365703,
              24.339576409795797
            ],
            [
              48.63787452249477,
              23.576455652986112
            ],
            [
              49.50300285749884,
              23.067706445944083
            ],
            [
              50.11370467517429,
              23.01683702199597
            ],
            [
              50.72436984780907,
              23.067706445944083
            ],
            [
              51.64042257432226,
              23.525586229038026
            ],
            [
              52.14932446903373,
              23.983453797118386
            ],
            [
              52.96357727258291,
              24.339576409795797
            ],
            [
              53.72691789963656,
              24.950076679747582
            ],
            [
              54.337607502298454,
              25.40794424782797
            ]
          ],
          [
            [
              53.16712825845667,
              23.22033304030873
            ],
            [
              53.16712825845667,
              22.609832770356917
            ],
            [
              53.116240511988224,
              21.643215995234527
            ],
            [
              53.116240511988224,
              21.03272183278949
            ],
            [
              53.93049331553743,
              21.541464932324743
            ],
            [
              54.38851967879401,
              21.999344715418687
            ],
            [
              55.20276026732964,
              22.813334896176457
            ],
            [
              55.91523757794198,
              23.423835166128242
            ],
            [
              56.322351764703,
              23.932578265663523
            ],
            [
              56.627690458527184,
              24.54307242810853
            ]
          ],
          [
            [
              59.986464950647274,
              25.357068716373078
            ],
            [
              59.73201400329154,
              24.74657455392807
            ],
            [
              59.681138471836675,
              23.830827202753767
            ],
            [
              59.681138471836675,
              22.864204320124543
            ],
            [
              59.73201400329154,
              22.101095778328443
            ],
            [
              59.986464950647274,
              21.541464932324743
            ],
            [
              60.648042299777615,
              21.490595508376657
            ]
          ],
          [
            [
              61.055180916565746,
              24.54307242810853
            ],
            [
              60.393579137408324,
              24.593947959563423
            ],
            [
              59.78291396477354,
              24.288700878340904
            ],
            [
              59.426675309467385,
              23.729076139843983
            ],
            [
              59.681138471836675,
              23.118581977398946
            ],
            [
              60.34270360595343,
              22.660714409318587
            ],
            [
              61.055180916565746,
              22.406336752044183
            ]
          ],
          [
            [
              59.73201400329154,
              23.932578265663523
            ],
            [
              58.96866116122433,
              23.932578265663523
            ],
            [
              55.66077441557269,
              23.830827202753767
            ],
            [
              52.09843672256528,
              23.16945750885384
            ],
            [
              49.50300285749884,
              22.50808781495394
            ],
            [
              47.976309388377985,
              22.101095778328443
            ],
            [
              50.67349431635421,
              22.762459364721565
            ],
            [
              54.846533827037035,
              23.830827202753767
            ],
            [
              57.899957410319416,
              24.89920114829272
            ],
            [
              59.273999855048515,
              25.458819779282862
            ],
            [
              57.95085737180139,
              25.814942391960244
            ],
            [
              57.03481686030179,
              25.611446373647482
            ],
            [
              56.11878856381571,
              25.357068716373078
            ],
            [
              55.558998922635794,
              24.950076679747582
            ],
            [
              55.10096034436566,
              24.492203004160444
            ],
            [
              54.032281023487855,
              24.08520486002817
            ],
            [
              51.94576126814641,
              23.678206715895897
            ],
            [
              50.06280471369229,
              23.322084103218486
            ],
            [
              48.84143772338206,
              23.118581977398946
            ],
            [
              48.02718491983288,
              22.965961490541105
            ]
          ],
          [
            [
              4.7702062790055635,
              22.55896334640883
            ],
            [
              4.973763372386088,
              21.744967058144283
            ],
            [
              5.177320465766613,
              21.083597364244383
            ],
            [
              5.482665267097559,
              20.37135213888959
            ],
            [
              6.144236508721107,
              20.269601075979836
            ],
            [
              6.6022628719777,
              20.727474751566973
            ],
            [
              7.111164766689171,
              21.134472895699247
            ],
            [
              7.518291168463762,
              20.67660532761886
            ],
            [
              8.281644010530982,
              21.18534231964736
            ],
            [
              9.401235507904346,
              22.0502141393668
            ]
          ],
          [
            [
              11.385967555295338,
              19.353853724805504
            ],
            [
              11.894881665020364,
              19.760851868937777
            ],
            [
              12.200220358844518,
              20.3204766074347
            ],
            [
              11.945769411488783,
              20.880095238424843
            ],
            [
              11.436867516777312,
              20.473103201799347
            ],
            [
              11.436867516777312,
              19.86260293184756
            ],
            [
              11.640430717664628,
              19.252108769402525
            ],
            [
              12.1493326123761,
              18.84511062527025
            ],
            [
              12.810909961506411,
              18.743359562360496
            ],
            [
              13.421599564168304,
              19.150363813999547
            ],
            [
              13.828713750929353,
              19.811733507899447
            ],
            [
              14.134064659767091,
              20.625723688657217
            ],
            [
              14.18495240623551,
              21.236223958609003
            ],
            [
              14.592078808010115,
              20.778344175515087
            ],
            [
              14.84652975536585,
              20.066105057667073
            ],
            [
              15.202768410672007,
              19.455604787715288
            ],
            [
              15.66078255891506,
              18.895986156725144
            ],
            [
              16.22057220009495,
              18.64160849945074
            ],
            [
              16.933049510707264,
              18.895986156725144
            ],
            [
              17.340175912481868,
              19.557355850625044
            ],
            [
              17.64551460630605,
              20.16785001307005
            ],
            [
              17.69640235277447,
              20.82922581447673
            ],
            [
              18.103528754549075,
              20.015223418705432
            ],
            [
              18.408867448373258,
              19.252108769402525
            ],
            [
              18.765106103679415,
              18.64160849945074
            ]
          ],
          [
            [
              25.329991848514283,
              19.86260293184756
            ],
            [
              24.617514537901968,
              19.913478463302425
            ]
          ],
          [
            [
              24.973753193208125,
              18.79423509381536
            ],
            [
              24.973753193208125,
              18.18374093137035
            ]
          ],
          [
            [
              24.770202207334393,
              17.217118048741156
            ],
            [
              25.38087959498273,
              17.013622030428394
            ]
          ],
          [
            [
              30.673498388025394,
              18.18374093137035
            ],
            [
              30.978849296863103,
              17.47149570601556
            ],
            [
              31.182400282736864,
              16.861001543570552
            ],
            [
              31.487751191574574,
              16.250501273618738
            ],
            [
              32.047540832754464,
              15.741752066576709
            ],
            [
              32.810905889835226,
              15.741752066576709
            ],
            [
              33.42159549249715,
              16.047005255306004
            ],
            [
              33.77782193278975,
              16.708374949205904
            ],
            [
              33.77782193278975,
              17.318869111650912
            ],
            [
              33.472483238965566,
              17.929363274095948
            ],
            [
              32.86179363630367,
              18.285491994280108
            ],
            [
              32.20022850218689,
              18.234616462825215
            ],
            [
              31.589538899524996,
              17.82761831869294
            ]
          ],
          [
            [
              36.983933185504526,
              18.539863544047734
            ],
            [
              36.67859449168037,
              17.776742787238078
            ],
            [
              36.62769453019837,
              17.166242517286264
            ],
            [
              36.83125773108566,
              16.403127867983386
            ],
            [
              37.34015962579713,
              15.894378660941356
            ],
            [
              37.950861443472576,
              15.945254192396249
            ],
            [
              38.25620013729676,
              16.708374949205904
            ],
            [
              38.25620013729676,
              17.47149570601556
            ],
            [
              37.849073735522154,
              17.980244913057618
            ]
          ],
          [
            [
              43.599694461794286,
              17.82761831869294
            ],
            [
              44.3630717338886,
              17.522371237470452
            ],
            [
              44.973736906523385,
              17.318869111650912
            ],
            [
              45.68621421713573,
              17.166242517286264
            ],
            [
              46.44957927421646,
              16.911870967518638
            ]
          ],
          [
            [
              45.43177548479355,
              17.318869111650912
            ],
            [
              44.87198584361363,
              16.657499417751012
            ],
            [
              44.46484722682547,
              16.199625742163846
            ],
            [
              43.905045370632024,
              15.589131579718838
            ],
            [
              43.44703122238897,
              15.182133435586564
            ],
            [
              44.21038406445618,
              15.182133435586564
            ],
            [
              44.973736906523385,
              15.182133435586564
            ]
          ],
          [
            [
              49.045000924269345,
              15.233008967041457
            ],
            [
              49.24855191014311,
              15.843503129486464
            ],
            [
              49.65567831191771,
              16.30137680507363
            ],
            [
              50.16460463665629,
              16.759250480660796
            ],
            [
              50.82616977077305,
              16.759250480660796
            ],
            [
              51.2841839190161,
              16.30137680507363
            ],
            [
              51.436847158421415,
              15.538262155770724
            ],
            [
              52.04753676108328,
              15.436511092860968
            ],
            [
              52.55646308582186,
              16.047005255306004
            ],
            [
              52.810889603150486,
              16.60662388629612
            ],
            [
              53.31980371287551,
              17.013622030428394
            ],
            [
              54.032281023487855,
              17.013622030428394
            ],
            [
              54.64294619612264,
              16.708374949205904
            ]
          ],
          [
            [
              3.90505351397438,
              13.554140859057469
            ],
            [
              4.159510568836893,
              14.164641129009283
            ],
            [
              4.515743116636273,
              13.655891921967225
            ],
            [
              5.075544972829732,
              13.401520372199599
            ],
            [
              5.737122321960072,
              13.605016390512361
            ],
            [
              6.195136470203096,
              14.113771705061168
            ],
            [
              6.246024216671543,
              13.299769309289843
            ],
            [
              6.042461015784241,
              12.536648552480187
            ],
            [
              6.6531506184461335,
              12.791020102247813
            ],
            [
              7.00937705873875,
              13.299769309289843
            ],
            [
              7.670966622882631,
              12.994522228067325
            ],
            [
              8.281644010530982,
              12.587530191441829
            ],
            [
              8.994121321143297,
              12.740150678299699
            ],
            [
              9.45213546938632,
              13.198018246380087
            ],
            [
              9.757486378224058,
              13.808512408825095
            ],
            [
              9.961037364097791,
              14.419012678776909
            ],
            [
              10.062812857034658,
              15.029506841221917
            ],
            [
              10.062812857034658,
              14.419012678776909
            ],
            [
              10.571714751746129,
              13.808512408825095
            ],
            [
              11.182416569421576,
              13.248893777834951
            ],
            [
              11.589542971196181,
              12.689275146844807
            ],
            [
              12.200220358844518,
              12.740150678299699
            ],
            [
              12.810909961506411,
              13.248893777834951
            ],
            [
              13.370711817699885,
              13.859394047786765
            ],
            [
              13.574262803573617,
              14.469888210231773
            ],
            [
              12.96358541592528,
              14.724259759999427
            ],
            [
              12.301995851781385,
              14.571639273141557
            ],
            [
              12.352895813263387,
              13.961139003189743
            ],
            [
              12.810909961506411,
              13.503271435109355
            ],
            [
              13.421599564168304,
              13.198018246380087
            ],
            [
              14.03227695181667,
              13.198018246380087
            ],
            [
              14.642966554478562,
              13.605016390512361
            ],
            [
              15.050092956253138,
              14.113771705061168
            ],
            [
              14.795642008897403,
              13.299769309289843
            ],
            [
              14.592078808010115,
              12.587530191441829
            ],
            [
              15.100992917735141,
              13.198018246380087
            ],
            [
              15.406319396545769,
              13.859394047786765
            ],
            [
              15.711670305383478,
              14.571639273141557
            ],
            [
              16.322347693031816,
              14.724259759999427
            ],
            [
              16.933049510707264,
              14.317261615867153
            ],
            [
              17.492839151887182,
              14.673390336051312
            ],
            [
              17.187500458063,
              15.385635561406104
            ],
            [
              16.627698601869554,
              15.690882642628594
            ],
            [
              16.118796707158083,
              15.233008967041457
            ],
            [
              15.966121252739214,
              14.62251480459642
            ],
            [
              16.16968445362653,
              13.757642984877009
            ],
            [
              16.576810855401106,
              13.198018246380087
            ],
            [
              17.340175912481868,
              12.740150678299699
            ],
            [
              17.950853300130206,
              12.841901741209455
            ],
            [
              18.561542902792098,
              13.198018246380087
            ],
            [
              19.01955705103515,
              13.757642984877009
            ],
            [
              19.426683452809755,
              14.266392191919039
            ],
            [
              19.83380985458433,
              14.826010822909183
            ],
            [
              19.426683452809755,
              14.317261615867153
            ],
            [
              19.375795706341307,
              13.706767453422117
            ],
            [
              19.935597562534753,
              13.452389796147713
            ],
            [
              20.597162696651537,
              13.452389796147713
            ],
            [
              21.258752260795433,
              13.554140859057469
            ],
            [
              21.818541901975323,
              13.961139003189743
            ],
            [
              22.02210510286264,
              14.571639273141557
            ],
            [
              21.564090954619587,
              14.978631309767025
            ],
            [
              21.106076806376564,
              14.419012678776909
            ],
            [
              21.05517684489456,
              13.808512408825095
            ],
            [
              21.3605277537323,
              13.248893777834951
            ],
            [
              21.971205141380636,
              12.943646696612461
            ],
            [
              22.83635790641182,
              12.943646696612461
            ],
            [
              23.54882300201058,
              12.943646696612461
            ],
            [
              23.650598494947474,
              12.333152534167425
            ],
            [
              24.261288097609366,
              12.282277002712533
            ],
            [
              24.464851298496654,
              12.943646696612461
            ],
            [
              24.413963552028235,
              13.554140859057469
            ],
            [
              24.108624858204053,
              14.368137147322017
            ],
            [
              23.803273949366314,
              14.978631309767025
            ],
            [
              24.05772489672205,
              14.266392191919039
            ],
            [
              24.413963552028235,
              13.655891921967225
            ],
            [
              24.82108995380281,
              13.045397759522217
            ],
            [
              25.07552868614499,
              12.43490359707718
            ]
          ],
          [
            [
              20.342723964309357,
              13.350644840744735
            ],
            [
              19.681134400165462,
              13.605016390512361
            ]
          ],
          [
            [
              20.291824002827354,
              13.961139003189743
            ],
            [
              19.630246653697043,
              13.961139003189743
            ]
          ],
          [
            [
              5.024651118854521,
              15.385635561406104
            ],
            [
              4.312179915748985,
              15.029506841221917
            ],
            [
              4.821081810460456,
              14.673390336051312
            ],
            [
              5.380883666653915,
              15.080382372676809
            ]
          ],
          [
            [
              12.047557119439205,
              14.62251480459642
            ],
            [
              11.436867516777312,
              14.368137147322017
            ],
            [
              10.724402421178553,
              14.368137147322017
            ],
            [
              10.11371281851666,
              14.368137147322017
            ]
          ],
          [
            [
              31.84398984688073,
              9.68766765106102
            ],
            [
              32.302003995123755,
              10.349037344960948
            ],
            [
              32.60734268894794,
              11.061282570315711
            ],
            [
              32.76001814336681,
              11.671776732760748
            ],
            [
              32.963581344254095,
              11.061282570315711
            ],
            [
              33.472483238965566,
              10.501663939325567
            ],
            [
              34.23583608103277,
              10.247292389557941
            ],
            [
              34.846525683694665,
              10.349037344960948
            ],
            [
              35.558990779293424,
              10.603408894728574
            ],
            [
              36.169680381955345,
              10.959531507405956
            ],
            [
              36.78036998461724,
              11.417405182993122
            ],
            [
              37.18749638639184,
              11.875278858580259
            ],
            [
              37.79818598905371,
              11.57003177735777
            ],
            [
              38.05263693640944,
              11.010413146367625
            ],
            [
              38.05263693640944,
              10.399912876415812
            ],
            [
              38.56153883112091,
              9.992914732283538
            ],
            [
              39.019552979363965,
              10.450788407870704
            ],
            [
              39.07045294084594,
              11.163033633225496
            ],
            [
              39.324903888201675,
              11.773527795670503
            ],
            [
              40.03735676878691,
              11.824403327125395
            ],
            [
              40.648058586462355,
              11.671776732760748
            ]
          ],
          [
            [
              32.65824265042994,
              12.791020102247813
            ],
            [
              33.3198077845467,
              12.791020102247813
            ],
            [
              32.70913039689836,
              12.485779128532073
            ]
          ],
          [
            [
              37.950861443472576,
              9.789412606464026
            ],
            [
              38.40886337670207,
              10.196416858103078
            ],
            [
              38.96866523289552,
              10.552533363273682
            ],
            [
              39.579342620543855,
              10.654284426183438
            ],
            [
              40.1900444382193,
              10.552533363273682
            ],
            [
              40.648058586462355,
              10.145541326648186
            ],
            [
              41.156960481173826,
              9.68766765106102
            ]
          ],
          [
            [
              39.78291803644473,
              9.280669506928746
            ],
            [
              39.681130328494305,
              9.942039200828674
            ],
            [
              39.681130328494305,
              10.654284426183438
            ],
            [
              39.63024258202586,
              11.36652965153823
            ],
            [
              39.63024258202586,
              12.129650408347914
            ],
            [
              40.29181993115617,
              11.875278858580259
            ],
            [
              40.5971464099668,
              11.315660227590115
            ],
            [
              40.953409495300065,
              10.552533363273682
            ],
            [
              41.25874818912425,
              9.942039200828674
            ],
            [
              41.71676233736727,
              9.5350410566964
            ],
            [
              42.12387652412832,
              10.094665795193293
            ],
            [
              42.48011517943448,
              10.908662083457841
            ],
            [
              42.68366616530824,
              11.519156245902877
            ],
            [
              42.989029289159504,
              12.180525939802777
            ]
          ],
          [
            [
              39.47756712760699,
              14.012020642151413
            ],
            [
              39.47756712760699,
              13.198018246380087
            ],
            [
              39.47756712760699,
              12.384021958115511
            ],
            [
              39.47756712760699,
              11.468280714447985
            ],
            [
              39.37579163467012,
              10.552533363273682
            ],
            [
              39.324903888201675,
              9.891163669373782
            ],
            [
              39.2231039652377,
              9.229793975473882
            ]
          ],
          [
            [
              40.90250953381809,
              13.452389796147713
            ],
            [
              41.156960481173826,
              12.89277116515757
            ],
            [
              41.46229917499798,
              12.23140147125767
            ],
            [
              41.92031332324103,
              11.519156245902877
            ],
            [
              42.27655197854719,
              10.908662083457841
            ],
            [
              42.581915102398455,
              10.145541326648186
            ],
            [
              42.88724158120908,
              9.585922695658041
            ],
            [
              43.49791896885742,
              9.738543182515912
            ],
            [
              43.65059442327629,
              10.603408894728574
            ],
            [
              43.752369916213155,
              11.620907308812633
            ],
            [
              43.80326987769513,
              12.23140147125767
            ],
            [
              44.006833078582446,
              13.198018246380087
            ],
            [
              44.21038406445618,
              13.910269579241628
            ],
            [
              44.51572275828036,
              14.520763741686665
            ]
          ],
          [
            [
              8.383431718481404,
              10.349037344960948
            ],
            [
              7.772742115819497,
              10.349037344960948
            ],
            [
              6.958489312270302,
              10.145541326648186
            ],
            [
              6.500487379040834,
              9.636792119606156
            ],
            [
              6.093348762252674,
              8.975422425706256
            ],
            [
              5.6353346140096505,
              8.364922155754442
            ],
            [
              5.380883666653915,
              7.65267693039965
            ],
            [
              5.5844407600344255,
              6.889556173589995
            ],
            [
              6.398699671090398,
              6.380813074054743
            ],
            [
              7.212952474639593,
              6.126435416780339
            ],
            [
              8.027205278188788,
              6.0755659928322245
            ]
          ],
          [
            [
              12.70912225355599,
              9.585922695658041
            ],
            [
              12.403783559731835,
              8.873671362796472
            ],
            [
              12.251120320326521,
              8.263177200351464
            ],
            [
              12.251120320326521,
              7.65267693039965
            ],
            [
              12.45468352121381,
              7.0421827679546425
            ],
            [
              12.70912225355599,
              6.482564136964498
            ],
            [
              13.319811856217882,
              6.482564136964498
            ],
            [
              13.828713750929353,
              6.889556173589995
            ],
            [
              14.134064659767091,
              7.50005644354178
            ],
            [
              13.930501458879775,
              8.110556713493594
            ],
            [
              13.218036363281016,
              8.212295561389794
            ]
          ],
          [
            [
              16.933049510707264,
              9.789412606464026
            ],
            [
              16.933049510707264,
              9.02629795716112
            ],
            [
              16.933049510707264,
              8.110556713493594
            ],
            [
              16.933049510707264,
              7.143933830864398
            ],
            [
              16.933049510707264,
              6.279062011144958
            ],
            [
              17.03482500364416,
              5.617692317245087
            ]
          ],
          [
            [
              17.950853300130206,
              8.110556713493594
            ],
            [
              18.35797970190481,
              8.670175344483738
            ],
            [
              18.968669304566703,
              9.17891844401899
            ],
            [
              19.579358907228595,
              9.17891844401899
            ],
            [
              19.935597562534753,
              8.670175344483738
            ],
            [
              20.139148548408514,
              7.856172948712413
            ],
            [
              20.139148548408514,
              7.2456848937741825
            ],
            [
              20.03737305547162,
              8.059675074531924
            ],
            [
              20.342723964309357,
              8.721050875938602
            ],
            [
              20.64806265813354,
              9.280669506928746
            ],
            [
              21.258752260795433,
              9.5350410566964
            ],
            [
              22.02210510286264,
              9.38242056983853
            ],
            [
              22.53100699757411,
              8.975422425706256
            ],
            [
              22.938133399348686,
              8.364922155754442
            ],
            [
              23.039921107299108,
              7.754427993309434
            ],
            [
              22.98903336083069,
              7.093058299409506
            ],
            [
              22.938133399348686,
              6.482564136964498
            ],
            [
              22.887245652880267,
              5.872063867012685
            ]
          ],
          [
            [
              24.413963552028235,
              5.414196298932325
            ],
            [
              24.413963552028235,
              6.228186479690095
            ],
            [
              24.515739044965102,
              6.8386806421351025
            ],
            [
              24.617514537901968,
              7.449187019593694
            ],
            [
              24.82108995380281,
              8.059675074531924
            ],
            [
              25.126428647626994,
              8.619299813028846
            ],
            [
              25.8897814896942,
              8.873671362796472
            ],
            [
              26.653146546774963,
              8.822795831341608
            ],
            [
              27.162048441486434,
              8.415797687209334
            ],
            [
              27.212948402968408,
              7.805309632271076
            ],
            [
              27.162048441486434,
              6.940431705044887
            ],
            [
              27.06027294854954,
              6.329931435093073
            ],
            [
              27.212948402968408,
              7.0421827679546425
            ],
            [
              27.51828709679259,
              7.601807506451564
            ],
            [
              28.02718899150406,
              8.059675074531924
            ],
            [
              28.63789080917951,
              8.110556713493594
            ],
            [
              29.299455943296266,
              8.008805650583838
            ],
            [
              29.910145545958187,
              7.754427993309434
            ],
            [
              30.368147479187655,
              7.347435956683938
            ],
            [
              30.419047440669658,
              6.736935686732124
            ],
            [
              31.02973704333155,
              6.584315199874254
            ],
            [
              31.589538899524996,
              6.8386806421351025
            ],
            [
              32.20022850218689,
              7.50005644354178
            ],
            [
              32.65824265042994,
              8.161432244948486
            ],
            [
              32.3528917415922,
              7.5509258674898945
            ],
            [
              32.70913039689836,
              6.940431705044887
            ],
            [
              33.06535683719096,
              6.431682498002829
            ],
            [
              33.77782193278975,
              6.0755659928322245
            ],
            [
              34.49029924340206,
              5.973814929922469
            ],
            [
              35.1009766310504,
              6.126435416780339
            ],
            [
              35.45721528635656,
              6.736935686732124
            ],
            [
              35.508103032825005,
              7.347435956683938
            ],
            [
              35.25365208546927,
              6.787817325693794
            ],
            [
              35.20276433900082,
              6.17731705574198
            ],
            [
              35.40632753988814,
              5.515941254335303
            ],
            [
              36.11878042047334,
              5.210694173112813
            ],
            [
              36.72948223814879,
              5.210694173112813
            ],
            [
              37.34015962579713,
              5.312445236022569
            ],
            [
              37.74728602757173,
              5.770312804102929
            ],
            [
              38.15441242934634,
              6.431682498002829
            ],
            [
              38.66332653907136,
              6.787817325693794
            ],
            [
              39.07045294084594,
              6.279062011144958
            ],
            [
              39.019552979363965,
              5.668561741193173
            ],
            [
              39.17221621876928,
              5.058073686254943
            ],
            [
              39.42667938113857,
              4.447573416303129
            ],
            [
              39.78291803644473,
              3.9388242092610994
            ],
            [
              40.03735676878691,
              4.600193903160999
            ],
            [
              40.29181993115617,
              5.312445236022569
            ],
            [
              40.80072182586764,
              5.770312804102929
            ],
            [
              41.46229917499798,
              5.922945505974354
            ],
            [
              42.07298877765987,
              5.922945505974354
            ],
            [
              42.68366616530824,
              5.719443380154843
            ],
            [
              43.2943557679701,
              5.210694173112813
            ],
            [
              43.44703122238897,
              4.600193903160999
            ],
            [
              44.10860857151931,
              4.854571560435403
            ],
            [
              44.566622719762336,
              5.363314659970655
            ],
            [
              45.02463686800539,
              5.872063867012685
            ],
            [
              45.380875523311545,
              5.312445236022569
            ],
            [
              46.04245287244186,
              4.905447091890295
            ],
            [
              46.80581792952262,
              4.549324479212885
            ],
            [
              47.36560757070254,
              4.193201866535503
            ],
            [
              47.976309388377985,
              4.294952929445259
            ],
            [
              48.07808488131485,
              5.007198154800051
            ],
            [
              48.33252361365703,
              5.770312804102929
            ],
            [
              48.739650015431636,
              6.584315199874254
            ],
            [
              49.045000924269345,
              7.143933830864398
            ],
            [
              48.739650015431636,
              6.584315199874254
            ],
            [
              48.5360990295579,
              5.973814929922469
            ],
            [
              48.94321321631895,
              5.515941254335303
            ],
            [
              49.65567831191771,
              4.854571560435403
            ],
            [
              50.215480168111156,
              4.396703992355015
            ],
            [
              50.77528202430463,
              4.091438588612192
            ],
            [
              51.33507166548452,
              4.4984428402512435
            ],
            [
              51.793085813727544,
              4.956322623345159
            ],
            [
              52.30199992345257,
              5.414196298932325
            ],
            [
              52.60733861727675,
              4.803696028980539
            ],
            [
              53.01446501905136,
              4.345822353393373
            ],
            [
              53.87959335405543,
              4.345822353393373
            ],
            [
              54.592070664667744,
              4.345822353393373
            ],
            [
              55.35542350673495,
              4.651069434615863
            ],
            [
              55.558998922635794,
              5.2615758120744545
            ],
            [
              55.966113109396844,
              4.803696028980539
            ],
            [
              56.627690458527184,
              4.294952929445259
            ],
            [
              57.28928002267105,
              4.142326335080611
            ],
            [
              57.899957410319416,
              4.244077397990395
            ],
            [
              58.40885930503089,
              4.701944966070755
            ],
            [
              58.56152254443617,
              5.312445236022569
            ],
            [
              58.56152254443617,
              5.922945505974354
            ],
            [
              59.273999855048515,
              5.719443380154843
            ],
            [
              59.681138471836675,
              5.159812534151143
            ],
            [
              60.03736491212928,
              4.651069434615863
            ],
            [
              60.1391526200797,
              3.9896997407159915
            ],
            [
              59.88468945771041,
              4.854571560435403
            ],
            [
              59.93558941919241,
              5.617692317245087
            ],
            [
              60.240928113016565,
              6.228186479690095
            ],
            [
              60.85161771567846,
              6.126435416780339
            ],
            [
              61.25873190243951,
              5.668561741193173
            ],
            [
              61.56407059626366,
              5.007198154800051
            ],
            [
              61.716758265696086,
              4.244077397990395
            ],
            [
              61.716758265696086,
              3.4300811097258475
            ],
            [
              61.716758265696086,
              2.8195808397740336
            ]
          ],
          [
            [
              46.70404243658575,
              6.99130723649975
            ],
            [
              46.70404243658575,
              6.380813074054743
            ],
            [
              46.04245287244186,
              6.787817325693794
            ]
          ]
        ]
      }
    }
  ]
}