{
  "type": "FeatureCollection",
  "crs": {
    "type": "name",
    "properties": {
      "name": "urn:ogc:def:crs:OGC:1.3:CRS84"
    }
  },
  "features": [
    {
      "type": "Feature",
      "properties": {
        "timestamp": "2026-04-08T16:29:54.999769",
        "country_name": "Greece",
        "author": "",
        "author_id": "2d77f0c8-b217-46b0-8a7c-12fd24a37ab5",
        "validated": false,
        "ranking": [
          [
            "Greece",
            0.20506949722766876
          ],
          [
            "Denmark",
            0.12886908650398254
          ],
          [
            "Canada",
            0.11375162750482559
          ],
          [
            "Bangladesh",
            0.051204830408096313
          ],
          [
            "Falkland Islands",
            0.044568296521902084
          ],
          [
            "Guinea-Bissau",
            0.026625994592905045
          ],
          [
            "Hong Kong",
            0.026341905817389488
          ],
          [
            "Tajikistan",
            0.022963419556617737
          ],
          [
            "Svalbard",
            0.020819569006562233
          ],
          [
            "Papua New Guinea",
            0.014751125127077103
          ],
          [
            "Senegal",
            0.013875728473067284
          ],
          [
            "Croatia",
            0.013126957230269909
          ],
          [
            "Switzerland",
            0.012684822082519531
          ],
          [
            "Russia",
            0.012502319179475307
          ],
          [
            "Ukraine",
            0.011896689422428608
          ],
          [
            "France",
            0.008422944694757462
          ],
          [
            "Philippines",
            0.008159376680850983
          ],
          [
            "Netherlands",
            0.008024929091334343
          ],
          [
            "Montenegro",
            0.007515106815844774
          ],
          [
            "Ireland",
            0.00700432900339365
          ],
          [
            "Iceland",
            0.006643364205956459
          ],
          [
            "Congo",
            0.0065420158207416534
          ],
          [
            "Italy",
            0.006029891781508923
          ],
          [
            "Burkina Faso",
            0.005878256633877754
          ],
          [
            "India",
            0.00489240325987339
          ],
          [
            "Mozambique",
            0.004725943319499493
          ],
          [
            "Greenland",
            0.0047057317569851875
          ],
          [
            "Gabon",
            0.004664411768317223
          ],
          [
            "Thailand",
            0.004339293111115694
          ],
          [
            "Estonia",
            0.00429113581776619
          ],
          [
            "China",
            0.004287667106837034
          ],
          [
            "Peru",
            0.004219937138259411
          ],
          [
            "Venezuela",
            0.004219213034957647
          ],
          [
            "Romania",
            0.004042961169034243
          ],
          [
            "Somalia",
            0.003792675444856286
          ],
          [
            "Guinea",
            0.003769748378545046
          ],
          [
            "Haiti",
            0.0037525095976889133
          ],
          [
            "Kyrgyzstan",
            0.003541863989084959
          ],
          [
            "United Kingdom",
            0.003465153044089675
          ],
          [
            "Germany",
            0.003346277168020606
          ],
          [
            "Panama",
            0.003210812108591199
          ],
          [
            "North Korea",
            0.003154756734147668
          ],
          [
            "South Africa",
            0.0031401149462908506
          ],
          [
            "Burundi",
            0.0031337966211140156
          ],
          [
            "Faroe Islands",
            0.003097936511039734
          ],
          [
            "South Georgia Islands",
            0.0029053003527224064
          ],
          [
            "Guyana",
            0.0027014294173568487
          ],
          [
            "Djibouti",
            0.0026138590183109045
          ],
          [
            "Honduras",
            0.0025706614833325148
          ],
          [
            "Fiji",
            0.0025585400871932507
          ],
          [
            "Indonesia",
            0.0025428456719964743
          ],
          [
            "Rwanda",
            0.0024711769074201584
          ],
          [
            "Syria",
            0.0024201050400733948
          ],
          [
            "Belgium",
            0.0023612899240106344
          ],
          [
            "El Salvador",
            0.002300158841535449
          ],
          [
            "Cambodia",
            0.0022493412252515554
          ],
          [
            "Uzbekistan",
            0.0022370191290974617
          ],
          [
            "Belarus",
            0.0022100673522800207
          ],
          [
            "Brunei",
            0.002090207999572158
          ],
          [
            "Costa Rica",
            0.0020874948240816593
          ],
          [
            "Turkmenistan",
            0.002083020517602563
          ],
          [
            "Central African Republic",
            0.002035795943811536
          ],
          [
            "Laos",
            0.001991692464798689
          ],
          [
            "Kazakhstan",
            0.0019893767312169075
          ],
          [
            "South Korea",
            0.0019620524253696203
          ],
          [
            "Guadeloupe",
            0.0019111370202153921
          ],
          [
            "Azerbaijan",
            0.0018018204718828201
          ],
          [
            "Australia",
            0.0017772996798157692
          ],
          [
            "Dominican Republic",
            0.001733435201458633
          ],
          [
            "Jordan",
            0.001694339793175459
          ],
          [
            "United States of America",
            0.001571944449096918
          ],
          [
            "Lithuania",
            0.0015686108963564038
          ],
          [
            "Vietnam",
            0.0015602351631969213
          ],
          [
            "Slovakia",
            0.001554167247377336
          ],
          [
            "Kuwait",
            0.0015182691859081388
          ],
          [
            "Cuba",
            0.0015013681259006262
          ],
          [
            "Mali",
            0.0014223698526620865
          ],
          [
            "Saudi Arabia",
            0.0013710559578612447
          ],
          [
            "North Macedonia",
            0.001355284359306097
          ],
          [
            "Latvia",
            0.0013286272296682
          ],
          [
            "Benin",
            0.0012857592664659023
          ],
          [
            "Colombia",
            0.0012736843200400472
          ],
          [
            "Bhutan",
            0.001273140194825828
          ],
          [
            "Mexico",
            0.001272773602977395
          ],
          [
            "Nigeria",
            0.0012615303276106715
          ],
          [
            "Mayotte",
            0.0012507392093539238
          ],
          [
            "French Guiana",
            0.0012482202146202326
          ],
          [
            "Spain",
            0.0012181963538751006
          ],
          [
            "Ethiopia",
            0.0011910987086594105
          ],
          [
            "Kiribati",
            0.0011903968406841159
          ],
          [
            "Zambia",
            0.0011850844603031874
          ],
          [
            "Brazil",
            0.0011789565905928612
          ],
          [
            "Bulgaria",
            0.0011442718096077442
          ],
          [
            "Pakistan",
            0.0011327345855534077
          ],
          [
            "Tunisia",
            0.0011206914205104113
          ],
          [
            "Sweden",
            0.0011011786991730332
          ],
          [
            "Jamaica",
            0.0010973166208714247
          ],
          [
            "Moldova",
            0.0010728954803198576
          ],
          [
            "Yemen",
            0.0010270694037899375
          ],
          [
            "Slovenia",
            0.0010086959227919579
          ],
          [
            "Myanmar",
            0.0009901789017021656
          ],
          [
            "Iran",
            0.000982158468104899
          ],
          [
            "Turkey",
            0.0009203430381603539
          ],
          [
            "Chad",
            0.0009185174130834639
          ],
          [
            "Finland",
            0.0009129701647907495
          ],
          [
            "Lesotho",
            0.0009121799375861883
          ],
          [
            "Guatemala",
            0.000906541186850518
          ],
          [
            "Serbia",
            0.0008842988754622638
          ],
          [
            "Armenia",
            0.0008811723673716187
          ],
          [
            "Angola",
            0.0008743699872866273
          ],
          [
            "Czech Republic",
            0.000872953562065959
          ],
          [
            "South Sudan",
            0.0008328160620294511
          ],
          [
            "New Caledonia",
            0.0008307758253067732
          ],
          [
            "Belize",
            0.0007827926892787218
          ],
          [
            "Malawi",
            0.0007734647952020168
          ],
          [
            "Afghanistan",
            0.0007467038230970502
          ],
          [
            "Gambia",
            0.0007354904664680362
          ],
          [
            "Nepal",
            0.0007118441280908883
          ],
          [
            "Bolivia",
            0.0007107601268216968
          ],
          [
            "Mongolia",
            0.0006677941419184208
          ],
          [
            "Georgia",
            0.0006547304801642895
          ],
          [
            "Sudan",
            0.0006478411378338933
          ],
          [
            "Portugal",
            0.0006462885648943484
          ],
          [
            "Argentina",
            0.000572980847209692
          ],
          [
            "Norway",
            0.0005727863172069192
          ],
          [
            "Albania",
            0.0005567329353652894
          ],
          [
            "Uganda",
            0.0005456868093460798
          ],
          [
            "Turks and Caicos Islands",
            0.0005343652446754277
          ],
          [
            "Togo",
            0.0005317461327649653
          ],
          [
            "Botswana",
            0.0005064694560132921
          ],
          [
            "Algeria",
            0.0004878237086813897
          ],
          [
            "Oman",
            0.0004822618211619556
          ],
          [
            "Luxembourg",
            0.0004758820286951959
          ],
          [
            "Namibia",
            0.00046970939729362726
          ],
          [
            "Sierra Leone",
            0.0004666322492994368
          ],
          [
            "Puerto Rico",
            0.00046276606735773385
          ],
          [
            "Liberia",
            0.00045725866220891476
          ],
          [
            "Eritrea",
            0.0004555385385174304
          ],
          [
            "Mauritania",
            0.0004554021288640797
          ],
          [
            "Bahamas",
            0.00044723745668306947
          ],
          [
            "Heard and McDonald Islands",
            0.00043290891335345805
          ],
          [
            "Qatar",
            0.0004300006839912385
          ],
          [
            "Iraq",
            0.00042785232653841376
          ],
          [
            "Hungary",
            0.0004230016202200204
          ],
          [
            "Cyprus",
            0.0004220353439450264
          ],
          [
            "Japan",
            0.0004213926731608808
          ],
          [
            "Sri Lanka",
            0.00040860543958842754
          ],
          [
            "Kenya",
            0.00040199447539635
          ],
          [
            "United Arab Emirates",
            0.00040146271931007504
          ],
          [
            "Cameroon",
            0.00039843880222178996
          ],
          [
            "Nicaragua",
            0.00038509740261361003
          ],
          [
            "Guam",
            0.0003353130887262523
          ],
          [
            "Isle of Man",
            0.0003337619418743998
          ],
          [
            "New Zealand",
            0.00033353539765812457
          ],
          [
            "Western Sahara",
            0.00033289348357357085
          ],
          [
            "Paraguay",
            0.0003318670787848532
          ],
          [
            "Timor-Leste",
            0.0003245035477448255
          ],
          [
            "Lebanon",
            0.00032305967761203647
          ],
          [
            "Ghana",
            0.00032210294739343226
          ],
          [
            "Niger",
            0.0003198933263774961
          ],
          [
            "Malaysia",
            0.00031518982723355293
          ],
          [
            "Austria",
            0.0003079935850109905
          ],
          [
            "Samoa",
            0.0003028296341653913
          ],
          [
            "Morocco",
            0.0002994551614392549
          ],
          [
            "Reunion",
            0.0002885291469283402
          ],
          [
            "Taiwan",
            0.00027996799326501787
          ],
          [
            "Libya",
            0.0002793550956994295
          ],
          [
            "Eswatini",
            0.00027302600210532546
          ],
          [
            "Bosnia & Herzegovina",
            0.0002595451660454273
          ],
          [
            "Côte d'Ivoire",
            0.0002291268901899457
          ],
          [
            "Trinidad and Tobago",
            0.00021263731468934566
          ],
          [
            "Israel",
            0.00021006984752602875
          ],
          [
            "Madagascar",
            0.0002084509760607034
          ],
          [
            "Saint Lucia",
            0.00020780945487786084
          ],
          [
            "Vanuatu",
            0.0002060762926703319
          ],
          [
            "Madeira Islands",
            0.00020462826068978757
          ],
          [
            "West Bank",
            0.00020390319696161896
          ],
          [
            "Uruguay",
            0.00020262149337213486
          ],
          [
            "Suriname",
            0.00019082947983406484
          ],
          [
            "Ecuador",
            0.00016726297326385975
          ],
          [
            "DR Congo",
            0.00016612220497336239
          ],
          [
            "Dominica",
            0.00013820089225191623
          ],
          [
            "Tanzania",
            0.00012995903671253473
          ],
          [
            "Zimbabwe",
            0.00012808410974685103
          ],
          [
            "Bahrain",
            0.0001268531777895987
          ],
          [
            "Poland",
            0.00011190398072358221
          ],
          [
            "Solomon Islands",
            0.00010666878370102495
          ],
          [
            "Martinique",
            0.00010441665654070675
          ],
          [
            "Egypt",
            0.00010365270281909034
          ],
          [
            "Cape Verde",
            0.00010304379247827455
          ],
          [
            "Barbados",
            7.770190859446302e-05
          ],
          [
            "Palau",
            7.256414392031729e-05
          ],
          [
            "Antigua & Barbuda",
            7.036512397462502e-05
          ],
          [
            "Equatorial Guinea",
            6.950515671633184e-05
          ],
          [
            "Netherlands Antilles",
            6.662314990535378e-05
          ],
          [
            "Comoros",
            5.532489376491867e-05
          ],
          [
            "Chile",
            4.63301912532188e-05
          ],
          [
            "United States Virgin Islands",
            2.1416723029688e-05
          ],
          [
            "Sao Tome and Principe",
            1.1739537512767129e-05
          ]
        ]
      },
      "geometry": {
        "type": "MultiLineString",
        "coordinates": [
          [
            [
              10.056379821958444,
              3.6023738872403896
            ],
            [
              10.501483679525222,
              4.314540059347223
            ],
            [
              11.213649851632056,
              6.451038575667667
            ],
            [
              12.459940652819,
              10.1899109792285
            ],
            [
              13.884272997032667,
              15.353115727003
            ],
            [
              15.753709198813056,
              21.495548961424333
            ],
            [
              17.6231454005935,
              26.5697329376855
            ],
            [
              19.1364985163205,
              31.287833827893223
            ],
            [
              19.67062314540061,
              34.848664688427334
            ],
            [
              19.759643916913944,
              38.32047477744811
            ],
            [
              19.49258160237389,
              41.7032640949555
            ],
            [
              19.1364985163205,
              44.28486646884278
            ],
            [
              18.691394658753723,
              46.42136498516322
            ],
            [
              18.513353115727,
              47.84569732937689
            ],
            [
              18.335311572700277,
              49.002967359050444
            ],
            [
              18.335311572700277,
              49.35905044510389
            ],
            [
              19.1364985163205,
              48.91394658753711
            ],
            [
              21.18397626112761,
              48.29080118694367
            ],
            [
              24.744807121661722,
              47.66765578635017
            ],
            [
              29.551928783382778,
              46.955489614243334
            ],
            [
              34.35905044510389,
              46.15430267062317
            ],
            [
              38.00890207715133,
              45.086053412462945
            ],
            [
              40.41246290801189,
              44.01780415430267
            ],
            [
              41.658753709198834,
              43.39465875370922
            ],
            [
              42.459940652819,
              42.86053412462911
            ],
            [
              42.90504451038578,
              42.593471810089056
            ],
            [
              43.172106824925834,
              42.50445103857567
            ],
            [
              43.26112759643917,
              42.23738872403561
            ],
            [
              43.350148367952556,
              41.79228486646889
            ],
            [
              43.350148367952556,
              41.25816023738872
            ],
            [
              43.26112759643917,
              40.1899109792285
            ],
            [
              42.99406528189911,
              38.58753709198817
            ],
            [
              42.192878338278945,
              35.73887240356083
            ],
            [
              40.679525222551945,
              31.287833827893223
            ],
            [
              38.632047477744834,
              26.302670623145445
            ],
            [
              36.139465875370945,
              21.139465875370945
            ],
            [
              33.646884272997056,
              16.510385756676556
            ],
            [
              31.510385756676556,
              12.771513353115722
            ],
            [
              29.640949554896167,
              9.477744807121667
            ],
            [
              28.305637982195833,
              7.341246290801223
            ],
            [
              27.504451038575667,
              6.1839762611276115
            ],
            [
              26.881305637982223,
              7.6083086053412785
            ],
            [
              25.63501483679528,
              10.011869436201778
            ],
            [
              23.231454005934722,
              13.572700296735945
            ],
            [
              20.204747774480722,
              17.578635014836834
            ],
            [
              16.732937685459945,
              22.029673590504444
            ],
            [
              13.3501483679525,
              26.39169139465878
            ],
            [
              11.124629080118723,
              30.041543026706222
            ],
            [
              10.145400593471834,
              33.69139465875372
            ],
            [
              9.967359050445111,
              37.07418397626117
            ],
            [
              9.967359050445111,
              39.74480712166172
            ],
            [
              9.878338278931778,
              41.79228486646889
            ],
            [
              9.522255192878333,
              43.572700296735945
            ],
            [
              9.166172106824945,
              44.81899109792289
            ],
            [
              8.89910979228489,
              45.620178041543056
            ],
            [
              10.41246290801189,
              44.551928783382834
            ],
            [
              11.569732937685444,
              43.839762611276
            ],
            [
              15.753709198813056,
              42.14836795252228
            ],
            [
              22.341246290801166,
              40.63501483679528
            ],
            [
              31.332344213649833,
              39.299703264095
            ],
            [
              40.679525222551945,
              37.875370919881334
            ],
            [
              48.869436201780445,
              36.540059347181
            ],
            [
              55.01186943620178,
              35.11572700296739
            ],
            [
              59.37388724035611,
              33.869436201780445
            ],
            [
              61.42136498516322,
              32.80118694362022
            ],
            [
              61.86646884273,
              31.910979228486667
            ],
            [
              61.86646884273,
              30.664688427299723
            ],
            [
              61.59940652818989,
              29.240356083086056
            ],
            [
              61.33234421364983,
              27.90504451038578
            ],
            [
              60.88724035608311,
              26.658753709198834
            ],
            [
              60.26409495548961,
              25.41246290801189
            ],
            [
              59.106824925816,
              23.988130563798222
            ],
            [
              56.79228486646883,
              21.76261127596439
            ],
            [
              52.69732937685461,
              18.112759643916945
            ],
            [
              48.15727002967361,
              14.19584569732939
            ],
            [
              42.459940652819,
              9.566765578635056
            ],
            [
              37.029673590504444,
              6.005934718100889
            ],
            [
              32.044510385756666,
              3.513353115727
            ],
            [
              26.970326409495556,
              2.0
            ]
          ],
          [
            [
              15.041543026706222,
              54.87833827893178
            ],
            [
              17.356083086053445,
              54.433234421365
            ],
            [
              22.341246290801166,
              53.98813056379822
            ],
            [
              29.640949554896167,
              53.81008902077156
            ],
            [
              38.36498516320478,
              53.81008902077156
            ],
            [
              46.109792284866444,
              53.89910979228489
            ],
            [
              50.56083086053411,
              53.89910979228489
            ],
            [
              50.916913946587556,
              53.89910979228489
            ],
            [
              48.15727002967361,
              53.72106824925817
            ],
            [
              45.04154302670622,
              53.45400593471811
            ],
            [
              36.139465875370945,
              52.118694362017834
            ],
            [
              25.54599406528189,
              49.893175074184
            ],
            [
              15.397626112759667,
              47.133531157270056
            ],
            [
              8.454005934718111,
              44.106824925816056
            ],
            [
              8.275964391691389,
              43.483679525222556
            ],
            [
              10.234421364985167,
              42.593471810089056
            ],
            [
              16.198813056379834,
              42.23738872403561
            ],
            [
              23.854599406528223,
              42.593471810089056
            ],
            [
              30.976261127596445,
              43.2166172106825
            ],
            [
              34.80415430267061,
              43.75074183976261
            ],
            [
              35.24925816023739,
              43.839762611276
            ],
            [
              34.2700296735905,
              43.839762611276
            ],
            [
              29.37388724035611,
              43.30563798219589
            ],
            [
              21.62908011869439,
              42.14836795252228
            ],
            [
              13.795252225519278,
              40.36795252225522
            ],
            [
              10.679525222551945,
              39.03264094955489
            ],
            [
              11.124629080118723,
              38.14243323442139
            ],
            [
              14.329376854599388,
              37.1632047477745
            ],
            [
              19.848664688427277,
              36.896142433234445
            ],
            [
              26.16913946587539,
              36.98516320474778
            ],
            [
              30.442136498516334,
              37.1632047477745
            ],
            [
              31.154302670623167,
              37.25222551928783
            ],
            [
              30.175074183976278,
              37.25222551928783
            ],
            [
              25.456973293768556,
              37.25222551928783
            ],
            [
              18.424332344213667,
              37.07418397626117
            ]
          ],
          [
            [
              13.3501483679525,
              36.80712166172111
            ],
            [
              12.994065281899111,
              35.82789317507422
            ],
            [
              10.590504451038555,
              33.780415430267055
            ],
            [
              9.878338278931778,
              33.246290801186944
            ],
            [
              8.275964391691389,
              31.821958456973334
            ],
            [
              8.097922848664666,
              29.774480712166223
            ],
            [
              8.721068249258167,
              28.884272997032667
            ],
            [
              10.946587537092,
              27.459940652819
            ],
            [
              15.041543026706222,
              27.192878338278945
            ],
            [
              20.293768545994055,
              28.884272997032667
            ],
            [
              27.05934718100889,
              33.42433234421367
            ],
            [
              28.483679525222556,
              35.026706231454
            ],
            [
              29.37388724035611,
              37.1632047477745
            ],
            [
              28.394658753709223,
              38.58753709198817
            ],
            [
              24.21068249258161,
              39.47774480712167
            ],
            [
              16.46587537091989,
              38.943620178041556
            ],
            [
              8.632047477744834,
              36.62908011869439
            ],
            [
              3.646884272997056,
              33.513353115727
            ],
            [
              2.133531157270056,
              31.287833827893223
            ],
            [
              2.9347181008902226,
              29.95252225519289
            ],
            [
              5.961424332344222,
              29.418397626112778
            ],
            [
              11.480712166172111,
              30.397626112759667
            ]
          ],
          [
            [
              24.299703264094944,
              34.403560830860556
            ],
            [
              22.430267062314556,
              34.1364985163205
            ],
            [
              18.780415430267055,
              33.42433234421367
            ],
            [
              16.821958456973277,
              33.06824925816028
            ]
          ],
          [
            [
              17.178041543026723,
              33.335311572700334
            ],
            [
              16.64391691394661,
              32.890207715133556
            ],
            [
              15.575667655786333,
              31.732937685459945
            ],
            [
              14.329376854599388,
              30.486646884273
            ],
            [
              13.261127596439167,
              28.617210682492612
            ],
            [
              13.3501483679525,
              27.014836795252222
            ],
            [
              15.397626112759667,
              25.234421364985167
            ],
            [
              20.026706231454,
              24.96735905044511
            ],
            [
              26.258160237388722,
              27.281899109792334
            ],
            [
              31.86646884273,
              31.02077151335311
            ],
            [
              34.537091988130555,
              34.67062314540061
            ],
            [
              34.2700296735905,
              36.896142433234445
            ],
            [
              32.31157270029672,
              38.76557863501483
            ],
            [
              27.949554896142445,
              39.388724035608334
            ],
            [
              19.314540059347166,
              38.23145400593472
            ],
            [
              7.652818991097945,
              34.31454005934722
            ]
          ],
          [
            [
              39.34421364985167,
              34.04747774480717
            ],
            [
              38.89910979228489,
              33.869436201780445
            ],
            [
              35.96142433234422,
              32.53412462908011
            ],
            [
              31.955489614243334,
              31.198813056379834
            ],
            [
              30.442136498516334,
              30.57566765578639
            ],
            [
              31.154302670623167,
              30.486646884273
            ],
            [
              34.98219584569733,
              30.931750741839778
            ],
            [
              41.03560830860533,
              32.44510385756678
            ],
            [
              45.93175074183978,
              34.04747774480717
            ],
            [
              46.82195845697328,
              34.67062314540061
            ],
            [
              43.706231454005945,
              35.026706231454
            ],
            [
              39.700296735905056,
              34.93768545994067
            ],
            [
              22.875370919881334,
              32.356083086053445
            ],
            [
              17.267062314540055,
              30.664688427299723
            ],
            [
              16.910979228486667,
              30.308605341246334
            ],
            [
              20.6498516320475,
              29.5964391691395
            ],
            [
              27.949554896142445,
              30.219584569732945
            ],
            [
              35.24925816023739,
              31.287833827893223
            ],
            [
              38.8100890207715,
              31.821958456973334
            ],
            [
              35.87240356083089,
              31.198813056379834
            ],
            [
              28.66172106824928,
              29.329376854599445
            ],
            [
              25.10089020771511,
              28.172106824925834
            ],
            [
              21.540059347181,
              24.789317507418446
            ],
            [
              23.498516320474778,
              23.45400593471811
            ],
            [
              31.332344213649833,
              21.495548961424333
            ],
            [
              47.53412462908011,
              21.050445103857555
            ],
            [
              51.362017804154334,
              21.139465875370945
            ],
            [
              54.21068249258161,
              21.317507418397668
            ],
            [
              52.96439169139467,
              21.76261127596439
            ],
            [
              50.56083086053411,
              22.38575667655789
            ]
          ],
          [
            [
              19.67062314540061,
              20.694362017804167
            ],
            [
              15.664688427299723,
              19.537091988130555
            ],
            [
              12.816023738872389,
              17.934718100890223
            ],
            [
              13.172106824925834,
              17.22255192878339
            ],
            [
              17.0,
              16.688427299703278
            ],
            [
              23.765578635014833,
              17.31157270029678
            ],
            [
              30.798219584569722,
              18.379821958457
            ],
            [
              35.7833827893175,
              19.091988130563834
            ],
            [
              36.85163204747778,
              19.091988130563834
            ],
            [
              35.69436201780417,
              18.646884272997056
            ],
            [
              30.353115727003,
              17.31157270029678
            ],
            [
              24.566765578635,
              16.154302670623167
            ],
            [
              22.252225519287833,
              15.531157270029667
            ],
            [
              22.964391691394667,
              15.086053412462945
            ],
            [
              26.347181008902055,
              14.640949554896167
            ],
            [
              31.065281899109777,
              14.81899109792289
            ],
            [
              36.050445103857555,
              15.620178041543056
            ]
          ],
          [
            [
              35.33827893175072,
              15.709198813056389
            ],
            [
              26.525222551928778,
              14.7299703264095
            ],
            [
              18.691394658753723,
              13.750741839762611
            ],
            [
              16.64391691394661,
              13.394658753709223
            ],
            [
              17.445103857566778,
              13.30563798219589
            ],
            [
              21.451038575667667,
              14.017804154302667
            ],
            [
              27.593471810089,
              15.620178041543056
            ],
            [
              34.18100890207717,
              17.578635014836834
            ],
            [
              36.584569732937666,
              18.468842729970333
            ]
          ],
          [
            [
              29.818991097922833,
              19.626112759643945
            ],
            [
              24.388724035608334,
              19.2700296735905
            ],
            [
              14.95252225519289,
              17.934718100890223
            ],
            [
              12.994065281899111,
              17.40059347181011
            ],
            [
              13.617210682492555,
              17.22255192878339
            ],
            [
              16.64391691394661,
              17.40059347181011
            ],
            [
              20.827893175074166,
              18.646884272997056
            ],
            [
              24.65578635014839,
              20.160237388724056
            ],
            [
              25.456973293768556,
              20.694362017804167
            ],
            [
              23.58753709198811,
              21.673590504451056
            ],
            [
              17.890207715133556,
              22.029673590504444
            ],
            [
              10.679525222551945,
              21.76261127596439
            ],
            [
              8.097922848664666,
              21.317507418397668
            ],
            [
              8.543026706231444,
              21.139465875370945
            ],
            [
              11.8367952522255,
              21.050445103857555
            ],
            [
              17.0,
              21.94065281899111
            ],
            [
              22.51928783382789,
              23.008902077151333
            ],
            [
              23.854599406528223,
              23.45400593471811
            ],
            [
              21.362017804154334,
              23.27596439169139
            ],
            [
              15.931750741839778,
              22.474777448071222
            ],
            [
              13.528189910979222,
              21.76261127596439
            ],
            [
              17.53412462908011,
              21.139465875370945
            ],
            [
              26.258160237388722,
              22.029673590504444
            ],
            [
              36.584569732937666,
              23.543026706231444
            ],
            [
              45.93175074183978,
              24.96735905044511
            ],
            [
              48.513353115727,
              25.501483679525222
            ],
            [
              47.08902077151333,
              26.035608308605333
            ],
            [
              41.48071216617211,
              26.92581602373889
            ],
            [
              31.510385756676556,
              27.014836795252222
            ],
            [
              20.738872403560833,
              26.5697329376855
            ],
            [
              16.554896142433222,
              26.035608308605333
            ],
            [
              17.0,
              25.946587537092
            ],
            [
              20.827893175074166,
              25.946587537092
            ],
            [
              28.483679525222556,
              26.48071216617211
            ],
            [
              35.7833827893175,
              27.192878338278945
            ],
            [
              37.563798219584555,
              27.192878338278945
            ],
            [
              36.94065281899111,
              27.192878338278945
            ],
            [
              33.46884272997033,
              27.014836795252222
            ],
            [
              27.771513353115722,
              26.92581602373889
            ],
            [
              23.943620178041556,
              26.747774480712167
            ],
            [
              23.58753709198811,
              26.747774480712167
            ],
            [
              25.367952522255223,
              27.014836795252222
            ],
            [
              28.839762611275944,
              27.727002967359056
            ],
            [
              30.620178041543056,
              27.99406528189911
            ],
            [
              32.31157270029672,
              28.172106824925834
            ],
            [
              30.88724035608311,
              28.172106824925834
            ],
            [
              25.1899109792285,
              27.370919881305667
            ],
            [
              17.97922848664689,
              26.213649851632056
            ],
            [
              15.041543026706222,
              25.501483679525222
            ],
            [
              16.198813056379834,
              25.41246290801189
            ],
            [
              19.759643916913944,
              25.946587537092
            ],
            [
              24.744807121661722,
              27.014836795252222
            ],
            [
              28.305637982195833,
              27.727002967359056
            ],
            [
              28.57270029673589,
              27.90504451038578
            ],
            [
              27.504451038575667,
              27.90504451038578
            ],
            [
              24.21068249258161,
              27.727002967359056
            ],
            [
              22.51928783382789,
              27.459940652819
            ],
            [
              21.985163204747778,
              27.281899109792334
            ],
            [
              22.60830860534122,
              26.92581602373889
            ],
            [
              24.744807121661722,
              26.836795252225556
            ],
            [
              28.394658753709223,
              27.370919881305667
            ],
            [
              31.510385756676556,
              28.172106824925834
            ],
            [
              33.023738872403555,
              28.884272997032667
            ],
            [
              30.442136498516334,
              29.95252225519289
            ],
            [
              25.1899109792285,
              30.486646884273
            ],
            [
              20.115727002967333,
              30.486646884273
            ],
            [
              18.15727002967361,
              30.308605341246334
            ],
            [
              18.958456973293778,
              29.95252225519289
            ],
            [
              20.6498516320475,
              30.041543026706222
            ],
            [
              24.299703264094944,
              31.1097922848665
            ],
            [
              27.05934718100889,
              32.17804154302672
            ],
            [
              28.305637982195833,
              32.80118694362022
            ],
            [
              26.970326409495556,
              33.246290801186944
            ],
            [
              23.765578635014833,
              33.513353115727
            ],
            [
              19.225519287833833,
              33.513353115727
            ],
            [
              16.821958456973277,
              33.15727002967361
            ],
            [
              17.356083086053445,
              33.06824925816028
            ],
            [
              19.04747774480711,
              33.246290801186944
            ],
            [
              20.471810089020778,
              33.869436201780445
            ],
            [
              21.00593471810089,
              34.22551928783383
            ]
          ],
          [
            [
              27.504451038575667,
              49.893175074184
            ],
            [
              28.2166172106825,
              49.2700296735905
            ],
            [
              29.7299703264095,
              46.2433234421365
            ],
            [
              29.818991097922833,
              45.26409495548961
            ],
            [
              29.818991097922833,
              44.01780415430267
            ],
            [
              29.37388724035611,
              41.61424332344217
            ],
            [
              28.394658753709223,
              37.875370919881334
            ],
            [
              26.970326409495556,
              34.403560830860556
            ],
            [
              24.922848664688445,
              29.863501483679556
            ],
            [
              24.21068249258161,
              25.946587537092
            ],
            [
              26.16913946587539,
              22.830860534124668
            ],
            [
              32.133531157270056,
              20.516320474777444
            ],
            [
              42.28189910979228,
              20.33827893175078
            ],
            [
              52.60830860534122,
              21.584569732937723
            ],
            [
              58.928783382789334,
              23.810089020771557
            ],
            [
              60.70919881305639,
              25.857566765578667
            ],
            [
              60.17507418397628,
              27.014836795252222
            ],
            [
              55.902077151335334,
              28.884272997032667
            ],
            [
              46.55489614243322,
              30.486646884273
            ],
            [
              32.93471810089022,
              31.02077151335311
            ],
            [
              16.554896142433222,
              30.664688427299723
            ],
            [
              3.1127596439168883,
              29.06231454005939
            ]
          ],
          [
            [
              18.246290801186944,
              45.79821958456978
            ],
            [
              18.602373887240333,
              45.442136498516334
            ],
            [
              18.958456973293778,
              45.17507418397628
            ],
            [
              19.403560830860556,
              44.997032640949556
            ],
            [
              19.937685459940667,
              44.90801186943622
            ],
            [
              21.540059347181,
              44.997032640949556
            ],
            [
              24.12166172106828,
              45.353115727003
            ],
            [
              25.72403560830861,
              45.17507418397628
            ],
            [
              25.991097922848667,
              44.7299703264095
            ],
            [
              26.080118694362,
              42.415430267062334
            ],
            [
              25.278931750741833,
              38.409495548961445
            ],
            [
              24.388724035608334,
              34.1364985163205
            ],
            [
              23.58753709198811,
              29.418397626112778
            ],
            [
              23.320474777448055,
              27.192878338278945
            ],
            [
              22.1632047477745,
              21.85163204747778
            ],
            [
              21.540059347181,
              20.694362017804167
            ],
            [
              21.62908011869439,
              23.632047477744834
            ],
            [
              22.875370919881334,
              31.198813056379834
            ],
            [
              24.65578635014839,
              39.65578635014839
            ],
            [
              26.61424332344211,
              47.93471810089022
            ],
            [
              27.771513353115722,
              54.52225519287833
            ],
            [
              28.038575667655778,
              59.240356083086056
            ],
            [
              27.860534124629112,
              61.46587537091989
            ],
            [
              27.326409495548944,
              62.0
            ],
            [
              26.792284866468833,
              61.821958456973334
            ],
            [
              23.765578635014833,
              58.88427299703267
            ],
            [
              20.204747774480722,
              53.09792284866472
            ],
            [
              16.64391691394661,
              44.81899109792289
            ],
            [
              14.685459940652834,
              37.1632047477745
            ],
            [
              14.418397626112778,
              31.198813056379834
            ],
            [
              15.308605341246277,
              26.124629080118723
            ],
            [
              16.732937685459945,
              23.36498516320478
            ],
            [
              17.801186943620166,
              22.741839762611278
            ],
            [
              18.869436201780445,
              23.89910979228489
            ],
            [
              20.56083086053411,
              28.617210682492612
            ],
            [
              21.718100890207722,
              35.6498516320475
            ],
            [
              21.896142433234445,
              42.949554896142445
            ],
            [
              21.807121661721055,
              48.646884272997056
            ],
            [
              21.362017804154334,
              51.05044510385761
            ],
            [
              20.382789317507445,
              51.76261127596439
            ],
            [
              18.780415430267055,
              51.05044510385761
            ],
            [
              15.308605341246277,
              46.77744807121667
            ],
            [
              12.459940652819,
              40.10089020771517
            ],
            [
              11.124629080118723,
              32.80118694362022
            ],
            [
              11.658753709198834,
              27.459940652819
            ],
            [
              13.617210682492555,
              24.255192878338278
            ],
            [
              15.397626112759667,
              23.186943620178056
            ],
            [
              18.424332344213667,
              23.810089020771557
            ],
            [
              23.231454005934722,
              27.281899109792334
            ],
            [
              28.127596439169167,
              32.17804154302672
            ],
            [
              32.22255192878339,
              37.60830860534128
            ],
            [
              33.73590504451039,
              39.922848664688445
            ],
            [
              35.160237388724056,
              43.30563798219589
            ],
            [
              33.20178041543028,
              44.7299703264095
            ],
            [
              28.038575667655778,
              45.086053412462945
            ],
            [
              19.759643916913944,
              43.483679525222556
            ],
            [
              15.931750741839778,
              42.14836795252228
            ],
            [
              10.3234421364985,
              36.896142433234445
            ],
            [
              12.281899109792278,
              33.15727002967361
            ],
            [
              14.418397626112778,
              31.376854599406556
            ],
            [
              23.498516320474778,
              27.816023738872445
            ],
            [
              27.14836795252228,
              27.727002967359056
            ],
            [
              34.626112759643945,
              28.43916913946589
            ],
            [
              40.145400593471834,
              30.57566765578639
            ],
            [
              43.26112759643917,
              33.15727002967361
            ],
            [
              43.26112759643917,
              35.29376854599411
            ],
            [
              40.056379821958444,
              37.786350148368
            ],
            [
              33.82492581602372,
              39.65578635014839
            ],
            [
              26.080118694362,
              40.545994065281945
            ],
            [
              19.49258160237389,
              40.456973293768556
            ],
            [
              17.178041543026723,
              39.65578635014839
            ],
            [
              17.801186943620166,
              39.12166172106828
            ],
            [
              24.477744807121667,
              38.409495548961445
            ],
            [
              35.516320474777444,
              38.409495548961445
            ],
            [
              47.267062314540055,
              38.6765578635015
            ],
            [
              54.388724035608334,
              39.21068249258161
            ],
            [
              55.63501483679528,
              39.56676557863506
            ],
            [
              52.69732937685461,
              40.36795252225522
            ],
            [
              46.64391691394661,
              40.813056379822
            ],
            [
              36.584569732937666,
              41.16913946587539
            ],
            [
              28.66172106824928,
              40.813056379822
            ],
            [
              26.347181008902055,
              39.83382789317511
            ],
            [
              27.68249258160239,
              39.03264094955489
            ],
            [
              31.688427299703278,
              38.76557863501483
            ],
            [
              39.077151335311555,
              38.6765578635015
            ],
            [
              45.486646884273,
              38.58753709198817
            ],
            [
              46.91097922848667,
              38.409495548961445
            ],
            [
              45.30860534124628,
              38.05341246290806
            ],
            [
              39.78931750741839,
              37.60830860534128
            ],
            [
              30.70919881305639,
              37.786350148368
            ],
            [
              25.011869436201778,
              37.96439169139467
            ],
            [
              27.504451038575667,
              37.875370919881334
            ],
            [
              33.29080118694361,
              37.875370919881334
            ],
            [
              40.946587537092,
              37.875370919881334
            ],
            [
              45.219584569732945,
              37.69732937685461
            ],
            [
              41.03560830860533,
              37.34124629080122
            ],
            [
              32.7566765578635,
              37.96439169139467
            ],
            [
              27.326409495548944,
              38.6765578635015
            ],
            [
              26.258160237388722,
              38.85459940652822
            ],
            [
              26.525222551928778,
              38.943620178041556
            ],
            [
              31.77744807121661,
              40.902077151335334
            ],
            [
              34.98219584569733,
              41.7032640949555
            ],
            [
              42.01483679525222,
              43.483679525222556
            ],
            [
              49.67062314540061,
              45.086053412462945
            ],
            [
              50.026706231454,
              45.26409495548961
            ],
            [
              49.759643916913944,
              45.53115727002967
            ],
            [
              46.55489614243322,
              46.2433234421365
            ],
            [
              38.89910979228489,
              47.22255192878339
            ],
            [
              29.551928783382778,
              47.84569732937689
            ],
            [
              23.765578635014833,
              47.84569732937689
            ],
            [
              23.14243323442139,
              47.84569732937689
            ],
            [
              23.943620178041556,
              48.112759643916945
            ],
            [
              26.792284866468833,
              48.82492581602378
            ],
            [
              31.59940652818989,
              49.71513353115728
            ],
            [
              36.673590504451056,
              50.605341246290834
            ],
            [
              40.3234421364985,
              51.139465875370945
            ],
            [
              41.03560830860533,
              51.22848664688428
            ],
            [
              39.611275964391666,
              51.22848664688428
            ],
            [
              34.44807121661722,
              51.139465875370945
            ],
            [
              26.61424332344211,
              51.139465875370945
            ],
            [
              20.471810089020778,
              50.96142433234422
            ],
            [
              19.04747774480711,
              50.69436201780417
            ],
            [
              19.314540059347166,
              50.516320474777444
            ],
            [
              21.985163204747778,
              50.160237388724056
            ],
            [
              29.017804154302667,
              49.893175074184
            ],
            [
              36.85163204747778,
              49.2700296735905
            ],
            [
              40.85756676557867,
              48.46884272997033
            ],
            [
              39.077151335311555,
              47.7566765578635
            ],
            [
              33.646884272997056,
              47.22255192878339
            ],
            [
              27.949554896142445,
              46.77744807121667
            ],
            [
              25.63501483679528,
              46.2433234421365
            ],
            [
              25.54599406528189,
              45.79821958456978
            ],
            [
              27.05934718100889,
              45.086053412462945
            ],
            [
              30.976261127596445,
              44.37388724035611
            ],
            [
              32.7566765578635,
              44.106824925816056
            ],
            [
              36.31750741839761,
              42.86053412462911
            ],
            [
              35.516320474777444,
              42.326409495549
            ],
            [
              34.35905044510389,
              41.79228486646889
            ],
            [
              26.7032640949555,
              40.1899109792285
            ],
            [
              24.833827893175055,
              39.922848664688445
            ],
            [
              21.896142433234445,
              39.299703264095
            ],
            [
              22.252225519287833,
              39.21068249258161
            ],
            [
              26.881305637982223,
              39.21068249258161
            ],
            [
              34.44807121661722,
              39.299703264095
            ],
            [
              42.103857566765555,
              39.299703264095
            ],
            [
              44.596439169139444,
              39.03264094955489
            ],
            [
              43.43916913946589,
              38.85459940652822
            ],
            [
              41.213649851632056,
              38.6765578635015
            ],
            [
              34.09198813056378,
              38.6765578635015
            ],
            [
              25.011869436201778,
              38.6765578635015
            ],
            [
              19.1364985163205,
              38.76557863501483
            ],
            [
              18.246290801186944,
              38.6765578635015
            ],
            [
              20.026706231454,
              38.6765578635015
            ],
            [
              25.991097922848667,
              38.58753709198817
            ],
            [
              33.82492581602372,
              38.58753709198817
            ],
            [
              40.590504451038555,
              38.58753709198817
            ],
            [
              42.37091988130567,
              38.409495548961445
            ],
            [
              41.12462908011872,
              38.32047477744811
            ],
            [
              35.42729970326411,
              38.05341246290806
            ],
            [
              27.415430267062334,
              38.23145400593472
            ],
            [
              22.341246290801166,
              38.409495548961445
            ],
            [
              21.896142433234445,
              38.409495548961445
            ],
            [
              25.011869436201778,
              38.409495548961445
            ],
            [
              30.798219584569722,
              38.14243323442139
            ],
            [
              36.49554896142433,
              38.05341246290806
            ],
            [
              39.52225519287833,
              37.69732937685461
            ],
            [
              39.25519287833828,
              37.60830860534128
            ],
            [
              36.673590504451056,
              37.51928783382789
            ],
            [
              31.688427299703278,
              37.69732937685461
            ],
            [
              29.017804154302667,
              38.05341246290806
            ],
            [
              29.997032640949556,
              38.6765578635015
            ],
            [
              35.33827893175072,
              40.456973293768556
            ],
            [
              41.74777448071217,
              41.61424332344217
            ],
            [
              46.109792284866444,
              42.14836795252228
            ],
            [
              46.55489614243322,
              42.415430267062334
            ],
            [
              44.77448071216617,
              42.50445103857567
            ],
            [
              39.78931750741839,
              42.77151335311572
            ],
            [
              31.688427299703278,
              43.12759643916917
            ],
            [
              23.498516320474778,
              43.30563798219589
            ],
            [
              18.602373887240333,
              43.483679525222556
            ],
            [
              19.848664688427277,
              43.483679525222556
            ],
            [
              23.854599406528223,
              43.572700296735945
            ],
            [
              29.37388724035611,
              43.66172106824928
            ],
            [
              33.557863501483666,
              43.66172106824928
            ],
            [
              35.24925816023739,
              43.66172106824928
            ],
            [
              34.002967359050444,
              43.572700296735945
            ],
            [
              29.37388724035611,
              43.39465875370922
            ],
            [
              21.18397626112761,
              43.30563798219589
            ],
            [
              16.198813056379834,
              42.68249258160239
            ],
            [
              15.486646884273,
              42.326409495549
            ],
            [
              17.267062314540055,
              41.79228486646889
            ],
            [
              23.498516320474778,
              41.080118694362056
            ],
            [
              31.510385756676556,
              40.902077151335334
            ],
            [
              38.543026706231444,
              40.813056379822
            ],
            [
              42.192878338278945,
              40.545994065281945
            ],
            [
              39.433234421365,
              40.10089020771517
            ],
            [
              32.22255192878339,
              39.83382789317511
            ],
            [
              24.21068249258161,
              39.65578635014839
            ],
            [
              20.827893175074166,
              39.299703264095
            ],
            [
              21.451038575667667,
              39.21068249258161
            ],
            [
              25.72403560830861,
              39.12166172106828
            ],
            [
              31.065281899109777,
              39.12166172106828
            ],
            [
              35.33827893175072,
              38.943620178041556
            ],
            [
              35.60534124629078,
              38.85459940652822
            ],
            [
              34.2700296735905,
              38.58753709198817
            ],
            [
              29.818991097922833,
              38.409495548961445
            ],
            [
              23.854599406528223,
              38.409495548961445
            ],
            [
              20.827893175074166,
              38.409495548961445
            ],
            [
              22.51928783382789,
              38.409495548961445
            ],
            [
              26.080118694362,
              38.58753709198817
            ],
            [
              30.531157270029667,
              38.85459940652822
            ],
            [
              34.18100890207717,
              38.85459940652822
            ],
            [
              33.646884272997056,
              38.85459940652822
            ],
            [
              31.332344213649833,
              38.76557863501483
            ],
            [
              26.7032640949555,
              38.76557863501483
            ],
            [
              23.231454005934722,
              38.76557863501483
            ],
            [
              22.964391691394667,
              38.6765578635015
            ],
            [
              26.347181008902055,
              38.943620178041556
            ],
            [
              30.88724035608311,
              39.21068249258161
            ],
            [
              33.023738872403555,
              39.299703264095
            ],
            [
              36.139465875370945,
              39.65578635014839
            ],
            [
              35.516320474777444,
              39.65578635014839
            ],
            [
              29.908011869436223,
              39.65578635014839
            ],
            [
              23.053412462908,
              39.65578635014839
            ],
            [
              18.958456973293778,
              39.65578635014839
            ],
            [
              14.507418397626111,
              39.388724035608334
            ],
            [
              17.801186943620166,
              39.03264094955489
            ],
            [
              28.928783382789334,
              38.76557863501483
            ],
            [
              33.023738872403555,
              38.76557863501483
            ],
            [
              42.01483679525222,
              38.76557863501483
            ],
            [
              42.90504451038578,
              38.76557863501483
            ],
            [
              40.41246290801189,
              38.943620178041556
            ],
            [
              38.27596439169139,
              38.943620178041556
            ],
            [
              34.71513353115728,
              38.943620178041556
            ],
            [
              32.489614243323444,
              38.6765578635015
            ],
            [
              32.84569732937683,
              38.409495548961445
            ],
            [
              33.73590504451039,
              38.32047477744811
            ],
            [
              35.516320474777444,
              38.32047477744811
            ],
            [
              37.83086053412461,
              38.409495548961445
            ],
            [
              40.056379821958444,
              38.6765578635015
            ],
            [
              41.48071216617211,
              38.943620178041556
            ],
            [
              42.01483679525222,
              38.943620178041556
            ],
            [
              40.590504451038555,
              38.943620178041556
            ],
            [
              35.33827893175072,
              38.85459940652822
            ],
            [
              29.19584569732939,
              38.76557863501483
            ],
            [
              25.813056379821944,
              38.23145400593472
            ],
            [
              24.833827893175055,
              37.875370919881334
            ],
            [
              26.16913946587539,
              37.786350148368
            ],
            [
              29.997032640949556,
              38.23145400593472
            ],
            [
              34.002967359050444,
              38.76557863501483
            ],
            [
              37.919881305638,
              39.299703264095
            ],
            [
              39.700296735905056,
              39.56676557863506
            ],
            [
              38.72106824925817,
              39.65578635014839
            ],
            [
              34.893175074184,
              39.83382789317511
            ],
            [
              28.483679525222556,
              40.01186943620178
            ],
            [
              22.252225519287833,
              39.922848664688445
            ],
            [
              19.581602373887222,
              39.299703264095
            ],
            [
              20.382789317507445,
              38.76557863501483
            ],
            [
              23.765578635014833,
              38.409495548961445
            ],
            [
              29.284866468842722,
              38.32047477744811
            ],
            [
              35.7833827893175,
              38.49851632047478
            ],
            [
              42.63798219584572,
              38.6765578635015
            ],
            [
              47.356083086053445,
              38.76557863501483
            ],
            [
              48.06824925816022,
              38.76557863501483
            ],
            [
              47.6231454005935,
              38.76557863501483
            ],
            [
              46.28783382789317,
              38.6765578635015
            ],
            [
              37.563798219584555,
              38.6765578635015
            ],
            [
              30.798219584569722,
              38.6765578635015
            ],
            [
              27.860534124629112,
              38.14243323442139
            ],
            [
              27.949554896142445,
              37.875370919881334
            ],
            [
              30.26409495548961,
              37.430267062314556
            ],
            [
              35.42729970326411,
              37.34124629080122
            ],
            [
              41.569732937685444,
              37.430267062314556
            ],
            [
              44.240356083086056,
              37.60830860534128
            ],
            [
              48.95845697329378,
              38.14243323442139
            ],
            [
              51.272997032640944,
              38.49851632047478
            ],
            [
              45.219584569732945,
              38.85459940652822
            ],
            [
              41.74777448071217,
              39.12166172106828
            ],
            [
              33.82492581602372,
              39.56676557863506
            ],
            [
              28.839762611275944,
              39.388724035608334
            ],
            [
              31.955489614243334,
              38.85459940652822
            ],
            [
              38.00890207715133,
              38.23145400593472
            ],
            [
              44.95252225519289,
              37.875370919881334
            ],
            [
              48.869436201780445,
              37.430267062314556
            ],
            [
              47.08902077151333,
              37.25222551928783
            ],
            [
              40.76854599406528,
              37.430267062314556
            ],
            [
              31.154302670623167,
              37.96439169139467
            ],
            [
              22.51928783382789,
              38.32047477744811
            ],
            [
              17.6231454005935,
              38.23145400593472
            ],
            [
              17.267062314540055,
              38.23145400593472
            ],
            [
              18.15727002967361,
              38.23145400593472
            ],
            [
              21.451038575667667,
              38.23145400593472
            ],
            [
              26.258160237388722,
              38.32047477744811
            ],
            [
              30.442136498516334,
              38.409495548961445
            ],
            [
              32.93471810089022,
              38.49851632047478
            ],
            [
              31.955489614243334,
              38.49851632047478
            ],
            [
              28.57270029673589,
              38.6765578635015
            ],
            [
              21.985163204747778,
              39.03264094955489
            ],
            [
              16.821958456973277,
              39.03264094955489
            ],
            [
              16.02077151335311,
              38.85459940652822
            ],
            [
              17.089020771513333,
              38.49851632047478
            ],
            [
              21.896142433234445,
              38.05341246290806
            ],
            [
              30.70919881305639,
              37.875370919881334
            ],
            [
              34.80415430267061,
              37.875370919881334
            ],
            [
              44.685459940652834,
              38.05341246290806
            ],
            [
              45.66468842729972,
              38.14243323442139
            ],
            [
              43.172106824925834,
              38.49851632047478
            ],
            [
              37.919881305638,
              39.03264094955489
            ],
            [
              30.175074183976278,
              39.388724035608334
            ],
            [
              25.813056379821944,
              39.388724035608334
            ],
            [
              25.367952522255223,
              39.388724035608334
            ],
            [
              27.68249258160239,
              39.388724035608334
            ],
            [
              29.997032640949556,
              39.47774480712167
            ],
            [
              34.626112759643945,
              39.83382789317511
            ],
            [
              38.72106824925817,
              40.27893175074189
            ],
            [
              38.27596439169139,
              40.36795252225522
            ],
            [
              36.673590504451056,
              40.63501483679528
            ],
            [
              33.91394658753711,
              40.902077151335334
            ],
            [
              33.023738872403555,
              40.99109792284867
            ],
            [
              34.09198813056378,
              40.99109792284867
            ],
            [
              37.47477744807122,
              40.99109792284867
            ],
            [
              40.50148367952522,
              40.902077151335334
            ],
            [
              41.213649851632056,
              40.813056379822
            ],
            [
              40.946587537092,
              40.63501483679528
            ],
            [
              38.186943620178056,
              40.10089020771517
            ],
            [
              31.955489614243334,
              39.388724035608334
            ],
            [
              26.080118694362,
              38.6765578635015
            ],
            [
              23.765578635014833,
              38.23145400593472
            ],
            [
              24.21068249258161,
              38.14243323442139
            ],
            [
              26.16913946587539,
              38.58753709198817
            ],
            [
              29.997032640949556,
              39.299703264095
            ],
            [
              34.18100890207717,
              40.01186943620178
            ],
            [
              38.00890207715133,
              40.63501483679528
            ],
            [
              39.611275964391666,
              40.902077151335334
            ],
            [
              39.166172106824945,
              40.99109792284867
            ],
            [
              37.47477744807122,
              40.99109792284867
            ],
            [
              33.11275964391689,
              40.902077151335334
            ],
            [
              26.16913946587539,
              40.72403560830861
            ],
            [
              19.848664688427277,
              40.1899109792285
            ],
            [
              18.15727002967361,
              39.65578635014839
            ],
            [
              20.56083086053411,
              39.299703264095
            ],
            [
              25.902077151335334,
              39.388724035608334
            ],
            [
              33.023738872403555,
              39.83382789317511
            ],
            [
              39.52225519287833,
              40.1899109792285
            ],
            [
              43.172106824925834,
              40.63501483679528
            ],
            [
              43.79525222551928,
              40.813056379822
            ],
            [
              43.083086053412444,
              40.813056379822
            ],
            [
              39.077151335311555,
              40.63501483679528
            ],
            [
              29.284866468842722,
              40.456973293768556
            ],
            [
              16.46587537091989,
              40.36795252225522
            ],
            [
              5.7833827893175,
              39.74480712166172
            ],
            [
              2.9347181008902226,
              39.21068249258161
            ],
            [
              4.4480712166172225,
              38.943620178041556
            ],
            [
              11.035608308605333,
              38.76557863501483
            ],
            [
              20.204747774480722,
              39.03264094955489
            ],
            [
              29.997032640949556,
              39.83382789317511
            ],
            [
              37.563798219584555,
              40.63501483679528
            ],
            [
              43.706231454005945,
              41.436201780415445
            ],
            [
              46.02077151335311,
              41.7032640949555
            ],
            [
              45.30860534124628,
              41.7032640949555
            ],
            [
              41.39169139465878,
              41.61424332344217
            ],
            [
              34.98219584569733,
              41.52522255192878
            ],
            [
              30.26409495548961,
              41.080118694362056
            ],
            [
              28.839762611275944,
              40.72403560830861
            ],
            [
              31.154302670623167,
              40.10089020771517
            ],
            [
              35.24925816023739,
              40.10089020771517
            ],
            [
              40.679525222551945,
              40.27893175074189
            ],
            [
              44.77448071216617,
              40.63501483679528
            ],
            [
              47.71216617210683,
              40.99109792284867
            ],
            [
              48.780415430267055,
              41.16913946587539
            ],
            [
              48.33531157270028,
              41.16913946587539
            ],
            [
              44.95252225519289,
              40.99109792284867
            ],
            [
              41.74777448071217,
              40.99109792284867
            ],
            [
              33.023738872403555,
              40.99109792284867
            ],
            [
              22.69732937685461,
              40.99109792284867
            ],
            [
              22.430267062314556,
              40.902077151335334
            ],
            [
              23.854599406528223,
              40.72403560830861
            ],
            [
              29.462908011869445,
              40.27893175074189
            ],
            [
              37.2967359050445,
              40.10089020771517
            ],
            [
              44.77448071216617,
              40.10089020771517
            ],
            [
              49.04747774480711,
              40.10089020771517
            ],
            [
              46.198813056379834,
              40.1899109792285
            ],
            [
              39.433234421365,
              40.545994065281945
            ],
            [
              31.86646884273,
              40.99109792284867
            ],
            [
              28.839762611275944,
              40.99109792284867
            ],
            [
              30.88724035608311,
              40.99109792284867
            ],
            [
              35.516320474777444,
              41.080118694362056
            ],
            [
              39.78931750741839,
              41.16913946587539
            ],
            [
              42.192878338278945,
              41.16913946587539
            ],
            [
              40.946587537092,
              40.99109792284867
            ],
            [
              36.49554896142433,
              40.902077151335334
            ],
            [
              29.106824925816,
              40.902077151335334
            ],
            [
              20.471810089020778,
              41.080118694362056
            ],
            [
              15.041543026706222,
              41.080118694362056
            ],
            [
              18.335311572700277,
              41.080118694362056
            ],
            [
              25.011869436201778,
              40.99109792284867
            ],
            [
              33.20178041543028,
              40.99109792284867
            ],
            [
              39.87833827893178,
              40.902077151335334
            ],
            [
              42.81602373887239,
              40.902077151335334
            ],
            [
              41.569732937685444,
              40.813056379822
            ],
            [
              39.611275964391666,
              40.813056379822
            ],
            [
              34.2700296735905,
              40.813056379822
            ],
            [
              25.991097922848667,
              40.813056379822
            ],
            [
              17.089020771513333,
              40.36795252225522
            ],
            [
              13.528189910979222,
              39.83382789317511
            ],
            [
              14.685459940652834,
              39.47774480712167
            ],
            [
              17.53412462908011,
              39.388724035608334
            ],
            [
              21.807121661721055,
              39.74480712166172
            ],
            [
              25.813056379821944,
              40.1899109792285
            ],
            [
              29.7299703264095,
              40.63501483679528
            ],
            [
              32.84569732937683,
              40.902077151335334
            ],
            [
              34.44807121661722,
              40.99109792284867
            ],
            [
              33.73590504451039,
              40.813056379822
            ],
            [
              28.483679525222556,
              40.01186943620178
            ],
            [
              25.813056379821944,
              39.83382789317511
            ],
            [
              22.341246290801166,
              38.85459940652822
            ],
            [
              23.498516320474778,
              38.23145400593472
            ],
            [
              29.37388724035611,
              37.51928783382789
            ],
            [
              32.22255192878339,
              37.51928783382789
            ],
            [
              40.590504451038555,
              37.60830860534128
            ],
            [
              42.90504451038578,
              37.60830860534128
            ],
            [
              43.88427299703267,
              37.60830860534128
            ],
            [
              42.99406528189911,
              37.60830860534128
            ],
            [
              39.34421364985167,
              37.786350148368
            ],
            [
              33.29080118694361,
              38.14243323442139
            ],
            [
              26.7032640949555,
              38.58753709198817
            ],
            [
              24.299703264094944,
              38.58753709198817
            ],
            [
              27.23738872403561,
              38.49851632047478
            ],
            [
              32.31157270029672,
              38.58753709198817
            ],
            [
              37.83086053412461,
              38.76557863501483
            ],
            [
              41.12462908011872,
              38.85459940652822
            ],
            [
              39.25519287833828,
              39.12166172106828
            ],
            [
              35.516320474777444,
              39.47774480712167
            ],
            [
              32.40059347181011,
              39.65578635014839
            ],
            [
              34.893175074184,
              39.65578635014839
            ],
            [
              40.85756676557867,
              39.65578635014839
            ],
            [
              49.04747774480711,
              39.74480712166172
            ],
            [
              54.65578635014839,
              39.74480712166172
            ],
            [
              55.72403560830861,
              39.65578635014839
            ],
            [
              54.12166172106828,
              39.65578635014839
            ],
            [
              48.780415430267055,
              39.83382789317511
            ],
            [
              38.89910979228489,
              40.27893175074189
            ],
            [
              27.860534124629112,
              40.63501483679528
            ],
            [
              22.430267062314556,
              40.545994065281945
            ],
            [
              21.896142433234445,
              40.456973293768556
            ],
            [
              24.03264094955489,
              40.902077151335334
            ],
            [
              26.881305637982223,
              41.436201780415445
            ],
            [
              30.175074183976278,
              41.970326409495556
            ],
            [
              34.893175074184,
              42.50445103857567
            ],
            [
              39.34421364985167,
              42.77151335311572
            ],
            [
              42.63798219584572,
              42.949554896142445
            ],
            [
              43.79525222551928,
              42.949554896142445
            ],
            [
              43.26112759643917,
              42.86053412462911
            ],
            [
              40.23442136498517,
              42.23738872403561
            ],
            [
              34.537091988130555,
              41.61424332344217
            ],
            [
              28.038575667655778,
              40.545994065281945
            ],
            [
              25.63501483679528,
              39.65578635014839
            ],
            [
              25.456973293768556,
              39.12166172106828
            ],
            [
              26.16913946587539,
              38.58753709198817
            ],
            [
              27.23738872403561,
              38.409495548961445
            ],
            [
              29.640949554896167,
              38.6765578635015
            ],
            [
              33.20178041543028,
              39.21068249258161
            ],
            [
              37.83086053412461,
              39.74480712166172
            ],
            [
              41.92581602373889,
              40.1899109792285
            ],
            [
              44.15133531157272,
              40.27893175074189
            ],
            [
              43.083086053412444,
              40.27893175074189
            ],
            [
              40.3234421364985,
              40.01186943620178
            ],
            [
              34.893175074184,
              39.83382789317511
            ],
            [
              28.305637982195833,
              39.74480712166172
            ],
            [
              25.72403560830861,
              39.299703264095
            ],
            [
              26.080118694362,
              39.03264094955489
            ],
            [
              27.326409495548944,
              38.76557863501483
            ],
            [
              29.7299703264095,
              38.85459940652822
            ],
            [
              32.22255192878339,
              39.12166172106828
            ],
            [
              33.73590504451039,
              39.47774480712167
            ],
            [
              34.18100890207717,
              39.65578635014839
            ],
            [
              33.29080118694361,
              39.65578635014839
            ],
            [
              30.88724035608311,
              39.65578635014839
            ],
            [
              26.347181008902055,
              39.74480712166172
            ],
            [
              22.60830860534122,
              39.74480712166172
            ],
            [
              22.07418397626111,
              39.74480712166172
            ],
            [
              22.875370919881334,
              39.65578635014839
            ],
            [
              25.991097922848667,
              39.56676557863506
            ],
            [
              30.442136498516334,
              39.47774480712167
            ],
            [
              35.60534124629078,
              39.388724035608334
            ],
            [
              39.34421364985167,
              39.21068249258161
            ],
            [
              40.145400593471834,
              39.12166172106828
            ],
            [
              39.87833827893178,
              39.03264094955489
            ],
            [
              37.47477744807122,
              38.943620178041556
            ],
            [
              32.40059347181011,
              38.85459940652822
            ],
            [
              27.593471810089,
              38.943620178041556
            ],
            [
              25.54599406528189,
              38.943620178041556
            ],
            [
              25.902077151335334,
              38.85459940652822
            ],
            [
              26.7032640949555,
              39.03264094955489
            ],
            [
              27.504451038575667,
              39.21068249258161
            ],
            [
              27.860534124629112,
              39.299703264095
            ],
            [
              27.504451038575667,
              39.388724035608334
            ],
            [
              27.14836795252228,
              39.47774480712167
            ],
            [
              27.771513353115722,
              39.83382789317511
            ],
            [
              30.620178041543056,
              40.456973293768556
            ],
            [
              36.31750741839761,
              40.72403560830861
            ],
            [
              43.172106824925834,
              40.813056379822
            ],
            [
              48.33531157270028,
              40.813056379822
            ],
            [
              50.11572700296733,
              40.545994065281945
            ],
            [
              49.49258160237389,
              40.36795252225522
            ],
            [
              45.842729970326445,
              40.01186943620178
            ],
            [
              38.45400593471811,
              39.922848664688445
            ],
            [
              29.7299703264095,
              39.83382789317511
            ],
            [
              22.875370919881334,
              39.65578635014839
            ],
            [
              21.09495548961422,
              39.47774480712167
            ],
            [
              21.540059347181,
              39.74480712166172
            ],
            [
              23.409495548961445,
              40.72403560830861
            ],
            [
              27.23738872403561,
              41.79228486646889
            ],
            [
              32.57863501483678,
              42.68249258160239
            ],
            [
              37.38575667655789,
              43.30563798219589
            ],
            [
              40.679525222551945,
              43.66172106824928
            ],
            [
              41.74777448071217,
              43.839762611276
            ],
            [
              40.50148367952522,
              43.572700296735945
            ],
            [
              37.38575667655789,
              43.12759643916917
            ],
            [
              31.77744807121661,
              42.77151335311572
            ],
            [
              26.792284866468833,
              42.326409495549
            ],
            [
              23.765578635014833,
              41.52522255192878
            ],
            [
              23.409495548961445,
              41.25816023738872
            ],
            [
              23.6765578635015,
              40.99109792284867
            ],
            [
              24.477744807121667,
              40.902077151335334
            ],
            [
              25.902077151335334,
              41.080118694362056
            ],
            [
              28.2166172106825,
              41.52522255192878
            ],
            [
              30.70919881305639,
              41.970326409495556
            ],
            [
              32.93471810089022,
              42.23738872403561
            ],
            [
              33.73590504451039,
              42.23738872403561
            ],
            [
              33.379821958457,
              42.23738872403561
            ],
            [
              32.40059347181011,
              41.970326409495556
            ],
            [
              28.394658753709223,
              41.25816023738872
            ],
            [
              21.18397626112761,
              40.63501483679528
            ],
            [
              15.041543026706222,
              40.01186943620178
            ],
            [
              13.261127596439167,
              39.21068249258161
            ],
            [
              14.418397626112778,
              38.49851632047478
            ],
            [
              18.780415430267055,
              37.96439169139467
            ],
            [
              26.525222551928778,
              37.875370919881334
            ],
            [
              34.80415430267061,
              38.05341246290806
            ],
            [
              41.12462908011872,
              38.409495548961445
            ],
            [
              45.57566765578633,
              38.6765578635015
            ],
            [
              46.732937685459945,
              38.76557863501483
            ],
            [
              44.685459940652834,
              38.85459940652822
            ],
            [
              39.166172106824945,
              39.21068249258161
            ],
            [
              31.86646884273,
              39.388724035608334
            ],
            [
              26.7032640949555,
              39.12166172106828
            ],
            [
              24.833827893175055,
              38.58753709198817
            ],
            [
              25.278931750741833,
              38.6765578635015
            ],
            [
              27.23738872403561,
              39.388724035608334
            ],
            [
              31.59940652818989,
              40.27893175074189
            ],
            [
              38.00890207715133,
              40.902077151335334
            ],
            [
              44.06231454005933,
              41.16913946587539
            ],
            [
              46.82195845697328,
              41.16913946587539
            ],
            [
              45.753709198813056,
              40.902077151335334
            ],
            [
              39.611275964391666,
              40.1899109792285
            ],
            [
              37.2967359050445,
              40.01186943620178
            ],
            [
              32.66765578635017,
              39.388724035608334
            ],
            [
              28.57270029673589,
              38.409495548961445
            ],
            [
              26.258160237388722,
              37.875370919881334
            ],
            [
              25.63501483679528,
              37.51928783382789
            ],
            [
              26.436201780415445,
              37.51928783382789
            ],
            [
              28.038575667655778,
              38.14243323442139
            ],
            [
              30.620178041543056,
              39.03264094955489
            ],
            [
              33.46884272997033,
              39.83382789317511
            ],
            [
              36.94065281899111,
              40.72403560830861
            ],
            [
              40.23442136498517,
              41.52522255192878
            ],
            [
              41.74777448071217,
              41.7032640949555
            ],
            [
              41.12462908011872,
              41.7032640949555
            ],
            [
              37.47477744807122,
              41.16913946587539
            ],
            [
              30.353115727003,
              40.72403560830861
            ],
            [
              20.827893175074166,
              40.545994065281945
            ],
            [
              13.172106824925834,
              39.922848664688445
            ],
            [
              11.302670623145389,
              39.388724035608334
            ],
            [
              12.459940652819,
              39.12166172106828
            ],
            [
              16.554896142433222,
              39.03264094955489
            ],
            [
              23.6765578635015,
              39.299703264095
            ],
            [
              30.70919881305639,
              39.74480712166172
            ],
            [
              37.47477744807122,
              40.36795252225522
            ],
            [
              42.192878338278945,
              40.72403560830861
            ],
            [
              44.596439169139444,
              40.99109792284867
            ],
            [
              43.706231454005945,
              40.99109792284867
            ],
            [
              41.48071216617211,
              40.813056379822
            ],
            [
              32.31157270029672,
              40.545994065281945
            ],
            [
              26.525222551928778,
              40.10089020771517
            ],
            [
              24.477744807121667,
              39.47774480712167
            ],
            [
              25.278931750741833,
              38.85459940652822
            ],
            [
              27.68249258160239,
              38.6765578635015
            ],
            [
              35.69436201780417,
              39.21068249258161
            ],
            [
              38.186943620178056,
              39.47774480712167
            ],
            [
              44.685459940652834,
              40.456973293768556
            ],
            [
              45.93175074183978,
              40.813056379822
            ],
            [
              44.06231454005933,
              40.813056379822
            ],
            [
              38.98813056379822,
              40.902077151335334
            ],
            [
              30.175074183976278,
              40.99109792284867
            ],
            [
              20.6498516320475,
              41.080118694362056
            ],
            [
              15.041543026706222,
              40.72403560830861
            ],
            [
              14.685459940652834,
              40.545994065281945
            ],
            [
              15.842729970326388,
              40.36795252225522
            ],
            [
              19.225519287833833,
              40.27893175074189
            ],
            [
              24.922848664688445,
              40.36795252225522
            ],
            [
              30.620178041543056,
              40.813056379822
            ],
            [
              36.050445103857555,
              41.436201780415445
            ],
            [
              39.700296735905056,
              41.970326409495556
            ],
            [
              41.03560830860533,
              42.14836795252228
            ],
            [
              40.41246290801189,
              42.14836795252228
            ],
            [
              36.139465875370945,
              41.79228486646889
            ],
            [
              28.394658753709223,
              41.61424332344217
            ],
            [
              18.691394658753723,
              41.25816023738872
            ],
            [
              10.768545994065278,
              40.63501483679528
            ],
            [
              7.741839762611278,
              39.83382789317511
            ],
            [
              7.919881305638,
              39.47774480712167
            ],
            [
              9.611275964391666,
              39.388724035608334
            ],
            [
              13.617210682492555,
              39.65578635014839
            ],
            [
              19.403560830860556,
              40.36795252225522
            ],
            [
              25.991097922848667,
              41.16913946587539
            ],
            [
              32.31157270029672,
              41.88130563798222
            ],
            [
              37.11869436201778,
              42.23738872403561
            ],
            [
              38.72106824925817,
              42.23738872403561
            ],
            [
              36.49554896142433,
              41.970326409495556
            ],
            [
              31.2433234421365,
              41.61424332344217
            ],
            [
              23.854599406528223,
              41.34718100890211
            ],
            [
              18.15727002967361,
              40.72403560830861
            ],
            [
              16.287833827893166,
              40.10089020771517
            ],
            [
              17.0,
              39.56676557863506
            ],
            [
              19.759643916913944,
              39.21068249258161
            ],
            [
              25.991097922848667,
              39.12166172106828
            ],
            [
              33.023738872403555,
              39.299703264095
            ],
            [
              39.433234421365,
              39.56676557863506
            ],
            [
              43.52818991097922,
              39.83382789317511
            ],
            [
              44.240356083086056,
              39.922848664688445
            ],
            [
              39.52225519287833,
              39.922848664688445
            ],
            [
              29.997032640949556,
              40.10089020771517
            ],
            [
              24.21068249258161,
              40.27893175074189
            ],
            [
              9.789317507418389,
              40.545994065281945
            ],
            [
              8.275964391691389,
              40.1899109792285
            ],
            [
              8.8100890207715,
              40.01186943620178
            ],
            [
              16.02077151335311,
              39.65578635014839
            ],
            [
              19.67062314540061,
              39.65578635014839
            ],
            [
              27.415430267062334,
              39.922848664688445
            ],
            [
              35.87240356083089,
              40.813056379822
            ],
            [
              37.2967359050445,
              40.99109792284867
            ],
            [
              37.919881305638,
              41.080118694362056
            ],
            [
              36.76261127596439,
              41.25816023738872
            ],
            [
              34.626112759643945,
              41.61424332344217
            ],
            [
              33.11275964391689,
              41.7032640949555
            ],
            [
              33.46884272997033,
              41.7032640949555
            ],
            [
              35.33827893175072,
              41.7032640949555
            ],
            [
              39.077151335311555,
              41.7032640949555
            ],
            [
              39.87833827893178,
              41.61424332344217
            ],
            [
              41.03560830860533,
              41.52522255192878
            ],
            [
              38.36498516320478,
              40.99109792284867
            ],
            [
              32.489614243323444,
              40.813056379822
            ],
            [
              25.011869436201778,
              40.813056379822
            ],
            [
              20.827893175074166,
              40.813056379822
            ],
            [
              20.471810089020778,
              40.72403560830861
            ],
            [
              21.18397626112761,
              40.99109792284867
            ],
            [
              22.1632047477745,
              41.436201780415445
            ],
            [
              23.854599406528223,
              42.059347181008945
            ],
            [
              26.436201780415445,
              42.68249258160239
            ],
            [
              29.284866468842722,
              42.949554896142445
            ],
            [
              31.59940652818989,
              42.949554896142445
            ],
            [
              31.2433234421365,
              42.77151335311572
            ],
            [
              29.017804154302667,
              42.14836795252228
            ],
            [
              25.011869436201778,
              41.436201780415445
            ],
            [
              19.49258160237389,
              40.72403560830861
            ],
            [
              15.219584569732945,
              40.1899109792285
            ],
            [
              14.329376854599388,
              39.83382789317511
            ],
            [
              14.95252225519289,
              39.65578635014839
            ],
            [
              19.314540059347166,
              39.56676557863506
            ],
            [
              25.813056379821944,
              39.922848664688445
            ],
            [
              31.77744807121661,
              40.27893175074189
            ],
            [
              36.050445103857555,
              40.72403560830861
            ],
            [
              37.38575667655789,
              40.99109792284867
            ],
            [
              35.96142433234422,
              40.99109792284867
            ],
            [
              31.59940652818989,
              40.99109792284867
            ],
            [
              25.1899109792285,
              41.080118694362056
            ],
            [
              21.00593471810089,
              41.080118694362056
            ],
            [
              20.293768545994055,
              40.902077151335334
            ],
            [
              21.09495548961422,
              40.63501483679528
            ],
            [
              23.14243323442139,
              40.36795252225522
            ],
            [
              25.991097922848667,
              40.27893175074189
            ],
            [
              28.394658753709223,
              40.36795252225522
            ],
            [
              29.017804154302667,
              40.456973293768556
            ],
            [
              28.57270029673589,
              40.456973293768556
            ],
            [
              25.902077151335334,
              40.456973293768556
            ],
            [
              19.937685459940667,
              40.545994065281945
            ],
            [
              13.083086053412444,
              40.63501483679528
            ],
            [
              9.255192878338278,
              40.545994065281945
            ],
            [
              10.145400593471834,
              40.63501483679528
            ],
            [
              14.329376854599388,
              40.63501483679528
            ],
            [
              20.827893175074166,
              40.63501483679528
            ],
            [
              27.23738872403561,
              40.72403560830861
            ],
            [
              30.353115727003,
              40.72403560830861
            ],
            [
              37.563798219584555,
              40.72403560830861
            ],
            [
              38.98813056379822,
              40.63501483679528
            ],
            [
              36.85163204747778,
              40.456973293768556
            ],
            [
              34.71513353115728,
              40.36795252225522
            ],
            [
              23.320474777448055,
              40.27893175074189
            ],
            [
              15.219584569732945,
              40.10089020771517
            ],
            [
              13.261127596439167,
              39.922848664688445
            ],
            [
              12.459940652819,
              39.83382789317511
            ],
            [
              14.418397626112778,
              39.74480712166172
            ],
            [
              16.554896142433222,
              39.74480712166172
            ],
            [
              22.430267062314556,
              39.922848664688445
            ],
            [
              29.106824925816,
              40.27893175074189
            ],
            [
              34.18100890207717,
              40.545994065281945
            ],
            [
              37.11869436201778,
              40.72403560830861
            ],
            [
              35.60534124629078,
              40.63501483679528
            ],
            [
              32.22255192878339,
              40.63501483679528
            ],
            [
              25.991097922848667,
              40.63501483679528
            ],
            [
              21.272997032640944,
              40.36795252225522
            ],
            [
              24.922848664688445,
              39.65578635014839
            ],
            [
              31.332344213649833,
              39.388724035608334
            ],
            [
              39.611275964391666,
              39.299703264095
            ],
            [
              45.842729970326445,
              39.299703264095
            ],
            [
              47.97922848664689,
              39.21068249258161
            ],
            [
              45.57566765578633,
              39.21068249258161
            ],
            [
              40.41246290801189,
              39.47774480712167
            ],
            [
              32.489614243323444,
              39.83382789317511
            ],
            [
              25.278931750741833,
              40.10089020771517
            ],
            [
              22.341246290801166,
              40.1899109792285
            ],
            [
              23.765578635014833,
              40.1899109792285
            ],
            [
              27.05934718100889,
              40.1899109792285
            ],
            [
              31.2433234421365,
              40.1899109792285
            ],
            [
              32.93471810089022,
              40.27893175074189
            ],
            [
              32.133531157270056,
              40.27893175074189
            ],
            [
              29.640949554896167,
              40.27893175074189
            ],
            [
              25.1899109792285,
              40.27893175074189
            ],
            [
              23.14243323442139,
              40.27893175074189
            ],
            [
              20.204747774480722,
              40.1899109792285
            ],
            [
              21.807121661721055,
              40.1899109792285
            ],
            [
              25.63501483679528,
              40.27893175074189
            ],
            [
              29.462908011869445,
              40.36795252225522
            ],
            [
              32.22255192878339,
              40.36795252225522
            ],
            [
              32.57863501483678,
              40.36795252225522
            ],
            [
              31.065281899109777,
              40.456973293768556
            ],
            [
              28.75074183976261,
              40.545994065281945
            ],
            [
              27.771513353115722,
              40.545994065281945
            ],
            [
              29.284866468842722,
              40.456973293768556
            ],
            [
              32.22255192878339,
              40.456973293768556
            ],
            [
              35.071216617210666,
              40.545994065281945
            ],
            [
              35.60534124629078,
              40.545994065281945
            ],
            [
              33.646884272997056,
              40.545994065281945
            ],
            [
              29.37388724035611,
              40.63501483679528
            ],
            [
              24.566765578635,
              40.63501483679528
            ],
            [
              22.252225519287833,
              40.63501483679528
            ],
            [
              23.320474777448055,
              40.902077151335334
            ],
            [
              25.456973293768556,
              41.34718100890211
            ],
            [
              27.68249258160239,
              41.7032640949555
            ],
            [
              28.394658753709223,
              41.88130563798222
            ],
            [
              27.771513353115722,
              41.88130563798222
            ],
            [
              26.258160237388722,
              41.79228486646889
            ],
            [
              23.6765578635015,
              41.79228486646889
            ],
            [
              21.807121661721055,
              41.79228486646889
            ],
            [
              23.6765578635015,
              41.79228486646889
            ],
            [
              26.792284866468833,
              42.059347181008945
            ],
            [
              29.818991097922833,
              42.23738872403561
            ],
            [
              31.59940652818989,
              42.23738872403561
            ],
            [
              30.798219584569722,
              42.14836795252228
            ],
            [
              27.860534124629112,
              41.34718100890211
            ],
            [
              22.51928783382789,
              39.922848664688445
            ],
            [
              17.089020771513333,
              38.6765578635015
            ],
            [
              13.3501483679525,
              37.875370919881334
            ],
            [
              12.816023738872389,
              37.786350148368
            ],
            [
              13.3501483679525,
              37.875370919881334
            ],
            [
              15.753709198813056,
              38.409495548961445
            ],
            [
              19.848664688427277,
              39.47774480712167
            ],
            [
              25.1899109792285,
              40.72403560830861
            ],
            [
              31.510385756676556,
              42.059347181008945
            ],
            [
              36.406528189911,
              42.86053412462911
            ],
            [
              38.72106824925817,
              43.12759643916917
            ],
            [
              35.87240356083089,
              42.77151335311572
            ],
            [
              29.284866468842722,
              42.14836795252228
            ],
            [
              19.759643916913944,
              41.25816023738872
            ],
            [
              10.679525222551945,
              40.545994065281945
            ],
            [
              5.4272997032641115,
              39.922848664688445
            ],
            [
              12.905044510385778,
              40.99109792284867
            ],
            [
              15.753709198813056,
              41.61424332344217
            ],
            [
              25.991097922848667,
              43.75074183976261
            ],
            [
              31.77744807121661,
              44.90801186943622
            ],
            [
              33.73590504451039,
              45.26409495548961
            ],
            [
              36.22848664688428,
              45.620178041543056
            ],
            [
              35.60534124629078,
              44.81899109792289
            ],
            [
              32.84569732937683,
              43.39465875370922
            ],
            [
              29.017804154302667,
              42.326409495549
            ],
            [
              24.03264094955489,
              41.61424332344217
            ],
            [
              21.451038575667667,
              41.34718100890211
            ],
            [
              22.60830860534122,
              41.16913946587539
            ],
            [
              25.367952522255223,
              41.88130563798222
            ],
            [
              29.017804154302667,
              42.68249258160239
            ],
            [
              33.20178041543028,
              43.572700296735945
            ],
            [
              35.24925816023739,
              44.01780415430267
            ],
            [
              38.45400593471811,
              44.7299703264095
            ],
            [
              42.28189910979228,
              45.26409495548961
            ],
            [
              40.85756676557867,
              44.7299703264095
            ],
            [
              36.22848664688428,
              43.66172106824928
            ],
            [
              31.59940652818989,
              43.03857566765578
            ],
            [
              20.293768545994055,
              42.23738872403561
            ],
            [
              8.454005934718111,
              41.79228486646889
            ]
          ],
          [
            [
              21.09495548961422,
              40.01186943620178
            ],
            [
              20.56083086053411,
              39.12166172106828
            ],
            [
              19.937685459940667,
              38.49851632047478
            ],
            [
              18.958456973293778,
              37.96439169139467
            ],
            [
              17.97922848664689,
              37.60830860534128
            ],
            [
              16.732937685459945,
              37.430267062314556
            ],
            [
              15.397626112759667,
              37.25222551928783
            ],
            [
              14.95252225519289,
              37.1632047477745
            ],
            [
              17.53412462908011,
              37.786350148368
            ],
            [
              22.964391691394667,
              38.409495548961445
            ],
            [
              30.175074183976278,
              38.85459940652822
            ],
            [
              37.029673590504444,
              39.12166172106828
            ],
            [
              42.459940652819,
              39.21068249258161
            ],
            [
              43.706231454005945,
              39.21068249258161
            ],
            [
              41.658753709198834,
              38.76557863501483
            ],
            [
              35.42729970326411,
              38.14243323442139
            ],
            [
              25.902077151335334,
              37.786350148368
            ],
            [
              15.397626112759667,
              37.51928783382789
            ],
            [
              8.364985163204778,
              37.1632047477745
            ],
            [
              6.673590504451056,
              36.80712166172111
            ],
            [
              9.967359050445111,
              37.1632047477745
            ],
            [
              12.459940652819,
              37.430267062314556
            ],
            [
              19.848664688427277,
              38.58753709198817
            ],
            [
              25.902077151335334,
              39.299703264095
            ],
            [
              28.483679525222556,
              39.65578635014839
            ],
            [
              33.73590504451039,
              40.01186943620178
            ],
            [
              34.09198813056378,
              40.10089020771517
            ],
            [
              32.93471810089022,
              39.83382789317511
            ],
            [
              28.66172106824928,
              39.03264094955489
            ],
            [
              21.896142433234445,
              38.23145400593472
            ],
            [
              15.130563798219612,
              37.51928783382789
            ],
            [
              12.192878338278945,
              36.896142433234445
            ],
            [
              14.151335311572723,
              36.45103857566767
            ],
            [
              18.424332344213667,
              36.45103857566767
            ],
            [
              23.320474777448055,
              36.896142433234445
            ],
            [
              27.860534124629112,
              37.51928783382789
            ],
            [
              31.421364985163223,
              38.05341246290806
            ],
            [
              33.11275964391689,
              38.32047477744811
            ],
            [
              31.154302670623167,
              38.14243323442139
            ],
            [
              25.813056379821944,
              37.96439169139467
            ],
            [
              18.068249258160222,
              37.875370919881334
            ],
            [
              12.281899109792278,
              37.69732937685461
            ],
            [
              11.124629080118723,
              37.430267062314556
            ],
            [
              12.014836795252222,
              37.07418397626117
            ],
            [
              15.219584569732945,
              36.71810089020772
            ],
            [
              20.293768545994055,
              36.62908011869439
            ],
            [
              25.63501483679528,
              36.71810089020772
            ],
            [
              29.997032640949556,
              36.98516320474778
            ],
            [
              33.20178041543028,
              37.25222551928783
            ],
            [
              34.09198813056378,
              37.34124629080122
            ],
            [
              33.73590504451039,
              37.34124629080122
            ],
            [
              31.065281899109777,
              37.34124629080122
            ],
            [
              25.278931750741833,
              37.34124629080122
            ],
            [
              17.801186943620166,
              37.34124629080122
            ],
            [
              12.281899109792278,
              37.25222551928783
            ],
            [
              11.035608308605333,
              36.98516320474778
            ],
            [
              11.391691394658778,
              36.80712166172111
            ],
            [
              13.706231454005945,
              36.540059347181
            ],
            [
              18.068249258160222,
              36.45103857566767
            ],
            [
              23.58753709198811,
              36.540059347181
            ],
            [
              29.462908011869445,
              36.80712166172111
            ],
            [
              34.44807121661722,
              37.1632047477745
            ],
            [
              37.2967359050445,
              37.25222551928783
            ],
            [
              36.85163204747778,
              37.25222551928783
            ],
            [
              33.91394658753711,
              37.25222551928783
            ],
            [
              28.127596439169167,
              37.25222551928783
            ],
            [
              21.896142433234445,
              37.1632047477745
            ],
            [
              18.068249258160222,
              36.896142433234445
            ],
            [
              16.910979228486667,
              36.540059347181
            ],
            [
              17.445103857566778,
              36.362017804154334
            ],
            [
              18.780415430267055,
              36.272997032640944
            ],
            [
              25.902077151335334,
              36.272997032640944
            ],
            [
              28.839762611275944,
              36.362017804154334
            ],
            [
              33.29080118694361,
              36.62908011869439
            ],
            [
              35.7833827893175,
              36.896142433234445
            ],
            [
              34.44807121661722,
              36.896142433234445
            ],
            [
              30.620178041543056,
              37.1632047477745
            ],
            [
              27.949554896142445,
              37.430267062314556
            ],
            [
              28.57270029673589,
              37.25222551928783
            ],
            [
              28.928783382789334,
              37.25222551928783
            ],
            [
              29.640949554896167,
              37.1632047477745
            ],
            [
              31.59940652818989,
              37.25222551928783
            ],
            [
              35.42729970326411,
              37.430267062314556
            ],
            [
              40.85756676557867,
              37.60830860534128
            ],
            [
              44.685459940652834,
              37.69732937685461
            ],
            [
              46.376854599406556,
              37.69732937685461
            ],
            [
              45.39762611275967,
              37.69732937685461
            ],
            [
              40.946587537092,
              37.60830860534128
            ],
            [
              33.557863501483666,
              37.786350148368
            ],
            [
              24.65578635014839,
              38.05341246290806
            ],
            [
              17.089020771513333,
              38.05341246290806
            ],
            [
              13.617210682492555,
              38.05341246290806
            ],
            [
              14.418397626112778,
              38.49851632047478
            ],
            [
              16.554896142433222,
              39.388724035608334
            ],
            [
              19.937685459940667,
              40.1899109792285
            ],
            [
              24.03264094955489,
              40.813056379822
            ],
            [
              28.127596439169167,
              41.16913946587539
            ],
            [
              31.421364985163223,
              41.34718100890211
            ],
            [
              33.46884272997033,
              41.34718100890211
            ],
            [
              34.002967359050444,
              41.34718100890211
            ],
            [
              32.22255192878339,
              40.36795252225522
            ],
            [
              28.127596439169167,
              39.47774480712167
            ],
            [
              23.231454005934722,
              38.76557863501483
            ],
            [
              21.09495548961422,
              38.23145400593472
            ],
            [
              21.18397626112761,
              37.96439169139467
            ],
            [
              21.896142433234445,
              38.32047477744811
            ],
            [
              23.58753709198811,
              39.03264094955489
            ],
            [
              26.16913946587539,
              39.922848664688445
            ],
            [
              29.284866468842722,
              40.72403560830861
            ],
            [
              32.84569732937683,
              41.34718100890211
            ],
            [
              34.893175074184,
              41.61424332344217
            ],
            [
              35.33827893175072,
              41.61424332344217
            ],
            [
              34.002967359050444,
              41.34718100890211
            ],
            [
              31.2433234421365,
              40.63501483679528
            ],
            [
              26.080118694362,
              39.922848664688445
            ],
            [
              20.382789317507445,
              38.943620178041556
            ],
            [
              15.753709198813056,
              37.875370919881334
            ],
            [
              12.994065281899111,
              36.98516320474778
            ],
            [
              11.124629080118723,
              36.45103857566767
            ],
            [
              10.85756676557861,
              36.362017804154334
            ],
            [
              11.658753709198834,
              36.896142433234445
            ],
            [
              14.151335311572723,
              37.69732937685461
            ],
            [
              17.801186943620166,
              38.32047477744811
            ],
            [
              22.51928783382789,
              38.85459940652822
            ],
            [
              26.792284866468833,
              39.21068249258161
            ],
            [
              29.818991097922833,
              39.388724035608334
            ],
            [
              31.77744807121661,
              39.388724035608334
            ],
            [
              32.22255192878339,
              38.6765578635015
            ],
            [
              31.421364985163223,
              37.430267062314556
            ],
            [
              29.37388724035611,
              36.540059347181
            ],
            [
              25.813056379821944,
              35.82789317507422
            ],
            [
              22.341246290801166,
              35.382789317507445
            ],
            [
              20.382789317507445,
              35.11572700296739
            ],
            [
              20.115727002967333,
              35.026706231454
            ],
            [
              20.56083086053411,
              35.20474777448072
            ],
            [
              21.718100890207722,
              35.6498516320475
            ],
            [
              22.341246290801166,
              35.82789317507422
            ],
            [
              25.011869436201778,
              36.540059347181
            ],
            [
              25.991097922848667,
              36.71810089020772
            ],
            [
              28.928783382789334,
              37.1632047477745
            ],
            [
              31.154302670623167,
              37.34124629080122
            ],
            [
              31.955489614243334,
              37.51928783382789
            ],
            [
              32.40059347181011,
              37.51928783382789
            ],
            [
              31.955489614243334,
              37.34124629080122
            ],
            [
              30.353115727003,
              36.80712166172111
            ],
            [
              24.744807121661722,
              36.00593471810089
            ],
            [
              22.341246290801166,
              35.6498516320475
            ],
            [
              15.842729970326388,
              34.848664688427334
            ],
            [
              14.774480712166167,
              34.58160237388728
            ],
            [
              14.062314540059333,
              34.49258160237389
            ],
            [
              15.130563798219612,
              35.20474777448072
            ],
            [
              16.287833827893166,
              35.73887240356083
            ],
            [
              18.513353115727,
              36.45103857566767
            ],
            [
              21.718100890207722,
              37.34124629080122
            ],
            [
              25.991097922848667,
              38.05341246290806
            ],
            [
              30.798219584569722,
              38.49851632047478
            ],
            [
              34.35905044510389,
              38.6765578635015
            ],
            [
              36.94065281899111,
              38.6765578635015
            ],
            [
              37.74183976261128,
              38.6765578635015
            ],
            [
              36.673590504451056,
              38.32047477744811
            ],
            [
              34.537091988130555,
              37.875370919881334
            ],
            [
              31.77744807121661,
              37.51928783382789
            ],
            [
              27.504451038575667,
              37.430267062314556
            ],
            [
              24.12166172106828,
              37.430267062314556
            ],
            [
              22.430267062314556,
              37.430267062314556
            ],
            [
              22.430267062314556,
              37.96439169139467
            ],
            [
              22.51928783382789,
              38.49851632047478
            ],
            [
              22.964391691394667,
              39.03264094955489
            ],
            [
              24.12166172106828,
              39.922848664688445
            ],
            [
              26.080118694362,
              40.813056379822
            ],
            [
              28.2166172106825,
              41.52522255192878
            ],
            [
              29.19584569732939,
              41.88130563798222
            ]
          ]
        ]
      }
    }
  ]
}