{
  "type": "FeatureCollection",
  "crs": {
    "type": "name",
    "properties": {
      "name": "urn:ogc:def:crs:OGC:1.3:CRS84"
    }
  },
  "features": [
    {
      "type": "Feature",
      "properties": {
        "timestamp": "2026-06-09T11:23:07.485858",
        "country_name": "Greece",
        "author": "",
        "author_id": "b48ce888-6127-4996-ba2f-324b6e8d7009",
        "validated": false,
        "ranking": [
          [
            "Greece",
            0.46546700596809387
          ],
          [
            "Canada",
            0.18472740054130554
          ],
          [
            "Denmark",
            0.13498586416244507
          ],
          [
            "Bangladesh",
            0.01790742389857769
          ],
          [
            "Svalbard",
            0.0165923610329628
          ],
          [
            "Falkland Islands",
            0.01563340798020363
          ],
          [
            "Croatia",
            0.01240510307252407
          ],
          [
            "Guinea-Bissau",
            0.01022533793002367
          ],
          [
            "Papua New Guinea",
            0.008192051202058792
          ],
          [
            "Tajikistan",
            0.006748398300260305
          ],
          [
            "Italy",
            0.0065414453856647015
          ],
          [
            "Russia",
            0.005207710899412632
          ],
          [
            "Senegal",
            0.004967318382114172
          ],
          [
            "Philippines",
            0.0042396653443574905
          ],
          [
            "Hong Kong",
            0.0037745132576674223
          ],
          [
            "United Kingdom",
            0.0033356500789523125
          ],
          [
            "Netherlands",
            0.003329802304506302
          ],
          [
            "Ireland",
            0.003175144549459219
          ],
          [
            "Mozambique",
            0.0030706014949828386
          ],
          [
            "Peru",
            0.002774136606603861
          ],
          [
            "Kiribati",
            0.002502616960555315
          ],
          [
            "Iceland",
            0.0024664222728461027
          ],
          [
            "Laos",
            0.0024027207400649786
          ],
          [
            "Costa Rica",
            0.0023607644252479076
          ],
          [
            "Ukraine",
            0.002194644184783101
          ],
          [
            "South Georgia Islands",
            0.002081063808873296
          ],
          [
            "Haiti",
            0.0020579607225954533
          ],
          [
            "France",
            0.0020029665902256966
          ],
          [
            "Fiji",
            0.001814488903619349
          ],
          [
            "Guinea",
            0.0017990400083363056
          ],
          [
            "Venezuela",
            0.0017431739252060652
          ],
          [
            "Somalia",
            0.0016293227672576904
          ],
          [
            "Thailand",
            0.0016287852777168155
          ],
          [
            "Greenland",
            0.001585078425705433
          ],
          [
            "Estonia",
            0.0015345826977863908
          ],
          [
            "Mexico",
            0.0015089452499523759
          ],
          [
            "Kuwait",
            0.0013099120697006583
          ],
          [
            "Belarus",
            0.001213924726471305
          ],
          [
            "Djibouti",
            0.0012028295313939452
          ],
          [
            "Belgium",
            0.0011883694678544998
          ],
          [
            "Faroe Islands",
            0.0011140556307509542
          ],
          [
            "China",
            0.0010734100360423326
          ],
          [
            "Australia",
            0.001049460843205452
          ],
          [
            "Gabon",
            0.0010347069473937154
          ],
          [
            "Azerbaijan",
            0.001028544269502163
          ],
          [
            "India",
            0.000979921198450029
          ],
          [
            "Guyana",
            0.0009599144104868174
          ],
          [
            "Switzerland",
            0.0009504662593826652
          ],
          [
            "South Korea",
            0.0009428951889276505
          ],
          [
            "Indonesia",
            0.0009334079222753644
          ],
          [
            "Panama",
            0.0008942728745751083
          ],
          [
            "Guadeloupe",
            0.0008618973661214113
          ],
          [
            "Congo",
            0.0008494400535710156
          ],
          [
            "Norway",
            0.0008217774447984993
          ],
          [
            "Uzbekistan",
            0.0008054679492488503
          ],
          [
            "South Africa",
            0.0007427001255564392
          ],
          [
            "Brazil",
            0.0007134362822398543
          ],
          [
            "United States of America",
            0.0007083597010932863
          ],
          [
            "Tunisia",
            0.0006984105566516519
          ],
          [
            "North Korea",
            0.0006860120920464396
          ],
          [
            "Cuba",
            0.0006854156381450593
          ],
          [
            "Sweden",
            0.000673928763717413
          ],
          [
            "Rwanda",
            0.0006042303284630179
          ],
          [
            "Syria",
            0.0005945676239207387
          ],
          [
            "Kyrgyzstan",
            0.000587260874453932
          ],
          [
            "Nepal",
            0.0005705623771063983
          ],
          [
            "Romania",
            0.0005662701441906393
          ],
          [
            "Burkina Faso",
            0.0005654542474076152
          ],
          [
            "Eritrea",
            0.0005526800523512065
          ],
          [
            "Armenia",
            0.0005247241351753473
          ],
          [
            "Turkmenistan",
            0.000522408343385905
          ],
          [
            "Germany",
            0.0005175347905606031
          ],
          [
            "Jordan",
            0.0005064321449026465
          ],
          [
            "El Salvador",
            0.0005032554618082941
          ],
          [
            "Colombia",
            0.0005004794802516699
          ],
          [
            "Serbia",
            0.0004987166612409055
          ],
          [
            "Montenegro",
            0.0004985444829799235
          ],
          [
            "New Caledonia",
            0.0004911982687190175
          ],
          [
            "Vietnam",
            0.00048648694064468145
          ],
          [
            "Burundi",
            0.00047988101141527295
          ],
          [
            "Malawi",
            0.00047853103023953736
          ],
          [
            "Iran",
            0.0004450541746336967
          ],
          [
            "Brunei",
            0.00044274868560023606
          ],
          [
            "Mauritania",
            0.000437605514889583
          ],
          [
            "Turks and Caicos Islands",
            0.0004282608279027045
          ],
          [
            "Benin",
            0.00041050781146623194
          ],
          [
            "Argentina",
            0.0003890103253070265
          ],
          [
            "Cambodia",
            0.00038775766734033823
          ],
          [
            "Latvia",
            0.00038415787275880575
          ],
          [
            "Lithuania",
            0.0003774950746446848
          ],
          [
            "Kazakhstan",
            0.0003769806062337011
          ],
          [
            "Myanmar",
            0.0003678365028463304
          ],
          [
            "Central African Republic",
            0.00036317267222329974
          ],
          [
            "Portugal",
            0.0003493057156447321
          ],
          [
            "Iraq",
            0.0003376757958903909
          ],
          [
            "Spain",
            0.0003247043350711465
          ],
          [
            "Pakistan",
            0.00030583079205825925
          ],
          [
            "Angola",
            0.0003042935277335346
          ],
          [
            "Bahamas",
            0.00030324136605486274
          ],
          [
            "Finland",
            0.0003016532282344997
          ],
          [
            "North Macedonia",
            0.00029937824001535773
          ],
          [
            "Zambia",
            0.0002815200132317841
          ],
          [
            "Albania",
            0.00028083406505174935
          ],
          [
            "Dominican Republic",
            0.00027648749528452754
          ],
          [
            "Moldova",
            0.0002756371395662427
          ],
          [
            "Uganda",
            0.00026764068752527237
          ],
          [
            "Jamaica",
            0.0002664981293492019
          ],
          [
            "Gambia",
            0.0002649325761012733
          ],
          [
            "Honduras",
            0.0002629330556374043
          ],
          [
            "Mayotte",
            0.0002604920882731676
          ],
          [
            "Georgia",
            0.0002585921320132911
          ],
          [
            "Mali",
            0.00024654006119817495
          ],
          [
            "Nicaragua",
            0.00024247070541605353
          ],
          [
            "Algeria",
            0.00024005254090297967
          ],
          [
            "Saudi Arabia",
            0.00023607048206031322
          ],
          [
            "Slovakia",
            0.00023594038793817163
          ],
          [
            "Namibia",
            0.000228400545893237
          ],
          [
            "South Sudan",
            0.00022230553440749645
          ],
          [
            "Togo",
            0.0002220792230218649
          ],
          [
            "Lesotho",
            0.00021863786969333887
          ],
          [
            "Western Sahara",
            0.0002162089804187417
          ],
          [
            "Nigeria",
            0.00021289759024512023
          ],
          [
            "Côte d'Ivoire",
            0.00021046139590907842
          ],
          [
            "Guatemala",
            0.00020985932496841997
          ],
          [
            "Bulgaria",
            0.00020374238374643028
          ],
          [
            "Kenya",
            0.00020370818674564362
          ],
          [
            "Samoa",
            0.00019995527691207826
          ],
          [
            "Turkey",
            0.0001996218488784507
          ],
          [
            "Sudan",
            0.0001934893662109971
          ],
          [
            "Slovenia",
            0.0001878553011920303
          ],
          [
            "Paraguay",
            0.0001864065561676398
          ],
          [
            "Japan",
            0.0001844553044065833
          ],
          [
            "Bolivia",
            0.00017734260472934693
          ],
          [
            "Afghanistan",
            0.0001757806894602254
          ],
          [
            "Cameroon",
            0.00017374238814227283
          ],
          [
            "Heard and McDonald Islands",
            0.0001723367313388735
          ],
          [
            "Belize",
            0.00016720278654247522
          ],
          [
            "Guam",
            0.00016306557517964393
          ],
          [
            "Trinidad and Tobago",
            0.0001626983575988561
          ],
          [
            "Chad",
            0.00016256124945357442
          ],
          [
            "French Guiana",
            0.00016086420509964228
          ],
          [
            "DR Congo",
            0.00016075687017291784
          ],
          [
            "Lebanon",
            0.0001594617497175932
          ],
          [
            "Libya",
            0.00015575326688122004
          ],
          [
            "Bhutan",
            0.00015078598516993225
          ],
          [
            "Sri Lanka",
            0.00015030271606519818
          ],
          [
            "Ghana",
            0.0001500406360719353
          ],
          [
            "Sierra Leone",
            0.00014707825903315097
          ],
          [
            "Liberia",
            0.00014562449359800667
          ],
          [
            "Niger",
            0.0001438568433513865
          ],
          [
            "Yemen",
            0.0001393181155435741
          ],
          [
            "Ethiopia",
            0.0001309196959482506
          ],
          [
            "Luxembourg",
            0.00012827879982069135
          ],
          [
            "Mongolia",
            0.00012803144636563957
          ],
          [
            "Israel",
            0.00012690720905084163
          ],
          [
            "Bosnia & Herzegovina",
            0.0001250899222213775
          ],
          [
            "New Zealand",
            0.00012394117948133498
          ],
          [
            "Taiwan",
            0.0001201354680233635
          ],
          [
            "Czech Republic",
            0.00011774219456128776
          ],
          [
            "Qatar",
            0.00011762862413888797
          ],
          [
            "Cyprus",
            0.00011254448327235878
          ],
          [
            "West Bank",
            0.00011116862151538953
          ],
          [
            "Morocco",
            0.00011066384467994794
          ],
          [
            "Vanuatu",
            0.0001046031029545702
          ],
          [
            "Zimbabwe",
            0.00010442687198519707
          ],
          [
            "United Arab Emirates",
            0.00010131037561222911
          ],
          [
            "Isle of Man",
            0.00010113565076608211
          ],
          [
            "Puerto Rico",
            9.630021668272093e-05
          ],
          [
            "Austria",
            9.472172678215429e-05
          ],
          [
            "Suriname",
            9.401220449944958e-05
          ],
          [
            "Martinique",
            9.039841097546741e-05
          ],
          [
            "Timor-Leste",
            8.73703247634694e-05
          ],
          [
            "Oman",
            8.710559632163495e-05
          ],
          [
            "Reunion",
            8.270273974630982e-05
          ],
          [
            "Bahrain",
            7.957191701279953e-05
          ],
          [
            "Solomon Islands",
            7.780339365126565e-05
          ],
          [
            "Saint Lucia",
            7.766803173581138e-05
          ],
          [
            "Botswana",
            6.71070592943579e-05
          ],
          [
            "Egypt",
            6.608594412682578e-05
          ],
          [
            "Madeira Islands",
            6.462787860073149e-05
          ],
          [
            "Poland",
            6.441301229642704e-05
          ],
          [
            "Madagascar",
            5.878971569472924e-05
          ],
          [
            "Uruguay",
            5.869616143172607e-05
          ],
          [
            "Eswatini",
            5.703618808183819e-05
          ],
          [
            "Tanzania",
            5.223911284701899e-05
          ],
          [
            "Hungary",
            4.9686113925417885e-05
          ],
          [
            "Cape Verde",
            4.7927249397616833e-05
          ],
          [
            "Equatorial Guinea",
            4.76696077384986e-05
          ],
          [
            "Dominica",
            4.6707220462849364e-05
          ],
          [
            "Malaysia",
            4.5554639655165374e-05
          ],
          [
            "Comoros",
            3.56924683728721e-05
          ],
          [
            "Barbados",
            3.383700459380634e-05
          ],
          [
            "Antigua & Barbuda",
            2.67081650235923e-05
          ],
          [
            "Palau",
            2.6399020498502068e-05
          ],
          [
            "Ecuador",
            2.5221561372745782e-05
          ],
          [
            "Chile",
            2.1081363229313865e-05
          ],
          [
            "Netherlands Antilles",
            1.915928442031145e-05
          ],
          [
            "United States Virgin Islands",
            1.2475604307837784e-05
          ],
          [
            "Sao Tome and Principe",
            3.658134119177703e-06
          ]
        ]
      },
      "geometry": {
        "type": "MultiLineString",
        "coordinates": [
          [
            [
              10.563829787234056,
              33.27659574468083
            ],
            [
              10.563829787234056,
              32.74468085106383
            ],
            [
              10.563829787234056,
              32.10638297872339
            ],
            [
              10.563829787234056,
              31.468085106383
            ],
            [
              10.563829787234056,
              30.510638297872333
            ],
            [
              10.563829787234056,
              29.553191489361723
            ],
            [
              10.563829787234056,
              28.38297872340428
            ],
            [
              10.563829787234056,
              27.319148936170222
            ],
            [
              10.563829787234056,
              26.148936170212778
            ],
            [
              10.563829787234056,
              24.12765957446811
            ],
            [
              11.414893617021278,
              22.212765957446777
            ],
            [
              12.797872340425556,
              20.297872340425556
            ],
            [
              13.968085106383,
              19.34042553191489
            ],
            [
              16.095744680851055,
              17.531914893617
            ],
            [
              17.053191489361723,
              17.212765957446777
            ],
            [
              18.755319148936167,
              16.468085106383
            ],
            [
              20.457446808510667,
              15.829787234042556
            ],
            [
              22.2659574468085,
              15.297872340425556
            ],
            [
              23.968085106383,
              14.978723404255334
            ],
            [
              25.776595744680833,
              14.872340425531888
            ],
            [
              27.37234042553189,
              14.872340425531888
            ],
            [
              28.861702127659555,
              15.085106382978722
            ],
            [
              31.30851063829789,
              16.255319148936167
            ],
            [
              32.904255319148945,
              17.42553191489361
            ],
            [
              34.712765957446834,
              19.12765957446811
            ],
            [
              36.62765957446811,
              21.361702127659555
            ],
            [
              38.54255319148933,
              24.2340425531915
            ],
            [
              40.563829787234056,
              27.212765957446777
            ],
            [
              42.2659574468085,
              30.510638297872333
            ],
            [
              45.35106382978722,
              37.42553191489361
            ],
            [
              46.62765957446811,
              41.361702127659555
            ],
            [
              46.94680851063828,
              44.021276595744666
            ],
            [
              47.05319148936172,
              46.14893617021278
            ],
            [
              46.94680851063828,
              46.68085106382978
            ],
            [
              46.30851063829789,
              47.42553191489361
            ],
            [
              45.77659574468083,
              47.638297872340445
            ],
            [
              44.81914893617022,
              47.74468085106383
            ],
            [
              43.64893617021278,
              47.74468085106383
            ],
            [
              42.2659574468085,
              47.74468085106383
            ],
            [
              40.670212765957444,
              47.74468085106383
            ],
            [
              38.861702127659555,
              47.74468085106383
            ],
            [
              37.15957446808511,
              47.42553191489361
            ],
            [
              35.35106382978722,
              46.89361702127661
            ],
            [
              33.64893617021278,
              46.25531914893617
            ],
            [
              33.01063829787233,
              45.936170212765944
            ],
            [
              31.84042553191489,
              45.19148936170211
            ],
            [
              30.88297872340428,
              44.55319148936172
            ],
            [
              29.712765957446834,
              43.38297872340428
            ],
            [
              28.968085106383,
              41.468085106383
            ],
            [
              28.968085106383,
              37.85106382978722
            ],
            [
              30.031914893617,
              34.2340425531915
            ],
            [
              32.797872340425556,
              30.085106382978722
            ],
            [
              34.60638297872339,
              28.170212765957444
            ],
            [
              36.94680851063828,
              26.148936170212778
            ],
            [
              39.5,
              24.34042553191489
            ],
            [
              42.05319148936172,
              22.957446808510667
            ],
            [
              43.22340425531917,
              22.319148936170222
            ],
            [
              45.24468085106383,
              21.468085106383
            ],
            [
              46.095744680851055,
              21.255319148936167
            ],
            [
              47.478723404255334,
              20.936170212765944
            ],
            [
              48.75531914893617,
              20.829787234042556
            ],
            [
              50.45744680851067,
              20.829787234042556
            ],
            [
              51.202127659574444,
              20.936170212765944
            ],
            [
              51.7340425531915,
              21.468085106383
            ],
            [
              52.15957446808511,
              22.319148936170222
            ],
            [
              52.478723404255334,
              23.276595744680833
            ],
            [
              52.797872340425556,
              24.34042553191489
            ],
            [
              52.904255319148945,
              26.89361702127661
            ],
            [
              52.797872340425556,
              29.553191489361723
            ],
            [
              51.7340425531915,
              31.89361702127661
            ],
            [
              50.031914893617,
              33.702127659574444
            ],
            [
              48.861702127659555,
              34.44680851063828
            ],
            [
              47.478723404255334,
              34.978723404255334
            ],
            [
              45.98936170212767,
              35.404255319148945
            ],
            [
              44.5,
              35.51063829787233
            ],
            [
              42.797872340425556,
              35.51063829787233
            ],
            [
              40.98936170212767,
              35.51063829787233
            ],
            [
              39.28723404255322,
              35.51063829787233
            ],
            [
              37.58510638297872,
              34.978723404255334
            ],
            [
              36.202127659574444,
              34.55319148936172
            ],
            [
              34.81914893617022,
              34.021276595744666
            ],
            [
              33.64893617021278,
              33.38297872340428
            ],
            [
              33.22340425531917,
              33.063829787234056
            ],
            [
              32.2659574468085,
              32.42553191489361
            ],
            [
              31.521276595744666,
              31.787234042553166
            ],
            [
              30.457446808510667,
              30.61702127659572
            ],
            [
              30.031914893617,
              29.65957446808511
            ],
            [
              29.819148936170222,
              28.702127659574444
            ],
            [
              29.712765957446834,
              26.468085106383
            ],
            [
              30.031914893617,
              24.34042553191489
            ],
            [
              31.521276595744666,
              22.531914893617
            ],
            [
              32.69148936170211,
              21.680851063829778
            ],
            [
              34.81914893617022,
              20.61702127659572
            ],
            [
              36.41489361702128,
              20.19148936170211
            ],
            [
              37.478723404255334,
              20.085106382978722
            ],
            [
              40.88297872340428,
              19.87234042553189
            ],
            [
              42.904255319148945,
              19.87234042553189
            ],
            [
              43.861702127659555,
              20.085106382978722
            ],
            [
              45.45744680851067,
              20.723404255319167
            ],
            [
              46.7340425531915,
              21.468085106383
            ],
            [
              48.01063829787233,
              22.531914893617
            ],
            [
              48.861702127659555,
              23.702127659574444
            ],
            [
              49.5,
              25.085106382978722
            ],
            [
              49.92553191489361,
              26.57446808510639
            ],
            [
              50.138297872340445,
              28.170212765957444
            ],
            [
              50.138297872340445,
              30.936170212765944
            ],
            [
              49.81914893617022,
              32.74468085106383
            ],
            [
              48.861702127659555,
              34.55319148936172
            ],
            [
              45.45744680851067,
              37.95744680851067
            ],
            [
              40.45744680851067,
              40.61702127659572
            ],
            [
              35.138297872340445,
              41.361702127659555
            ],
            [
              32.58510638297872,
              41.361702127659555
            ],
            [
              30.244680851063833,
              41.04255319148933
            ],
            [
              28.010638297872333,
              39.87234042553189
            ],
            [
              25.989361702127667,
              38.27659574468083
            ],
            [
              25.244680851063833,
              37.42553191489361
            ],
            [
              24.07446808510639,
              35.61702127659572
            ],
            [
              23.223404255319167,
              34.021276595744666
            ],
            [
              22.797872340425556,
              32.42553191489361
            ],
            [
              22.69148936170211,
              30.829787234042556
            ],
            [
              22.69148936170211,
              28.276595744680833
            ],
            [
              23.648936170212778,
              26.787234042553223
            ],
            [
              25.244680851063833,
              25.404255319148945
            ],
            [
              27.2659574468085,
              24.12765957446811
            ],
            [
              29.92553191489361,
              23.170212765957444
            ],
            [
              33.01063829787233,
              22.42553191489361
            ],
            [
              35.98936170212767,
              22.10638297872339
            ],
            [
              37.37234042553189,
              22.10638297872339
            ],
            [
              41.62765957446811,
              22.531914893617
            ],
            [
              44.39361702127661,
              24.12765957446811
            ],
            [
              45.563829787234056,
              26.148936170212778
            ],
            [
              45.98936170212767,
              28.276595744680833
            ],
            [
              45.98936170212767,
              29.978723404255334
            ],
            [
              45.670212765957444,
              32.10638297872339
            ],
            [
              44.712765957446834,
              34.55319148936172
            ],
            [
              43.22340425531917,
              37.42553191489361
            ],
            [
              41.62765957446811,
              40.297872340425556
            ],
            [
              40.031914893617,
              43.063829787234056
            ],
            [
              39.28723404255322,
              44.12765957446811
            ],
            [
              38.64893617021278,
              44.978723404255334
            ],
            [
              37.37234042553189,
              46.468085106383
            ],
            [
              36.521276595744666,
              47.31914893617022
            ],
            [
              35.670212765957444,
              48.063829787234056
            ],
            [
              35.031914893617,
              48.27659574468083
            ],
            [
              33.968085106383,
              48.48936170212767
            ],
            [
              33.329787234042556,
              48.48936170212767
            ],
            [
              32.15957446808511,
              47.74468085106383
            ],
            [
              30.88297872340428,
              46.361702127659555
            ],
            [
              27.904255319148945,
              41.68085106382978
            ],
            [
              25.138297872340445,
              35.297872340425556
            ],
            [
              23.436170212765944,
              28.80851063829789
            ],
            [
              23.329787234042556,
              24.7659574468085
            ],
            [
              23.755319148936167,
              22.531914893617
            ],
            [
              25.244680851063833,
              19.65957446808511
            ],
            [
              26.84042553191489,
              18.702127659574444
            ],
            [
              28.648936170212778,
              18.170212765957444
            ],
            [
              31.202127659574444,
              18.063829787234056
            ],
            [
              33.75531914893617,
              18.170212765957444
            ],
            [
              39.07446808510639,
              20.085106382978722
            ],
            [
              42.69148936170211,
              22.531914893617
            ],
            [
              46.62765957446811,
              25.61702127659572
            ],
            [
              50.24468085106383,
              29.12765957446811
            ],
            [
              53.75531914893617,
              33.38297872340428
            ],
            [
              56.84042553191489,
              37.638297872340445
            ],
            [
              58.01063829787233,
              39.65957446808511
            ],
            [
              60.138297872340445,
              43.48936170212767
            ],
            [
              60.563829787234056,
              44.87234042553189
            ]
          ],
          [
            [
              57.15957446808511,
              11.468085106383
            ],
            [
              57.15957446808511,
              11.042553191489333
            ],
            [
              57.15957446808511,
              9.659574468085111
            ],
            [
              56.84042553191489,
              8.595744680851055
            ],
            [
              55.98936170212767,
              6.042553191489333
            ],
            [
              55.563829787234056,
              4.7659574468085
            ],
            [
              54.92553191489361,
              3.489361702127667
            ],
            [
              54.39361702127661,
              2.425531914893611
            ]
          ],
          [
            [
              54.18085106382978,
              3.5957446808510554
            ],
            [
              54.28723404255322,
              4.2340425531915
            ],
            [
              54.5,
              4.659574468085111
            ],
            [
              54.92553191489361,
              5.297872340425556
            ],
            [
              55.24468085106383,
              5.723404255319167
            ],
            [
              55.45744680851067,
              6.042553191489333
            ],
            [
              55.24468085106383,
              5.723404255319167
            ],
            [
              54.81914893617022,
              5.191489361702111
            ],
            [
              54.28723404255322,
              4.553191489361723
            ],
            [
              53.861702127659555,
              4.2340425531915
            ],
            [
              53.11702127659578,
              3.5957446808510554
            ],
            [
              52.478723404255334,
              3.1702127659574444
            ],
            [
              51.84042553191489,
              2.638297872340445
            ],
            [
              51.521276595744666,
              2.425531914893611
            ],
            [
              50.77659574468083,
              2.0
            ]
          ],
          [
            [
              58.436170212765944,
              15.19148936170211
            ],
            [
              57.15957446808511,
              14.553191489361723
            ],
            [
              56.521276595744666,
              14.127659574468112
            ],
            [
              55.98936170212767,
              13.702127659574444
            ],
            [
              55.77659574468083,
              13.382978723404278
            ],
            [
              54.81914893617022,
              12.425531914893611
            ],
            [
              54.39361702127661,
              12.106382978723389
            ],
            [
              54.07446808510639,
              11.680851063829778
            ],
            [
              54.39361702127661,
              12.0
            ],
            [
              54.92553191489361,
              12.425531914893611
            ],
            [
              55.563829787234056,
              13.063829787234056
            ],
            [
              56.521276595744666,
              13.80851063829789
            ],
            [
              56.94680851063828,
              14.127659574468112
            ],
            [
              57.797872340425556,
              14.872340425531888
            ],
            [
              58.54255319148933,
              15.404255319148945
            ],
            [
              59.60638297872339,
              16.255319148936167
            ],
            [
              60.031914893617,
              16.468085106383
            ],
            [
              59.39361702127661,
              15.723404255319167
            ],
            [
              58.75531914893617,
              14.978723404255334
            ],
            [
              58.01063829787233,
              14.2340425531915
            ],
            [
              56.30851063829789,
              12.319148936170222
            ],
            [
              55.88297872340428,
              12.0
            ],
            [
              55.24468085106383,
              11.361702127659555
            ],
            [
              55.031914893617,
              11.042553191489333
            ],
            [
              54.5,
              10.617021276595722
            ],
            [
              54.18085106382978,
              10.297872340425556
            ],
            [
              53.861702127659555,
              9.978723404255334
            ],
            [
              54.712765957446834,
              10.723404255319167
            ],
            [
              56.30851063829789,
              12.212765957446777
            ],
            [
              56.84042553191489,
              12.638297872340445
            ],
            [
              57.69148936170211,
              13.382978723404278
            ],
            [
              58.64893617021278,
              14.127659574468112
            ],
            [
              59.07446808510639,
              14.446808510638277
            ],
            [
              59.39361702127661,
              14.659574468085111
            ],
            [
              59.712765957446834,
              14.978723404255334
            ],
            [
              59.28723404255322,
              14.553191489361723
            ],
            [
              58.75531914893617,
              14.021276595744666
            ],
            [
              57.904255319148945,
              13.276595744680833
            ],
            [
              56.94680851063828,
              12.531914893617
            ],
            [
              55.88297872340428,
              11.574468085106389
            ],
            [
              54.92553191489361,
              10.723404255319167
            ],
            [
              54.5,
              10.404255319148945
            ],
            [
              53.64893617021278,
              9.7659574468085
            ],
            [
              52.797872340425556,
              9.127659574468112
            ],
            [
              52.2659574468085,
              8.702127659574444
            ],
            [
              51.94680851063828,
              8.489361702127667
            ],
            [
              52.2659574468085,
              8.595744680851055
            ],
            [
              51.84042553191489,
              8.702127659574444
            ],
            [
              51.521276595744666,
              8.489361702127667
            ],
            [
              51.095744680851055,
              8.276595744680833
            ],
            [
              50.670212765957444,
              8.063829787234056
            ],
            [
              50.138297872340445,
              7.744680851063833
            ],
            [
              49.60638297872339,
              7.425531914893611
            ],
            [
              49.18085106382978,
              7.212765957446777
            ],
            [
              49.28723404255322,
              7.638297872340445
            ],
            [
              50.24468085106383,
              8.702127659574444
            ],
            [
              51.30851063829789,
              9.872340425531888
            ],
            [
              52.58510638297872,
              11.361702127659555
            ],
            [
              53.22340425531917,
              12.0
            ],
            [
              54.92553191489361,
              13.80851063829789
            ],
            [
              55.88297872340428,
              14.872340425531888
            ],
            [
              56.62765957446811,
              15.510638297872333
            ],
            [
              55.88297872340428,
              14.872340425531888
            ],
            [
              54.60638297872339,
              13.702127659574444
            ],
            [
              53.329787234042556,
              12.319148936170222
            ],
            [
              52.478723404255334,
              11.574468085106389
            ],
            [
              50.98936170212767,
              10.297872340425556
            ],
            [
              49.5,
              8.914893617021278
            ],
            [
              48.968085106383,
              8.382978723404278
            ],
            [
              48.01063829787233,
              7.425531914893611
            ],
            [
              47.69148936170211,
              7.212765957446777
            ],
            [
              47.15957446808511,
              6.680851063829778
            ],
            [
              46.84042553191489,
              6.361702127659555
            ],
            [
              46.521276595744666,
              6.148936170212778
            ],
            [
              47.2659574468085,
              6.787234042553223
            ],
            [
              48.54255319148933,
              8.063829787234056
            ],
            [
              49.712765957446834,
              9.340425531914889
            ],
            [
              51.84042553191489,
              11.361702127659555
            ],
            [
              53.436170212765944,
              12.744680851063833
            ],
            [
              54.712765957446834,
              13.914893617021278
            ],
            [
              55.24468085106383,
              14.340425531914889
            ],
            [
              56.202127659574444,
              15.19148936170211
            ],
            [
              56.521276595744666,
              15.510638297872333
            ],
            [
              57.05319148936172,
              15.936170212765944
            ],
            [
              57.478723404255334,
              16.255319148936167
            ],
            [
              57.797872340425556,
              16.57446808510639
            ],
            [
              56.521276595744666,
              15.297872340425556
            ],
            [
              55.24468085106383,
              14.127659574468112
            ],
            [
              54.5,
              13.382978723404278
            ],
            [
              51.84042553191489,
              10.936170212765944
            ],
            [
              50.138297872340445,
              9.2340425531915
            ],
            [
              49.18085106382978,
              8.382978723404278
            ],
            [
              48.75531914893617,
              8.063829787234056
            ],
            [
              48.329787234042556,
              7.638297872340445
            ],
            [
              49.18085106382978,
              8.702127659574444
            ],
            [
              50.45744680851067,
              10.085106382978722
            ],
            [
              52.05319148936172,
              11.787234042553223
            ],
            [
              53.861702127659555,
              13.702127659574444
            ],
            [
              55.670212765957444,
              15.829787234042556
            ],
            [
              56.7340425531915,
              16.680851063829778
            ],
            [
              58.436170212765944,
              18.489361702127667
            ],
            [
              59.18085106382978,
              19.021276595744666
            ],
            [
              60.45744680851067,
              20.085106382978722
            ],
            [
              60.77659574468083,
              20.297872340425556
            ]
          ],
          [
            [
              48.01063829787233,
              11.680851063829778
            ],
            [
              49.18085106382978,
              12.319148936170222
            ],
            [
              49.712765957446834,
              12.744680851063833
            ],
            [
              50.45744680851067,
              13.170212765957444
            ],
            [
              50.77659574468083,
              13.276595744680833
            ],
            [
              51.202127659574444,
              13.595744680851055
            ],
            [
              51.7340425531915,
              13.914893617021278
            ],
            [
              52.05319148936172,
              14.021276595744666
            ],
            [
              51.7340425531915,
              13.702127659574444
            ],
            [
              49.07446808510639,
              11.680851063829778
            ],
            [
              45.138297872340445,
              8.276595744680833
            ],
            [
              42.15957446808511,
              6.042553191489333
            ],
            [
              40.563829787234056,
              4.7659574468085
            ],
            [
              39.92553191489361,
              4.340425531914889
            ],
            [
              39.5,
              3.914893617021278
            ],
            [
              38.64893617021278,
              3.3829787234042783
            ],
            [
              38.11702127659578,
              2.9574468085106673
            ],
            [
              37.797872340425556,
              2.638297872340445
            ],
            [
              37.478723404255334,
              2.5319148936169995
            ],
            [
              37.904255319148945,
              3.3829787234042783
            ],
            [
              38.861702127659555,
              4.7659574468085
            ],
            [
              39.92553191489361,
              6.255319148936167
            ],
            [
              40.563829787234056,
              7.0
            ],
            [
              42.37234042553189,
              9.659574468085111
            ],
            [
              43.22340425531917,
              10.723404255319167
            ],
            [
              45.77659574468083,
              13.702127659574444
            ],
            [
              46.521276595744666,
              14.553191489361723
            ],
            [
              47.478723404255334,
              15.723404255319167
            ],
            [
              47.797872340425556,
              15.936170212765944
            ],
            [
              46.62765957446811,
              14.872340425531888
            ],
            [
              45.88297872340428,
              14.2340425531915
            ],
            [
              44.92553191489361,
              13.170212765957444
            ],
            [
              43.861702127659555,
              12.212765957446777
            ],
            [
              43.329787234042556,
              11.680851063829778
            ],
            [
              42.58510638297872,
              10.829787234042556
            ],
            [
              41.94680851063828,
              10.19148936170211
            ],
            [
              41.62765957446811,
              9.978723404255334
            ],
            [
              41.41489361702128,
              9.659574468085111
            ],
            [
              43.01063829787233,
              11.361702127659555
            ],
            [
              44.92553191489361,
              13.382978723404278
            ],
            [
              47.58510638297872,
              16.148936170212778
            ],
            [
              48.861702127659555,
              17.531914893617
            ],
            [
              49.39361702127661,
              18.063829787234056
            ],
            [
              50.24468085106383,
              18.914893617021278
            ],
            [
              50.563829787234056,
              19.12765957446811
            ],
            [
              51.095744680851055,
              19.65957446808511
            ],
            [
              51.41489361702128,
              19.978723404255334
            ],
            [
              51.7340425531915,
              20.297872340425556
            ],
            [
              50.98936170212767,
              19.553191489361723
            ],
            [
              49.712765957446834,
              18.38297872340428
            ],
            [
              48.329787234042556,
              17.10638297872339
            ],
            [
              46.94680851063828,
              15.617021276595722
            ],
            [
              46.202127659574444,
              14.978723404255334
            ],
            [
              44.712765957446834,
              13.595744680851055
            ],
            [
              42.904255319148945,
              11.893617021276611
            ],
            [
              41.7340425531915,
              10.829787234042556
            ],
            [
              40.88297872340428,
              9.978723404255334
            ],
            [
              40.563829787234056,
              9.7659574468085
            ],
            [
              41.30851063829789,
              10.404255319148945
            ],
            [
              42.05319148936172,
              11.148936170212778
            ],
            [
              43.11702127659578,
              12.0
            ],
            [
              44.18085106382978,
              12.957446808510667
            ],
            [
              45.24468085106383,
              13.80851063829789
            ],
            [
              45.670212765957444,
              14.127659574468112
            ],
            [
              46.095744680851055,
              14.340425531914889
            ],
            [
              46.7340425531915,
              14.7659574468085
            ],
            [
              47.15957446808511,
              15.085106382978722
            ],
            [
              47.478723404255334,
              15.297872340425556
            ],
            [
              45.24468085106383,
              13.063829787234056
            ],
            [
              42.05319148936172,
              10.404255319148945
            ],
            [
              40.98936170212767,
              9.659574468085111
            ],
            [
              39.39361702127661,
              8.382978723404278
            ],
            [
              38.75531914893617,
              7.957446808510667
            ],
            [
              38.329787234042556,
              7.638297872340445
            ],
            [
              37.478723404255334,
              7.1063829787233885
            ],
            [
              37.05319148936172,
              6.680851063829778
            ],
            [
              36.62765957446811,
              6.574468085106389
            ],
            [
              37.15957446808511,
              7.1063829787233885
            ],
            [
              38.11702127659578,
              7.957446808510667
            ],
            [
              39.28723404255322,
              8.914893617021278
            ],
            [
              40.563829787234056,
              9.978723404255334
            ],
            [
              41.94680851063828,
              11.042553191489333
            ],
            [
              42.478723404255334,
              11.468085106383
            ],
            [
              43.968085106383,
              12.425531914893611
            ],
            [
              44.92553191489361,
              12.957446808510667
            ],
            [
              45.35106382978722,
              13.276595744680833
            ],
            [
              44.18085106382978,
              12.319148936170222
            ],
            [
              42.904255319148945,
              11.255319148936167
            ],
            [
              40.98936170212767,
              10.085106382978722
            ],
            [
              38.968085106383,
              8.702127659574444
            ],
            [
              37.797872340425556,
              8.063829787234056
            ],
            [
              35.88297872340428,
              6.787234042553223
            ],
            [
              35.031914893617,
              6.4680851063830005
            ],
            [
              33.64893617021278,
              5.617021276595722
            ],
            [
              33.329787234042556,
              5.510638297872333
            ],
            [
              32.58510638297872,
              5.085106382978722
            ],
            [
              32.05319148936172,
              4.872340425531888
            ],
            [
              31.62765957446811,
              4.659574468085111
            ],
            [
              32.05319148936172,
              5.297872340425556
            ],
            [
              33.75531914893617,
              6.8936170212766115
            ],
            [
              36.202127659574444,
              8.80851063829789
            ],
            [
              37.15957446808511,
              9.553191489361723
            ],
            [
              38.329787234042556,
              10.297872340425556
            ],
            [
              38.861702127659555,
              10.617021276595722
            ],
            [
              37.58510638297872,
              9.553191489361723
            ],
            [
              35.98936170212767,
              8.276595744680833
            ],
            [
              34.07446808510639,
              7.0
            ],
            [
              32.05319148936172,
              5.617021276595722
            ],
            [
              30.88297872340428,
              4.978723404255334
            ],
            [
              29.07446808510639,
              4.021276595744666
            ],
            [
              28.436170212765944,
              3.702127659574444
            ],
            [
              28.010638297872333,
              3.489361702127667
            ],
            [
              27.15957446808511,
              3.1702127659574444
            ],
            [
              26.62765957446811,
              2.9574468085106673
            ],
            [
              26.095744680851055,
              2.9574468085106673
            ],
            [
              25.989361702127667,
              3.702127659574444
            ],
            [
              27.69148936170211,
              6.042553191489333
            ],
            [
              29.92553191489361,
              8.382978723404278
            ],
            [
              32.904255319148945,
              10.829787234042556
            ],
            [
              33.54255319148933,
              11.148936170212778
            ],
            [
              34.712765957446834,
              11.787234042553223
            ],
            [
              35.138297872340445,
              11.893617021276611
            ],
            [
              35.77659574468083,
              12.106382978723389
            ],
            [
              36.202127659574444,
              12.212765957446777
            ],
            [
              36.62765957446811,
              12.212765957446777
            ],
            [
              36.7340425531915,
              11.787234042553223
            ],
            [
              36.202127659574444,
              11.042553191489333
            ],
            [
              35.24468085106383,
              9.872340425531888
            ],
            [
              33.64893617021278,
              8.702127659574444
            ],
            [
              31.946808510638277,
              7.319148936170222
            ],
            [
              30.776595744680833,
              6.680851063829778
            ],
            [
              28.861702127659555,
              5.510638297872333
            ],
            [
              27.15957446808511,
              4.553191489361723
            ],
            [
              25.88297872340428,
              4.127659574468112
            ],
            [
              24.39361702127661,
              3.489361702127667
            ],
            [
              23.648936170212778,
              3.3829787234042783
            ],
            [
              24.07446808510639,
              4.2340425531915
            ],
            [
              24.92553191489361,
              4.978723404255334
            ],
            [
              25.88297872340428,
              5.829787234042556
            ],
            [
              27.2659574468085,
              6.680851063829778
            ],
            [
              28.755319148936167,
              7.638297872340445
            ],
            [
              30.244680851063833,
              8.382978723404278
            ],
            [
              31.7340425531915,
              8.914893617021278
            ],
            [
              32.37234042553189,
              9.021276595744666
            ],
            [
              32.797872340425556,
              9.127659574468112
            ],
            [
              33.436170212765944,
              9.340425531914889
            ],
            [
              33.968085106383,
              9.340425531914889
            ],
            [
              34.60638297872339,
              9.340425531914889
            ],
            [
              34.28723404255322,
              8.914893617021278
            ],
            [
              33.22340425531917,
              8.170212765957444
            ],
            [
              31.84042553191489,
              7.319148936170222
            ],
            [
              29.5,
              6.148936170212778
            ],
            [
              28.755319148936167,
              5.829787234042556
            ],
            [
              27.478723404255334,
              5.297872340425556
            ],
            [
              26.202127659574444,
              5.085106382978722
            ],
            [
              25.563829787234056,
              4.872340425531888
            ],
            [
              25.031914893617,
              4.872340425531888
            ],
            [
              24.819148936170222,
              5.510638297872333
            ],
            [
              24.92553191489361,
              6.148936170212778
            ],
            [
              26.095744680851055,
              7.851063829787222
            ],
            [
              27.478723404255334,
              9.127659574468112
            ],
            [
              28.329787234042556,
              9.7659574468085
            ],
            [
              29.92553191489361,
              10.936170212765944
            ],
            [
              31.62765957446811,
              11.893617021276611
            ],
            [
              32.37234042553189,
              12.212765957446777
            ],
            [
              33.64893617021278,
              12.638297872340445
            ],
            [
              34.712765957446834,
              12.957446808510667
            ],
            [
              35.563829787234056,
              12.957446808510667
            ],
            [
              36.095744680851055,
              12.957446808510667
            ],
            [
              35.138297872340445,
              11.680851063829778
            ],
            [
              31.62765957446811,
              9.659574468085111
            ],
            [
              26.7340425531915,
              7.638297872340445
            ],
            [
              23.436170212765944,
              6.680851063829778
            ],
            [
              22.69148936170211,
              6.574468085106389
            ],
            [
              22.2659574468085,
              6.574468085106389
            ],
            [
              21.202127659574444,
              6.361702127659555
            ],
            [
              20.563829787234056,
              6.255319148936167
            ],
            [
              20.138297872340445,
              6.255319148936167
            ],
            [
              19.819148936170222,
              6.361702127659555
            ],
            [
              20.031914893617,
              6.680851063829778
            ],
            [
              20.563829787234056,
              7.212765957446777
            ],
            [
              21.62765957446811,
              7.957446808510667
            ],
            [
              22.797872340425556,
              8.702127659574444
            ],
            [
              24.07446808510639,
              9.340425531914889
            ],
            [
              25.563829787234056,
              10.085106382978722
            ],
            [
              26.095744680851055,
              10.297872340425556
            ],
            [
              27.15957446808511,
              10.617021276595722
            ],
            [
              28.010638297872333,
              10.829787234042556
            ],
            [
              28.648936170212778,
              10.936170212765944
            ],
            [
              28.968085106383,
              10.829787234042556
            ],
            [
              27.2659574468085,
              9.553191489361723
            ],
            [
              25.776595744680833,
              8.595744680851055
            ],
            [
              23.861702127659555,
              7.5319148936169995
            ],
            [
              21.7340425531915,
              6.4680851063830005
            ],
            [
              20.457446808510667,
              5.936170212765944
            ],
            [
              18.436170212765944,
              5.191489361702111
            ],
            [
              16.521276595744666,
              4.553191489361723
            ],
            [
              15.882978723404278,
              4.446808510638277
            ],
            [
              15.351063829787222,
              4.340425531914889
            ],
            [
              14.5,
              4.2340425531915
            ],
            [
              13.329787234042556,
              4.2340425531915
            ],
            [
              12.904255319148945,
              4.2340425531915
            ],
            [
              12.904255319148945,
              4.872340425531888
            ],
            [
              13.010638297872333,
              5.510638297872333
            ],
            [
              13.968085106383,
              6.787234042553223
            ],
            [
              15.563829787234056,
              8.276595744680833
            ],
            [
              19.60638297872339,
              11.361702127659555
            ],
            [
              23.223404255319167,
              13.063829787234056
            ],
            [
              25.989361702127667,
              14.021276595744666
            ],
            [
              27.797872340425556,
              14.340425531914889
            ],
            [
              28.436170212765944,
              14.553191489361723
            ],
            [
              29.180851063829778,
              14.553191489361723
            ],
            [
              29.287234042553223,
              14.2340425531915
            ],
            [
              28.436170212765944,
              13.489361702127667
            ],
            [
              26.7340425531915,
              12.319148936170222
            ],
            [
              24.39361702127661,
              11.042553191489333
            ],
            [
              21.7340425531915,
              9.553191489361723
            ],
            [
              18.436170212765944,
              7.851063829787222
            ],
            [
              15.457446808510667,
              6.574468085106389
            ],
            [
              14.287234042553223,
              6.148936170212778
            ],
            [
              13.329787234042556,
              5.829787234042556
            ],
            [
              11.627659574468112,
              5.297872340425556
            ],
            [
              11.30851063829789,
              5.191489361702111
            ],
            [
              9.606382978723389,
              4.978723404255334
            ],
            [
              8.968085106383,
              5.404255319148945
            ],
            [
              10.244680851063833,
              8.063829787234056
            ],
            [
              16.414893617021278,
              14.2340425531915
            ],
            [
              21.521276595744666,
              17.744680851063833
            ],
            [
              25.989361702127667,
              20.297872340425556
            ],
            [
              27.053191489361723,
              20.723404255319167
            ],
            [
              28.968085106383,
              21.468085106383
            ],
            [
              29.5,
              21.57446808510639
            ],
            [
              30.351063829787222,
              21.787234042553223
            ],
            [
              30.88297872340428,
              21.89361702127661
            ],
            [
              31.62765957446811,
              22.0
            ],
            [
              31.202127659574444,
              21.361702127659555
            ],
            [
              29.819148936170222,
              20.404255319148945
            ],
            [
              27.904255319148945,
              19.021276595744666
            ],
            [
              25.670212765957444,
              17.531914893617
            ],
            [
              22.904255319148945,
              15.829787234042556
            ],
            [
              20.138297872340445,
              14.127659574468112
            ],
            [
              17.585106382978722,
              12.744680851063833
            ],
            [
              16.62765957446811,
              12.212765957446777
            ],
            [
              15.457446808510667,
              11.680851063829778
            ],
            [
              13.968085106383,
              10.936170212765944
            ],
            [
              13.436170212765944,
              10.723404255319167
            ],
            [
              14.180851063829778,
              11.574468085106389
            ],
            [
              15.563829787234056,
              12.744680851063833
            ],
            [
              17.15957446808511,
              14.127659574468112
            ],
            [
              19.287234042553223,
              15.617021276595722
            ],
            [
              21.414893617021278,
              17.212765957446777
            ],
            [
              22.478723404255334,
              17.851063829787222
            ],
            [
              24.287234042553223,
              19.021276595744666
            ],
            [
              24.819148936170222,
              19.446808510638277
            ],
            [
              25.244680851063833,
              19.65957446808511
            ],
            [
              26.095744680851055,
              20.19148936170211
            ],
            [
              26.521276595744666,
              20.510638297872333
            ],
            [
              26.84042553191489,
              20.723404255319167
            ],
            [
              26.202127659574444,
              20.936170212765944
            ],
            [
              24.819148936170222,
              20.936170212765944
            ],
            [
              22.053191489361723,
              20.297872340425556
            ],
            [
              19.712765957446834,
              19.87234042553189
            ],
            [
              18.11702127659572,
              19.65957446808511
            ],
            [
              17.478723404255334,
              19.65957446808511
            ],
            [
              16.62765957446811,
              19.65957446808511
            ],
            [
              16.521276595744666,
              20.404255319148945
            ],
            [
              17.15957446808511,
              21.148936170212778
            ],
            [
              18.54255319148939,
              22.531914893617
            ],
            [
              20.457446808510667,
              24.021276595744666
            ],
            [
              22.797872340425556,
              25.829787234042556
            ],
            [
              25.457446808510667,
              27.744680851063833
            ],
            [
              28.223404255319167,
              29.553191489361723
            ],
            [
              31.095744680851055,
              30.936170212765944
            ],
            [
              32.2659574468085,
              31.468085106383
            ],
            [
              34.5,
              32.31914893617022
            ],
            [
              35.24468085106383,
              32.638297872340445
            ],
            [
              36.7340425531915,
              32.95744680851067
            ],
            [
              37.05319148936172,
              33.063829787234056
            ],
            [
              37.797872340425556,
              33.170212765957444
            ],
            [
              38.861702127659555,
              33.170212765957444
            ],
            [
              38.436170212765944,
              32.638297872340445
            ],
            [
              35.563829787234056,
              30.510638297872333
            ],
            [
              30.989361702127667,
              27.638297872340445
            ],
            [
              28.436170212765944,
              26.148936170212778
            ],
            [
              27.2659574468085,
              25.510638297872333
            ],
            [
              25.031914893617,
              24.553191489361723
            ],
            [
              24.07446808510639,
              24.34042553191489
            ],
            [
              22.69148936170211,
              23.914893617021278
            ],
            [
              21.521276595744666,
              23.702127659574444
            ],
            [
              20.670212765957444,
              23.595744680851055
            ],
            [
              20.138297872340445,
              23.595744680851055
            ],
            [
              19.60638297872339,
              23.80851063829789
            ],
            [
              19.60638297872339,
              24.34042553191489
            ],
            [
              19.60638297872339,
              25.829787234042556
            ],
            [
              19.92553191489361,
              27.212765957446777
            ],
            [
              20.989361702127667,
              29.021276595744666
            ],
            [
              22.37234042553189,
              31.042553191489333
            ],
            [
              24.07446808510639,
              33.170212765957444
            ],
            [
              26.84042553191489,
              35.936170212765944
            ],
            [
              28.436170212765944,
              37.31914893617022
            ],
            [
              29.180851063829778,
              37.638297872340445
            ],
            [
              31.414893617021278,
              38.80851063829789
            ],
            [
              32.69148936170211,
              39.021276595744666
            ],
            [
              33.436170212765944,
              38.91489361702128
            ],
            [
              33.436170212765944,
              38.38297872340428
            ],
            [
              33.436170212765944,
              37.74468085106383
            ],
            [
              32.904255319148945,
              36.25531914893617
            ],
            [
              31.946808510638277,
              34.978723404255334
            ],
            [
              30.457446808510667,
              33.38297872340428
            ],
            [
              28.648936170212778,
              31.787234042553166
            ],
            [
              26.521276595744666,
              30.085106382978722
            ],
            [
              24.180851063829778,
              28.595744680851055
            ],
            [
              22.904255319148945,
              27.957446808510667
            ],
            [
              20.776595744680833,
              26.787234042553223
            ],
            [
              18.755319148936167,
              25.936170212765944
            ],
            [
              18.010638297872333,
              25.723404255319167
            ],
            [
              16.62765957446811,
              25.404255319148945
            ],
            [
              14.712765957446834,
              25.404255319148945
            ],
            [
              13.54255319148939,
              26.042553191489333
            ],
            [
              13.329787234042556,
              28.914893617021278
            ],
            [
              16.095744680851055,
              33.48936170212767
            ],
            [
              18.329787234042556,
              36.25531914893617
            ],
            [
              20.88297872340428,
              38.91489361702128
            ],
            [
              23.861702127659555,
              41.468085106383
            ],
            [
              26.946808510638277,
              43.595744680851055
            ],
            [
              30.031914893617,
              45.297872340425556
            ],
            [
              31.414893617021278,
              45.72340425531917
            ],
            [
              33.968085106383,
              46.57446808510639
            ],
            [
              36.202127659574444,
              47.10638297872339
            ],
            [
              36.94680851063828,
              47.10638297872339
            ],
            [
              38.54255319148933,
              47.10638297872339
            ],
            [
              39.5,
              47.10638297872339
            ],
            [
              40.138297872340445,
              47.0
            ],
            [
              40.563829787234056,
              46.68085106382978
            ],
            [
              40.77659574468083,
              46.361702127659555
            ],
            [
              40.88297872340428,
              45.72340425531917
            ],
            [
              40.88297872340428,
              45.19148936170211
            ],
            [
              39.712765957446834,
              44.12765957446811
            ],
            [
              36.41489361702128,
              42.0
            ],
            [
              31.84042553191489,
              39.978723404255334
            ],
            [
              28.54255319148939,
              39.021276595744666
            ],
            [
              26.521276595744666,
              38.702127659574444
            ],
            [
              25.670212765957444,
              38.595744680851055
            ],
            [
              24.287234042553223,
              38.48936170212767
            ],
            [
              23.11702127659572,
              38.48936170212767
            ],
            [
              22.37234042553189,
              38.595744680851055
            ],
            [
              21.30851063829789,
              39.2340425531915
            ],
            [
              20.989361702127667,
              39.978723404255334
            ],
            [
              20.88297872340428,
              40.829787234042556
            ],
            [
              20.88297872340428,
              42.74468085106383
            ],
            [
              21.30851063829789,
              44.12765957446811
            ],
            [
              22.37234042553189,
              45.936170212765944
            ],
            [
              23.861702127659555,
              47.74468085106383
            ],
            [
              25.457446808510667,
              49.55319148936172
            ],
            [
              26.414893617021278,
              50.19148936170211
            ],
            [
              28.223404255319167,
              51.68085106382978
            ],
            [
              30.031914893617,
              52.638297872340445
            ],
            [
              31.62765957446811,
              53.48936170212767
            ],
            [
              34.5,
              54.021276595744666
            ],
            [
              36.62765957446811,
              54.021276595744666
            ],
            [
              37.797872340425556,
              52.85106382978722
            ],
            [
              38.22340425531917,
              51.14893617021278
            ],
            [
              38.22340425531917,
              49.978723404255334
            ],
            [
              38.01063829787233,
              48.063829787234056
            ],
            [
              36.94680851063828,
              46.468085106383
            ],
            [
              35.24468085106383,
              44.87234042553189
            ],
            [
              33.22340425531917,
              42.95744680851067
            ],
            [
              30.563829787234056,
              41.14893617021278
            ],
            [
              27.69148936170211,
              39.55319148936172
            ],
            [
              24.712765957446834,
              38.063829787234056
            ],
            [
              21.7340425531915,
              36.89361702127661
            ],
            [
              20.457446808510667,
              36.68085106382978
            ],
            [
              18.010638297872333,
              36.04255319148933
            ],
            [
              15.989361702127667,
              35.829787234042556
            ],
            [
              15.138297872340445,
              35.829787234042556
            ],
            [
              13.861702127659555,
              35.829787234042556
            ],
            [
              13.010638297872333,
              35.829787234042556
            ],
            [
              11.840425531914889,
              36.787234042553166
            ],
            [
              11.946808510638277,
              38.91489361702128
            ],
            [
              14.819148936170222,
              42.212765957446834
            ],
            [
              19.5,
              45.72340425531917
            ],
            [
              22.053191489361723,
              47.31914893617022
            ],
            [
              23.223404255319167,
              47.85106382978722
            ],
            [
              25.563829787234056,
              48.91489361702128
            ],
            [
              27.69148936170211,
              49.55319148936172
            ],
            [
              29.39361702127661,
              49.7659574468085
            ],
            [
              30.989361702127667,
              49.7659574468085
            ],
            [
              31.414893617021278,
              49.7659574468085
            ],
            [
              32.904255319148945,
              49.55319148936172
            ],
            [
              33.436170212765944,
              48.91489361702128
            ],
            [
              33.968085106383,
              47.531914893617
            ],
            [
              33.968085106383,
              46.04255319148933
            ],
            [
              33.75531914893617,
              44.44680851063828
            ],
            [
              32.478723404255334,
              42.42553191489361
            ],
            [
              30.776595744680833,
              40.404255319148945
            ],
            [
              28.436170212765944,
              38.063829787234056
            ],
            [
              25.670212765957444,
              36.04255319148933
            ],
            [
              22.585106382978722,
              34.021276595744666
            ],
            [
              16.521276595744666,
              31.148936170212778
            ],
            [
              13.010638297872333,
              30.297872340425556
            ],
            [
              9.5,
              30.19148936170211
            ],
            [
              8.54255319148939,
              30.297872340425556
            ],
            [
              7.372340425531945,
              31.361702127659555
            ],
            [
              7.053191489361723,
              32.74468085106383
            ],
            [
              7.053191489361723,
              35.936170212765944
            ],
            [
              7.797872340425556,
              39.021276595744666
            ],
            [
              9.712765957446834,
              42.531914893617
            ],
            [
              12.478723404255334,
              46.14893617021278
            ],
            [
              15.776595744680833,
              49.7659574468085
            ],
            [
              17.478723404255334,
              51.14893617021278
            ],
            [
              20.88297872340428,
              53.91489361702128
            ],
            [
              23.861702127659555,
              56.04255319148939
            ],
            [
              25.244680851063833,
              56.68085106382978
            ],
            [
              27.69148936170211,
              57.85106382978722
            ],
            [
              28.436170212765944,
              58.063829787234056
            ],
            [
              30.138297872340445,
              58.595744680851055
            ],
            [
              31.30851063829789,
              58.70212765957447
            ],
            [
              32.2659574468085,
              58.70212765957447
            ],
            [
              33.436170212765944,
              58.38297872340425
            ],
            [
              33.54255319148933,
              57.0
            ],
            [
              32.2659574468085,
              54.44680851063828
            ],
            [
              29.5,
              52.0
            ],
            [
              27.478723404255334,
              50.72340425531917
            ],
            [
              25.457446808510667,
              49.55319148936172
            ],
            [
              24.39361702127661,
              49.12765957446811
            ],
            [
              22.37234042553189,
              48.38297872340428
            ],
            [
              20.457446808510667,
              47.85106382978722
            ],
            [
              18.861702127659555,
              47.531914893617
            ],
            [
              18.223404255319167,
              47.531914893617
            ],
            [
              17.053191489361723,
              47.531914893617
            ],
            [
              16.202127659574444,
              47.531914893617
            ],
            [
              15.563829787234056,
              47.638297872340445
            ],
            [
              15.244680851063833,
              47.85106382978722
            ],
            [
              15.031914893617,
              48.27659574468083
            ],
            [
              14.925531914893611,
              48.91489361702128
            ],
            [
              14.925531914893611,
              49.55319148936172
            ],
            [
              15.031914893617,
              50.297872340425556
            ],
            [
              16.521276595744666,
              52.10638297872339
            ],
            [
              18.54255319148939,
              53.702127659574444
            ],
            [
              20.031914893617,
              54.44680851063828
            ],
            [
              20.88297872340428,
              54.65957446808511
            ],
            [
              21.7340425531915,
              54.7659574468085
            ],
            [
              22.478723404255334,
              54.7659574468085
            ],
            [
              23.010638297872333,
              54.7659574468085
            ],
            [
              23.54255319148939,
              54.65957446808511
            ],
            [
              23.968085106383,
              54.34042553191489
            ],
            [
              24.287234042553223,
              53.91489361702128
            ],
            [
              24.5,
              53.27659574468083
            ],
            [
              24.60638297872339,
              52.74468085106383
            ],
            [
              24.60638297872339,
              52.10638297872339
            ],
            [
              24.60638297872339,
              51.468085106383
            ],
            [
              24.39361702127661,
              50.404255319148945
            ],
            [
              23.861702127659555,
              49.7659574468085
            ],
            [
              23.010638297872333,
              49.021276595744666
            ],
            [
              21.946808510638277,
              48.38297872340428
            ],
            [
              20.670212765957444,
              47.638297872340445
            ],
            [
              19.39361702127661,
              47.0
            ],
            [
              17.797872340425556,
              46.57446808510639
            ],
            [
              16.414893617021278,
              46.25531914893617
            ],
            [
              14.393617021276611,
              46.04255319148933
            ],
            [
              12.585106382978722,
              46.04255319148933
            ],
            [
              11.7340425531915,
              46.361702127659555
            ],
            [
              11.627659574468112,
              47.0
            ],
            [
              12.159574468085111,
              47.74468085106383
            ],
            [
              12.904255319148945,
              48.063829787234056
            ],
            [
              13.968085106383,
              48.170212765957444
            ],
            [
              15.244680851063833,
              48.27659574468083
            ],
            [
              16.7340425531915,
              48.27659574468083
            ],
            [
              18.329787234042556,
              48.27659574468083
            ],
            [
              19.712765957446834,
              47.85106382978722
            ],
            [
              21.202127659574444,
              47.0
            ],
            [
              22.37234042553189,
              45.936170212765944
            ],
            [
              23.329787234042556,
              44.7659574468085
            ],
            [
              24.07446808510639,
              43.48936170212767
            ],
            [
              24.5,
              42.31914893617022
            ],
            [
              24.819148936170222,
              39.7659574468085
            ],
            [
              24.712765957446834,
              37.0
            ],
            [
              22.585106382978722,
              33.063829787234056
            ],
            [
              19.92553191489361,
              29.553191489361723
            ],
            [
              18.223404255319167,
              27.744680851063833
            ],
            [
              17.37234042553189,
              26.89361702127661
            ],
            [
              15.776595744680833,
              25.297872340425556
            ],
            [
              14.074468085106389,
              23.914893617021278
            ],
            [
              12.478723404255334,
              22.744680851063833
            ],
            [
              10.882978723404278,
              21.787234042553223
            ],
            [
              10.351063829787222,
              21.468085106383
            ],
            [
              9.180851063829778,
              20.936170212765944
            ],
            [
              8.223404255319167,
              20.61702127659572
            ],
            [
              7.372340425531945,
              20.404255319148945
            ],
            [
              6.627659574468112,
              20.404255319148945
            ],
            [
              6.202127659574444,
              20.404255319148945
            ],
            [
              5.882978723404278,
              20.510638297872333
            ],
            [
              5.563829787234056,
              20.936170212765944
            ],
            [
              5.244680851063833,
              21.680851063829778
            ],
            [
              5.244680851063833,
              22.10638297872339
            ],
            [
              5.244680851063833,
              22.744680851063833
            ],
            [
              5.563829787234056,
              23.914893617021278
            ],
            [
              6.414893617021278,
              24.87234042553189
            ],
            [
              7.478723404255334,
              25.510638297872333
            ],
            [
              8.010638297872333,
              25.61702127659572
            ],
            [
              8.648936170212778,
              25.61702127659572
            ],
            [
              9.180851063829778,
              25.61702127659572
            ],
            [
              9.606382978723389,
              25.61702127659572
            ],
            [
              10.138297872340445,
              25.510638297872333
            ],
            [
              10.670212765957444,
              25.085106382978722
            ],
            [
              11.095744680851055,
              24.65957446808511
            ],
            [
              11.7340425531915,
              23.702127659574444
            ],
            [
              11.840425531914889,
              23.276595744680833
            ],
            [
              12.2659574468085,
              22.10638297872339
            ],
            [
              12.2659574468085,
              21.148936170212778
            ],
            [
              12.372340425531888,
              20.19148936170211
            ],
            [
              12.372340425531888,
              19.2340425531915
            ],
            [
              12.372340425531888,
              18.702127659574444
            ],
            [
              12.159574468085111,
              17.851063829787222
            ],
            [
              11.840425531914889,
              17.0
            ],
            [
              11.521276595744666,
              16.361702127659555
            ],
            [
              10.670212765957444,
              15.19148936170211
            ],
            [
              9.925531914893611,
              14.659574468085111
            ],
            [
              9.074468085106389,
              14.446808510638277
            ],
            [
              8.223404255319167,
              14.7659574468085
            ],
            [
              7.904255319148945,
              15.404255319148945
            ],
            [
              7.2659574468085,
              16.89361702127661
            ],
            [
              6.946808510638277,
              18.38297872340428
            ],
            [
              6.627659574468112,
              20.404255319148945
            ],
            [
              6.627659574468112,
              21.57446808510639
            ],
            [
              6.521276595744666,
              23.489361702127667
            ],
            [
              6.521276595744666,
              25.510638297872333
            ],
            [
              6.521276595744666,
              27.319148936170222
            ],
            [
              6.627659574468112,
              27.957446808510667
            ],
            [
              6.946808510638277,
              29.021276595744666
            ],
            [
              7.2659574468085,
              29.7659574468085
            ],
            [
              7.691489361702111,
              30.297872340425556
            ],
            [
              8.117021276595722,
              30.723404255319167
            ],
            [
              8.436170212765944,
              30.829787234042556
            ],
            [
              9.180851063829778,
              30.829787234042556
            ],
            [
              10.244680851063833,
              30.404255319148945
            ],
            [
              12.159574468085111,
              27.638297872340445
            ],
            [
              13.436170212765944,
              24.021276595744666
            ],
            [
              13.861702127659555,
              21.57446808510639
            ],
            [
              13.968085106383,
              20.297872340425556
            ],
            [
              14.074468085106389,
              18.063829787234056
            ],
            [
              14.180851063829778,
              15.723404255319167
            ],
            [
              14.180851063829778,
              13.914893617021278
            ],
            [
              13.968085106383,
              12.212765957446777
            ],
            [
              13.54255319148939,
              10.829787234042556
            ],
            [
              13.223404255319167,
              10.297872340425556
            ],
            [
              12.69148936170211,
              9.340425531914889
            ],
            [
              12.053191489361723,
              8.595744680851055
            ],
            [
              11.521276595744666,
              8.063829787234056
            ],
            [
              10.989361702127667,
              7.744680851063833
            ],
            [
              10.457446808510667,
              7.5319148936169995
            ],
            [
              9.925531914893611,
              7.425531914893611
            ],
            [
              9.180851063829778,
              7.425531914893611
            ],
            [
              8.648936170212778,
              7.5319148936169995
            ],
            [
              7.904255319148945,
              8.489361702127667
            ],
            [
              7.2659574468085,
              9.978723404255334
            ],
            [
              6.627659574468112,
              12.212765957446777
            ],
            [
              5.563829787234056,
              21.042553191489333
            ],
            [
              5.563829787234056,
              27.0
            ],
            [
              5.989361702127667,
              32.212765957446834
            ],
            [
              6.7340425531915,
              35.08510638297872
            ],
            [
              7.372340425531945,
              37.31914893617022
            ],
            [
              7.797872340425556,
              38.063829787234056
            ],
            [
              8.54255319148939,
              39.44680851063828
            ],
            [
              9.180851063829778,
              40.404255319148945
            ],
            [
              9.712765957446834,
              41.04255319148933
            ],
            [
              10.244680851063833,
              41.468085106383
            ],
            [
              10.882978723404278,
              41.68085106382978
            ],
            [
              11.414893617021278,
              41.68085106382978
            ],
            [
              11.521276595744666,
              41.25531914893617
            ],
            [
              11.7340425531915,
              40.404255319148945
            ],
            [
              11.840425531914889,
              38.595744680851055
            ],
            [
              11.946808510638277,
              36.787234042553166
            ],
            [
              11.946808510638277,
              31.680851063829778
            ],
            [
              11.946808510638277,
              26.148936170212778
            ],
            [
              12.053191489361723,
              22.42553191489361
            ],
            [
              12.053191489361723,
              18.276595744680833
            ],
            [
              12.053191489361723,
              17.638297872340445
            ],
            [
              12.053191489361723,
              16.361702127659555
            ],
            [
              12.053191489361723,
              15.297872340425556
            ],
            [
              11.946808510638277,
              14.978723404255334
            ],
            [
              11.840425531914889,
              14.659574468085111
            ],
            [
              11.30851063829789,
              14.446808510638277
            ],
            [
              10.989361702127667,
              15.19148936170211
            ],
            [
              10.563829787234056,
              16.57446808510639
            ],
            [
              9.606382978723389,
              19.87234042553189
            ],
            [
              9.074468085106389,
              23.276595744680833
            ],
            [
              8.436170212765944,
              27.531914893617
            ],
            [
              8.223404255319167,
              29.87234042553189
            ],
            [
              7.797872340425556,
              34.34042553191489
            ],
            [
              7.691489361702111,
              38.702127659574444
            ],
            [
              7.691489361702111,
              44.021276595744666
            ],
            [
              7.691489361702111,
              47.95744680851067
            ],
            [
              7.691489361702111,
              51.14893617021278
            ],
            [
              7.691489361702111,
              51.57446808510639
            ],
            [
              7.797872340425556,
              52.212765957446834
            ],
            [
              7.797872340425556,
              52.74468085106383
            ],
            [
              7.797872340425556,
              53.170212765957444
            ],
            [
              8.117021276595722,
              52.0
            ],
            [
              8.54255319148939,
              50.19148936170211
            ],
            [
              8.755319148936167,
              47.638297872340445
            ],
            [
              8.861702127659555,
              47.0
            ],
            [
              8.968085106383,
              45.829787234042556
            ],
            [
              8.968085106383,
              44.87234042553189
            ],
            [
              8.968085106383,
              44.021276595744666
            ],
            [
              8.968085106383,
              43.170212765957444
            ],
            [
              8.861702127659555,
              42.74468085106383
            ],
            [
              8.648936170212778,
              42.42553191489361
            ],
            [
              8.329787234042556,
              42.212765957446834
            ],
            [
              8.010638297872333,
              42.95744680851067
            ],
            [
              7.904255319148945,
              44.34042553191489
            ],
            [
              7.691489361702111,
              46.04255319148933
            ],
            [
              7.691489361702111,
              50.829787234042556
            ],
            [
              7.691489361702111,
              54.34042553191489
            ],
            [
              7.691489361702111,
              57.31914893617022
            ],
            [
              7.904255319148945,
              58.70212765957447
            ],
            [
              8.010638297872333,
              59.12765957446808
            ],
            [
              8.223404255319167,
              59.87234042553192
            ],
            [
              8.436170212765944,
              60.29787234042553
            ],
            [
              8.648936170212778,
              60.61702127659575
            ],
            [
              9.074468085106389,
              60.936170212765944
            ],
            [
              9.5,
              60.936170212765944
            ],
            [
              10.138297872340445,
              60.936170212765944
            ],
            [
              10.563829787234056,
              60.936170212765944
            ],
            [
              11.414893617021278,
              60.936170212765944
            ],
            [
              12.159574468085111,
              60.936170212765944
            ],
            [
              13.223404255319167,
              60.936170212765944
            ],
            [
              17.15957446808511,
              60.936170212765944
            ],
            [
              22.37234042553189,
              61.36170212765958
            ],
            [
              28.755319148936167,
              62.0
            ]
          ],
          [
            [
              51.095744680851055,
              55.51063829787233
            ],
            [
              51.62765957446811,
              55.51063829787233
            ],
            [
              52.904255319148945,
              55.51063829787233
            ],
            [
              54.07446808510639,
              55.51063829787233
            ],
            [
              54.81914893617022,
              55.51063829787233
            ],
            [
              55.45744680851067,
              55.51063829787233
            ],
            [
              55.98936170212767,
              55.51063829787233
            ],
            [
              56.41489361702128,
              55.51063829787233
            ],
            [
              55.77659574468083,
              55.51063829787233
            ],
            [
              52.37234042553189,
              55.404255319148945
            ],
            [
              47.2659574468085,
              54.87234042553189
            ],
            [
              44.28723404255322,
              54.65957446808511
            ],
            [
              41.202127659574444,
              54.55319148936172
            ],
            [
              39.81914893617022,
              54.44680851063828
            ],
            [
              37.37234042553189,
              54.34042553191489
            ],
            [
              36.41489361702128,
              54.34042553191489
            ],
            [
              34.92553191489361,
              54.34042553191489
            ],
            [
              34.5,
              54.34042553191489
            ],
            [
              33.64893617021278,
              54.34042553191489
            ],
            [
              33.11702127659578,
              54.34042553191489
            ],
            [
              32.69148936170211,
              54.34042553191489
            ],
            [
              33.22340425531917,
              54.34042553191489
            ],
            [
              33.861702127659555,
              54.34042553191489
            ],
            [
              34.712765957446834,
              54.34042553191489
            ],
            [
              35.77659574468083,
              54.44680851063828
            ],
            [
              37.05319148936172,
              54.65957446808511
            ],
            [
              38.436170212765944,
              54.7659574468085
            ],
            [
              41.62765957446811,
              54.87234042553189
            ],
            [
              43.22340425531917,
              54.87234042553189
            ],
            [
              44.712765957446834,
              54.87234042553189
            ],
            [
              46.30851063829789,
              54.65957446808511
            ],
            [
              46.84042553191489,
              54.44680851063828
            ],
            [
              48.01063829787233,
              54.021276595744666
            ],
            [
              48.968085106383,
              53.48936170212767
            ],
            [
              50.45744680851067,
              52.531914893617
            ],
            [
              51.095744680851055,
              51.89361702127661
            ],
            [
              51.62765957446811,
              51.14893617021278
            ],
            [
              52.05319148936172,
              50.297872340425556
            ],
            [
              52.37234042553189,
              49.44680851063828
            ],
            [
              52.58510638297872,
              48.27659574468083
            ],
            [
              52.58510638297872,
              47.10638297872339
            ],
            [
              52.58510638297872,
              45.51063829787233
            ],
            [
              52.58510638297872,
              44.021276595744666
            ],
            [
              52.05319148936172,
              40.61702127659572
            ],
            [
              51.7340425531915,
              39.021276595744666
            ],
            [
              51.30851063829789,
              37.31914893617022
            ],
            [
              50.45744680851067,
              34.2340425531915
            ],
            [
              49.92553191489361,
              32.531914893617
            ],
            [
              49.712765957446834,
              31.57446808510639
            ],
            [
              49.5,
              30.936170212765944
            ],
            [
              49.39361702127661,
              30.61702127659572
            ],
            [
              49.28723404255322,
              30.085106382978722
            ],
            [
              49.18085106382978,
              29.65957446808511
            ],
            [
              49.07446808510639,
              29.34042553191489
            ],
            [
              48.968085106383,
              29.021276595744666
            ],
            [
              49.28723404255322,
              29.65957446808511
            ],
            [
              49.60638297872339,
              30.829787234042556
            ],
            [
              49.92553191489361,
              35.61702127659572
            ],
            [
              49.92553191489361,
              44.021276595744666
            ],
            [
              48.75531914893617,
              57.212765957446834
            ]
          ],
          [
            [
              57.2659574468085,
              43.170212765957444
            ],
            [
              57.2659574468085,
              42.531914893617
            ],
            [
              57.2659574468085,
              40.61702127659572
            ],
            [
              57.2659574468085,
              36.57446808510639
            ],
            [
              57.2659574468085,
              34.12765957446811
            ],
            [
              57.2659574468085,
              32.531914893617
            ],
            [
              57.2659574468085,
              31.255319148936167
            ],
            [
              57.2659574468085,
              30.510638297872333
            ],
            [
              57.2659574468085,
              29.7659574468085
            ],
            [
              57.2659574468085,
              29.34042553191489
            ],
            [
              57.2659574468085,
              28.80851063829789
            ],
            [
              56.94680851063828,
              29.65957446808511
            ],
            [
              56.84042553191489,
              31.361702127659555
            ],
            [
              56.84042553191489,
              33.063829787234056
            ],
            [
              56.84042553191489,
              37.85106382978722
            ],
            [
              56.84042553191489,
              43.702127659574444
            ],
            [
              57.05319148936172,
              47.638297872340445
            ],
            [
              57.37234042553189,
              49.2340425531915
            ],
            [
              57.58510638297872,
              50.404255319148945
            ],
            [
              57.69148936170211,
              51.14893617021278
            ],
            [
              57.904255319148945,
              51.68085106382978
            ],
            [
              58.01063829787233,
              52.212765957446834
            ],
            [
              58.11702127659578,
              51.25531914893617
            ],
            [
              58.11702127659578,
              50.297872340425556
            ],
            [
              58.11702127659578,
              49.12765957446811
            ],
            [
              57.904255319148945,
              46.57446808510639
            ],
            [
              57.478723404255334,
              44.65957446808511
            ],
            [
              57.2659574468085,
              43.595744680851055
            ],
            [
              56.521276595744666,
              39.978723404255334
            ],
            [
              56.202127659574444,
              39.021276595744666
            ],
            [
              55.670212765957444,
              37.10638297872339
            ],
            [
              55.031914893617,
              35.08510638297872
            ],
            [
              54.5,
              33.702127659574444
            ],
            [
              54.07446808510639,
              32.531914893617
            ],
            [
              53.861702127659555,
              32.212765957446834
            ],
            [
              53.54255319148933,
              32.638297872340445
            ],
            [
              53.329787234042556,
              34.021276595744666
            ],
            [
              53.22340425531917,
              35.72340425531917
            ],
            [
              53.11702127659578,
              38.170212765957444
            ],
            [
              53.01063829787233,
              43.702127659574444
            ],
            [
              53.01063829787233,
              45.61702127659572
            ],
            [
              53.01063829787233,
              49.44680851063828
            ],
            [
              53.01063829787233,
              51.04255319148933
            ],
            [
              53.01063829787233,
              52.212765957446834
            ],
            [
              53.436170212765944,
              54.34042553191489
            ],
            [
              53.54255319148933,
              54.87234042553189
            ],
            [
              54.07446808510639,
              56.68085106382978
            ],
            [
              54.5,
              57.42553191489361
            ],
            [
              55.24468085106383,
              54.87234042553189
            ],
            [
              55.24468085106383,
              52.95744680851067
            ],
            [
              55.24468085106383,
              50.72340425531917
            ],
            [
              55.24468085106383,
              47.85106382978722
            ],
            [
              55.031914893617,
              44.87234042553189
            ],
            [
              54.5,
              41.787234042553166
            ],
            [
              54.28723404255322,
              40.404255319148945
            ],
            [
              53.54255319148933,
              37.74468085106383
            ],
            [
              53.01063829787233,
              35.61702127659572
            ],
            [
              52.69148936170211,
              34.87234042553189
            ],
            [
              52.2659574468085,
              33.48936170212767
            ],
            [
              52.05319148936172,
              33.170212765957444
            ],
            [
              51.62765957446811,
              32.42553191489361
            ],
            [
              51.41489361702128,
              31.89361702127661
            ],
            [
              51.202127659574444,
              31.57446808510639
            ],
            [
              50.88297872340428,
              31.468085106383
            ],
            [
              50.45744680851067,
              31.680851063829778
            ],
            [
              49.92553191489361,
              34.55319148936172
            ],
            [
              49.39361702127661,
              39.55319148936172
            ],
            [
              49.18085106382978,
              46.361702127659555
            ],
            [
              49.18085106382978,
              47.95744680851067
            ],
            [
              49.18085106382978,
              50.51063829787233
            ],
            [
              49.18085106382978,
              51.361702127659555
            ],
            [
              49.28723404255322,
              51.89361702127661
            ],
            [
              49.5,
              52.95744680851067
            ],
            [
              49.712765957446834,
              53.702127659574444
            ],
            [
              49.92553191489361,
              54.12765957446811
            ],
            [
              50.24468085106383,
              54.55319148936172
            ],
            [
              50.563829787234056,
              54.34042553191489
            ],
            [
              50.77659574468083,
              53.48936170212767
            ],
            [
              50.98936170212767,
              51.787234042553166
            ],
            [
              51.095744680851055,
              49.65957446808511
            ],
            [
              51.202127659574444,
              47.212765957446834
            ],
            [
              51.202127659574444,
              44.12765957446811
            ],
            [
              51.202127659574444,
              40.936170212765944
            ],
            [
              51.202127659574444,
              37.95744680851067
            ],
            [
              50.98936170212767,
              36.68085106382978
            ],
            [
              50.35106382978722,
              33.595744680851055
            ],
            [
              49.712765957446834,
              31.89361702127661
            ],
            [
              48.968085106383,
              30.510638297872333
            ],
            [
              48.329787234042556,
              30.404255319148945
            ],
            [
              47.904255319148945,
              30.723404255319167
            ],
            [
              47.37234042553189,
              31.89361702127661
            ],
            [
              46.84042553191489,
              33.702127659574444
            ],
            [
              45.563829787234056,
              38.170212765957444
            ],
            [
              44.81914893617022,
              42.212765957446834
            ],
            [
              44.18085106382978,
              47.212765957446834
            ],
            [
              43.968085106383,
              49.65957446808511
            ],
            [
              43.861702127659555,
              51.468085106383
            ],
            [
              43.861702127659555,
              53.063829787234056
            ],
            [
              43.861702127659555,
              55.72340425531917
            ],
            [
              43.861702127659555,
              57.531914893617
            ],
            [
              43.861702127659555,
              57.95744680851061
            ],
            [
              43.861702127659555,
              58.91489361702128
            ],
            [
              44.18085106382978,
              59.87234042553192
            ],
            [
              44.5,
              60.19148936170214
            ],
            [
              44.92553191489361,
              59.7659574468085
            ],
            [
              45.24468085106383,
              58.063829787234056
            ],
            [
              45.35106382978722,
              56.89361702127661
            ],
            [
              45.35106382978722,
              55.61702127659572
            ],
            [
              45.35106382978722,
              54.12765957446811
            ],
            [
              45.138297872340445,
              52.74468085106383
            ],
            [
              44.81914893617022,
              52.10638297872339
            ],
            [
              44.39361702127661,
              51.04255319148933
            ],
            [
              43.861702127659555,
              50.19148936170211
            ],
            [
              43.436170212765944,
              49.7659574468085
            ],
            [
              43.01063829787233,
              49.34042553191489
            ],
            [
              42.58510638297872,
              49.34042553191489
            ],
            [
              42.2659574468085,
              49.44680851063828
            ],
            [
              42.05319148936172,
              50.08510638297872
            ],
            [
              41.84042553191489,
              50.72340425531917
            ],
            [
              41.7340425531915,
              52.10638297872339
            ],
            [
              41.7340425531915,
              53.595744680851055
            ],
            [
              41.7340425531915,
              54.34042553191489
            ],
            [
              41.7340425531915,
              54.87234042553189
            ],
            [
              41.84042553191489,
              55.19148936170211
            ],
            [
              41.202127659574444,
              54.978723404255334
            ],
            [
              40.77659574468083,
              54.65957446808511
            ],
            [
              40.35106382978722,
              54.34042553191489
            ],
            [
              39.81914893617022,
              53.80851063829789
            ],
            [
              38.861702127659555,
              52.212765957446834
            ],
            [
              38.22340425531917,
              50.829787234042556
            ],
            [
              37.69148936170211,
              48.91489361702128
            ],
            [
              37.58510638297872,
              47.85106382978722
            ],
            [
              37.58510638297872,
              47.31914893617022
            ],
            [
              37.478723404255334,
              46.89361702127661
            ],
            [
              37.478723404255334,
              46.361702127659555
            ],
            [
              37.904255319148945,
              46.787234042553166
            ],
            [
              38.436170212765944,
              47.531914893617
            ],
            [
              39.28723404255322,
              49.2340425531915
            ],
            [
              39.712765957446834,
              50.08510638297872
            ],
            [
              40.563829787234056,
              51.57446808510639
            ],
            [
              41.202127659574444,
              53.063829787234056
            ],
            [
              41.521276595744666,
              53.595744680851055
            ],
            [
              42.15957446808511,
              54.55319148936172
            ],
            [
              42.69148936170211,
              55.297872340425556
            ],
            [
              43.11702127659578,
              55.72340425531917
            ],
            [
              43.54255319148933,
              56.04255319148939
            ],
            [
              43.861702127659555,
              56.14893617021278
            ],
            [
              44.81914893617022,
              56.14893617021278
            ],
            [
              45.670212765957444,
              54.978723404255334
            ],
            [
              46.095744680851055,
              54.021276595744666
            ],
            [
              46.41489361702128,
              52.74468085106383
            ],
            [
              46.521276595744666,
              51.14893617021278
            ],
            [
              46.62765957446811,
              49.34042553191489
            ],
            [
              46.62765957446811,
              47.531914893617
            ],
            [
              46.62765957446811,
              45.72340425531917
            ],
            [
              46.521276595744666,
              43.702127659574444
            ],
            [
              45.98936170212767,
              41.89361702127661
            ],
            [
              45.35106382978722,
              39.978723404255334
            ],
            [
              44.5,
              38.48936170212767
            ],
            [
              43.75531914893617,
              37.212765957446834
            ],
            [
              43.436170212765944,
              36.787234042553166
            ],
            [
              41.94680851063828,
              35.19148936170211
            ],
            [
              41.095744680851055,
              34.34042553191489
            ],
            [
              40.24468085106383,
              33.91489361702128
            ],
            [
              39.81914893617022,
              33.702127659574444
            ],
            [
              39.07446808510639,
              33.48936170212767
            ],
            [
              37.904255319148945,
              33.48936170212767
            ],
            [
              37.37234042553189,
              33.595744680851055
            ],
            [
              37.05319148936172,
              34.87234042553189
            ],
            [
              37.05319148936172,
              35.51063829787233
            ],
            [
              37.478723404255334,
              36.468085106383
            ],
            [
              38.11702127659578,
              37.42553191489361
            ],
            [
              38.968085106383,
              38.27659574468083
            ],
            [
              39.92553191489361,
              39.021276595744666
            ],
            [
              40.98936170212767,
              39.65957446808511
            ],
            [
              42.05319148936172,
              40.19148936170211
            ],
            [
              43.11702127659578,
              40.404255319148945
            ],
            [
              44.28723404255322,
              40.61702127659572
            ],
            [
              44.81914893617022,
              40.61702127659572
            ],
            [
              45.77659574468083,
              40.61702127659572
            ],
            [
              46.62765957446811,
              40.61702127659572
            ],
            [
              47.478723404255334,
              40.61702127659572
            ],
            [
              48.11702127659578,
              40.404255319148945
            ],
            [
              48.64893617021278,
              40.08510638297872
            ],
            [
              49.07446808510639,
              39.55319148936172
            ],
            [
              49.5,
              38.702127659574444
            ],
            [
              49.60638297872339,
              37.31914893617022
            ],
            [
              49.39361702127661,
              36.14893617021278
            ],
            [
              48.22340425531917,
              34.44680851063828
            ],
            [
              47.37234042553189,
              33.80851063829789
            ],
            [
              46.521276595744666,
              33.27659574468083
            ],
            [
              45.563829787234056,
              32.85106382978722
            ],
            [
              45.138297872340445,
              32.85106382978722
            ],
            [
              44.28723404255322,
              32.638297872340445
            ],
            [
              43.64893617021278,
              32.638297872340445
            ],
            [
              43.01063829787233,
              32.638297872340445
            ],
            [
              42.478723404255334,
              32.638297872340445
            ],
            [
              42.15957446808511,
              33.063829787234056
            ],
            [
              42.15957446808511,
              33.80851063829789
            ],
            [
              42.37234042553189,
              34.55319148936172
            ],
            [
              42.797872340425556,
              35.08510638297872
            ],
            [
              43.54255319148933,
              35.72340425531917
            ],
            [
              44.5,
              36.361702127659555
            ],
            [
              46.521276595744666,
              37.31914893617022
            ],
            [
              48.861702127659555,
              37.85106382978722
            ],
            [
              50.24468085106383,
              37.85106382978722
            ],
            [
              51.7340425531915,
              37.85106382978722
            ],
            [
              52.15957446808511,
              37.74468085106383
            ],
            [
              52.478723404255334,
              37.42553191489361
            ],
            [
              52.69148936170211,
              37.10638297872339
            ],
            [
              52.797872340425556,
              36.68085106382978
            ],
            [
              52.797872340425556,
              35.936170212765944
            ],
            [
              52.797872340425556,
              35.404255319148945
            ],
            [
              52.37234042553189,
              34.7659574468085
            ],
            [
              51.7340425531915,
              34.2340425531915
            ],
            [
              50.88297872340428,
              33.595744680851055
            ],
            [
              50.031914893617,
              33.063829787234056
            ],
            [
              48.861702127659555,
              32.531914893617
            ],
            [
              47.797872340425556,
              32.10638297872339
            ],
            [
              46.84042553191489,
              31.787234042553166
            ],
            [
              46.30851063829789,
              31.57446808510639
            ],
            [
              45.45744680851067,
              31.361702127659555
            ],
            [
              45.138297872340445,
              31.255319148936167
            ],
            [
              44.60638297872339,
              31.148936170212778
            ],
            [
              44.18085106382978,
              31.042553191489333
            ],
            [
              43.861702127659555,
              30.936170212765944
            ],
            [
              44.39361702127661,
              31.468085106383
            ],
            [
              45.138297872340445,
              32.10638297872339
            ],
            [
              45.670212765957444,
              32.74468085106383
            ],
            [
              45.98936170212767,
              33.170212765957444
            ],
            [
              46.41489361702128,
              33.48936170212767
            ],
            [
              46.94680851063828,
              33.91489361702128
            ],
            [
              47.37234042553189,
              34.34042553191489
            ],
            [
              47.69148936170211,
              34.44680851063828
            ],
            [
              47.69148936170211,
              34.021276595744666
            ],
            [
              47.69148936170211,
              33.48936170212767
            ],
            [
              47.2659574468085,
              32.531914893617
            ],
            [
              45.98936170212767,
              31.042553191489333
            ],
            [
              44.81914893617022,
              29.978723404255334
            ],
            [
              44.18085106382978,
              29.553191489361723
            ],
            [
              43.54255319148933,
              29.2340425531915
            ],
            [
              43.01063829787233,
              29.021276595744666
            ],
            [
              42.478723404255334,
              28.914893617021278
            ],
            [
              42.05319148936172,
              28.914893617021278
            ],
            [
              41.84042553191489,
              29.34042553191489
            ],
            [
              41.84042553191489,
              29.7659574468085
            ],
            [
              41.94680851063828,
              30.085106382978722
            ],
            [
              42.2659574468085,
              30.404255319148945
            ],
            [
              42.37234042553189,
              30.723404255319167
            ],
            [
              42.58510638297872,
              31.148936170212778
            ],
            [
              42.58510638297872,
              30.510638297872333
            ],
            [
              42.478723404255334,
              30.085106382978722
            ],
            [
              42.15957446808511,
              28.914893617021278
            ],
            [
              41.94680851063828,
              28.38297872340428
            ],
            [
              41.62765957446811,
              27.212765957446777
            ],
            [
              41.30851063829789,
              26.468085106383
            ],
            [
              41.095744680851055,
              25.936170212765944
            ],
            [
              40.88297872340428,
              25.19148936170211
            ],
            [
              40.670212765957444,
              24.446808510638277
            ],
            [
              40.45744680851067,
              23.702127659574444
            ],
            [
              40.138297872340445,
              23.063829787234056
            ],
            [
              40.031914893617,
              22.42553191489361
            ],
            [
              39.81914893617022,
              21.361702127659555
            ],
            [
              39.81914893617022,
              20.829787234042556
            ],
            [
              39.81914893617022,
              20.19148936170211
            ],
            [
              39.92553191489361,
              19.65957446808511
            ],
            [
              40.45744680851067,
              19.446808510638277
            ],
            [
              40.88297872340428,
              19.34042553191489
            ],
            [
              41.7340425531915,
              19.12765957446811
            ],
            [
              42.478723404255334,
              19.12765957446811
            ],
            [
              43.329787234042556,
              19.021276595744666
            ],
            [
              44.39361702127661,
              19.021276595744666
            ],
            [
              44.92553191489361,
              19.021276595744666
            ],
            [
              45.88297872340428,
              19.021276595744666
            ],
            [
              46.84042553191489,
              18.914893617021278
            ],
            [
              47.58510638297872,
              18.914893617021278
            ],
            [
              48.22340425531917,
              18.914893617021278
            ],
            [
              48.861702127659555,
              18.914893617021278
            ],
            [
              49.5,
              18.914893617021278
            ],
            [
              50.031914893617,
              18.914893617021278
            ],
            [
              50.35106382978722,
              18.80851063829789
            ],
            [
              50.031914893617,
              18.489361702127667
            ],
            [
              49.60638297872339,
              18.170212765957444
            ],
            [
              49.28723404255322,
              17.957446808510667
            ],
            [
              48.968085106383,
              17.744680851063833
            ],
            [
              48.54255319148933,
              17.638297872340445
            ],
            [
              49.18085106382978,
              18.063829787234056
            ],
            [
              49.5,
              18.170212765957444
            ],
            [
              49.81914893617022,
              18.276595744680833
            ],
            [
              50.138297872340445,
              18.38297872340428
            ],
            [
              50.45744680851067,
              18.489361702127667
            ],
            [
              50.77659574468083,
              18.595744680851055
            ],
            [
              51.30851063829789,
              18.80851063829789
            ],
            [
              51.62765957446811,
              19.021276595744666
            ],
            [
              52.05319148936172,
              19.2340425531915
            ],
            [
              52.478723404255334,
              19.553191489361723
            ],
            [
              53.436170212765944,
              20.19148936170211
            ],
            [
              53.64893617021278,
              20.510638297872333
            ],
            [
              54.28723404255322,
              21.042553191489333
            ],
            [
              54.81914893617022,
              21.57446808510639
            ],
            [
              55.88297872340428,
              22.638297872340445
            ],
            [
              56.41489361702128,
              23.276595744680833
            ],
            [
              56.7340425531915,
              23.702127659574444
            ],
            [
              57.15957446808511,
              24.446808510638277
            ],
            [
              57.58510638297872,
              25.297872340425556
            ],
            [
              57.904255319148945,
              25.829787234042556
            ],
            [
              58.01063829787233,
              26.148936170212778
            ],
            [
              57.69148936170211,
              25.936170212765944
            ],
            [
              57.2659574468085,
              25.404255319148945
            ],
            [
              57.05319148936172,
              25.085106382978722
            ],
            [
              56.62765957446811,
              24.65957446808511
            ],
            [
              56.202127659574444,
              24.12765957446811
            ],
            [
              55.670212765957444,
              23.595744680851055
            ],
            [
              54.81914893617022,
              22.638297872340445
            ],
            [
              54.07446808510639,
              21.89361702127661
            ],
            [
              53.75531914893617,
              21.468085106383
            ],
            [
              53.436170212765944,
              21.148936170212778
            ],
            [
              53.861702127659555,
              21.57446808510639
            ],
            [
              54.07446808510639,
              21.89361702127661
            ],
            [
              54.60638297872339,
              22.638297872340445
            ],
            [
              54.92553191489361,
              22.957446808510667
            ],
            [
              55.35106382978722,
              23.489361702127667
            ],
            [
              55.88297872340428,
              24.12765957446811
            ],
            [
              56.202127659574444,
              24.553191489361723
            ],
            [
              56.7340425531915,
              25.297872340425556
            ],
            [
              56.94680851063828,
              25.723404255319167
            ],
            [
              57.05319148936172,
              26.042553191489333
            ],
            [
              56.521276595744666,
              26.255319148936167
            ],
            [
              55.88297872340428,
              26.255319148936167
            ],
            [
              54.712765957446834,
              26.255319148936167
            ],
            [
              54.18085106382978,
              26.255319148936167
            ],
            [
              53.54255319148933,
              26.255319148936167
            ],
            [
              52.904255319148945,
              26.255319148936167
            ],
            [
              52.2659574468085,
              26.255319148936167
            ],
            [
              51.84042553191489,
              26.255319148936167
            ],
            [
              51.62765957446811,
              25.723404255319167
            ],
            [
              51.7340425531915,
              25.404255319148945
            ],
            [
              52.15957446808511,
              24.65957446808511
            ],
            [
              53.329787234042556,
              22.957446808510667
            ],
            [
              54.18085106382978,
              21.57446808510639
            ],
            [
              54.60638297872339,
              20.829787234042556
            ],
            [
              54.92553191489361,
              20.085106382978722
            ],
            [
              55.138297872340445,
              19.34042553191489
            ],
            [
              55.138297872340445,
              18.914893617021278
            ],
            [
              55.031914893617,
              18.276595744680833
            ],
            [
              54.5,
              17.744680851063833
            ],
            [
              53.968085106383,
              17.42553191489361
            ],
            [
              53.11702127659578,
              17.0
            ],
            [
              52.15957446808511,
              16.787234042553223
            ],
            [
              50.98936170212767,
              16.468085106383
            ],
            [
              49.92553191489361,
              16.361702127659555
            ],
            [
              48.64893617021278,
              16.255319148936167
            ],
            [
              48.01063829787233,
              16.255319148936167
            ],
            [
              46.94680851063828,
              16.255319148936167
            ],
            [
              45.98936170212767,
              16.255319148936167
            ],
            [
              45.138297872340445,
              16.361702127659555
            ],
            [
              44.5,
              16.57446808510639
            ],
            [
              43.64893617021278,
              17.10638297872339
            ],
            [
              43.11702127659578,
              18.276595744680833
            ],
            [
              43.01063829787233,
              19.021276595744666
            ],
            [
              43.01063829787233,
              19.87234042553189
            ],
            [
              43.01063829787233,
              20.936170212765944
            ],
            [
              43.22340425531917,
              21.89361702127661
            ],
            [
              43.75531914893617,
              22.957446808510667
            ],
            [
              44.07446808510639,
              23.595744680851055
            ],
            [
              44.712765957446834,
              24.446808510638277
            ],
            [
              45.24468085106383,
              25.297872340425556
            ],
            [
              45.77659574468083,
              25.829787234042556
            ],
            [
              46.30851063829789,
              26.255319148936167
            ],
            [
              46.94680851063828,
              26.468085106383
            ],
            [
              47.478723404255334,
              26.57446808510639
            ],
            [
              47.904255319148945,
              26.57446808510639
            ],
            [
              48.01063829787233,
              26.255319148936167
            ],
            [
              48.11702127659578,
              25.61702127659572
            ],
            [
              48.11702127659578,
              24.87234042553189
            ],
            [
              47.797872340425556,
              23.914893617021278
            ],
            [
              45.670212765957444,
              20.404255319148945
            ],
            [
              42.37234042553189,
              17.0
            ],
            [
              38.329787234042556,
              13.80851063829789
            ],
            [
              37.2659574468085,
              13.276595744680833
            ],
            [
              35.45744680851067,
              12.212765957446777
            ],
            [
              33.861702127659555,
              11.468085106383
            ],
            [
              32.478723404255334,
              11.042553191489333
            ],
            [
              31.84042553191489,
              10.936170212765944
            ],
            [
              30.776595744680833,
              10.936170212765944
            ],
            [
              29.92553191489361,
              10.936170212765944
            ],
            [
              28.755319148936167,
              10.936170212765944
            ],
            [
              28.329787234042556,
              11.361702127659555
            ],
            [
              28.010638297872333,
              12.0
            ],
            [
              27.797872340425556,
              13.595744680851055
            ],
            [
              27.797872340425556,
              14.978723404255334
            ],
            [
              27.797872340425556,
              16.680851063829778
            ],
            [
              28.436170212765944,
              18.702127659574444
            ],
            [
              29.39361702127661,
              20.829787234042556
            ],
            [
              31.202127659574444,
              24.021276595744666
            ],
            [
              34.18085106382978,
              28.276595744680833
            ],
            [
              36.94680851063828,
              30.829787234042556
            ],
            [
              38.329787234042556,
              31.787234042553166
            ],
            [
              39.18085106382978,
              32.10638297872339
            ],
            [
              39.81914893617022,
              32.31914893617022
            ],
            [
              40.35106382978722,
              32.31914893617022
            ],
            [
              40.670212765957444,
              32.10638297872339
            ],
            [
              40.670212765957444,
              31.468085106383
            ],
            [
              40.35106382978722,
              30.19148936170211
            ],
            [
              39.5,
              29.021276595744666
            ],
            [
              38.22340425531917,
              27.531914893617
            ],
            [
              36.521276595744666,
              25.829787234042556
            ],
            [
              35.563829787234056,
              25.085106382978722
            ],
            [
              33.861702127659555,
              23.595744680851055
            ],
            [
              32.15957446808511,
              22.319148936170222
            ],
            [
              30.244680851063833,
              21.255319148936167
            ],
            [
              29.60638297872339,
              20.829787234042556
            ],
            [
              28.329787234042556,
              20.297872340425556
            ],
            [
              27.053191489361723,
              19.978723404255334
            ],
            [
              25.776595744680833,
              19.7659574468085
            ],
            [
              25.457446808510667,
              19.978723404255334
            ],
            [
              25.457446808510667,
              20.510638297872333
            ],
            [
              25.457446808510667,
              21.255319148936167
            ],
            [
              25.989361702127667,
              22.212765957446777
            ],
            [
              26.84042553191489,
              23.38297872340428
            ],
            [
              28.436170212765944,
              25.510638297872333
            ],
            [
              29.287234042553223,
              26.255319148936167
            ],
            [
              30.670212765957444,
              27.42553191489361
            ],
            [
              32.2659574468085,
              28.595744680851055
            ],
            [
              33.968085106383,
              29.553191489361723
            ],
            [
              35.563829787234056,
              30.404255319148945
            ],
            [
              36.94680851063828,
              30.936170212765944
            ],
            [
              38.329787234042556,
              31.255319148936167
            ],
            [
              38.968085106383,
              31.255319148936167
            ],
            [
              40.138297872340445,
              31.468085106383
            ],
            [
              40.98936170212767,
              31.468085106383
            ],
            [
              41.62765957446811,
              31.468085106383
            ],
            [
              42.478723404255334,
              31.042553191489333
            ],
            [
              42.58510638297872,
              30.297872340425556
            ],
            [
              41.7340425531915,
              29.446808510638277
            ],
            [
              40.88297872340428,
              29.021276595744666
            ],
            [
              39.712765957446834,
              28.489361702127667
            ],
            [
              38.329787234042556,
              28.063829787234056
            ],
            [
              36.84042553191489,
              27.744680851063833
            ],
            [
              35.138297872340445,
              27.42553191489361
            ],
            [
              33.436170212765944,
              27.319148936170222
            ],
            [
              31.84042553191489,
              27.319148936170222
            ],
            [
              30.138297872340445,
              27.42553191489361
            ],
            [
              28.648936170212778,
              28.063829787234056
            ],
            [
              27.37234042553189,
              28.702127659574444
            ],
            [
              26.202127659574444,
              29.553191489361723
            ],
            [
              25.351063829787222,
              30.61702127659572
            ],
            [
              24.5,
              31.89361702127661
            ],
            [
              23.968085106383,
              33.38297872340428
            ],
            [
              23.223404255319167,
              36.04255319148933
            ],
            [
              23.11702127659572,
              38.170212765957444
            ],
            [
              23.11702127659572,
              40.297872340425556
            ],
            [
              24.180851063829778,
              45.19148936170211
            ],
            [
              26.62765957446811,
              49.978723404255334
            ],
            [
              28.648936170212778,
              52.95744680851067
            ],
            [
              31.62765957446811,
              55.936170212765944
            ],
            [
              32.904255319148945,
              57.10638297872339
            ],
            [
              34.07446808510639,
              57.95744680851061
            ],
            [
              34.60638297872339,
              58.27659574468086
            ],
            [
              35.45744680851067,
              58.70212765957447
            ],
            [
              36.30851063829789,
              59.021276595744695
            ],
            [
              36.94680851063828,
              59.2340425531915
            ],
            [
              37.37234042553189,
              59.34042553191489
            ],
            [
              38.01063829787233,
              59.34042553191489
            ],
            [
              38.54255319148933,
              59.2340425531915
            ],
            [
              38.64893617021278,
              58.80851063829786
            ],
            [
              38.54255319148933,
              58.063829787234056
            ],
            [
              37.904255319148945,
              57.31914893617022
            ],
            [
              36.84042553191489,
              56.57446808510639
            ],
            [
              34.92553191489361,
              55.72340425531917
            ],
            [
              34.07446808510639,
              55.51063829787233
            ],
            [
              33.11702127659578,
              55.404255319148945
            ],
            [
              32.15957446808511,
              55.404255319148945
            ],
            [
              31.095744680851055,
              55.404255319148945
            ],
            [
              30.563829787234056,
              55.404255319148945
            ],
            [
              29.712765957446834,
              55.404255319148945
            ],
            [
              28.861702127659555,
              55.51063829787233
            ],
            [
              28.11702127659572,
              55.72340425531917
            ],
            [
              27.37234042553189,
              55.936170212765944
            ],
            [
              26.946808510638277,
              56.04255319148939
            ],
            [
              26.62765957446811,
              56.14893617021278
            ],
            [
              26.30851063829789,
              56.361702127659555
            ],
            [
              26.62765957446811,
              56.787234042553166
            ],
            [
              27.478723404255334,
              57.10638297872339
            ],
            [
              28.010638297872333,
              57.31914893617022
            ],
            [
              28.755319148936167,
              57.42553191489361
            ],
            [
              30.031914893617,
              57.74468085106383
            ],
            [
              30.989361702127667,
              57.85106382978722
            ],
            [
              32.05319148936172,
              57.95744680851061
            ],
            [
              33.01063829787233,
              57.95744680851061
            ],
            [
              34.07446808510639,
              57.95744680851061
            ],
            [
              34.60638297872339,
              57.95744680851061
            ],
            [
              35.563829787234056,
              57.95744680851061
            ],
            [
              36.41489361702128,
              57.74468085106383
            ],
            [
              37.05319148936172,
              57.531914893617
            ],
            [
              37.37234042553189,
              57.42553191489361
            ],
            [
              37.69148936170211,
              57.31914893617022
            ],
            [
              38.01063829787233,
              57.212765957446834
            ],
            [
              38.329787234042556,
              57.10638297872339
            ],
            [
              37.69148936170211,
              56.89361702127661
            ],
            [
              35.88297872340428,
              56.68085106382978
            ],
            [
              34.60638297872339,
              56.468085106383
            ],
            [
              32.15957446808511,
              55.936170212765944
            ],
            [
              30.138297872340445,
              55.61702127659572
            ],
            [
              28.968085106383,
              55.404255319148945
            ],
            [
              27.053191489361723,
              55.08510638297872
            ],
            [
              24.92553191489361,
              54.7659574468085
            ],
            [
              23.010638297872333,
              54.55319148936172
            ],
            [
              21.202127659574444,
              54.34042553191489
            ],
            [
              20.457446808510667,
              54.34042553191489
            ],
            [
              19.07446808510639,
              54.2340425531915
            ],
            [
              17.904255319148945,
              54.2340425531915
            ],
            [
              17.15957446808511,
              54.2340425531915
            ],
            [
              16.521276595744666,
              54.34042553191489
            ],
            [
              15.989361702127667,
              54.65957446808511
            ],
            [
              15.882978723404278,
              54.978723404255334
            ],
            [
              15.882978723404278,
              55.51063829787233
            ],
            [
              16.095744680851055,
              55.829787234042556
            ],
            [
              17.37234042553189,
              56.89361702127661
            ],
            [
              19.07446808510639,
              57.95744680851061
            ],
            [
              20.457446808510667,
              58.70212765957447
            ],
            [
              21.30851063829789,
              59.12765957446808
            ],
            [
              22.053191489361723,
              59.446808510638306
            ],
            [
              22.69148936170211,
              59.65957446808511
            ],
            [
              23.329787234042556,
              59.7659574468085
            ],
            [
              23.755319148936167,
              59.87234042553192
            ],
            [
              24.180851063829778,
              59.87234042553192
            ],
            [
              23.54255319148939,
              59.446808510638306
            ],
            [
              22.2659574468085,
              58.80851063829786
            ],
            [
              19.92553191489361,
              57.95744680851061
            ],
            [
              16.62765957446811,
              56.89361702127661
            ],
            [
              14.819148936170222,
              56.468085106383
            ],
            [
              13.117021276595722,
              56.14893617021278
            ],
            [
              11.414893617021278,
              55.829787234042556
            ],
            [
              10.776595744680833,
              55.72340425531917
            ],
            [
              9.5,
              55.61702127659572
            ],
            [
              8.436170212765944,
              55.51063829787233
            ],
            [
              7.585106382978722,
              55.51063829787233
            ],
            [
              7.159574468085111,
              55.51063829787233
            ],
            [
              6.840425531914889,
              55.61702127659572
            ],
            [
              7.159574468085111,
              55.936170212765944
            ],
            [
              7.691489361702111,
              56.14893617021278
            ],
            [
              8.223404255319167,
              56.57446808510639
            ],
            [
              9.5,
              57.212765957446834
            ],
            [
              11.095744680851055,
              58.170212765957444
            ],
            [
              12.053191489361723,
              58.70212765957447
            ],
            [
              12.585106382978722,
              58.80851063829786
            ],
            [
              13.010638297872333,
              59.021276595744695
            ],
            [
              13.329787234042556,
              59.12765957446808
            ],
            [
              13.755319148936167,
              59.12765957446808
            ],
            [
              14.180851063829778,
              59.12765957446808
            ],
            [
              14.393617021276611,
              58.48936170212767
            ],
            [
              14.393617021276611,
              57.74468085106383
            ],
            [
              14.393617021276611,
              57.0
            ],
            [
              14.393617021276611,
              55.936170212765944
            ],
            [
              14.287234042553223,
              54.7659574468085
            ],
            [
              13.755319148936167,
              53.48936170212767
            ],
            [
              13.329787234042556,
              52.10638297872339
            ],
            [
              12.69148936170211,
              50.72340425531917
            ],
            [
              11.840425531914889,
              49.12765957446811
            ],
            [
              10.989361702127667,
              47.74468085106383
            ],
            [
              10.138297872340445,
              46.361702127659555
            ],
            [
              9.180851063829778,
              45.08510638297872
            ],
            [
              8.010638297872333,
              43.595744680851055
            ],
            [
              7.053191489361723,
              42.638297872340445
            ],
            [
              6.521276595744666,
              42.212765957446834
            ],
            [
              6.202127659574444,
              41.89361702127661
            ],
            [
              5.776595744680833,
              41.68085106382978
            ],
            [
              6.095744680851055,
              41.787234042553166
            ],
            [
              6.308510638297889,
              41.468085106383
            ],
            [
              6.414893617021278,
              40.829787234042556
            ],
            [
              6.308510638297889,
              39.87234042553189
            ],
            [
              5.882978723404278,
              38.91489361702128
            ],
            [
              5.670212765957444,
              38.48936170212767
            ],
            [
              5.351063829787222,
              37.85106382978722
            ],
            [
              5.0319148936169995,
              37.10638297872339
            ],
            [
              4.712765957446834,
              36.468085106383
            ],
            [
              4.5,
              35.829787234042556
            ],
            [
              4.287234042553166,
              35.297872340425556
            ],
            [
              4.074468085106389,
              34.7659574468085
            ],
            [
              3.9680851063830005,
              34.2340425531915
            ],
            [
              3.861702127659555,
              33.91489361702128
            ],
            [
              3.861702127659555,
              33.48936170212767
            ],
            [
              3.861702127659555,
              33.063829787234056
            ],
            [
              3.861702127659555,
              32.42553191489361
            ],
            [
              3.861702127659555,
              31.468085106383
            ],
            [
              3.9680851063830005,
              30.829787234042556
            ],
            [
              4.180851063829778,
              30.085106382978722
            ],
            [
              4.180851063829778,
              29.2340425531915
            ],
            [
              4.180851063829778,
              28.595744680851055
            ],
            [
              4.180851063829778,
              28.170212765957444
            ],
            [
              4.180851063829778,
              27.638297872340445
            ],
            [
              4.074468085106389,
              27.212765957446777
            ],
            [
              3.861702127659555,
              26.680851063829778
            ],
            [
              3.7553191489361666,
              26.361702127659555
            ],
            [
              3.648936170212778,
              26.042553191489333
            ],
            [
              3.436170212765944,
              25.61702127659572
            ],
            [
              3.3297872340425556,
              25.19148936170211
            ],
            [
              3.223404255319167,
              24.87234042553189
            ],
            [
              3.223404255319167,
              24.34042553191489
            ],
            [
              3.223404255319167,
              23.914893617021278
            ],
            [
              3.223404255319167,
              23.489361702127667
            ],
            [
              3.436170212765944,
              22.957446808510667
            ],
            [
              3.5425531914893895,
              22.638297872340445
            ],
            [
              3.7553191489361666,
              22.10638297872339
            ],
            [
              3.861702127659555,
              21.680851063829778
            ],
            [
              3.9680851063830005,
              21.361702127659555
            ],
            [
              4.074468085106389,
              20.723404255319167
            ],
            [
              4.074468085106389,
              20.297872340425556
            ],
            [
              4.180851063829778,
              19.978723404255334
            ],
            [
              4.180851063829778,
              19.553191489361723
            ],
            [
              4.180851063829778,
              19.12765957446811
            ],
            [
              4.180851063829778,
              18.595744680851055
            ],
            [
              4.074468085106389,
              17.744680851063833
            ],
            [
              3.9680851063830005,
              17.42553191489361
            ],
            [
              3.7553191489361666,
              16.57446808510639
            ],
            [
              3.648936170212778,
              15.829787234042556
            ],
            [
              3.5425531914893895,
              14.978723404255334
            ],
            [
              3.436170212765944,
              14.127659574468112
            ],
            [
              3.436170212765944,
              13.489361702127667
            ],
            [
              3.436170212765944,
              12.957446808510667
            ],
            [
              3.436170212765944,
              12.319148936170222
            ],
            [
              3.436170212765944,
              11.787234042553223
            ],
            [
              3.436170212765944,
              11.042553191489333
            ],
            [
              3.436170212765944,
              10.404255319148945
            ],
            [
              3.436170212765944,
              9.7659574468085
            ],
            [
              3.436170212765944,
              9.2340425531915
            ],
            [
              3.436170212765944,
              8.702127659574444
            ],
            [
              3.5425531914893895,
              8.170212765957444
            ],
            [
              3.7553191489361666,
              7.638297872340445
            ],
            [
              4.074468085106389,
              6.680851063829778
            ],
            [
              4.5,
              5.936170212765944
            ],
            [
              5.563829787234056,
              4.127659574468112
            ],
            [
              6.521276595744666,
              2.5319148936169995
            ]
          ]
        ]
      }
    }
  ]
}