{
  "type": "FeatureCollection",
  "crs": {
    "type": "name",
    "properties": {
      "name": "urn:ogc:def:crs:OGC:1.3:CRS84"
    }
  },
  "features": [
    {
      "type": "Feature",
      "properties": {
        "timestamp": "2026-05-01T07:46:09.200638",
        "country_name": "Greece",
        "author": "Eason",
        "author_id": "e811a782-aa72-4a58-9f5e-d383726c1463",
        "validated": false,
        "ranking": [
          [
            "Greece",
            0.2928788959980011
          ],
          [
            "Canada",
            0.0673426166176796
          ],
          [
            "Croatia",
            0.05102890729904175
          ],
          [
            "France",
            0.04168776422739029
          ],
          [
            "Bangladesh",
            0.03836510702967644
          ],
          [
            "Svalbard",
            0.032793886959552765
          ],
          [
            "Iceland",
            0.027042951434850693
          ],
          [
            "Denmark",
            0.02650325745344162
          ],
          [
            "Venezuela",
            0.025633608922362328
          ],
          [
            "Falkland Islands",
            0.017953602597117424
          ],
          [
            "Guinea-Bissau",
            0.012796377763152122
          ],
          [
            "Greenland",
            0.01263148058205843
          ],
          [
            "Ukraine",
            0.012125492095947266
          ],
          [
            "Estonia",
            0.011604172177612782
          ],
          [
            "Gabon",
            0.009570909664034843
          ],
          [
            "Guinea",
            0.008379464969038963
          ],
          [
            "Brazil",
            0.008375055156648159
          ],
          [
            "Peru",
            0.008354426361620426
          ],
          [
            "China",
            0.008229830302298069
          ],
          [
            "Iran",
            0.007867606356739998
          ],
          [
            "Papua New Guinea",
            0.007813814096152782
          ],
          [
            "Hong Kong",
            0.007751778233796358
          ],
          [
            "Switzerland",
            0.0076674907468259335
          ],
          [
            "Belgium",
            0.007331722881644964
          ],
          [
            "Italy",
            0.007147364318370819
          ],
          [
            "Romania",
            0.0070071835070848465
          ],
          [
            "Australia",
            0.006304183043539524
          ],
          [
            "Costa Rica",
            0.006183051038533449
          ],
          [
            "Netherlands",
            0.005798355210572481
          ],
          [
            "Lithuania",
            0.005608789157122374
          ],
          [
            "Senegal",
            0.005359717644751072
          ],
          [
            "Tajikistan",
            0.00493383826687932
          ],
          [
            "Fiji",
            0.004694406408816576
          ],
          [
            "Burundi",
            0.0046904864721000195
          ],
          [
            "Kuwait",
            0.0044654435478150845
          ],
          [
            "Germany",
            0.004255611915141344
          ],
          [
            "Russia",
            0.004145525861531496
          ],
          [
            "Belarus",
            0.004038272425532341
          ],
          [
            "Burkina Faso",
            0.004016211722046137
          ],
          [
            "Mozambique",
            0.003942582290619612
          ],
          [
            "Azerbaijan",
            0.003850627923384309
          ],
          [
            "Cambodia",
            0.0037914286367595196
          ],
          [
            "Ireland",
            0.00363996927626431
          ],
          [
            "Laos",
            0.003515679622069001
          ],
          [
            "South Africa",
            0.0033194299321621656
          ],
          [
            "Guadeloupe",
            0.0032088260632008314
          ],
          [
            "Syria",
            0.0031947558745741844
          ],
          [
            "South Georgia Islands",
            0.0031684432178735733
          ],
          [
            "India",
            0.002953533548861742
          ],
          [
            "Faroe Islands",
            0.002864082809537649
          ],
          [
            "South Sudan",
            0.002728452906012535
          ],
          [
            "Rwanda",
            0.002682071877643466
          ],
          [
            "Guyana",
            0.0026384112425148487
          ],
          [
            "Mexico",
            0.0025170515291392803
          ],
          [
            "Brunei",
            0.002464618068188429
          ],
          [
            "Bulgaria",
            0.0023939120583236217
          ],
          [
            "Somalia",
            0.0022544681560248137
          ],
          [
            "Colombia",
            0.002110094763338566
          ],
          [
            "Montenegro",
            0.002100153360515833
          ],
          [
            "Angola",
            0.0020962113048881292
          ],
          [
            "Nigeria",
            0.002071481430903077
          ],
          [
            "North Macedonia",
            0.002064279280602932
          ],
          [
            "Thailand",
            0.0019941276405006647
          ],
          [
            "Serbia",
            0.0019872020930051804
          ],
          [
            "Haiti",
            0.0019410686800256371
          ],
          [
            "Armenia",
            0.0019086075481027365
          ],
          [
            "Kazakhstan",
            0.0019045853987336159
          ],
          [
            "Uzbekistan",
            0.001770862378180027
          ],
          [
            "Jordan",
            0.0017595832468941808
          ],
          [
            "Kenya",
            0.0017433910397812724
          ],
          [
            "Kyrgyzstan",
            0.0017137976828962564
          ],
          [
            "Iraq",
            0.0017041361425071955
          ],
          [
            "Philippines",
            0.0016967381816357374
          ],
          [
            "Nicaragua",
            0.0016644693678244948
          ],
          [
            "Latvia",
            0.001648366334848106
          ],
          [
            "Congo",
            0.0016382642788812518
          ],
          [
            "Spain",
            0.0015397260431200266
          ],
          [
            "South Korea",
            0.0015308678848668933
          ],
          [
            "Djibouti",
            0.0015171738341450691
          ],
          [
            "Lesotho",
            0.0015112994005903602
          ],
          [
            "Algeria",
            0.0015049423091113567
          ],
          [
            "Kiribati",
            0.0014713482232764363
          ],
          [
            "Honduras",
            0.0014238781295716763
          ],
          [
            "Saudi Arabia",
            0.0014190331567078829
          ],
          [
            "Libya",
            0.001401725341565907
          ],
          [
            "Bosnia & Herzegovina",
            0.0013882039347663522
          ],
          [
            "Côte d'Ivoire",
            0.0013871981063857675
          ],
          [
            "Mauritania",
            0.001377750188112259
          ],
          [
            "Vietnam",
            0.001371329533867538
          ],
          [
            "Sudan",
            0.001317909685894847
          ],
          [
            "United Kingdom",
            0.00130784313660115
          ],
          [
            "El Salvador",
            0.0012832984793931246
          ],
          [
            "Turkmenistan",
            0.0012505523627623916
          ],
          [
            "Namibia",
            0.0012003915617242455
          ],
          [
            "United States of America",
            0.0011776613537222147
          ],
          [
            "Chad",
            0.0011530894553288817
          ],
          [
            "Moldova",
            0.0011513158679008484
          ],
          [
            "Slovenia",
            0.0011232651304453611
          ],
          [
            "North Korea",
            0.0011019889498129487
          ],
          [
            "French Guiana",
            0.0010620973771438003
          ],
          [
            "Benin",
            0.0010460919002071023
          ],
          [
            "Mayotte",
            0.0009423959418199956
          ],
          [
            "Hungary",
            0.0009365560836158693
          ],
          [
            "Tunisia",
            0.0009265051339752972
          ],
          [
            "Liberia",
            0.0009243887034244835
          ],
          [
            "Sierra Leone",
            0.0009168766555376351
          ],
          [
            "Zambia",
            0.0009067912469618022
          ],
          [
            "Slovakia",
            0.000897324993275106
          ],
          [
            "Yemen",
            0.0008899751119315624
          ],
          [
            "Panama",
            0.0008226012578234076
          ],
          [
            "Indonesia",
            0.0008218327420763671
          ],
          [
            "Reunion",
            0.0008015480707399547
          ],
          [
            "Czech Republic",
            0.000789901299867779
          ],
          [
            "Bahamas",
            0.0007833671406842768
          ],
          [
            "Cuba",
            0.0007803741027601063
          ],
          [
            "Uganda",
            0.0007775244303047657
          ],
          [
            "Central African Republic",
            0.0007709486526437104
          ],
          [
            "Suriname",
            0.0007629978936165571
          ],
          [
            "New Caledonia",
            0.0007623141864314675
          ],
          [
            "Heard and McDonald Islands",
            0.0007548900903202593
          ],
          [
            "Poland",
            0.0007404445204883814
          ],
          [
            "Bhutan",
            0.000721419753972441
          ],
          [
            "Egypt",
            0.0007207953603938222
          ],
          [
            "Turkey",
            0.0007169492891989648
          ],
          [
            "Mali",
            0.0007075175526551902
          ],
          [
            "Malawi",
            0.0007050240528769791
          ],
          [
            "Zimbabwe",
            0.0006940473103895783
          ],
          [
            "Mongolia",
            0.000685490551404655
          ],
          [
            "Norway",
            0.0006854513776488602
          ],
          [
            "Myanmar",
            0.0006680319202132523
          ],
          [
            "Sweden",
            0.0006642215885221958
          ],
          [
            "Togo",
            0.0006325426511466503
          ],
          [
            "Albania",
            0.0006002481677569449
          ],
          [
            "Bolivia",
            0.0005866275751031935
          ],
          [
            "Ethiopia",
            0.0005731094279326499
          ],
          [
            "Afghanistan",
            0.0005570012726821005
          ],
          [
            "Turks and Caicos Islands",
            0.0005541782593354583
          ],
          [
            "Nepal",
            0.0005402123206295073
          ],
          [
            "Tanzania",
            0.0005401268135756254
          ],
          [
            "Sri Lanka",
            0.0005277687450870872
          ],
          [
            "DR Congo",
            0.0005271449917927384
          ],
          [
            "Dominican Republic",
            0.0005103236180730164
          ],
          [
            "Portugal",
            0.0005099840345792472
          ],
          [
            "Finland",
            0.000507080927491188
          ],
          [
            "Niger",
            0.0005056322552263737
          ],
          [
            "Botswana",
            0.0004952654708176851
          ],
          [
            "Pakistan",
            0.0004935840261168778
          ],
          [
            "Martinique",
            0.0004848772077821195
          ],
          [
            "Georgia",
            0.00048276581219397485
          ],
          [
            "Eswatini",
            0.0004728958010673523
          ],
          [
            "Belize",
            0.0004544256953522563
          ],
          [
            "Guatemala",
            0.00045214060810394585
          ],
          [
            "Jamaica",
            0.0004307876224629581
          ],
          [
            "Qatar",
            0.00042637260048650205
          ],
          [
            "Paraguay",
            0.00041279129800386727
          ],
          [
            "United Arab Emirates",
            0.00039380183443427086
          ],
          [
            "Eritrea",
            0.00038695623516105115
          ],
          [
            "Saint Lucia",
            0.0003821221471298486
          ],
          [
            "Argentina",
            0.0003803065628744662
          ],
          [
            "Cape Verde",
            0.00037290449836291373
          ],
          [
            "Ghana",
            0.0003512407129164785
          ],
          [
            "Uruguay",
            0.0003385278978385031
          ],
          [
            "Cameroon",
            0.00033295483444817364
          ],
          [
            "Puerto Rico",
            0.0003246859705541283
          ],
          [
            "Western Sahara",
            0.00031990226125344634
          ],
          [
            "Austria",
            0.0002968968474306166
          ],
          [
            "Vanuatu",
            0.00027735388721339405
          ],
          [
            "Samoa",
            0.00027605504146777093
          ],
          [
            "Madeira Islands",
            0.00027403217973187566
          ],
          [
            "Bahrain",
            0.00027104478795081377
          ],
          [
            "Taiwan",
            0.00026707275537773967
          ],
          [
            "Guam",
            0.0002634753764141351
          ],
          [
            "Ecuador",
            0.0002619665756355971
          ],
          [
            "Luxembourg",
            0.00023486696591135114
          ],
          [
            "Cyprus",
            0.0002331178984604776
          ],
          [
            "Oman",
            0.00023023594985716045
          ],
          [
            "Dominica",
            0.00022667642042506486
          ],
          [
            "Israel",
            0.00022614136105403304
          ],
          [
            "Morocco",
            0.00022345600882545114
          ],
          [
            "West Bank",
            0.0002173685352317989
          ],
          [
            "Malaysia",
            0.00021098522120155394
          ],
          [
            "Isle of Man",
            0.00020978380052838475
          ],
          [
            "New Zealand",
            0.00020123098511248827
          ],
          [
            "Gambia",
            0.00019644729036372155
          ],
          [
            "Trinidad and Tobago",
            0.00019600191444624215
          ],
          [
            "Japan",
            0.000188441073987633
          ],
          [
            "Solomon Islands",
            0.00018460639694239944
          ],
          [
            "Comoros",
            0.00017511418263893574
          ],
          [
            "Madagascar",
            0.00017480982933193445
          ],
          [
            "Timor-Leste",
            0.0001690476929070428
          ],
          [
            "Antigua & Barbuda",
            0.00013970803411211818
          ],
          [
            "Lebanon",
            0.00011693366104736924
          ],
          [
            "Equatorial Guinea",
            0.000109133317891974
          ],
          [
            "Netherlands Antilles",
            8.696188888279721e-05
          ],
          [
            "Barbados",
            7.30297906557098e-05
          ],
          [
            "United States Virgin Islands",
            6.352821219479665e-05
          ],
          [
            "Palau",
            6.022708839736879e-05
          ],
          [
            "Chile",
            5.937585228821263e-05
          ],
          [
            "Sao Tome and Principe",
            2.0723566194646992e-05
          ]
        ]
      },
      "geometry": {
        "type": "MultiLineString",
        "coordinates": [
          [
            [
              31.056603773584897,
              27.28301886792451
            ],
            [
              30.86792452830187,
              23.320754716981128
            ],
            [
              31.811320754716974,
              21.245283018867923
            ],
            [
              33.32075471698113,
              20.113207547169793
            ],
            [
              35.207547169811306,
              19.924528301886795
            ],
            [
              36.15094339622641,
              19.924528301886795
            ],
            [
              36.71698113207546,
              20.113207547169793
            ],
            [
              36.90566037735849,
              21.056603773584897
            ],
            [
              36.90566037735849,
              21.811320754716974
            ],
            [
              36.90566037735849,
              22.56603773584905
            ],
            [
              36.71698113207546,
              23.320754716981128
            ],
            [
              36.15094339622641,
              24.26415094339623
            ],
            [
              31.622641509433947,
              25.962264150943383
            ],
            [
              28.226415094339615,
              26.71698113207546
            ],
            [
              25.58490566037733,
              26.905660377358487
            ],
            [
              23.88679245283018,
              26.905660377358487
            ],
            [
              22.943396226415075,
              26.905660377358487
            ]
          ],
          [
            [
              31.811320754716974,
              46.52830188679246
            ],
            [
              27.28301886792451,
              47.47169811320754
            ],
            [
              23.320754716981128,
              48.03773584905659
            ],
            [
              20.86792452830187,
              47.84905660377359
            ],
            [
              19.169811320754718,
              46.52830188679246
            ],
            [
              18.60377358490564,
              44.641509433962256
            ],
            [
              18.226415094339615,
              42.56603773584905
            ],
            [
              18.226415094339615,
              40.8679245283019
            ],
            [
              19.169811320754718,
              39.924528301886795
            ],
            [
              22.56603773584905,
              38.792452830188665
            ],
            [
              28.98113207547169,
              38.226415094339615
            ],
            [
              39.16981132075472,
              38.226415094339615
            ],
            [
              51.811320754716974,
              40.11320754716979
            ],
            [
              54.641509433962256,
              40.8679245283019
            ],
            [
              55.96226415094338,
              41.43396226415095
            ],
            [
              56.339622641509436,
              42.0
            ],
            [
              56.339622641509436,
              43.1320754716981
            ],
            [
              55.96226415094338,
              44.26415094339623
            ],
            [
              52.943396226415075,
              46.15094339622641
            ],
            [
              45.39622641509433,
              49.54716981132074
            ],
            [
              32.377358490566024,
              53.88679245283018
            ],
            [
              19.73584905660377,
              57.283018867924525
            ],
            [
              12.56603773584905,
              58.226415094339615
            ],
            [
              9.358490566037716,
              58.41509433962264
            ],
            [
              8.603773584905639,
              58.41509433962264
            ],
            [
              8.037735849056588,
              57.660377358490564
            ],
            [
              7.849056603773562,
              56.90566037735849
            ],
            [
              8.037735849056588,
              55.96226415094338
            ],
            [
              9.924528301886767,
              54.83018867924528
            ]
          ],
          [
            [
              42.943396226415075,
              33.1320754716981
            ],
            [
              39.358490566037716,
              32.377358490566024
            ],
            [
              31.056603773584897,
              31.811320754716974
            ],
            [
              15.773584905660357,
              30.490566037735846
            ]
          ],
          [
            [
              35.58490566037733,
              36.339622641509436
            ],
            [
              35.39622641509433,
              35.773584905660385
            ],
            [
              34.45283018867923,
              33.509433962264154
            ],
            [
              32.943396226415075,
              27.471698113207538
            ],
            [
              31.43396226415092,
              21.056603773584897
            ],
            [
              30.679245283018844,
              15.962264150943383
            ],
            [
              30.490566037735846,
              13.886792452830178
            ],
            [
              30.86792452830187,
              12.943396226415075
            ],
            [
              33.69811320754715,
              12.56603773584905
            ],
            [
              42.75471698113205,
              17.094339622641513
            ],
            [
              48.792452830188665,
              21.811320754716974
            ],
            [
              51.24528301886792,
              24.075471698113205
            ],
            [
              52.188679245283,
              24.830188679245282
            ],
            [
              45.58490566037733,
              25.58490566037736
            ],
            [
              28.60377358490564,
              25.58490566037736
            ],
            [
              10.30188679245282,
              25.58490566037736
            ]
          ],
          [
            [
              42.188679245283,
              31.622641509433947
            ],
            [
              41.43396226415092,
              30.113207547169793
            ],
            [
              40.30188679245282,
              28.226415094339615
            ],
            [
              39.73584905660377,
              27.094339622641513
            ],
            [
              38.98113207547169,
              25.962264150943383
            ],
            [
              38.226415094339615,
              25.207547169811306
            ],
            [
              39.16981132075472,
              24.830188679245282
            ],
            [
              41.0566037735849,
              25.396226415094333
            ],
            [
              43.88679245283018,
              26.15094339622641
            ],
            [
              46.90566037735849,
              26.71698113207546
            ],
            [
              47.660377358490564,
              26.71698113207546
            ],
            [
              47.094339622641485,
              25.962264150943383
            ],
            [
              40.86792452830187,
              22.754716981132077
            ],
            [
              35.39622641509433,
              20.490566037735846
            ],
            [
              30.490566037735846,
              19.358490566037744
            ],
            [
              27.28301886792451,
              18.98113207547169
            ],
            [
              26.339622641509436,
              18.98113207547169
            ],
            [
              25.58490566037733,
              19.73584905660377
            ],
            [
              25.58490566037733,
              22.188679245283026
            ],
            [
              27.471698113207538,
              25.962264150943383
            ],
            [
              31.056603773584897,
              28.60377358490564
            ],
            [
              34.83018867924528,
              30.490566037735846
            ],
            [
              36.90566037735849,
              31.43396226415095
            ],
            [
              37.47169811320754,
              30.679245283018872
            ],
            [
              36.528301886792434,
              27.84905660377359
            ],
            [
              34.641509433962256,
              23.88679245283018
            ],
            [
              32.75471698113205,
              20.8679245283019
            ],
            [
              31.811320754716974,
              19.547169811320742
            ],
            [
              31.622641509433947,
              20.8679245283019
            ],
            [
              32.75471698113205,
              23.1320754716981
            ],
            [
              34.83018867924528,
              25.962264150943383
            ],
            [
              37.47169811320754,
              28.792452830188665
            ],
            [
              39.54716981132074,
              30.490566037735846
            ]
          ],
          [
            [
              40.490566037735846,
              31.245283018867923
            ],
            [
              40.86792452830187,
              30.490566037735846
            ],
            [
              39.16981132075472,
              29.73584905660377
            ],
            [
              37.660377358490564,
              28.98113207547169
            ],
            [
              36.71698113207546,
              28.41509433962264
            ]
          ],
          [
            [
              37.28301886792451,
              28.41509433962264
            ],
            [
              39.16981132075472,
              28.60377358490564
            ],
            [
              41.62264150943395,
              29.358490566037744
            ],
            [
              44.2641509433962,
              30.490566037735846
            ],
            [
              46.339622641509436,
              31.622641509433947
            ],
            [
              47.84905660377359,
              32.75471698113208
            ],
            [
              49.54716981132074,
              34.641509433962256
            ],
            [
              50.490566037735846,
              35.773584905660385
            ],
            [
              50.67924528301887,
              36.52830188679246
            ],
            [
              50.11320754716979,
              37.28301886792451
            ],
            [
              49.54716981132074,
              37.660377358490564
            ],
            [
              48.792452830188665,
              37.84905660377359
            ],
            [
              48.226415094339615,
              38.226415094339615
            ],
            [
              47.28301886792451,
              38.226415094339615
            ],
            [
              44.83018867924528,
              38.226415094339615
            ],
            [
              41.0566037735849,
              38.03773584905659
            ],
            [
              37.660377358490564,
              37.47169811320754
            ],
            [
              35.58490566037733,
              37.09433962264151
            ],
            [
              34.83018867924528,
              36.90566037735849
            ],
            [
              35.01886792452828,
              36.339622641509436
            ],
            [
              36.90566037735849,
              35.39622641509433
            ],
            [
              40.30188679245282,
              34.641509433962256
            ],
            [
              43.509433962264154,
              33.88679245283018
            ],
            [
              44.641509433962256,
              33.69811320754718
            ],
            [
              44.45283018867923,
              30.679245283018872
            ],
            [
              42.56603773584905,
              26.339622641509436
            ],
            [
              39.92452830188677,
              22.188679245283026
            ],
            [
              37.47169811320754,
              20.113207547169793
            ],
            [
              35.207547169811306,
              19.547169811320742
            ],
            [
              32.75471698113205,
              19.924528301886795
            ],
            [
              30.113207547169793,
              21.43396226415092
            ],
            [
              28.037735849056588,
              23.1320754716981
            ],
            [
              26.528301886792434,
              24.830188679245282
            ],
            [
              25.396226415094333,
              26.71698113207546
            ],
            [
              25.01886792452828,
              30.30188679245282
            ],
            [
              25.207547169811306,
              32.0
            ],
            [
              26.15094339622641,
              36.52830188679246
            ],
            [
              28.226415094339615,
              41.24528301886792
            ],
            [
              31.245283018867923,
              44.45283018867923
            ],
            [
              33.88679245283018,
              46.52830188679246
            ],
            [
              35.207547169811306,
              45.01886792452831
            ],
            [
              36.15094339622641,
              41.43396226415095
            ],
            [
              37.094339622641485,
              37.28301886792451
            ],
            [
              37.28301886792451,
              33.509433962264154
            ],
            [
              36.90566037735849,
              29.924528301886795
            ],
            [
              35.58490566037733,
              27.094339622641513
            ],
            [
              34.45283018867923,
              25.01886792452831
            ],
            [
              32.188679245283,
              23.509433962264154
            ],
            [
              28.60377358490564,
              22.754716981132077
            ],
            [
              27.28301886792451,
              22.943396226415075
            ],
            [
              26.339622641509436,
              23.320754716981128
            ],
            [
              25.962264150943383,
              24.075471698113205
            ],
            [
              25.773584905660357,
              25.207547169811306
            ],
            [
              25.962264150943383,
              28.037735849056617
            ],
            [
              27.660377358490564,
              31.245283018867923
            ],
            [
              30.30188679245282,
              34.45283018867923
            ],
            [
              34.45283018867923,
              36.52830188679246
            ],
            [
              38.98113207547169,
              37.28301886792451
            ],
            [
              42.56603773584905,
              37.09433962264151
            ],
            [
              45.01886792452828,
              35.58490566037736
            ],
            [
              47.094339622641485,
              32.377358490566024
            ],
            [
              48.792452830188665,
              25.207547169811306
            ],
            [
              49.16981132075472,
              20.113207547169793
            ],
            [
              49.16981132075472,
              15.584905660377359
            ],
            [
              48.41509433962261,
              12.188679245283026
            ],
            [
              47.47169811320754,
              10.113207547169793
            ],
            [
              46.15094339622641,
              8.792452830188665
            ],
            [
              44.075471698113205,
              8.415094339622641
            ],
            [
              41.43396226415092,
              8.603773584905639
            ],
            [
              38.98113207547169,
              9.735849056603769
            ],
            [
              36.339622641509436,
              12.0
            ],
            [
              34.075471698113205,
              15.962264150943383
            ],
            [
              32.0,
              22.188679245283026
            ],
            [
              29.73584905660377,
              32.188679245283026
            ],
            [
              29.358490566037716,
              37.28301886792451
            ],
            [
              29.73584905660377,
              40.67924528301887
            ],
            [
              31.245283018867923,
              42.943396226415075
            ],
            [
              32.943396226415075,
              43.69811320754718
            ],
            [
              34.45283018867923,
              44.075471698113205
            ],
            [
              35.207547169811306,
              44.075471698113205
            ],
            [
              35.96226415094338,
              43.69811320754718
            ],
            [
              37.28301886792451,
              41.43396226415095
            ],
            [
              39.54716981132074,
              36.71698113207546
            ],
            [
              42.188679245283,
              29.169811320754718
            ],
            [
              44.83018867924528,
              19.358490566037744
            ],
            [
              45.01886792452828,
              15.773584905660357
            ],
            [
              45.01886792452828,
              13.320754716981128
            ],
            [
              44.2641509433962,
              11.622641509433947
            ],
            [
              43.509433962264154,
              10.86792452830187
            ],
            [
              42.943396226415075,
              10.490566037735846
            ],
            [
              42.188679245283,
              10.30188679245282
            ],
            [
              42.943396226415075,
              10.679245283018872
            ],
            [
              45.96226415094338,
              12.943396226415075
            ],
            [
              48.792452830188665,
              14.264150943396231
            ],
            [
              51.43396226415092,
              14.641509433962256
            ],
            [
              52.188679245283,
              14.830188679245282
            ],
            [
              51.24528301886792,
              14.830188679245282
            ],
            [
              44.83018867924528,
              13.69811320754718
            ],
            [
              31.245283018867923,
              12.754716981132077
            ],
            [
              13.320754716981128,
              12.754716981132077
            ]
          ],
          [
            [
              32.943396226415075,
              23.88679245283018
            ],
            [
              32.943396226415075,
              22.754716981132077
            ],
            [
              32.0,
              18.60377358490564
            ],
            [
              30.86792452830187,
              16.15094339622641
            ],
            [
              29.924528301886767,
              14.641509433962256
            ],
            [
              29.169811320754718,
              13.69811320754718
            ],
            [
              28.60377358490564,
              13.320754716981128
            ],
            [
              28.415094339622613,
              15.773584905660357
            ],
            [
              29.358490566037716,
              20.8679245283019
            ],
            [
              31.245283018867923,
              26.905660377358487
            ],
            [
              33.69811320754715,
              32.188679245283026
            ],
            [
              38.226415094339615,
              37.84905660377359
            ],
            [
              41.43396226415092,
              40.11320754716979
            ],
            [
              43.69811320754715,
              41.62264150943395
            ],
            [
              44.075471698113205,
              40.8679245283019
            ],
            [
              42.377358490566024,
              37.47169811320754
            ],
            [
              39.358490566037716,
              33.1320754716981
            ],
            [
              35.207547169811306,
              28.98113207547169
            ],
            [
              30.490566037735846,
              25.207547169811306
            ],
            [
              25.01886792452828,
              22.56603773584905
            ],
            [
              19.547169811320742,
              20.679245283018872
            ],
            [
              18.226415094339615,
              20.490566037735846
            ],
            [
              17.660377358490564,
              21.811320754716974
            ],
            [
              17.660377358490564,
              25.396226415094333
            ],
            [
              17.660377358490564,
              32.188679245283026
            ],
            [
              18.792452830188665,
              37.28301886792451
            ],
            [
              20.30188679245282,
              41.24528301886792
            ],
            [
              21.811320754716974,
              43.32075471698113
            ],
            [
              22.75471698113205,
              43.88679245283018
            ],
            [
              23.509433962264126,
              44.26415094339623
            ],
            [
              24.45283018867923,
              43.88679245283018
            ],
            [
              25.773584905660357,
              41.62264150943395
            ],
            [
              26.71698113207546,
              37.660377358490564
            ],
            [
              27.471698113207538,
              32.943396226415075
            ],
            [
              27.660377358490564,
              27.660377358490564
            ],
            [
              26.71698113207546,
              22.943396226415075
            ],
            [
              25.01886792452828,
              18.60377358490564
            ],
            [
              23.320754716981128,
              15.396226415094333
            ],
            [
              21.622641509433947,
              13.509433962264154
            ],
            [
              20.679245283018844,
              13.132075471698101
            ],
            [
              19.924528301886767,
              13.132075471698101
            ],
            [
              19.169811320754718,
              15.396226415094333
            ],
            [
              18.226415094339615,
              20.113207547169793
            ],
            [
              17.471698113207538,
              26.905660377358487
            ],
            [
              17.28301886792451,
              34.075471698113205
            ],
            [
              18.792452830188665,
              38.792452830188665
            ],
            [
              21.245283018867923,
              42.377358490566024
            ],
            [
              23.698113207547152,
              44.075471698113205
            ],
            [
              25.58490566037733,
              44.641509433962256
            ],
            [
              26.528301886792434,
              44.83018867924528
            ],
            [
              27.28301886792451,
              44.641509433962256
            ],
            [
              28.037735849056588,
              43.69811320754718
            ],
            [
              28.415094339622613,
              41.24528301886792
            ],
            [
              28.98113207547169,
              34.641509433962256
            ],
            [
              28.415094339622613,
              27.84905660377359
            ],
            [
              27.28301886792451,
              21.43396226415092
            ],
            [
              25.962264150943383,
              16.339622641509436
            ],
            [
              24.830188679245282,
              13.132075471698101
            ],
            [
              23.88679245283018,
              11.43396226415092
            ],
            [
              23.88679245283018,
              12.377358490566024
            ],
            [
              25.207547169811306,
              17.660377358490564
            ],
            [
              31.056603773584897,
              30.86792452830187
            ],
            [
              36.528301886792434,
              37.28301886792451
            ],
            [
              41.62264150943395,
              40.67924528301887
            ],
            [
              45.77358490566036,
              41.811320754716974
            ],
            [
              47.84905660377359,
              42.0
            ],
            [
              48.792452830188665,
              42.0
            ],
            [
              49.16981132075472,
              41.0566037735849
            ],
            [
              49.16981132075472,
              38.226415094339615
            ],
            [
              48.03773584905659,
              34.83018867924528
            ],
            [
              45.207547169811306,
              30.679245283018872
            ],
            [
              39.358490566037716,
              26.15094339622641
            ],
            [
              32.188679245283,
              21.811320754716974
            ],
            [
              24.641509433962256,
              18.226415094339615
            ],
            [
              22.75471698113205,
              17.660377358490564
            ],
            [
              22.0,
              17.660377358490564
            ],
            [
              20.86792452830187,
              20.30188679245282
            ],
            [
              19.73584905660377,
              25.396226415094333
            ],
            [
              19.358490566037716,
              32.0
            ],
            [
              19.73584905660377,
              37.47169811320754
            ],
            [
              21.622641509433947,
              41.811320754716974
            ],
            [
              24.45283018867923,
              44.075471698113205
            ],
            [
              27.660377358490564,
              45.01886792452831
            ],
            [
              30.679245283018844,
              44.641509433962256
            ],
            [
              35.58490566037733,
              41.62264150943395
            ],
            [
              38.792452830188665,
              37.660377358490564
            ],
            [
              41.811320754716974,
              32.0
            ],
            [
              43.88679245283018,
              26.528301886792462
            ],
            [
              44.641509433962256,
              21.622641509433947
            ],
            [
              44.83018867924528,
              17.84905660377359
            ],
            [
              44.641509433962256,
              14.264150943396231
            ],
            [
              43.32075471698113,
              12.0
            ],
            [
              42.0,
              11.056603773584897
            ],
            [
              40.490566037735846,
              10.86792452830187
            ],
            [
              37.660377358490564,
              11.43396226415092
            ],
            [
              34.075471698113205,
              13.509433962264154
            ],
            [
              29.169811320754718,
              17.84905660377359
            ],
            [
              22.377358490566024,
              27.471698113207538
            ],
            [
              20.86792452830187,
              32.0
            ],
            [
              20.679245283018844,
              35.58490566037736
            ],
            [
              21.622641509433947,
              38.792452830188665
            ],
            [
              23.509433962264126,
              41.43396226415095
            ],
            [
              26.528301886792434,
              43.32075471698113
            ],
            [
              31.056603773584897,
              43.88679245283018
            ],
            [
              38.792452830188665,
              42.75471698113208
            ],
            [
              48.98113207547169,
              38.41509433962264
            ],
            [
              59.54716981132074,
              32.0
            ]
          ],
          [
            [
              46.528301886792434,
              22.56603773584905
            ],
            [
              46.15094339622641,
              22.0
            ],
            [
              45.39622641509433,
              20.30188679245282
            ],
            [
              44.45283018867923,
              17.471698113207538
            ],
            [
              42.943396226415075,
              14.075471698113205
            ],
            [
              40.86792452830187,
              10.86792452830187
            ],
            [
              38.60377358490564,
              8.037735849056588
            ],
            [
              36.15094339622641,
              6.5283018867924625
            ],
            [
              34.641509433962256,
              5.773584905660357
            ],
            [
              33.69811320754715,
              5.584905660377359
            ],
            [
              32.75471698113205,
              5.773584905660357
            ],
            [
              32.188679245283,
              6.71698113207546
            ],
            [
              31.43396226415092,
              9.169811320754718
            ],
            [
              31.245283018867923,
              12.188679245283026
            ],
            [
              31.622641509433947,
              16.339622641509436
            ],
            [
              33.1320754716981,
              20.490566037735846
            ],
            [
              36.339622641509436,
              23.69811320754718
            ],
            [
              40.67924528301887,
              26.339622641509436
            ],
            [
              45.39622641509433,
              27.471698113207538
            ],
            [
              48.41509433962261,
              27.660377358490564
            ],
            [
              50.30188679245282,
              27.471698113207538
            ],
            [
              51.24528301886792,
              25.773584905660357
            ],
            [
              51.811320754716974,
              21.622641509433947
            ],
            [
              52.0,
              13.69811320754718
            ],
            [
              51.62264150943395,
              8.792452830188665
            ],
            [
              49.92452830188677,
              6.15094339622641
            ],
            [
              48.41509433962261,
              4.452830188679229
            ],
            [
              46.71698113207546,
              3.8867924528301785
            ],
            [
              44.83018867924528,
              3.8867924528301785
            ],
            [
              42.188679245283,
              4.452830188679229
            ],
            [
              38.98113207547169,
              6.339622641509436
            ],
            [
              35.207547169811306,
              9.358490566037744
            ],
            [
              31.811320754716974,
              13.132075471698101
            ],
            [
              29.73584905660377,
              16.71698113207546
            ],
            [
              28.792452830188665,
              21.43396226415092
            ],
            [
              29.169811320754718,
              24.075471698113205
            ],
            [
              31.056603773584897,
              26.15094339622641
            ],
            [
              34.45283018867923,
              27.471698113207538
            ],
            [
              38.792452830188665,
              27.84905660377359
            ],
            [
              45.96226415094338,
              26.528301886792462
            ],
            [
              54.45283018867923,
              23.320754716981128
            ],
            [
              59.16981132075472,
              20.679245283018872
            ],
            [
              61.43396226415092,
              17.84905660377359
            ],
            [
              62.0,
              15.396226415094333
            ],
            [
              62.0,
              13.132075471698101
            ],
            [
              61.0566037735849,
              10.30188679245282
            ],
            [
              57.28301886792451,
              7.094339622641513
            ],
            [
              53.1320754716981,
              6.15094339622641
            ],
            [
              47.47169811320754,
              6.15094339622641
            ],
            [
              38.60377358490564,
              7.4716981132075375
            ],
            [
              26.15094339622641,
              11.811320754716974
            ],
            [
              14.264150943396203,
              18.037735849056588
            ],
            [
              6.15094339622641,
              24.26415094339623
            ],
            [
              3.1320754716981014,
              28.60377358490564
            ],
            [
              2.188679245282998,
              32.188679245283026
            ],
            [
              1.9999999999999716,
              35.01886792452831
            ],
            [
              2.943396226415075,
              37.28301886792451
            ],
            [
              4.452830188679229,
              38.98113207547169
            ],
            [
              8.037735849056588,
              40.11320754716979
            ],
            [
              20.30188679245282,
              39.924528301886795
            ],
            [
              30.86792452830187,
              38.03773584905659
            ],
            [
              37.47169811320754,
              36.15094339622641
            ],
            [
              40.490566037735846,
              34.83018867924528
            ],
            [
              41.62264150943395,
              34.26415094339623
            ],
            [
              42.0,
              33.509433962264154
            ],
            [
              42.56603773584905,
              32.188679245283026
            ],
            [
              43.32075471698113,
              30.30188679245282
            ],
            [
              43.69811320754715,
              28.037735849056617
            ],
            [
              43.69811320754715,
              26.15094339622641
            ],
            [
              43.509433962264154,
              24.26415094339623
            ],
            [
              42.56603773584905,
              22.56603773584905
            ],
            [
              41.43396226415092,
              21.811320754716974
            ],
            [
              39.358490566037716,
              21.245283018867923
            ],
            [
              37.094339622641485,
              21.245283018867923
            ],
            [
              35.01886792452828,
              21.811320754716974
            ],
            [
              32.377358490566024,
              23.320754716981128
            ],
            [
              30.679245283018844,
              25.01886792452831
            ],
            [
              29.73584905660377,
              26.71698113207546
            ],
            [
              29.358490566037716,
              28.60377358490564
            ],
            [
              29.358490566037716,
              30.113207547169793
            ],
            [
              29.924528301886767,
              31.245283018867923
            ],
            [
              32.0,
              32.56603773584905
            ],
            [
              34.83018867924528,
              32.75471698113208
            ],
            [
              38.792452830188665,
              31.622641509433947
            ],
            [
              41.811320754716974,
              30.113207547169793
            ],
            [
              42.75471698113205,
              28.41509433962264
            ],
            [
              42.943396226415075,
              26.905660377358487
            ],
            [
              42.943396226415075,
              25.207547169811306
            ],
            [
              42.377358490566024,
              22.754716981132077
            ],
            [
              41.0566037735849,
              20.679245283018872
            ],
            [
              39.358490566037716,
              19.169811320754718
            ],
            [
              37.094339622641485,
              18.226415094339615
            ],
            [
              35.39622641509433,
              18.037735849056588
            ],
            [
              32.56603773584905,
              18.41509433962264
            ],
            [
              31.43396226415092,
              18.98113207547169
            ],
            [
              27.849056603773562,
              22.0
            ],
            [
              26.15094339622641,
              24.830188679245282
            ],
            [
              25.01886792452828,
              28.226415094339615
            ],
            [
              24.830188679245282,
              31.245283018867923
            ],
            [
              25.207547169811306,
              34.83018867924528
            ],
            [
              27.471698113207538,
              37.84905660377359
            ],
            [
              30.679245283018844,
              40.11320754716979
            ],
            [
              34.075471698113205,
              41.811320754716974
            ],
            [
              37.660377358490564,
              42.75471698113208
            ],
            [
              40.30188679245282,
              42.943396226415075
            ],
            [
              42.0,
              42.943396226415075
            ],
            [
              43.69811320754715,
              42.56603773584905
            ],
            [
              44.83018867924528,
              41.811320754716974
            ],
            [
              45.77358490566036,
              39.73584905660377
            ],
            [
              46.339622641509436,
              37.47169811320754
            ],
            [
              46.528301886792434,
              34.83018867924528
            ],
            [
              46.15094339622641,
              31.245283018867923
            ],
            [
              45.01886792452828,
              27.84905660377359
            ],
            [
              42.75471698113205,
              24.641509433962256
            ],
            [
              38.60377358490564,
              22.188679245283026
            ],
            [
              32.0,
              20.8679245283019
            ],
            [
              23.509433962264126,
              20.30188679245282
            ],
            [
              15.962264150943383,
              20.8679245283019
            ],
            [
              10.490566037735846,
              23.1320754716981
            ],
            [
              8.981132075471692,
              25.01886792452831
            ],
            [
              8.226415094339615,
              26.905660377358487
            ],
            [
              7.849056603773562,
              29.547169811320742
            ],
            [
              7.849056603773562,
              32.0
            ],
            [
              8.415094339622613,
              34.45283018867923
            ],
            [
              9.358490566037716,
              36.71698113207546
            ],
            [
              11.056603773584897,
              38.41509433962264
            ],
            [
              14.264150943396203,
              40.490566037735846
            ],
            [
              18.792452830188665,
              41.62264150943395
            ],
            [
              23.698113207547152,
              41.811320754716974
            ],
            [
              28.415094339622613,
              41.62264150943395
            ],
            [
              31.43396226415092,
              40.67924528301887
            ],
            [
              32.377358490566024,
              40.11320754716979
            ],
            [
              33.69811320754715,
              38.60377358490567
            ],
            [
              35.01886792452828,
              36.52830188679246
            ],
            [
              36.15094339622641,
              34.075471698113205
            ],
            [
              36.528301886792434,
              31.622641509433947
            ],
            [
              36.71698113207546,
              29.924528301886795
            ],
            [
              36.15094339622641,
              27.28301886792451
            ],
            [
              34.83018867924528,
              25.01886792452831
            ],
            [
              33.32075471698113,
              23.509433962264154
            ],
            [
              30.86792452830187,
              22.56603773584905
            ],
            [
              28.792452830188665,
              22.377358490566024
            ],
            [
              24.641509433962256,
              23.320754716981128
            ],
            [
              21.811320754716974,
              24.641509433962256
            ],
            [
              19.358490566037716,
              26.528301886792462
            ],
            [
              17.28301886792451,
              28.792452830188665
            ],
            [
              16.339622641509408,
              31.245283018867923
            ],
            [
              15.773584905660357,
              33.69811320754718
            ],
            [
              15.773584905660357,
              35.773584905660385
            ],
            [
              17.094339622641485,
              38.226415094339615
            ],
            [
              20.86792452830187,
              40.490566037735846
            ],
            [
              26.339622641509436,
              42.0
            ],
            [
              32.377358490566024,
              42.56603773584905
            ],
            [
              37.660377358490564,
              42.0
            ],
            [
              42.377358490566024,
              41.24528301886792
            ],
            [
              43.69811320754715,
              40.67924528301887
            ],
            [
              44.2641509433962,
              40.11320754716979
            ],
            [
              44.641509433962256,
              39.16981132075472
            ],
            [
              45.01886792452828,
              37.47169811320754
            ],
            [
              45.01886792452828,
              35.58490566037736
            ],
            [
              44.641509433962256,
              33.509433962264154
            ],
            [
              43.69811320754715,
              31.43396226415095
            ],
            [
              42.0,
              29.73584905660377
            ],
            [
              39.73584905660377,
              28.41509433962264
            ],
            [
              37.84905660377359,
              27.84905660377359
            ],
            [
              36.90566037735849,
              27.84905660377359
            ],
            [
              35.77358490566036,
              28.41509433962264
            ],
            [
              33.509433962264154,
              30.113207547169793
            ],
            [
              30.679245283018844,
              33.509433962264154
            ],
            [
              27.660377358490564,
              37.47169811320754
            ],
            [
              26.15094339622641,
              40.67924528301887
            ],
            [
              25.58490566037733,
              42.75471698113208
            ],
            [
              25.58490566037733,
              44.26415094339623
            ],
            [
              26.905660377358487,
              46.52830188679246
            ],
            [
              29.547169811320742,
              48.60377358490567
            ],
            [
              32.943396226415075,
              49.924528301886795
            ],
            [
              37.47169811320754,
              51.0566037735849
            ],
            [
              42.0,
              51.24528301886792
            ],
            [
              48.60377358490564,
              51.24528301886792
            ],
            [
              52.56603773584905,
              50.8679245283019
            ],
            [
              55.207547169811306,
              50.11320754716979
            ],
            [
              57.47169811320754,
              48.98113207547169
            ],
            [
              59.54716981132074,
              47.47169811320754
            ],
            [
              60.67924528301887,
              46.15094339622641
            ],
            [
              61.24528301886792,
              44.83018867924528
            ],
            [
              61.24528301886792,
              43.69811320754718
            ],
            [
              60.30188679245282,
              41.43396226415095
            ],
            [
              57.84905660377359,
              38.98113207547169
            ],
            [
              54.45283018867923,
              37.09433962264151
            ],
            [
              50.67924528301887,
              35.773584905660385
            ],
            [
              47.47169811320754,
              35.01886792452831
            ],
            [
              45.77358490566036,
              35.01886792452831
            ],
            [
              43.69811320754715,
              35.773584905660385
            ],
            [
              40.86792452830187,
              37.28301886792451
            ],
            [
              37.660377358490564,
              40.11320754716979
            ],
            [
              34.641509433962256,
              43.509433962264154
            ],
            [
              32.75471698113205,
              45.96226415094338
            ],
            [
              32.0,
              48.03773584905659
            ],
            [
              31.811320754716974,
              49.358490566037744
            ],
            [
              31.811320754716974,
              50.8679245283019
            ],
            [
              32.377358490566024,
              52.188679245283026
            ],
            [
              32.943396226415075,
              52.9433962264151
            ],
            [
              35.207547169811306,
              54.26415094339623
            ],
            [
              36.90566037735849,
              54.83018867924528
            ],
            [
              38.98113207547169,
              54.83018867924528
            ],
            [
              42.56603773584905,
              54.26415094339623
            ],
            [
              45.96226415094338,
              52.9433962264151
            ],
            [
              48.226415094339615,
              51.43396226415095
            ],
            [
              49.16981132075472,
              50.67924528301887
            ],
            [
              49.358490566037716,
              50.11320754716979
            ],
            [
              49.358490566037716,
              48.792452830188665
            ],
            [
              48.60377358490564,
              47.09433962264151
            ],
            [
              45.77358490566036,
              45.01886792452831
            ],
            [
              39.16981132075472,
              41.811320754716974
            ],
            [
              34.2641509433962,
              40.67924528301887
            ],
            [
              30.30188679245282,
              40.30188679245282
            ],
            [
              27.660377358490564,
              40.30188679245282
            ],
            [
              25.773584905660357,
              40.30188679245282
            ],
            [
              25.01886792452828,
              40.8679245283019
            ],
            [
              24.45283018867923,
              41.24528301886792
            ],
            [
              24.075471698113205,
              41.811320754716974
            ],
            [
              24.075471698113205,
              42.75471698113208
            ],
            [
              24.075471698113205,
              43.88679245283018
            ],
            [
              24.264150943396203,
              45.207547169811306
            ],
            [
              25.207547169811306,
              46.71698113207546
            ],
            [
              27.660377358490564,
              48.60377358490567
            ],
            [
              29.73584905660377,
              49.358490566037744
            ],
            [
              31.622641509433947,
              49.73584905660377
            ],
            [
              32.943396226415075,
              49.73584905660377
            ],
            [
              35.01886792452828,
              49.16981132075472
            ],
            [
              36.71698113207546,
              48.226415094339615
            ],
            [
              38.41509433962261,
              46.52830188679246
            ],
            [
              39.16981132075472,
              44.45283018867923
            ],
            [
              39.358490566037716,
              42.75471698113208
            ],
            [
              39.16981132075472,
              39.54716981132074
            ],
            [
              37.84905660377359,
              36.339622641509436
            ],
            [
              36.15094339622641,
              34.45283018867923
            ],
            [
              32.943396226415075,
              32.75471698113208
            ],
            [
              26.528301886792434,
              32.188679245283026
            ],
            [
              21.43396226415092,
              32.188679245283026
            ],
            [
              15.962264150943383,
              32.56603773584905
            ],
            [
              12.188679245282998,
              34.075471698113205
            ],
            [
              9.735849056603769,
              36.15094339622641
            ],
            [
              7.660377358490564,
              39.358490566037744
            ],
            [
              6.71698113207546,
              42.377358490566024
            ],
            [
              6.339622641509408,
              44.641509433962256
            ],
            [
              6.528301886792434,
              46.339622641509436
            ],
            [
              7.849056603773562,
              47.84905660377359
            ],
            [
              10.113207547169793,
              49.16981132075472
            ],
            [
              15.58490566037733,
              50.11320754716979
            ],
            [
              19.358490566037716,
              50.30188679245282
            ],
            [
              23.320754716981128,
              50.30188679245282
            ],
            [
              26.905660377358487,
              49.73584905660377
            ],
            [
              29.358490566037716,
              48.98113207547169
            ],
            [
              30.679245283018844,
              48.226415094339615
            ],
            [
              31.43396226415092,
              47.84905660377359
            ],
            [
              31.622641509433947,
              47.09433962264151
            ],
            [
              31.622641509433947,
              46.15094339622641
            ],
            [
              30.86792452830187,
              44.641509433962256
            ],
            [
              28.792452830188665,
              43.1320754716981
            ],
            [
              23.509433962264126,
              41.43396226415095
            ],
            [
              20.490566037735846,
              40.8679245283019
            ],
            [
              18.60377358490564,
              40.8679245283019
            ],
            [
              17.849056603773562,
              40.8679245283019
            ],
            [
              17.094339622641485,
              41.0566037735849
            ],
            [
              16.15094339622641,
              42.0
            ],
            [
              15.01886792452828,
              44.26415094339623
            ],
            [
              14.264150943396203,
              46.90566037735849
            ],
            [
              14.075471698113205,
              48.98113207547169
            ],
            [
              14.075471698113205,
              51.0566037735849
            ],
            [
              15.01886792452828,
              52.75471698113208
            ],
            [
              16.15094339622641,
              53.69811320754718
            ],
            [
              17.849056603773562,
              54.26415094339623
            ],
            [
              21.43396226415092,
              54.45283018867923
            ],
            [
              23.88679245283018,
              53.88679245283018
            ],
            [
              25.773584905660357,
              52.9433962264151
            ],
            [
              27.471698113207538,
              51.811320754716974
            ],
            [
              29.358490566037716,
              50.490566037735846
            ],
            [
              30.113207547169793,
              49.16981132075472
            ],
            [
              30.86792452830187,
              47.84905660377359
            ],
            [
              31.245283018867923,
              46.339622641509436
            ],
            [
              31.245283018867923,
              45.01886792452831
            ],
            [
              31.056603773584897,
              42.943396226415075
            ],
            [
              29.924528301886767,
              41.24528301886792
            ],
            [
              27.660377358490564,
              39.924528301886795
            ],
            [
              25.396226415094333,
              39.54716981132074
            ],
            [
              24.45283018867923,
              39.54716981132074
            ],
            [
              23.320754716981128,
              40.30188679245282
            ],
            [
              22.377358490566024,
              42.0
            ],
            [
              21.622641509433947,
              43.88679245283018
            ],
            [
              21.43396226415092,
              46.15094339622641
            ],
            [
              21.43396226415092,
              47.47169811320754
            ],
            [
              21.622641509433947,
              49.358490566037744
            ],
            [
              22.56603773584905,
              50.490566037735846
            ],
            [
              24.641509433962256,
              51.43396226415095
            ],
            [
              29.169811320754718,
              52.377358490566024
            ],
            [
              32.377358490566024,
              52.377358490566024
            ],
            [
              35.207547169811306,
              52.188679245283026
            ],
            [
              37.094339622641485,
              51.62264150943395
            ],
            [
              37.84905660377359,
              51.0566037735849
            ],
            [
              38.41509433962261,
              50.11320754716979
            ],
            [
              38.98113207547169,
              48.98113207547169
            ],
            [
              38.98113207547169,
              48.03773584905659
            ],
            [
              38.98113207547169,
              46.15094339622641
            ],
            [
              38.226415094339615,
              44.641509433962256
            ],
            [
              36.71698113207546,
              43.69811320754718
            ],
            [
              32.377358490566024,
              42.943396226415075
            ],
            [
              29.358490566037716,
              42.943396226415075
            ],
            [
              25.58490566037733,
              43.1320754716981
            ],
            [
              22.377358490566024,
              43.88679245283018
            ],
            [
              19.73584905660377,
              45.39622641509433
            ],
            [
              17.28301886792451,
              47.09433962264151
            ],
            [
              15.962264150943383,
              48.98113207547169
            ],
            [
              15.207547169811306,
              50.8679245283019
            ],
            [
              15.01886792452828,
              52.0
            ],
            [
              15.01886792452828,
              53.1320754716981
            ],
            [
              15.58490566037733,
              54.45283018867923
            ],
            [
              16.905660377358487,
              56.15094339622641
            ],
            [
              20.490566037735846,
              57.660377358490564
            ],
            [
              23.509433962264126,
              58.0377358490566
            ],
            [
              26.528301886792434,
              58.0377358490566
            ],
            [
              29.358490566037716,
              58.0377358490566
            ],
            [
              31.245283018867923,
              57.47169811320754
            ],
            [
              32.943396226415075,
              56.339622641509436
            ],
            [
              34.2641509433962,
              54.83018867924528
            ],
            [
              35.58490566037733,
              52.75471698113208
            ],
            [
              35.96226415094338,
              51.0566037735849
            ],
            [
              36.339622641509436,
              49.924528301886795
            ],
            [
              36.339622641509436,
              48.98113207547169
            ],
            [
              36.15094339622641,
              47.47169811320754
            ],
            [
              33.88679245283018,
              44.83018867924528
            ],
            [
              30.490566037735846,
              43.509433962264154
            ],
            [
              25.773584905660357,
              42.377358490566024
            ],
            [
              21.245283018867923,
              41.811320754716974
            ],
            [
              17.471698113207538,
              41.811320754716974
            ],
            [
              14.45283018867923,
              42.0
            ],
            [
              12.0,
              42.943396226415075
            ],
            [
              10.113207547169793,
              44.075471698113205
            ],
            [
              8.981132075471692,
              45.01886792452831
            ],
            [
              8.226415094339615,
              45.96226415094338
            ],
            [
              8.037735849056588,
              47.09433962264151
            ],
            [
              8.037735849056588,
              48.03773584905659
            ],
            [
              8.226415094339615,
              49.54716981132074
            ],
            [
              9.547169811320742,
              52.188679245283026
            ],
            [
              10.86792452830187,
              53.1320754716981
            ],
            [
              12.754716981132049,
              53.69811320754718
            ],
            [
              15.396226415094333,
              53.88679245283018
            ],
            [
              19.547169811320742,
              53.88679245283018
            ],
            [
              23.698113207547152,
              53.1320754716981
            ],
            [
              26.905660377358487,
              52.377358490566024
            ],
            [
              28.415094339622613,
              52.0
            ],
            [
              29.358490566037716,
              51.43396226415095
            ],
            [
              30.113207547169793,
              50.490566037735846
            ],
            [
              30.490566037735846,
              49.358490566037744
            ],
            [
              30.490566037735846,
              48.03773584905659
            ],
            [
              30.113207547169793,
              47.09433962264151
            ],
            [
              29.358490566037716,
              45.773584905660385
            ],
            [
              27.849056603773562,
              44.83018867924528
            ],
            [
              25.962264150943383,
              43.69811320754718
            ],
            [
              23.509433962264126,
              42.943396226415075
            ],
            [
              20.86792452830187,
              42.377358490566024
            ],
            [
              19.169811320754718,
              42.188679245283026
            ],
            [
              17.849056603773562,
              42.188679245283026
            ],
            [
              16.71698113207546,
              42.56603773584905
            ],
            [
              14.830188679245282,
              43.69811320754718
            ],
            [
              13.132075471698101,
              45.01886792452831
            ],
            [
              11.245283018867923,
              47.47169811320754
            ],
            [
              10.86792452830187,
              48.98113207547169
            ],
            [
              10.679245283018844,
              50.490566037735846
            ],
            [
              10.86792452830187,
              52.377358490566024
            ],
            [
              11.245283018867923,
              53.88679245283018
            ],
            [
              11.622641509433947,
              54.641509433962256
            ],
            [
              12.377358490566024,
              55.207547169811306
            ],
            [
              13.320754716981128,
              55.58490566037736
            ],
            [
              14.641509433962256,
              55.58490566037736
            ],
            [
              16.528301886792434,
              55.207547169811306
            ],
            [
              19.358490566037716,
              54.26415094339623
            ],
            [
              24.45283018867923,
              52.0
            ],
            [
              26.905660377358487,
              50.67924528301887
            ],
            [
              28.226415094339615,
              49.358490566037744
            ],
            [
              28.98113207547169,
              48.226415094339615
            ],
            [
              29.358490566037716,
              47.660377358490564
            ],
            [
              29.547169811320742,
              47.09433962264151
            ],
            [
              29.547169811320742,
              45.773584905660385
            ],
            [
              28.792452830188665,
              45.01886792452831
            ],
            [
              27.660377358490564,
              44.45283018867923
            ],
            [
              25.58490566037733,
              43.88679245283018
            ],
            [
              22.943396226415075,
              43.69811320754718
            ],
            [
              17.849056603773562,
              43.69811320754718
            ],
            [
              15.773584905660357,
              43.69811320754718
            ],
            [
              12.56603773584905,
              44.45283018867923
            ],
            [
              12.0,
              44.83018867924528
            ],
            [
              11.43396226415092,
              45.39622641509433
            ],
            [
              11.245283018867923,
              46.15094339622641
            ],
            [
              10.86792452830187,
              47.09433962264151
            ],
            [
              11.056603773584897,
              48.41509433962264
            ],
            [
              12.188679245282998,
              50.30188679245282
            ],
            [
              14.264150943396203,
              51.811320754716974
            ],
            [
              16.905660377358487,
              53.32075471698113
            ],
            [
              19.547169811320742,
              54.45283018867923
            ],
            [
              21.43396226415092,
              55.01886792452831
            ],
            [
              22.377358490566024,
              55.01886792452831
            ],
            [
              23.88679245283018,
              55.01886792452831
            ],
            [
              25.962264150943383,
              54.26415094339623
            ],
            [
              27.471698113207538,
              53.32075471698113
            ],
            [
              28.226415094339615,
              52.75471698113208
            ],
            [
              28.60377358490564,
              51.811320754716974
            ],
            [
              28.60377358490564,
              50.8679245283019
            ],
            [
              27.849056603773562,
              48.98113207547169
            ],
            [
              25.58490566037733,
              47.09433962264151
            ],
            [
              21.622641509433947,
              45.773584905660385
            ],
            [
              14.075471698113205,
              44.26415094339623
            ],
            [
              10.679245283018844,
              44.075471698113205
            ],
            [
              8.415094339622613,
              44.075471698113205
            ],
            [
              7.094339622641485,
              44.075471698113205
            ],
            [
              5.962264150943383,
              44.45283018867923
            ],
            [
              5.207547169811306,
              45.39622641509433
            ],
            [
              4.075471698113205,
              46.90566037735849
            ],
            [
              3.320754716981128,
              49.358490566037744
            ],
            [
              2.943396226415075,
              51.43396226415095
            ],
            [
              2.943396226415075,
              53.69811320754718
            ],
            [
              3.5094339622641257,
              55.773584905660385
            ],
            [
              5.207547169811306,
              58.0377358490566
            ],
            [
              7.283018867924511,
              59.16981132075472
            ],
            [
              9.924528301886767,
              59.924528301886795
            ],
            [
              12.188679245282998,
              60.11320754716981
            ],
            [
              15.01886792452828,
              60.11320754716981
            ],
            [
              17.094339622641485,
              59.54716981132076
            ],
            [
              19.169811320754718,
              58.60377358490565
            ],
            [
              21.056603773584897,
              57.283018867924525
            ],
            [
              22.75471698113205,
              55.58490566037736
            ],
            [
              23.88679245283018,
              54.26415094339623
            ],
            [
              24.830188679245282,
              52.56603773584905
            ],
            [
              25.396226415094333,
              50.490566037735846
            ],
            [
              25.396226415094333,
              48.792452830188665
            ],
            [
              25.01886792452828,
              48.226415094339615
            ],
            [
              23.509433962264126,
              47.28301886792451
            ],
            [
              20.30188679245282,
              46.52830188679246
            ],
            [
              16.905660377358487,
              45.773584905660385
            ],
            [
              14.45283018867923,
              45.58490566037736
            ],
            [
              13.132075471698101,
              45.58490566037736
            ],
            [
              12.377358490566024,
              45.58490566037736
            ],
            [
              11.622641509433947,
              46.15094339622641
            ],
            [
              11.43396226415092,
              48.226415094339615
            ],
            [
              12.0,
              50.67924528301887
            ],
            [
              13.886792452830178,
              52.75471698113208
            ],
            [
              17.471698113207538,
              54.26415094339623
            ],
            [
              21.245283018867923,
              54.45283018867923
            ],
            [
              25.58490566037733,
              53.88679245283018
            ],
            [
              28.60377358490564,
              52.9433962264151
            ],
            [
              30.30188679245282,
              52.0
            ],
            [
              31.056603773584897,
              51.0566037735849
            ],
            [
              31.245283018867923,
              50.11320754716979
            ],
            [
              31.245283018867923,
              48.60377358490567
            ],
            [
              31.245283018867923,
              46.339622641509436
            ],
            [
              28.792452830188665,
              41.43396226415095
            ],
            [
              24.830188679245282,
              39.16981132075472
            ],
            [
              20.490566037735846,
              37.47169811320754
            ],
            [
              16.339622641509408,
              36.90566037735849
            ],
            [
              13.698113207547152,
              36.90566037735849
            ],
            [
              11.622641509433947,
              37.28301886792451
            ],
            [
              10.679245283018844,
              38.226415094339615
            ],
            [
              9.924528301886767,
              40.30188679245282
            ],
            [
              9.547169811320742,
              42.75471698113208
            ],
            [
              9.924528301886767,
              45.207547169811306
            ],
            [
              10.86792452830187,
              47.84905660377359
            ],
            [
              12.943396226415075,
              50.11320754716979
            ],
            [
              18.415094339622613,
              52.188679245283026
            ],
            [
              22.75471698113205,
              52.9433962264151
            ],
            [
              25.58490566037733,
              53.1320754716981
            ],
            [
              27.471698113207538,
              53.1320754716981
            ],
            [
              28.226415094339615,
              52.75471698113208
            ],
            [
              29.169811320754718,
              52.188679245283026
            ],
            [
              30.113207547169793,
              50.490566037735846
            ],
            [
              31.245283018867923,
              48.03773584905659
            ],
            [
              32.377358490566024,
              45.58490566037736
            ],
            [
              32.943396226415075,
              43.32075471698113
            ],
            [
              32.943396226415075,
              41.24528301886792
            ],
            [
              32.56603773584905,
              39.54716981132074
            ],
            [
              30.679245283018844,
              37.47169811320754
            ],
            [
              28.415094339622613,
              36.339622641509436
            ],
            [
              24.830188679245282,
              35.58490566037736
            ],
            [
              21.811320754716974,
              35.39622641509433
            ],
            [
              18.792452830188665,
              35.39622641509433
            ],
            [
              17.28301886792451,
              35.773584905660385
            ],
            [
              16.71698113207546,
              36.15094339622641
            ],
            [
              16.15094339622641,
              36.90566037735849
            ],
            [
              16.15094339622641,
              37.84905660377359
            ],
            [
              16.15094339622641,
              38.792452830188665
            ],
            [
              16.339622641509408,
              39.924528301886795
            ],
            [
              18.60377358490564,
              41.0566037735849
            ],
            [
              23.1320754716981,
              41.43396226415095
            ],
            [
              30.679245283018844,
              40.490566037735846
            ],
            [
              34.641509433962256,
              38.98113207547169
            ],
            [
              36.15094339622641,
              38.03773584905659
            ],
            [
              36.528301886792434,
              37.09433962264151
            ],
            [
              36.71698113207546,
              36.15094339622641
            ],
            [
              36.71698113207546,
              34.45283018867923
            ],
            [
              36.71698113207546,
              32.377358490566024
            ],
            [
              36.339622641509436,
              30.113207547169793
            ],
            [
              35.77358490566036,
              28.41509433962264
            ],
            [
              34.075471698113205,
              27.094339622641513
            ],
            [
              32.0,
              26.15094339622641
            ],
            [
              27.849056603773562,
              25.773584905660357
            ],
            [
              25.01886792452828,
              25.962264150943383
            ],
            [
              22.75471698113205,
              26.71698113207546
            ],
            [
              21.245283018867923,
              27.84905660377359
            ],
            [
              19.924528301886767,
              29.924528301886795
            ],
            [
              19.358490566037716,
              32.56603773584905
            ],
            [
              19.358490566037716,
              35.58490566037736
            ],
            [
              21.245283018867923,
              38.792452830188665
            ],
            [
              25.207547169811306,
              41.43396226415095
            ],
            [
              31.43396226415092,
              42.943396226415075
            ],
            [
              37.28301886792451,
              44.075471698113205
            ],
            [
              41.0566037735849,
              44.26415094339623
            ],
            [
              43.32075471698113,
              44.075471698113205
            ],
            [
              44.075471698113205,
              42.943396226415075
            ],
            [
              44.2641509433962,
              41.62264150943395
            ],
            [
              44.2641509433962,
              40.30188679245282
            ],
            [
              44.2641509433962,
              38.226415094339615
            ],
            [
              42.943396226415075,
              36.15094339622641
            ],
            [
              40.490566037735846,
              34.26415094339623
            ],
            [
              37.28301886792451,
              32.56603773584905
            ],
            [
              33.69811320754715,
              31.056603773584897
            ],
            [
              29.924528301886767,
              30.30188679245282
            ],
            [
              27.094339622641485,
              29.924528301886795
            ],
            [
              24.45283018867923,
              30.113207547169793
            ],
            [
              23.509433962264126,
              30.86792452830187
            ],
            [
              22.75471698113205,
              32.0
            ],
            [
              22.188679245282998,
              33.32075471698113
            ],
            [
              22.188679245282998,
              34.83018867924528
            ],
            [
              22.188679245282998,
              37.09433962264151
            ],
            [
              23.698113207547152,
              38.792452830188665
            ],
            [
              26.905660377358487,
              40.490566037735846
            ],
            [
              31.622641509433947,
              41.43396226415095
            ],
            [
              35.39622641509433,
              41.811320754716974
            ],
            [
              36.90566037735849,
              41.811320754716974
            ],
            [
              37.660377358490564,
              41.811320754716974
            ],
            [
              38.03773584905659,
              41.24528301886792
            ],
            [
              38.226415094339615,
              40.11320754716979
            ],
            [
              38.226415094339615,
              38.792452830188665
            ],
            [
              38.226415094339615,
              36.52830188679246
            ],
            [
              37.660377358490564,
              34.45283018867923
            ],
            [
              36.339622641509436,
              32.75471698113208
            ],
            [
              33.88679245283018,
              31.245283018867923
            ],
            [
              30.30188679245282,
              29.547169811320742
            ],
            [
              27.660377358490564,
              28.792452830188665
            ],
            [
              26.528301886792434,
              28.60377358490564
            ],
            [
              25.773584905660357,
              28.60377358490564
            ],
            [
              25.207547169811306,
              29.547169811320742
            ],
            [
              24.830188679245282,
              32.75471698113208
            ],
            [
              25.207547169811306,
              35.773584905660385
            ],
            [
              27.094339622641485,
              38.60377358490567
            ],
            [
              30.30188679245282,
              40.30188679245282
            ],
            [
              35.39622641509433,
              41.0566037735849
            ],
            [
              39.92452830188677,
              41.0566037735849
            ],
            [
              42.943396226415075,
              40.490566037735846
            ],
            [
              44.2641509433962,
              39.73584905660377
            ],
            [
              44.83018867924528,
              39.358490566037744
            ],
            [
              45.01886792452828,
              38.41509433962264
            ],
            [
              45.01886792452828,
              36.90566037735849
            ],
            [
              44.83018867924528,
              35.01886792452831
            ],
            [
              43.1320754716981,
              32.56603773584905
            ],
            [
              41.0566037735849,
              31.43396226415095
            ],
            [
              38.41509433962261,
              30.86792452830187
            ],
            [
              35.01886792452828,
              30.490566037735846
            ],
            [
              32.377358490566024,
              30.490566037735846
            ],
            [
              30.679245283018844,
              30.490566037735846
            ],
            [
              29.547169811320742,
              30.86792452830187
            ],
            [
              28.792452830188665,
              31.622641509433947
            ],
            [
              28.415094339622613,
              32.56603773584905
            ],
            [
              27.849056603773562,
              34.075471698113205
            ],
            [
              27.849056603773562,
              35.207547169811306
            ],
            [
              28.415094339622613,
              36.52830188679246
            ],
            [
              31.245283018867923,
              38.41509433962264
            ],
            [
              34.641509433962256,
              38.98113207547169
            ],
            [
              37.47169811320754,
              38.98113207547169
            ],
            [
              39.54716981132074,
              38.60377358490567
            ],
            [
              40.490566037735846,
              38.226415094339615
            ],
            [
              40.86792452830187,
              37.660377358490564
            ],
            [
              41.24528301886792,
              36.52830188679246
            ],
            [
              41.43396226415092,
              35.39622641509433
            ],
            [
              41.43396226415092,
              33.509433962264154
            ],
            [
              40.67924528301887,
              31.811320754716974
            ],
            [
              38.60377358490564,
              30.113207547169793
            ],
            [
              34.2641509433962,
              28.037735849056617
            ],
            [
              32.188679245283,
              27.471698113207538
            ],
            [
              31.43396226415092,
              27.094339622641513
            ],
            [
              30.679245283018844,
              27.094339622641513
            ],
            [
              30.113207547169793,
              27.660377358490564
            ],
            [
              29.358490566037716,
              28.98113207547169
            ],
            [
              28.98113207547169,
              30.490566037735846
            ],
            [
              28.98113207547169,
              32.377358490566024
            ],
            [
              29.358490566037716,
              34.26415094339623
            ],
            [
              31.056603773584897,
              35.96226415094338
            ],
            [
              33.69811320754715,
              36.90566037735849
            ],
            [
              38.98113207547169,
              37.09433962264151
            ],
            [
              41.62264150943395,
              36.339622641509436
            ],
            [
              42.943396226415075,
              35.39622641509433
            ],
            [
              43.32075471698113,
              34.075471698113205
            ],
            [
              43.88679245283018,
              31.811320754716974
            ],
            [
              44.075471698113205,
              29.73584905660377
            ],
            [
              44.075471698113205,
              27.471698113207538
            ],
            [
              43.509433962264154,
              26.15094339622641
            ],
            [
              42.377358490566024,
              25.207547169811306
            ],
            [
              40.67924528301887,
              24.641509433962256
            ],
            [
              38.98113207547169,
              24.26415094339623
            ],
            [
              37.28301886792451,
              24.26415094339623
            ],
            [
              35.01886792452828,
              24.45283018867923
            ],
            [
              33.1320754716981,
              25.207547169811306
            ],
            [
              31.245283018867923,
              26.528301886792462
            ],
            [
              29.73584905660377,
              28.41509433962264
            ],
            [
              28.60377358490564,
              30.679245283018872
            ],
            [
              28.037735849056588,
              33.1320754716981
            ],
            [
              28.226415094339615,
              35.207547169811306
            ],
            [
              29.547169811320742,
              37.28301886792451
            ],
            [
              31.811320754716974,
              38.41509433962264
            ],
            [
              34.2641509433962,
              38.98113207547169
            ],
            [
              36.339622641509436,
              39.16981132075472
            ],
            [
              37.660377358490564,
              38.98113207547169
            ],
            [
              38.41509433962261,
              38.60377358490567
            ],
            [
              39.16981132075472,
              37.28301886792451
            ],
            [
              39.54716981132074,
              35.96226415094338
            ],
            [
              39.73584905660377,
              34.45283018867923
            ],
            [
              39.73584905660377,
              33.32075471698113
            ],
            [
              39.54716981132074,
              32.188679245283026
            ],
            [
              38.792452830188665,
              31.056603773584897
            ],
            [
              37.28301886792451,
              30.113207547169793
            ],
            [
              34.83018867924528,
              29.358490566037744
            ],
            [
              32.188679245283,
              28.98113207547169
            ],
            [
              29.924528301886767,
              28.98113207547169
            ],
            [
              28.037735849056588,
              29.169811320754718
            ],
            [
              27.094339622641485,
              29.547169811320742
            ],
            [
              26.15094339622641,
              30.490566037735846
            ],
            [
              25.58490566037733,
              31.622641509433947
            ],
            [
              25.01886792452828,
              33.69811320754718
            ],
            [
              25.01886792452828,
              35.773584905660385
            ],
            [
              25.58490566037733,
              37.84905660377359
            ],
            [
              27.28301886792451,
              39.16981132075472
            ],
            [
              29.73584905660377,
              39.73584905660377
            ],
            [
              31.811320754716974,
              39.73584905660377
            ],
            [
              33.88679245283018,
              39.358490566037744
            ],
            [
              35.01886792452828,
              38.60377358490567
            ],
            [
              35.77358490566036,
              37.28301886792451
            ],
            [
              36.339622641509436,
              35.773584905660385
            ],
            [
              36.90566037735849,
              33.88679245283018
            ],
            [
              37.094339622641485,
              32.56603773584905
            ],
            [
              37.094339622641485,
              31.43396226415095
            ],
            [
              36.90566037735849,
              30.30188679245282
            ],
            [
              36.339622641509436,
              29.358490566037744
            ],
            [
              35.207547169811306,
              28.41509433962264
            ],
            [
              33.88679245283018,
              27.84905660377359
            ],
            [
              32.377358490566024,
              27.660377358490564
            ],
            [
              30.679245283018844,
              27.660377358490564
            ],
            [
              29.547169811320742,
              27.660377358490564
            ],
            [
              28.60377358490564,
              28.41509433962264
            ],
            [
              28.037735849056588,
              28.792452830188665
            ],
            [
              27.660377358490564,
              30.113207547169793
            ],
            [
              27.471698113207538,
              31.245283018867923
            ],
            [
              27.471698113207538,
              32.75471698113208
            ],
            [
              28.226415094339615,
              34.26415094339623
            ],
            [
              30.490566037735846,
              35.39622641509433
            ],
            [
              34.2641509433962,
              36.15094339622641
            ],
            [
              37.84905660377359,
              36.15094339622641
            ],
            [
              41.24528301886792,
              35.58490566037736
            ],
            [
              42.943396226415075,
              35.01886792452831
            ],
            [
              43.69811320754715,
              34.26415094339623
            ],
            [
              43.69811320754715,
              33.509433962264154
            ],
            [
              43.69811320754715,
              31.056603773584897
            ],
            [
              43.32075471698113,
              29.358490566037744
            ],
            [
              41.811320754716974,
              27.84905660377359
            ],
            [
              39.54716981132074,
              26.339622641509436
            ],
            [
              36.90566037735849,
              25.396226415094333
            ],
            [
              34.075471698113205,
              25.01886792452831
            ],
            [
              31.622641509433947,
              25.01886792452831
            ],
            [
              29.169811320754718,
              25.396226415094333
            ],
            [
              27.471698113207538,
              26.339622641509436
            ],
            [
              25.773584905660357,
              27.660377358490564
            ],
            [
              24.45283018867923,
              29.547169811320742
            ],
            [
              23.698113207547152,
              31.622641509433947
            ],
            [
              23.509433962264126,
              33.509433962264154
            ],
            [
              23.88679245283018,
              35.773584905660385
            ],
            [
              26.905660377358487,
              37.84905660377359
            ],
            [
              30.490566037735846,
              38.41509433962264
            ],
            [
              34.2641509433962,
              38.60377358490567
            ],
            [
              37.47169811320754,
              38.03773584905659
            ],
            [
              40.30188679245282,
              36.90566037735849
            ],
            [
              42.0,
              35.58490566037736
            ],
            [
              42.943396226415075,
              34.45283018867923
            ],
            [
              43.509433962264154,
              33.32075471698113
            ],
            [
              43.88679245283018,
              32.188679245283026
            ],
            [
              43.88679245283018,
              31.43396226415095
            ],
            [
              43.88679245283018,
              30.113207547169793
            ],
            [
              43.32075471698113,
              29.169811320754718
            ],
            [
              42.377358490566024,
              28.41509433962264
            ],
            [
              40.30188679245282,
              27.84905660377359
            ],
            [
              37.660377358490564,
              27.28301886792451
            ],
            [
              35.58490566037733,
              26.905660377358487
            ],
            [
              34.075471698113205,
              26.905660377358487
            ],
            [
              32.75471698113205,
              26.905660377358487
            ],
            [
              31.622641509433947,
              27.660377358490564
            ],
            [
              30.679245283018844,
              28.41509433962264
            ],
            [
              30.113207547169793,
              29.547169811320742
            ],
            [
              29.924528301886767,
              30.679245283018872
            ],
            [
              30.679245283018844,
              32.75471698113208
            ],
            [
              32.943396226415075,
              34.075471698113205
            ],
            [
              36.528301886792434,
              35.207547169811306
            ],
            [
              40.30188679245282,
              35.96226415094338
            ],
            [
              42.943396226415075,
              36.15094339622641
            ],
            [
              44.2641509433962,
              36.15094339622641
            ],
            [
              45.01886792452828,
              35.773584905660385
            ],
            [
              45.39622641509433,
              34.641509433962256
            ],
            [
              45.77358490566036,
              33.509433962264154
            ],
            [
              45.96226415094338,
              32.377358490566024
            ],
            [
              45.96226415094338,
              30.86792452830187
            ],
            [
              45.39622641509433,
              29.924528301886795
            ],
            [
              44.2641509433962,
              28.792452830188665
            ],
            [
              41.43396226415092,
              27.660377358490564
            ],
            [
              39.73584905660377,
              27.471698113207538
            ],
            [
              38.792452830188665,
              27.471698113207538
            ],
            [
              37.28301886792451,
              27.660377358490564
            ],
            [
              36.15094339622641,
              28.792452830188665
            ],
            [
              35.207547169811306,
              30.679245283018872
            ],
            [
              34.2641509433962,
              33.1320754716981
            ],
            [
              34.075471698113205,
              35.207547169811306
            ],
            [
              34.075471698113205,
              36.71698113207546
            ],
            [
              35.207547169811306,
              37.47169811320754
            ],
            [
              38.03773584905659,
              37.660377358490564
            ],
            [
              44.641509433962256,
              36.90566037735849
            ],
            [
              48.03773584905659,
              35.207547169811306
            ],
            [
              49.54716981132074,
              34.075471698113205
            ],
            [
              50.30188679245282,
              32.943396226415075
            ],
            [
              50.67924528301887,
              32.188679245283026
            ],
            [
              50.67924528301887,
              31.056603773584897
            ],
            [
              50.67924528301887,
              29.73584905660377
            ],
            [
              50.30188679245282,
              28.792452830188665
            ],
            [
              49.16981132075472,
              27.84905660377359
            ],
            [
              47.660377358490564,
              27.094339622641513
            ],
            [
              46.15094339622641,
              26.905660377358487
            ],
            [
              44.641509433962256,
              26.905660377358487
            ],
            [
              42.56603773584905,
              27.094339622641513
            ],
            [
              41.24528301886792,
              27.660377358490564
            ],
            [
              39.92452830188677,
              28.792452830188665
            ],
            [
              38.60377358490564,
              30.30188679245282
            ],
            [
              37.47169811320754,
              32.0
            ],
            [
              36.90566037735849,
              33.509433962264154
            ],
            [
              37.094339622641485,
              35.01886792452831
            ],
            [
              38.03773584905659,
              35.58490566037736
            ],
            [
              40.30188679245282,
              36.15094339622641
            ],
            [
              43.32075471698113,
              36.15094339622641
            ],
            [
              46.71698113207546,
              35.58490566037736
            ],
            [
              49.54716981132074,
              34.26415094339623
            ],
            [
              49.92452830188677,
              33.69811320754718
            ],
            [
              50.11320754716979,
              32.56603773584905
            ],
            [
              49.92452830188677,
              31.245283018867923
            ],
            [
              48.792452830188665,
              30.30188679245282
            ],
            [
              46.71698113207546,
              29.547169811320742
            ],
            [
              43.509433962264154,
              28.41509433962264
            ],
            [
              40.30188679245282,
              27.84905660377359
            ],
            [
              38.03773584905659,
              27.660377358490564
            ],
            [
              36.528301886792434,
              27.660377358490564
            ],
            [
              35.39622641509433,
              27.660377358490564
            ],
            [
              33.69811320754715,
              28.226415094339615
            ],
            [
              32.943396226415075,
              29.169811320754718
            ],
            [
              32.56603773584905,
              29.73584905660377
            ],
            [
              32.56603773584905,
              30.86792452830187
            ],
            [
              32.75471698113205,
              32.0
            ],
            [
              33.88679245283018,
              33.1320754716981
            ],
            [
              35.77358490566036,
              33.69811320754718
            ],
            [
              38.60377358490564,
              34.075471698113205
            ],
            [
              40.86792452830187,
              34.075471698113205
            ],
            [
              42.0,
              34.075471698113205
            ],
            [
              42.56603773584905,
              33.88679245283018
            ],
            [
              42.75471698113205,
              33.32075471698113
            ],
            [
              43.1320754716981,
              32.56603773584905
            ],
            [
              43.1320754716981,
              31.811320754716974
            ],
            [
              42.943396226415075,
              30.30188679245282
            ],
            [
              42.188679245283,
              29.73584905660377
            ],
            [
              40.30188679245282,
              28.792452830188665
            ],
            [
              37.47169811320754,
              28.226415094339615
            ],
            [
              35.39622641509433,
              28.037735849056617
            ],
            [
              33.69811320754715,
              28.037735849056617
            ],
            [
              32.0,
              28.41509433962264
            ],
            [
              30.490566037735846,
              29.169811320754718
            ],
            [
              28.415094339622613,
              31.43396226415095
            ],
            [
              27.660377358490564,
              32.943396226415075
            ],
            [
              26.905660377358487,
              34.26415094339623
            ],
            [
              26.905660377358487,
              35.207547169811306
            ],
            [
              27.094339622641485,
              36.71698113207546
            ],
            [
              28.415094339622613,
              37.84905660377359
            ],
            [
              31.622641509433947,
              38.41509433962264
            ],
            [
              34.83018867924528,
              38.41509433962264
            ],
            [
              37.660377358490564,
              38.226415094339615
            ],
            [
              39.16981132075472,
              37.660377358490564
            ],
            [
              40.30188679245282,
              36.90566037735849
            ],
            [
              40.86792452830187,
              36.15094339622641
            ],
            [
              41.24528301886792,
              35.01886792452831
            ],
            [
              41.0566037735849,
              33.32075471698113
            ],
            [
              40.30188679245282,
              32.377358490566024
            ],
            [
              39.16981132075472,
              31.622641509433947
            ],
            [
              36.71698113207546,
              30.86792452830187
            ],
            [
              33.509433962264154,
              30.113207547169793
            ],
            [
              30.30188679245282,
              29.73584905660377
            ],
            [
              27.471698113207538,
              29.547169811320742
            ],
            [
              25.773584905660357,
              29.547169811320742
            ],
            [
              25.207547169811306,
              29.73584905660377
            ],
            [
              24.45283018867923,
              30.86792452830187
            ],
            [
              24.45283018867923,
              31.811320754716974
            ],
            [
              24.830188679245282,
              33.32075471698113
            ],
            [
              26.71698113207546,
              34.641509433962256
            ],
            [
              30.30188679245282,
              35.96226415094338
            ],
            [
              34.641509433962256,
              36.339622641509436
            ],
            [
              38.226415094339615,
              36.339622641509436
            ],
            [
              40.30188679245282,
              36.15094339622641
            ],
            [
              41.24528301886792,
              35.773584905660385
            ],
            [
              42.0,
              34.83018867924528
            ],
            [
              42.56603773584905,
              33.69811320754718
            ],
            [
              42.943396226415075,
              32.75471698113208
            ],
            [
              42.943396226415075,
              31.43396226415095
            ],
            [
              42.943396226415075,
              30.30188679245282
            ],
            [
              42.377358490566024,
              28.41509433962264
            ],
            [
              40.86792452830187,
              27.094339622641513
            ],
            [
              38.98113207547169,
              25.962264150943383
            ],
            [
              36.90566037735849,
              25.01886792452831
            ],
            [
              36.15094339622641,
              24.830188679245282
            ],
            [
              35.207547169811306,
              24.830188679245282
            ],
            [
              34.45283018867923,
              25.396226415094333
            ],
            [
              33.509433962264154,
              26.71698113207546
            ],
            [
              32.56603773584905,
              28.41509433962264
            ],
            [
              32.188679245283,
              30.679245283018872
            ],
            [
              32.56603773584905,
              32.377358490566024
            ],
            [
              33.69811320754715,
              33.69811320754718
            ],
            [
              35.77358490566036,
              34.641509433962256
            ],
            [
              38.03773584905659,
              35.01886792452831
            ],
            [
              39.73584905660377,
              35.01886792452831
            ],
            [
              41.24528301886792,
              35.01886792452831
            ],
            [
              42.0,
              34.641509433962256
            ],
            [
              42.188679245283,
              34.075471698113205
            ],
            [
              42.377358490566024,
              33.32075471698113
            ],
            [
              42.75471698113205,
              32.0
            ],
            [
              42.56603773584905,
              30.113207547169793
            ],
            [
              41.62264150943395,
              28.792452830188665
            ],
            [
              40.86792452830187,
              28.037735849056617
            ],
            [
              39.54716981132074,
              27.28301886792451
            ],
            [
              38.03773584905659,
              26.905660377358487
            ],
            [
              36.15094339622641,
              26.905660377358487
            ],
            [
              34.83018867924528,
              26.905660377358487
            ],
            [
              33.88679245283018,
              27.094339622641513
            ],
            [
              33.32075471698113,
              27.28301886792451
            ],
            [
              32.943396226415075,
              27.84905660377359
            ],
            [
              32.56603773584905,
              28.792452830188665
            ],
            [
              32.75471698113205,
              30.490566037735846
            ],
            [
              34.641509433962256,
              31.622641509433947
            ],
            [
              37.84905660377359,
              32.188679245283026
            ],
            [
              40.11320754716979,
              32.188679245283026
            ],
            [
              41.811320754716974,
              32.0
            ],
            [
              42.377358490566024,
              31.622641509433947
            ],
            [
              42.75471698113205,
              31.056603773584897
            ],
            [
              42.943396226415075,
              30.113207547169793
            ],
            [
              43.1320754716981,
              29.169811320754718
            ],
            [
              43.1320754716981,
              28.037735849056617
            ],
            [
              42.943396226415075,
              26.905660377358487
            ],
            [
              42.0,
              25.773584905660357
            ],
            [
              38.792452830188665,
              24.45283018867923
            ],
            [
              36.15094339622641,
              23.88679245283018
            ],
            [
              34.45283018867923,
              23.69811320754718
            ],
            [
              33.509433962264154,
              23.69811320754718
            ],
            [
              32.56603773584905,
              24.075471698113205
            ],
            [
              31.811320754716974,
              25.396226415094333
            ],
            [
              31.056603773584897,
              27.471698113207538
            ],
            [
              30.86792452830187,
              29.924528301886795
            ],
            [
              32.0,
              32.377358490566024
            ],
            [
              34.45283018867923,
              34.45283018867923
            ],
            [
              39.16981132075472,
              35.96226415094338
            ],
            [
              45.77358490566036,
              36.71698113207546
            ],
            [
              47.660377358490564,
              36.71698113207546
            ],
            [
              48.226415094339615,
              36.52830188679246
            ],
            [
              48.60377358490564,
              35.773584905660385
            ],
            [
              48.792452830188665,
              34.83018867924528
            ],
            [
              48.98113207547169,
              33.509433962264154
            ],
            [
              48.98113207547169,
              31.622641509433947
            ],
            [
              48.41509433962261,
              30.113207547169793
            ],
            [
              47.28301886792451,
              28.41509433962264
            ],
            [
              45.207547169811306,
              27.094339622641513
            ],
            [
              42.377358490566024,
              25.773584905660357
            ],
            [
              38.98113207547169,
              24.830188679245282
            ],
            [
              35.77358490566036,
              24.641509433962256
            ],
            [
              32.377358490566024,
              24.641509433962256
            ],
            [
              30.113207547169793,
              24.830188679245282
            ],
            [
              28.415094339622613,
              26.15094339622641
            ],
            [
              27.094339622641485,
              27.471698113207538
            ],
            [
              26.339622641509436,
              29.169811320754718
            ],
            [
              26.15094339622641,
              30.679245283018872
            ],
            [
              26.339622641509436,
              32.377358490566024
            ],
            [
              27.094339622641485,
              33.88679245283018
            ],
            [
              29.358490566037716,
              35.01886792452831
            ],
            [
              32.943396226415075,
              35.58490566037736
            ],
            [
              37.84905660377359,
              35.39622641509433
            ],
            [
              41.811320754716974,
              34.83018867924528
            ],
            [
              44.2641509433962,
              33.88679245283018
            ],
            [
              44.641509433962256,
              33.32075471698113
            ],
            [
              45.01886792452828,
              32.56603773584905
            ],
            [
              45.207547169811306,
              31.811320754716974
            ],
            [
              45.207547169811306,
              30.86792452830187
            ],
            [
              45.207547169811306,
              29.73584905660377
            ],
            [
              45.207547169811306,
              28.41509433962264
            ],
            [
              44.2641509433962,
              27.094339622641513
            ],
            [
              42.75471698113205,
              25.773584905660357
            ],
            [
              40.30188679245282,
              24.641509433962256
            ],
            [
              37.84905660377359,
              23.88679245283018
            ],
            [
              36.15094339622641,
              23.69811320754718
            ],
            [
              35.01886792452828,
              23.88679245283018
            ],
            [
              34.45283018867923,
              25.01886792452831
            ],
            [
              33.88679245283018,
              26.528301886792462
            ],
            [
              33.509433962264154,
              27.84905660377359
            ],
            [
              33.69811320754715,
              28.98113207547169
            ],
            [
              35.01886792452828,
              30.86792452830187
            ],
            [
              38.03773584905659,
              32.377358490566024
            ],
            [
              40.490566037735846,
              33.32075471698113
            ],
            [
              41.62264150943395,
              33.509433962264154
            ],
            [
              42.377358490566024,
              32.943396226415075
            ],
            [
              42.75471698113205,
              31.43396226415095
            ],
            [
              42.75471698113205,
              30.113207547169793
            ],
            [
              42.75471698113205,
              28.792452830188665
            ],
            [
              42.188679245283,
              27.28301886792451
            ],
            [
              41.0566037735849,
              26.15094339622641
            ],
            [
              39.16981132075472,
              25.396226415094333
            ],
            [
              36.528301886792434,
              24.641509433962256
            ],
            [
              34.45283018867923,
              24.26415094339623
            ],
            [
              33.509433962264154,
              24.26415094339623
            ],
            [
              32.75471698113205,
              24.830188679245282
            ],
            [
              32.377358490566024,
              25.962264150943383
            ],
            [
              32.188679245283,
              27.471698113207538
            ],
            [
              32.377358490566024,
              29.547169811320742
            ],
            [
              33.32075471698113,
              31.245283018867923
            ],
            [
              34.83018867924528,
              32.56603773584905
            ],
            [
              37.094339622641485,
              33.1320754716981
            ],
            [
              39.16981132075472,
              33.1320754716981
            ],
            [
              40.86792452830187,
              32.56603773584905
            ],
            [
              41.811320754716974,
              32.0
            ],
            [
              42.377358490566024,
              31.245283018867923
            ],
            [
              42.75471698113205,
              29.73584905660377
            ],
            [
              42.75471698113205,
              28.60377358490564
            ],
            [
              42.56603773584905,
              27.28301886792451
            ],
            [
              42.0,
              26.15094339622641
            ],
            [
              40.67924528301887,
              25.207547169811306
            ],
            [
              38.226415094339615,
              24.075471698113205
            ],
            [
              35.77358490566036,
              23.509433962264154
            ],
            [
              33.88679245283018,
              23.320754716981128
            ],
            [
              32.188679245283,
              23.320754716981128
            ],
            [
              31.245283018867923,
              23.509433962264154
            ],
            [
              30.30188679245282,
              24.075471698113205
            ],
            [
              29.358490566037716,
              25.207547169811306
            ],
            [
              28.415094339622613,
              26.905660377358487
            ],
            [
              27.660377358490564,
              30.30188679245282
            ],
            [
              28.037735849056588,
              32.75471698113208
            ],
            [
              29.73584905660377,
              34.83018867924528
            ],
            [
              32.377358490566024,
              35.773584905660385
            ],
            [
              35.96226415094338,
              36.15094339622641
            ],
            [
              39.54716981132074,
              36.15094339622641
            ],
            [
              42.56603773584905,
              35.773584905660385
            ],
            [
              43.88679245283018,
              35.39622641509433
            ],
            [
              44.45283018867923,
              34.83018867924528
            ],
            [
              44.83018867924528,
              34.075471698113205
            ],
            [
              45.01886792452828,
              33.1320754716981
            ],
            [
              45.39622641509433,
              32.0
            ],
            [
              45.39622641509433,
              30.30188679245282
            ],
            [
              45.39622641509433,
              28.98113207547169
            ],
            [
              44.83018867924528,
              27.660377358490564
            ],
            [
              43.509433962264154,
              26.71698113207546
            ],
            [
              41.43396226415092,
              25.58490566037736
            ],
            [
              39.16981132075472,
              25.01886792452831
            ],
            [
              37.28301886792451,
              24.830188679245282
            ],
            [
              36.15094339622641,
              24.830188679245282
            ],
            [
              35.207547169811306,
              24.830188679245282
            ],
            [
              34.641509433962256,
              25.58490566037736
            ],
            [
              34.2641509433962,
              27.094339622641513
            ],
            [
              34.2641509433962,
              28.037735849056617
            ],
            [
              34.45283018867923,
              29.547169811320742
            ],
            [
              34.83018867924528,
              30.490566037735846
            ],
            [
              35.39622641509433,
              31.245283018867923
            ],
            [
              35.96226415094338,
              31.811320754716974
            ],
            [
              36.528301886792434,
              32.188679245283026
            ],
            [
              37.47169811320754,
              32.377358490566024
            ],
            [
              38.60377358490564,
              32.377358490566024
            ],
            [
              39.54716981132074,
              32.0
            ],
            [
              40.490566037735846,
              31.43396226415095
            ],
            [
              41.0566037735849,
              30.86792452830187
            ],
            [
              41.0566037735849,
              29.547169811320742
            ],
            [
              40.490566037735846,
              28.037735849056617
            ],
            [
              39.54716981132074,
              26.71698113207546
            ],
            [
              38.226415094339615,
              25.58490566037736
            ],
            [
              37.28301886792451,
              25.01886792452831
            ],
            [
              36.71698113207546,
              24.830188679245282
            ],
            [
              36.71698113207546,
              25.773584905660357
            ],
            [
              36.90566037735849,
              26.905660377358487
            ],
            [
              37.84905660377359,
              27.84905660377359
            ],
            [
              39.16981132075472,
              28.60377358490564
            ],
            [
              40.11320754716979,
              28.792452830188665
            ],
            [
              39.73584905660377,
              26.339622641509436
            ],
            [
              38.98113207547169,
              24.641509433962256
            ],
            [
              38.60377358490564,
              23.69811320754718
            ],
            [
              40.11320754716979,
              25.58490566037736
            ],
            [
              41.0566037735849,
              27.471698113207538
            ],
            [
              39.54716981132074,
              25.962264150943383
            ],
            [
              38.03773584905659,
              24.641509433962256
            ],
            [
              37.094339622641485,
              24.075471698113205
            ],
            [
              37.28301886792451,
              24.641509433962256
            ],
            [
              38.226415094339615,
              25.207547169811306
            ],
            [
              38.792452830188665,
              25.58490566037736
            ],
            [
              37.660377358490564,
              24.45283018867923
            ],
            [
              37.094339622641485,
              23.69811320754718
            ],
            [
              39.358490566037716,
              26.71698113207546
            ],
            [
              40.67924528301887,
              28.41509433962264
            ],
            [
              40.86792452830187,
              28.98113207547169
            ],
            [
              40.11320754716979,
              28.037735849056617
            ],
            [
              39.16981132075472,
              26.71698113207546
            ],
            [
              38.41509433962261,
              25.58490566037736
            ],
            [
              39.16981132075472,
              25.58490566037736
            ],
            [
              39.92452830188677,
              26.15094339622641
            ],
            [
              40.490566037735846,
              26.528301886792462
            ],
            [
              40.30188679245282,
              25.58490566037736
            ],
            [
              38.792452830188665,
              23.88679245283018
            ],
            [
              37.47169811320754,
              22.377358490566024
            ],
            [
              36.90566037735849,
              21.811320754716974
            ],
            [
              38.226415094339615,
              23.69811320754718
            ],
            [
              40.30188679245282,
              26.528301886792462
            ],
            [
              41.0566037735849,
              27.471698113207538
            ],
            [
              40.30188679245282,
              27.094339622641513
            ],
            [
              38.41509433962261,
              25.58490566037736
            ],
            [
              36.90566037735849,
              24.45283018867923
            ],
            [
              36.15094339622641,
              23.88679245283018
            ],
            [
              37.660377358490564,
              25.01886792452831
            ],
            [
              39.16981132075472,
              26.15094339622641
            ],
            [
              40.30188679245282,
              26.905660377358487
            ],
            [
              39.54716981132074,
              25.58490566037736
            ],
            [
              38.226415094339615,
              24.45283018867923
            ],
            [
              37.094339622641485,
              23.509433962264154
            ],
            [
              36.339622641509436,
              22.943396226415075
            ],
            [
              37.094339622641485,
              24.830188679245282
            ],
            [
              38.226415094339615,
              26.15094339622641
            ],
            [
              39.16981132075472,
              26.905660377358487
            ],
            [
              39.54716981132074,
              27.471698113207538
            ],
            [
              38.98113207547169,
              27.094339622641513
            ],
            [
              37.660377358490564,
              25.962264150943383
            ],
            [
              37.094339622641485,
              25.396226415094333
            ],
            [
              38.792452830188665,
              25.773584905660357
            ],
            [
              39.358490566037716,
              25.962264150943383
            ],
            [
              38.792452830188665,
              25.58490566037736
            ],
            [
              37.47169811320754,
              24.641509433962256
            ],
            [
              35.96226415094338,
              23.88679245283018
            ],
            [
              36.71698113207546,
              25.58490566037736
            ],
            [
              38.03773584905659,
              26.528301886792462
            ],
            [
              39.16981132075472,
              27.471698113207538
            ],
            [
              39.92452830188677,
              28.037735849056617
            ],
            [
              39.16981132075472,
              27.660377358490564
            ],
            [
              37.28301886792451,
              26.71698113207546
            ],
            [
              35.58490566037733,
              25.58490566037736
            ],
            [
              34.45283018867923,
              25.01886792452831
            ],
            [
              36.71698113207546,
              25.773584905660357
            ],
            [
              40.11320754716979,
              26.71698113207546
            ],
            [
              42.56603773584905,
              27.094339622641513
            ],
            [
              43.1320754716981,
              27.28301886792451
            ],
            [
              39.92452830188677,
              25.01886792452831
            ],
            [
              37.84905660377359,
              23.88679245283018
            ],
            [
              36.339622641509436,
              23.320754716981128
            ],
            [
              38.03773584905659,
              25.207547169811306
            ],
            [
              40.490566037735846,
              27.094339622641513
            ],
            [
              42.0,
              28.226415094339615
            ],
            [
              42.56603773584905,
              28.60377358490564
            ],
            [
              39.54716981132074,
              28.41509433962264
            ],
            [
              35.01886792452828,
              27.660377358490564
            ],
            [
              30.679245283018844,
              26.905660377358487
            ],
            [
              28.98113207547169,
              26.71698113207546
            ],
            [
              29.73584905660377,
              27.660377358490564
            ],
            [
              33.1320754716981,
              29.73584905660377
            ],
            [
              36.90566037735849,
              31.43396226415095
            ],
            [
              38.98113207547169,
              32.377358490566024
            ],
            [
              39.54716981132074,
              32.75471698113208
            ],
            [
              36.528301886792434,
              32.377358490566024
            ],
            [
              32.188679245283,
              31.43396226415095
            ],
            [
              29.358490566037716,
              30.86792452830187
            ],
            [
              28.60377358490564,
              30.86792452830187
            ],
            [
              29.73584905660377,
              32.56603773584905
            ],
            [
              31.811320754716974,
              34.075471698113205
            ],
            [
              34.075471698113205,
              35.39622641509433
            ],
            [
              35.58490566037733,
              36.15094339622641
            ],
            [
              34.45283018867923,
              35.207547169811306
            ],
            [
              31.43396226415092,
              33.69811320754718
            ],
            [
              28.792452830188665,
              32.56603773584905
            ],
            [
              27.660377358490564,
              31.811320754716974
            ],
            [
              28.792452830188665,
              32.0
            ],
            [
              30.86792452830187,
              32.75471698113208
            ],
            [
              33.32075471698113,
              33.69811320754718
            ],
            [
              34.83018867924528,
              34.45283018867923
            ],
            [
              35.58490566037733,
              34.641509433962256
            ],
            [
              34.83018867924528,
              34.26415094339623
            ],
            [
              32.75471698113205,
              33.32075471698113
            ],
            [
              31.056603773584897,
              32.377358490566024
            ],
            [
              30.30188679245282,
              32.0
            ],
            [
              30.679245283018844,
              33.69811320754718
            ],
            [
              32.188679245283,
              36.15094339622641
            ],
            [
              34.2641509433962,
              38.41509433962264
            ],
            [
              32.188679245283,
              37.47169811320754
            ],
            [
              29.169811320754718,
              35.773584905660385
            ],
            [
              27.28301886792451,
              34.45283018867923
            ],
            [
              26.528301886792434,
              33.88679245283018
            ],
            [
              28.037735849056588,
              33.69811320754718
            ],
            [
              31.43396226415092,
              34.26415094339623
            ],
            [
              34.83018867924528,
              35.01886792452831
            ],
            [
              36.90566037735849,
              35.39622641509433
            ],
            [
              36.90566037735849,
              33.509433962264154
            ],
            [
              35.96226415094338,
              31.622641509433947
            ],
            [
              35.58490566037733,
              30.679245283018872
            ],
            [
              35.01886792452828,
              30.490566037735846
            ],
            [
              34.45283018867923,
              30.86792452830187
            ],
            [
              33.69811320754715,
              32.0
            ],
            [
              33.69811320754715,
              32.943396226415075
            ],
            [
              33.88679245283018,
              34.83018867924528
            ],
            [
              34.641509433962256,
              36.71698113207546
            ],
            [
              35.207547169811306,
              37.84905660377359
            ],
            [
              34.83018867924528,
              36.90566037735849
            ],
            [
              34.2641509433962,
              36.15094339622641
            ],
            [
              33.88679245283018,
              35.39622641509433
            ],
            [
              34.2641509433962,
              36.90566037735849
            ],
            [
              34.075471698113205,
              34.45283018867923
            ],
            [
              33.509433962264154,
              32.0
            ],
            [
              33.32075471698113,
              30.86792452830187
            ],
            [
              33.32075471698113,
              30.113207547169793
            ],
            [
              32.56603773584905,
              32.943396226415075
            ],
            [
              31.811320754716974,
              36.71698113207546
            ],
            [
              31.056603773584897,
              40.67924528301887
            ],
            [
              30.490566037735846,
              43.509433962264154
            ],
            [
              30.30188679245282,
              44.641509433962256
            ],
            [
              30.113207547169793,
              45.207547169811306
            ],
            [
              30.490566037735846,
              42.75471698113208
            ],
            [
              31.622641509433947,
              36.90566037735849
            ],
            [
              32.188679245283,
              33.88679245283018
            ],
            [
              32.75471698113205,
              31.811320754716974
            ],
            [
              33.32075471698113,
              30.679245283018872
            ],
            [
              33.69811320754715,
              29.73584905660377
            ],
            [
              33.88679245283018,
              32.0
            ],
            [
              33.509433962264154,
              33.88679245283018
            ],
            [
              33.1320754716981,
              35.773584905660385
            ],
            [
              32.377358490566024,
              39.73584905660377
            ],
            [
              32.0,
              41.811320754716974
            ],
            [
              31.245283018867923,
              43.69811320754718
            ],
            [
              30.86792452830187,
              44.641509433962256
            ],
            [
              30.86792452830187,
              42.75471698113208
            ],
            [
              30.86792452830187,
              39.16981132075472
            ],
            [
              31.622641509433947,
              35.773584905660385
            ],
            [
              32.943396226415075,
              32.0
            ],
            [
              33.509433962264154,
              29.924528301886795
            ],
            [
              34.2641509433962,
              28.41509433962264
            ],
            [
              34.641509433962256,
              27.660377358490564
            ],
            [
              34.45283018867923,
              29.924528301886795
            ],
            [
              34.075471698113205,
              32.188679245283026
            ],
            [
              33.509433962264154,
              34.83018867924528
            ],
            [
              32.0,
              38.98113207547169
            ],
            [
              31.056603773584897,
              41.24528301886792
            ],
            [
              30.490566037735846,
              42.75471698113208
            ],
            [
              31.056603773584897,
              40.67924528301887
            ],
            [
              32.0,
              37.84905660377359
            ],
            [
              33.1320754716981,
              34.83018867924528
            ],
            [
              34.2641509433962,
              32.56603773584905
            ],
            [
              35.39622641509433,
              29.547169811320742
            ],
            [
              35.58490566037733,
              28.41509433962264
            ],
            [
              34.83018867924528,
              31.43396226415095
            ],
            [
              33.509433962264154,
              34.641509433962256
            ],
            [
              32.377358490566024,
              37.47169811320754
            ],
            [
              31.245283018867923,
              39.924528301886795
            ],
            [
              30.490566037735846,
              41.811320754716974
            ],
            [
              30.113207547169793,
              42.75471698113208
            ],
            [
              30.30188679245282,
              41.43396226415095
            ],
            [
              30.86792452830187,
              38.792452830188665
            ],
            [
              31.43396226415092,
              35.58490566037736
            ],
            [
              32.377358490566024,
              32.56603773584905
            ],
            [
              33.32075471698113,
              29.547169811320742
            ],
            [
              34.075471698113205,
              28.226415094339615
            ],
            [
              34.45283018867923,
              27.660377358490564
            ],
            [
              34.2641509433962,
              29.169811320754718
            ],
            [
              33.69811320754715,
              31.811320754716974
            ],
            [
              32.943396226415075,
              35.39622641509433
            ],
            [
              32.377358490566024,
              38.41509433962264
            ],
            [
              31.811320754716974,
              40.8679245283019
            ],
            [
              31.43396226415092,
              42.56603773584905
            ],
            [
              31.43396226415092,
              43.32075471698113
            ],
            [
              34.075471698113205,
              42.188679245283026
            ],
            [
              37.094339622641485,
              40.11320754716979
            ],
            [
              39.358490566037716,
              38.226415094339615
            ],
            [
              40.11320754716979,
              37.09433962264151
            ],
            [
              40.490566037735846,
              35.773584905660385
            ],
            [
              40.67924528301887,
              34.075471698113205
            ],
            [
              40.67924528301887,
              32.56603773584905
            ],
            [
              40.67924528301887,
              31.245283018867923
            ],
            [
              39.92452830188677,
              31.056603773584897
            ],
            [
              37.84905660377359,
              31.056603773584897
            ],
            [
              35.96226415094338,
              31.622641509433947
            ],
            [
              34.83018867924528,
              32.377358490566024
            ],
            [
              34.45283018867923,
              33.1320754716981
            ],
            [
              34.075471698113205,
              34.641509433962256
            ],
            [
              34.075471698113205,
              36.52830188679246
            ],
            [
              34.83018867924528,
              38.60377358490567
            ],
            [
              36.15094339622641,
              40.11320754716979
            ],
            [
              38.03773584905659,
              40.8679245283019
            ],
            [
              39.73584905660377,
              41.0566037735849
            ],
            [
              41.62264150943395,
              40.8679245283019
            ],
            [
              43.32075471698113,
              39.358490566037744
            ],
            [
              44.075471698113205,
              37.47169811320754
            ],
            [
              44.45283018867923,
              35.39622641509433
            ],
            [
              44.45283018867923,
              33.32075471698113
            ],
            [
              43.69811320754715,
              31.056603773584897
            ],
            [
              41.0566037735849,
              29.169811320754718
            ],
            [
              36.339622641509436,
              27.84905660377359
            ],
            [
              29.358490566037716,
              27.471698113207538
            ],
            [
              22.377358490566024,
              27.660377358490564
            ],
            [
              17.471698113207538,
              29.169811320754718
            ],
            [
              14.830188679245282,
              31.056603773584897
            ],
            [
              13.132075471698101,
              34.641509433962256
            ],
            [
              12.943396226415075,
              37.84905660377359
            ],
            [
              13.886792452830178,
              42.0
            ],
            [
              17.660377358490564,
              45.39622641509433
            ],
            [
              22.56603773584905,
              47.28301886792451
            ],
            [
              27.660377358490564,
              48.03773584905659
            ],
            [
              32.377358490566024,
              48.03773584905659
            ],
            [
              36.15094339622641,
              46.71698113207546
            ],
            [
              39.16981132075472,
              45.01886792452831
            ],
            [
              41.43396226415092,
              42.75471698113208
            ],
            [
              42.75471698113205,
              40.30188679245282
            ],
            [
              43.32075471698113,
              37.47169811320754
            ],
            [
              43.32075471698113,
              34.45283018867923
            ],
            [
              43.32075471698113,
              31.43396226415095
            ],
            [
              42.0,
              27.84905660377359
            ],
            [
              40.11320754716979,
              25.58490566037736
            ],
            [
              37.28301886792451,
              23.509433962264154
            ],
            [
              34.641509433962256,
              22.377358490566024
            ],
            [
              31.622641509433947,
              21.622641509433947
            ],
            [
              28.98113207547169,
              21.245283018867923
            ],
            [
              26.339622641509436,
              21.245283018867923
            ],
            [
              24.075471698113205,
              21.811320754716974
            ],
            [
              22.377358490566024,
              22.754716981132077
            ],
            [
              20.490566037735846,
              24.26415094339623
            ],
            [
              19.169811320754718,
              27.094339622641513
            ],
            [
              18.037735849056588,
              30.86792452830187
            ],
            [
              18.037735849056588,
              33.88679245283018
            ],
            [
              19.73584905660377,
              36.339622641509436
            ],
            [
              22.943396226415075,
              38.03773584905659
            ],
            [
              26.339622641509436,
              38.60377358490567
            ],
            [
              29.169811320754718,
              38.41509433962264
            ],
            [
              31.245283018867923,
              37.660377358490564
            ],
            [
              32.188679245283,
              36.71698113207546
            ],
            [
              32.75471698113205,
              35.773584905660385
            ],
            [
              33.32075471698113,
              34.26415094339623
            ],
            [
              33.509433962264154,
              33.1320754716981
            ]
          ]
        ]
      }
    }
  ]
}