{
  "type": "FeatureCollection",
  "crs": {
    "type": "name",
    "properties": {
      "name": "urn:ogc:def:crs:OGC:1.3:CRS84"
    }
  },
  "features": [
    {
      "type": "Feature",
      "properties": {
        "timestamp": "2026-03-24T18:57:26.521094",
        "country_name": "Greece",
        "author": "",
        "author_id": "433378de-7c23-455e-9ee2-88e979986292",
        "validated": false,
        "ranking": [
          [
            "Greece",
            0.41286608576774597
          ],
          [
            "Canada",
            0.11965038627386093
          ],
          [
            "Denmark",
            0.08271334320306778
          ],
          [
            "Ireland",
            0.03474176675081253
          ],
          [
            "Guyana",
            0.023707468062639236
          ],
          [
            "Svalbard",
            0.019373659044504166
          ],
          [
            "United Kingdom",
            0.017080018296837807
          ],
          [
            "Italy",
            0.01644193008542061
          ],
          [
            "Peru",
            0.015964388847351074
          ],
          [
            "Laos",
            0.01265747006982565
          ],
          [
            "Bangladesh",
            0.01188936922699213
          ],
          [
            "Croatia",
            0.010698722675442696
          ],
          [
            "Philippines",
            0.010246539488434792
          ],
          [
            "Tajikistan",
            0.009075368754565716
          ],
          [
            "Mozambique",
            0.008572252467274666
          ],
          [
            "Papua New Guinea",
            0.007337090093642473
          ],
          [
            "France",
            0.0064156316220760345
          ],
          [
            "Germany",
            0.006068465765565634
          ],
          [
            "Falkland Islands",
            0.0051612150855362415
          ],
          [
            "Senegal",
            0.004765574354678392
          ],
          [
            "Guadeloupe",
            0.004453575238585472
          ],
          [
            "Finland",
            0.004390462301671505
          ],
          [
            "Greenland",
            0.004093953408300877
          ],
          [
            "Romania",
            0.004049492534250021
          ],
          [
            "Netherlands",
            0.003911794163286686
          ],
          [
            "Serbia",
            0.0035899444483220577
          ],
          [
            "South Korea",
            0.0034449435770511627
          ],
          [
            "Estonia",
            0.0034269150346517563
          ],
          [
            "Sri Lanka",
            0.003420208813622594
          ],
          [
            "Thailand",
            0.0031167976558208466
          ],
          [
            "Myanmar",
            0.00309043750166893
          ],
          [
            "Tunisia",
            0.0029543149285018444
          ],
          [
            "Colombia",
            0.0029316875152289867
          ],
          [
            "Turkmenistan",
            0.0028948807157576084
          ],
          [
            "Albania",
            0.0028389105573296547
          ],
          [
            "Belarus",
            0.002830395009368658
          ],
          [
            "Malawi",
            0.0028251525945961475
          ],
          [
            "Russia",
            0.0027321279048919678
          ],
          [
            "Hong Kong",
            0.00258858734741807
          ],
          [
            "South Georgia Islands",
            0.0025209514424204826
          ],
          [
            "Guinea-Bissau",
            0.002434174995869398
          ],
          [
            "Nicaragua",
            0.0023365472443401814
          ],
          [
            "Switzerland",
            0.002294787671416998
          ],
          [
            "Luxembourg",
            0.002239299938082695
          ],
          [
            "Togo",
            0.0022053187713027
          ],
          [
            "Mauritania",
            0.0021989094093441963
          ],
          [
            "Faroe Islands",
            0.002038824139162898
          ],
          [
            "Benin",
            0.001956198364496231
          ],
          [
            "Azerbaijan",
            0.0018513565883040428
          ],
          [
            "Qatar",
            0.0018291384913027287
          ],
          [
            "Vietnam",
            0.001735053607262671
          ],
          [
            "Iraq",
            0.0017141365678980947
          ],
          [
            "Australia",
            0.0017045187996700406
          ],
          [
            "Djibouti",
            0.0016804916085675359
          ],
          [
            "Fiji",
            0.0016767584020271897
          ],
          [
            "Bahamas",
            0.001620953669771552
          ],
          [
            "Somalia",
            0.0015766656724736094
          ],
          [
            "Latvia",
            0.001530899084173143
          ],
          [
            "Congo",
            0.0015271019656211138
          ],
          [
            "Algeria",
            0.001414989004842937
          ],
          [
            "Kiribati",
            0.0013308776542544365
          ],
          [
            "Saudi Arabia",
            0.001283598830923438
          ],
          [
            "Burkina Faso",
            0.001283571938984096
          ],
          [
            "Costa Rica",
            0.001238100929185748
          ],
          [
            "Cameroon",
            0.0011558720143511891
          ],
          [
            "Mexico",
            0.0011449841549620032
          ],
          [
            "Ukraine",
            0.0011396961053833365
          ],
          [
            "El Salvador",
            0.0011321217752993107
          ],
          [
            "Rwanda",
            0.0010920140193775296
          ],
          [
            "Guinea",
            0.0010902719805017114
          ],
          [
            "Ethiopia",
            0.0010809479281306267
          ],
          [
            "Argentina",
            0.0010176185751333833
          ],
          [
            "Gabon",
            0.0010104372631758451
          ],
          [
            "Guatemala",
            0.000990723492577672
          ],
          [
            "Saint Lucia",
            0.0009830418275669217
          ],
          [
            "Portugal",
            0.000981958699412644
          ],
          [
            "United States of America",
            0.0009739974630065262
          ],
          [
            "Ghana",
            0.0009477815474383533
          ],
          [
            "Sweden",
            0.0009460693108849227
          ],
          [
            "Cuba",
            0.0009407018078491092
          ],
          [
            "Kazakhstan",
            0.0009066177881322801
          ],
          [
            "Armenia",
            0.000905737979337573
          ],
          [
            "Eswatini",
            0.0008162894519045949
          ],
          [
            "Kyrgyzstan",
            0.0007701662252657115
          ],
          [
            "Lithuania",
            0.0007686223834753036
          ],
          [
            "Belize",
            0.0007515107281506062
          ],
          [
            "Kuwait",
            0.0007455500890500844
          ],
          [
            "Chad",
            0.0007407139055430889
          ],
          [
            "Indonesia",
            0.0007173482445068657
          ],
          [
            "Iran",
            0.0007103539537638426
          ],
          [
            "South Sudan",
            0.0006777740782126784
          ],
          [
            "Central African Republic",
            0.0006642136140726507
          ],
          [
            "Belgium",
            0.0006495898705907166
          ],
          [
            "Burundi",
            0.0006334163481369615
          ],
          [
            "Vanuatu",
            0.0006157188327051699
          ],
          [
            "Martinique",
            0.0006119162426330149
          ],
          [
            "Eritrea",
            0.0005883742123842239
          ],
          [
            "Zimbabwe",
            0.0005786283873021603
          ],
          [
            "Brunei",
            0.0005726840463466942
          ],
          [
            "South Africa",
            0.0005717541207559407
          ],
          [
            "Angola",
            0.000568529823794961
          ],
          [
            "Bahrain",
            0.0005559130222536623
          ],
          [
            "Uzbekistan",
            0.000547453120816499
          ],
          [
            "Czech Republic",
            0.000539909116923809
          ],
          [
            "Honduras",
            0.0005274474387988448
          ],
          [
            "India",
            0.0005194820696488023
          ],
          [
            "Norway",
            0.0005184991750866175
          ],
          [
            "French Guiana",
            0.0005128691555000842
          ],
          [
            "West Bank",
            0.0005104225710965693
          ],
          [
            "North Korea",
            0.0005078355898149312
          ],
          [
            "Heard and McDonald Islands",
            0.000493362545967102
          ],
          [
            "Kenya",
            0.0004887814866378903
          ],
          [
            "Iceland",
            0.00047887160326354206
          ],
          [
            "Paraguay",
            0.00046890226076357067
          ],
          [
            "Uganda",
            0.000464563345303759
          ],
          [
            "Venezuela",
            0.000452478532679379
          ],
          [
            "Slovakia",
            0.0004342737374827266
          ],
          [
            "Nepal",
            0.00043133494909852743
          ],
          [
            "Moldova",
            0.000430525338742882
          ],
          [
            "Liberia",
            0.0004252426151651889
          ],
          [
            "Lesotho",
            0.00042193979606963694
          ],
          [
            "Montenegro",
            0.00041490569128654897
          ],
          [
            "Panama",
            0.00040393308154307306
          ],
          [
            "Namibia",
            0.00040010528755374253
          ],
          [
            "Israel",
            0.0003830355126410723
          ],
          [
            "Bhutan",
            0.0003767599118873477
          ],
          [
            "Jamaica",
            0.0003689987352117896
          ],
          [
            "Samoa",
            0.0003575980954337865
          ],
          [
            "Spain",
            0.00035232139634899795
          ],
          [
            "DR Congo",
            0.0003478098369669169
          ],
          [
            "Barbados",
            0.00034663299447856843
          ],
          [
            "Georgia",
            0.0003370047197677195
          ],
          [
            "China",
            0.00032695592381060123
          ],
          [
            "North Macedonia",
            0.0003264729748480022
          ],
          [
            "Taiwan",
            0.00031743617728352547
          ],
          [
            "Reunion",
            0.00031654193298891187
          ],
          [
            "Turks and Caicos Islands",
            0.00031424997723661363
          ],
          [
            "Yemen",
            0.00030460068956017494
          ],
          [
            "Mayotte",
            0.00029639762942679226
          ],
          [
            "Haiti",
            0.0002961523423437029
          ],
          [
            "Bolivia",
            0.00029450698639266193
          ],
          [
            "New Caledonia",
            0.0002919426769949496
          ],
          [
            "Dominica",
            0.00028926771483384073
          ],
          [
            "Oman",
            0.00026748960954137146
          ],
          [
            "New Zealand",
            0.000264686590526253
          ],
          [
            "Suriname",
            0.00025987025583162904
          ],
          [
            "Turkey",
            0.00025871495017781854
          ],
          [
            "Sierra Leone",
            0.00025850976817309856
          ],
          [
            "Dominican Republic",
            0.00025728545733727515
          ],
          [
            "Gambia",
            0.00025640803505666554
          ],
          [
            "Uruguay",
            0.00024917133850976825
          ],
          [
            "Mongolia",
            0.00024693491286598146
          ],
          [
            "Zambia",
            0.00024204007058870047
          ],
          [
            "Jordan",
            0.00022455649741459638
          ],
          [
            "Cambodia",
            0.00021669696434400976
          ],
          [
            "Syria",
            0.000214938452700153
          ],
          [
            "Brazil",
            0.0002132483059540391
          ],
          [
            "Trinidad and Tobago",
            0.00019562046509236097
          ],
          [
            "Puerto Rico",
            0.00019411220273468643
          ],
          [
            "Guam",
            0.00018008757615461946
          ],
          [
            "Solomon Islands",
            0.0001796271972125396
          ],
          [
            "Mali",
            0.00016318504640366882
          ],
          [
            "Western Sahara",
            0.0001594221976120025
          ],
          [
            "Timor-Leste",
            0.00015259074280038476
          ],
          [
            "Côte d'Ivoire",
            0.00015182778588496149
          ],
          [
            "Madagascar",
            0.0001493730378570035
          ],
          [
            "Sudan",
            0.0001431118871551007
          ],
          [
            "Antigua & Barbuda",
            0.00013282903819344938
          ],
          [
            "Niger",
            0.00012983176566194743
          ],
          [
            "Bosnia & Herzegovina",
            0.0001225133310072124
          ],
          [
            "Pakistan",
            0.00011460278619779274
          ],
          [
            "Isle of Man",
            0.00011281527986284345
          ],
          [
            "Comoros",
            0.00011065413127653301
          ],
          [
            "United Arab Emirates",
            0.00010613692575134337
          ],
          [
            "Libya",
            0.00010384312190581113
          ],
          [
            "Chile",
            9.362317359773442e-05
          ],
          [
            "Egypt",
            8.788862032815814e-05
          ],
          [
            "Poland",
            7.94221050455235e-05
          ],
          [
            "Japan",
            7.800116145517677e-05
          ],
          [
            "Slovenia",
            6.886125629534945e-05
          ],
          [
            "Cape Verde",
            6.875639519421384e-05
          ],
          [
            "United States Virgin Islands",
            6.853381637483835e-05
          ],
          [
            "Hungary",
            6.633839075220749e-05
          ],
          [
            "Ecuador",
            6.138681783340871e-05
          ],
          [
            "Afghanistan",
            6.0903406847501174e-05
          ],
          [
            "Cyprus",
            5.924526703893207e-05
          ],
          [
            "Equatorial Guinea",
            5.740934648201801e-05
          ],
          [
            "Tanzania",
            5.372871964937076e-05
          ],
          [
            "Nigeria",
            5.2495812269626185e-05
          ],
          [
            "Madeira Islands",
            5.2139566832920536e-05
          ],
          [
            "Lebanon",
            5.171408338355832e-05
          ],
          [
            "Austria",
            5.16551299369894e-05
          ],
          [
            "Bulgaria",
            4.7837558668106794e-05
          ],
          [
            "Botswana",
            3.9434256905224174e-05
          ],
          [
            "Netherlands Antilles",
            3.674345134641044e-05
          ],
          [
            "Malaysia",
            3.670618389151059e-05
          ],
          [
            "Palau",
            3.3675973099889234e-05
          ],
          [
            "Morocco",
            2.6696450731833465e-05
          ],
          [
            "Sao Tome and Principe",
            1.217313274537446e-05
          ]
        ]
      },
      "geometry": {
        "type": "MultiLineString",
        "coordinates": [
          [
            [
              24.209737827715344,
              53.08614232209743
            ],
            [
              24.284644194756538,
              53.38576779026221
            ],
            [
              24.434456928838927,
              53.685393258426984
            ],
            [
              24.50936329588012,
              53.98501872659176
            ],
            [
              24.584269662921315,
              54.209737827715344
            ],
            [
              24.65917602996251,
              54.43445692883893
            ],
            [
              24.808988764044898,
              54.73408239700376
            ],
            [
              24.9588014981274,
              54.95880149812734
            ],
            [
              25.10861423220979,
              55.25842696629212
            ],
            [
              25.408239700374565,
              55.558052434456954
            ],
            [
              25.707865168539342,
              55.85767790262173
            ],
            [
              25.932584269662925,
              56.082397003745314
            ],
            [
              26.232209737827702,
              56.2322097378277
            ],
            [
              26.456928838951285,
              56.307116104868896
            ],
            [
              26.906367041198564,
              56.531835205992536
            ],
            [
              27.580524344569312,
              56.531835205992536
            ],
            [
              27.88014981273409,
              56.456928838951285
            ],
            [
              28.40449438202245,
              56.38202247191009
            ],
            [
              28.853932584269614,
              56.307116104868896
            ],
            [
              29.2284644194757,
              56.2322097378277
            ],
            [
              29.453183520599282,
              56.15730337078651
            ],
            [
              29.677902621722865,
              56.082397003745314
            ],
            [
              30.052434456928836,
              55.932584269662925
            ],
            [
              30.576779026217196,
              55.70786516853934
            ],
            [
              31.026217228464475,
              55.63295880149815
            ],
            [
              31.550561797752835,
              55.558052434456954
            ],
            [
              32.22471910112358,
              55.48314606741576
            ],
            [
              32.82397003745314,
              55.40823970037451
            ],
            [
              33.273408239700416,
              55.40823970037451
            ],
            [
              33.57303370786519,
              55.40823970037451
            ],
            [
              33.87265917602997,
              55.48314606741576
            ],
            [
              34.24719101123594,
              55.70786516853934
            ],
            [
              34.54681647940072,
              55.78277153558054
            ],
            [
              34.84644194756561,
              55.85767790262173
            ],
            [
              35.146067415730386,
              56.00749063670412
            ],
            [
              35.44569288389516,
              56.082397003745314
            ],
            [
              35.74531835205994,
              56.38202247191009
            ],
            [
              36.04494382022472,
              56.60674157303373
            ],
            [
              36.2696629213483,
              56.75655430711612
            ],
            [
              36.569288389513076,
              57.056179775280896
            ],
            [
              36.64419475655427,
              57.28089887640448
            ],
            [
              36.79400749063666,
              57.50561797752812
            ],
            [
              37.018726591760355,
              57.7303370786517
            ],
            [
              37.168539325842744,
              58.02996254681648
            ],
            [
              37.24344569288394,
              58.25468164794006
            ],
            [
              37.24344569288394,
              58.554307116104894
            ],
            [
              37.31835205992513,
              58.77902621722848
            ],
            [
              37.31835205992513,
              59.15355805243445
            ],
            [
              37.31835205992513,
              59.453183520599225
            ],
            [
              37.31835205992513,
              59.90262172284645
            ],
            [
              37.31835205992513,
              60.35205992509361
            ],
            [
              37.31835205992513,
              60.801498127340835
            ],
            [
              37.46816479400752,
              61.17602996254681
            ],
            [
              37.692883895131104,
              61.47565543071164
            ],
            [
              37.99250936329588,
              61.70037453183522
            ],
            [
              38.29213483146066,
              61.85018726591761
            ],
            [
              38.74157303370782,
              61.925093632958806
            ],
            [
              39.34082397003749,
              62.0
            ],
            [
              39.71535580524346,
              62.0
            ],
            [
              40.08988764044943,
              62.0
            ],
            [
              40.16479400749063,
              61.77528089887642
            ],
            [
              40.23970037453182,
              61.47565543071164
            ],
            [
              40.23970037453182,
              60.951310861423224
            ],
            [
              40.23970037453182,
              60.50187265917606
            ],
            [
              40.314606741573016,
              60.052434456928836
            ],
            [
              40.314606741573016,
              59.75280898876406
            ],
            [
              40.314606741573016,
              59.22846441947564
            ],
            [
              40.314606741573016,
              58.70411985018728
            ],
            [
              40.23970037453182,
              58.25468164794006
            ],
            [
              40.16479400749063,
              57.88014981273409
            ],
            [
              40.16479400749063,
              57.50561797752812
            ],
            [
              40.16479400749063,
              57.205992509363284
            ],
            [
              40.16479400749063,
              56.90636704119851
            ],
            [
              40.16479400749063,
              56.60674157303373
            ],
            [
              40.08988764044943,
              56.2322097378277
            ],
            [
              40.08988764044943,
              55.85767790262173
            ],
            [
              40.01498127340824,
              55.558052434456954
            ],
            [
              39.940074906367045,
              55.25842696629212
            ],
            [
              39.86516853932585,
              55.03370786516854
            ],
            [
              39.790262172284656,
              54.808988764044955
            ],
            [
              39.56554307116107,
              54.50936329588018
            ],
            [
              39.34082397003749,
              54.28464419475654
            ],
            [
              39.11610486891391,
              54.059925093632955
            ],
            [
              38.891385767790325,
              53.98501872659176
            ],
            [
              38.66666666666663,
              53.83520599250937
            ],
            [
              38.441947565543046,
              53.76029962546818
            ],
            [
              38.14232209737827,
              53.685393258426984
            ],
            [
              37.917602996254686,
              53.61048689138579
            ],
            [
              37.543071161048715,
              53.535580524344596
            ],
            [
              37.31835205992513,
              53.4606741573034
            ],
            [
              37.018726591760355,
              53.38576779026221
            ],
            [
              36.719101123595465,
              53.38576779026221
            ],
            [
              36.2696629213483,
              53.31086142322101
            ],
            [
              35.97003745318352,
              53.23595505617982
            ],
            [
              35.52059925093636,
              53.161048689138624
            ],
            [
              35.22097378277158,
              53.08614232209743
            ],
            [
              34.996254681648,
              53.011235955056236
            ],
            [
              34.7715355805243,
              52.93632958801493
            ],
            [
              34.39700374531833,
              52.861423220973734
            ],
            [
              34.09737827715355,
              52.711610486891345
            ],
            [
              33.797752808988776,
              52.63670411985015
            ],
            [
              33.57303370786519,
              52.48689138576776
            ],
            [
              33.34831460674161,
              52.41198501872657
            ],
            [
              33.12359550561803,
              52.337078651685374
            ],
            [
              32.89887640449433,
              52.187265917602986
            ],
            [
              32.67415730337075,
              52.0374531835206
            ],
            [
              32.449438202247165,
              51.9625468164794
            ],
            [
              32.22471910112358,
              51.73782771535582
            ],
            [
              32.074906367041194,
              51.51310861423224
            ],
            [
              32.0,
              51.21348314606746
            ],
            [
              31.925093632958806,
              50.988764044943764
            ],
            [
              31.85018726591761,
              50.76404494382018
            ],
            [
              31.775280898876417,
              50.5393258426966
            ],
            [
              31.700374531835223,
              50.314606741573016
            ],
            [
              31.700374531835223,
              50.01498127340824
            ],
            [
              31.62546816479403,
              49.64044943820227
            ],
            [
              31.62546816479403,
              49.34082397003749
            ],
            [
              31.62546816479403,
              49.041198501872714
            ],
            [
              31.62546816479403,
              48.74157303370782
            ],
            [
              31.700374531835223,
              48.51685393258424
            ],
            [
              31.85018726591761,
              48.29213483146066
            ],
            [
              31.925093632958806,
              48.067415730337075
            ],
            [
              32.0,
              47.84269662921349
            ],
            [
              32.14981273408239,
              47.61797752808991
            ],
            [
              32.22471910112358,
              47.39325842696633
            ],
            [
              32.29962546816478,
              47.168539325842744
            ],
            [
              32.37453183520597,
              46.94382022471905
            ],
            [
              32.449438202247165,
              46.719101123595465
            ],
            [
              32.449438202247165,
              46.34456928838949
            ],
            [
              32.37453183520597,
              46.11985018726591
            ],
            [
              32.29962546816478,
              45.89513108614233
            ],
            [
              32.14981273408239,
              45.670411985018745
            ],
            [
              32.0,
              45.37078651685397
            ],
            [
              31.775280898876417,
              45.146067415730386
            ],
            [
              31.550561797752835,
              44.92134831460669
            ],
            [
              31.325842696629252,
              44.69662921348311
            ],
            [
              31.026217228464475,
              44.846441947565495
            ],
            [
              30.876404494382086,
              45.07116104868919
            ],
            [
              30.80149812734078,
              45.44569288389516
            ],
            [
              30.65168539325839,
              45.820224719101134
            ],
            [
              30.576779026217196,
              46.11985018726591
            ],
            [
              30.501872659176,
              46.34456928838949
            ],
            [
              30.426966292134807,
              46.64419475655427
            ],
            [
              30.352059925093613,
              47.018726591760355
            ],
            [
              30.202247191011224,
              47.31835205992513
            ],
            [
              30.12734082397003,
              47.543071161048715
            ],
            [
              29.97752808988764,
              47.7677902621723
            ],
            [
              29.75280898876406,
              47.84269662921349
            ],
            [
              29.528089887640476,
              47.7677902621723
            ],
            [
              29.378277153558088,
              47.46816479400752
            ],
            [
              29.303370786516894,
              47.168539325842744
            ],
            [
              29.2284644194757,
              46.94382022471905
            ],
            [
              29.2284644194757,
              46.41947565543069
            ],
            [
              29.303370786516894,
              46.11985018726591
            ],
            [
              29.378277153558088,
              45.820224719101134
            ],
            [
              29.453183520599282,
              45.52059925093636
            ],
            [
              29.528089887640476,
              45.22097378277158
            ],
            [
              29.60299625468167,
              44.996254681648
            ],
            [
              29.75280898876406,
              44.7715355805243
            ],
            [
              29.827715355805253,
              44.54681647940072
            ],
            [
              29.97752808988764,
              44.322097378277135
            ],
            [
              29.97752808988764,
              44.02247191011236
            ],
            [
              29.75280898876406,
              43.87265917602997
            ],
            [
              29.528089887640476,
              43.797752808988776
            ],
            [
              29.2284644194757,
              43.797752808988776
            ],
            [
              29.07865168539331,
              44.02247191011236
            ],
            [
              28.92883895131081,
              44.24719101123594
            ],
            [
              28.853932584269614,
              44.471910112359524
            ],
            [
              28.77902621722842,
              44.7715355805243
            ],
            [
              28.62921348314603,
              45.146067415730386
            ],
            [
              28.479400749063643,
              45.44569288389516
            ],
            [
              28.40449438202245,
              45.74531835205994
            ],
            [
              28.25468164794006,
              45.97003745318352
            ],
            [
              28.179775280898866,
              46.194756554307105
            ],
            [
              28.029962546816478,
              46.41947565543069
            ],
            [
              27.955056179775283,
              46.64419475655427
            ],
            [
              27.88014981273409,
              46.34456928838949
            ],
            [
              27.805243445692895,
              46.04494382022472
            ],
            [
              27.805243445692895,
              45.74531835205994
            ],
            [
              27.805243445692895,
              45.295880149812774
            ],
            [
              27.88014981273409,
              45.07116104868919
            ],
            [
              27.955056179775283,
              44.62172284644191
            ],
            [
              28.029962546816478,
              44.322097378277135
            ],
            [
              28.104868913857672,
              44.02247191011236
            ],
            [
              28.179775280898866,
              43.72284644194758
            ],
            [
              27.955056179775283,
              43.57303370786519
            ],
            [
              27.655430711610506,
              43.57303370786519
            ],
            [
              27.280898876404535,
              43.57303370786519
            ],
            [
              27.056179775280953,
              43.64794007490639
            ],
            [
              26.906367041198564,
              43.87265917602997
            ],
            [
              26.756554307116062,
              44.09737827715355
            ],
            [
              26.681647940074868,
              44.471910112359524
            ],
            [
              26.681647940074868,
              44.846441947565495
            ],
            [
              26.606741573033673,
              45.07116104868919
            ],
            [
              26.606741573033673,
              45.37078651685397
            ],
            [
              26.606741573033673,
              45.670411985018745
            ],
            [
              26.606741573033673,
              46.04494382022472
            ],
            [
              26.606741573033673,
              46.34456928838949
            ],
            [
              26.606741573033673,
              46.64419475655427
            ],
            [
              26.681647940074868,
              46.94382022471905
            ],
            [
              26.756554307116062,
              47.168539325842744
            ],
            [
              27.056179775280953,
              47.39325842696633
            ],
            [
              27.20599250936334,
              47.61797752808991
            ],
            [
              27.430711610486924,
              47.7677902621723
            ],
            [
              27.655430711610506,
              47.99250936329588
            ],
            [
              27.955056179775283,
              48.21722846441946
            ],
            [
              28.179775280898866,
              48.29213483146066
            ],
            [
              28.40449438202245,
              48.51685393258424
            ],
            [
              28.554307116104837,
              48.74157303370782
            ],
            [
              28.329588014981255,
              48.96629213483152
            ],
            [
              28.029962546816478,
              49.11610486891391
            ],
            [
              27.805243445692895,
              49.265917602996296
            ],
            [
              27.505617977528118,
              49.265917602996296
            ],
            [
              27.20599250936334,
              49.1910112359551
            ],
            [
              26.98127340823976,
              49.11610486891391
            ],
            [
              26.681647940074868,
              49.041198501872714
            ],
            [
              26.232209737827702,
              48.96629213483152
            ],
            [
              25.932584269662925,
              48.89138576779021
            ],
            [
              25.707865168539342,
              48.81647940074902
            ],
            [
              25.48314606741576,
              48.74157303370782
            ],
            [
              25.258426966292177,
              48.66666666666663
            ],
            [
              25.033707865168594,
              48.441947565543046
            ],
            [
              24.883895131086092,
              48.21722846441946
            ],
            [
              24.808988764044898,
              47.84269662921349
            ],
            [
              24.734082397003704,
              47.543071161048715
            ],
            [
              24.734082397003704,
              47.168539325842744
            ],
            [
              24.734082397003704,
              46.86891385767785
            ],
            [
              24.65917602996251,
              46.64419475655427
            ],
            [
              24.584269662921315,
              46.34456928838949
            ],
            [
              24.50936329588012,
              46.04494382022472
            ],
            [
              24.50936329588012,
              45.59550561797755
            ],
            [
              24.50936329588012,
              45.295880149812774
            ],
            [
              24.50936329588012,
              44.92134831460669
            ],
            [
              24.584269662921315,
              44.62172284644191
            ],
            [
              24.584269662921315,
              44.322097378277135
            ],
            [
              24.65917602996251,
              44.09737827715355
            ],
            [
              24.65917602996251,
              43.72284644194758
            ],
            [
              24.734082397003704,
              43.423220973782804
            ],
            [
              24.808988764044898,
              43.19850187265922
            ],
            [
              24.883895131086092,
              42.89887640449433
            ],
            [
              24.9588014981274,
              42.52434456928836
            ],
            [
              25.033707865168594,
              42.22471910112358
            ],
            [
              25.10861423220979,
              42.0
            ],
            [
              25.33333333333337,
              41.70037453183522
            ],
            [
              25.558052434456954,
              41.47565543071164
            ],
            [
              25.85767790262173,
              41.25093632958806
            ],
            [
              26.082397003745314,
              41.026217228464475
            ],
            [
              26.456928838951285,
              40.87640449438197
            ],
            [
              26.756554307116062,
              40.726591760299584
            ],
            [
              27.131086142322147,
              40.576779026217196
            ],
            [
              27.430711610486924,
              40.42696629213481
            ],
            [
              27.655430711610506,
              40.35205992509361
            ],
            [
              27.88014981273409,
              40.27715355805242
            ],
            [
              28.104868913857672,
              40.12734082397003
            ],
            [
              28.329588014981255,
              39.97752808988764
            ],
            [
              28.62921348314603,
              39.82771535580525
            ],
            [
              28.853932584269614,
              39.677902621722865
            ],
            [
              29.07865168539331,
              39.528089887640476
            ],
            [
              29.303370786516894,
              39.30337078651689
            ],
            [
              29.453183520599282,
              39.07865168539331
            ],
            [
              29.528089887640476,
              38.853932584269614
            ],
            [
              29.528089887640476,
              38.47940074906364
            ],
            [
              29.528089887640476,
              38.10486891385767
            ],
            [
              29.528089887640476,
              37.65543071161051
            ],
            [
              29.528089887640476,
              37.35580524344573
            ],
            [
              29.453183520599282,
              37.13108614232215
            ],
            [
              29.303370786516894,
              36.831460674157256
            ],
            [
              29.303370786516894,
              36.53183520599248
            ],
            [
              29.153558052434505,
              36.307116104868896
            ],
            [
              29.003745318352117,
              36.082397003745314
            ],
            [
              28.704119850187226,
              35.85767790262173
            ],
            [
              28.479400749063643,
              35.70786516853934
            ],
            [
              28.104868913857672,
              35.63295880149815
            ],
            [
              27.88014981273409,
              35.48314606741576
            ],
            [
              27.430711610486924,
              35.408239700374565
            ],
            [
              27.056179775280953,
              35.33333333333337
            ],
            [
              26.831460674157256,
              35.25842696629218
            ],
            [
              26.456928838951285,
              35.25842696629218
            ],
            [
              26.082397003745314,
              35.25842696629218
            ],
            [
              25.85767790262173,
              35.33333333333337
            ],
            [
              25.782771535580537,
              35.558052434456954
            ],
            [
              25.707865168539342,
              35.78277153558054
            ],
            [
              25.782771535580537,
              36.00749063670412
            ],
            [
              26.00749063670412,
              36.082397003745314
            ],
            [
              26.307116104868896,
              36.15730337078651
            ],
            [
              26.606741573033673,
              36.2322097378277
            ],
            [
              26.98127340823976,
              36.2322097378277
            ],
            [
              27.20599250936334,
              36.307116104868896
            ],
            [
              27.430711610486924,
              36.38202247191009
            ],
            [
              27.655430711610506,
              36.456928838951285
            ],
            [
              27.805243445692895,
              36.68164794007487
            ],
            [
              27.805243445692895,
              36.98127340823976
            ],
            [
              27.7303370786517,
              37.20599250936334
            ],
            [
              27.580524344569312,
              37.430711610486924
            ],
            [
              27.35580524344573,
              37.7303370786517
            ],
            [
              27.056179775280953,
              38.02996254681648
            ],
            [
              26.831460674157256,
              38.25468164794006
            ],
            [
              26.606741573033673,
              38.47940074906364
            ],
            [
              26.38202247191009,
              38.62921348314603
            ],
            [
              26.157303370786508,
              38.77902621722842
            ],
            [
              25.932584269662925,
              39.003745318352
            ],
            [
              25.707865168539342,
              39.153558052434505
            ],
            [
              25.33333333333337,
              39.153558052434505
            ],
            [
              25.10861423220979,
              39.07865168539331
            ],
            [
              24.883895131086092,
              38.92883895131081
            ],
            [
              24.734082397003704,
              38.704119850187226
            ]
          ],
          [
            [
              31.325842696629252,
              36.00749063670412
            ],
            [
              31.400749063670446,
              36.2322097378277
            ],
            [
              31.62546816479403,
              36.456928838951285
            ],
            [
              31.925093632958806,
              36.831460674157256
            ],
            [
              32.22471910112358,
              37.05617977528095
            ],
            [
              32.52434456928836,
              37.280898876404535
            ],
            [
              32.89887640449433,
              37.430711610486924
            ],
            [
              33.34831460674161,
              37.58052434456931
            ],
            [
              33.64794007490639,
              37.7303370786517
            ],
            [
              33.72284644194758,
              37.50561797752812
            ],
            [
              33.72284644194758,
              37.20599250936334
            ],
            [
              33.72284644194758,
              36.90636704119845
            ],
            [
              33.498127340824,
              36.68164794007487
            ],
            [
              33.19850187265922,
              36.456928838951285
            ],
            [
              32.97378277153564,
              36.307116104868896
            ],
            [
              32.74906367041194,
              36.2322097378277
            ],
            [
              32.37453183520597,
              36.15730337078651
            ],
            [
              31.925093632958806,
              36.082397003745314
            ],
            [
              31.62546816479403,
              36.082397003745314
            ],
            [
              31.325842696629252,
              36.082397003745314
            ]
          ],
          [
            [
              34.996254681648,
              38.179775280898866
            ],
            [
              35.07116104868919,
              38.40449438202245
            ],
            [
              35.295880149812774,
              38.62921348314603
            ],
            [
              35.44569288389516,
              38.853932584269614
            ],
            [
              35.670411985018745,
              39.07865168539331
            ],
            [
              35.97003745318352,
              39.37827715355809
            ],
            [
              36.11985018726591,
              39.60299625468167
            ],
            [
              36.2696629213483,
              39.82771535580525
            ]
          ],
          [
            [
              37.99250936329588,
              41.32584269662925
            ],
            [
              38.067415730337075,
              41.550561797752835
            ],
            [
              38.14232209737827,
              41.77528089887642
            ],
            [
              38.29213483146066,
              42.0
            ]
          ],
          [
            [
              43.38576779026221,
              45.670411985018745
            ],
            [
              43.08614232209743,
              45.670411985018745
            ],
            [
              42.86142322097385,
              45.59550561797755
            ],
            [
              42.63670411985015,
              45.44569288389516
            ],
            [
              42.41198501872657,
              45.295880149812774
            ],
            [
              42.26217228464418,
              44.996254681648
            ],
            [
              42.0374531835206,
              44.7715355805243
            ],
            [
              41.88764044943821,
              44.54681647940072
            ],
            [
              41.812734082397014,
              44.322097378277135
            ],
            [
              41.88764044943821,
              44.09737827715355
            ],
            [
              42.11235955056179,
              44.02247191011236
            ],
            [
              42.41198501872657,
              44.02247191011236
            ],
            [
              42.711610486891345,
              44.02247191011236
            ],
            [
              43.161048689138624,
              44.02247191011236
            ],
            [
              43.535580524344596,
              44.02247191011236
            ],
            [
              43.91011235955057,
              44.02247191011236
            ],
            [
              44.209737827715344,
              44.02247191011236
            ],
            [
              44.28464419475654,
              43.797752808988776
            ],
            [
              44.209737827715344,
              43.423220973782804
            ],
            [
              44.13483146067415,
              43.19850187265922
            ],
            [
              44.059925093632955,
              42.89887640449433
            ],
            [
              43.98501872659176,
              42.67415730337075
            ],
            [
              43.91011235955057,
              42.37453183520597
            ],
            [
              43.83520599250937,
              42.074906367041194
            ],
            [
              43.76029962546818,
              41.85018726591761
            ],
            [
              43.685393258426984,
              41.62546816479403
            ],
            [
              43.61048689138579,
              41.32584269662925
            ],
            [
              43.91011235955057,
              41.17602996254686
            ],
            [
              44.28464419475654,
              41.17602996254686
            ],
            [
              44.65917602996251,
              41.32584269662925
            ],
            [
              44.88389513108609,
              41.400749063670446
            ],
            [
              45.18352059925098,
              41.550561797752835
            ],
            [
              45.408239700374565,
              41.70037453183522
            ],
            [
              45.63295880149815,
              41.85018726591761
            ],
            [
              45.85767790262173,
              42.074906367041194
            ],
            [
              45.932584269662925,
              42.29962546816478
            ],
            [
              45.932584269662925,
              42.599250936329554
            ],
            [
              46.15730337078651,
              42.67415730337075
            ],
            [
              46.456928838951285,
              42.74906367041194
            ],
            [
              46.75655430711606,
              42.89887640449433
            ],
            [
              46.98127340823976,
              43.12359550561803
            ],
            [
              47.20599250936334,
              43.273408239700416
            ],
            [
              47.35580524344573,
              43.498127340824
            ],
            [
              47.430711610486924,
              43.72284644194758
            ],
            [
              47.430711610486924,
              44.02247191011236
            ],
            [
              47.35580524344573,
              44.322097378277135
            ],
            [
              47.280898876404535,
              44.54681647940072
            ],
            [
              47.05617977528095,
              44.846441947565495
            ],
            [
              46.906367041198564,
              45.07116104868919
            ],
            [
              46.68164794007487,
              45.295880149812774
            ],
            [
              46.456928838951285,
              45.44569288389516
            ],
            [
              46.2322097378277,
              45.52059925093636
            ],
            [
              45.932584269662925,
              45.59550561797755
            ],
            [
              45.63295880149815,
              45.59550561797755
            ],
            [
              45.33333333333337,
              45.59550561797755
            ],
            [
              44.9588014981274,
              45.59550561797755
            ],
            [
              44.65917602996251,
              45.59550561797755
            ],
            [
              44.43445692883893,
              45.670411985018745
            ],
            [
              44.13483146067415,
              45.670411985018745
            ],
            [
              43.83520599250937,
              45.670411985018745
            ],
            [
              43.535580524344596,
              45.74531835205994
            ],
            [
              43.011235955056236,
              45.74531835205994
            ],
            [
              42.711610486891345,
              45.74531835205994
            ],
            [
              42.41198501872657,
              45.670411985018745
            ]
          ],
          [
            [
              40.838951310861376,
              47.168539325842744
            ],
            [
              41.06367041198507,
              46.94382022471905
            ],
            [
              41.288389513108655,
              46.79400749063666
            ],
            [
              41.58801498127343,
              46.64419475655427
            ],
            [
              41.88764044943821,
              46.569288389513076
            ],
            [
              42.11235955056179,
              46.49438202247188
            ],
            [
              42.41198501872657,
              46.49438202247188
            ],
            [
              42.711610486891345,
              46.569288389513076
            ],
            [
              43.011235955056236,
              46.719101123595465
            ],
            [
              43.161048689138624,
              46.94382022471905
            ],
            [
              43.23595505617982,
              47.168539325842744
            ],
            [
              43.31086142322101,
              47.39325842696633
            ],
            [
              43.31086142322101,
              47.7677902621723
            ],
            [
              43.23595505617982,
              48.067415730337075
            ],
            [
              43.08614232209743,
              48.29213483146066
            ],
            [
              42.93632958801504,
              48.51685393258424
            ],
            [
              42.711610486891345,
              48.66666666666663
            ],
            [
              42.41198501872657,
              48.74157303370782
            ],
            [
              42.11235955056179,
              48.81647940074902
            ],
            [
              41.73782771535582,
              48.81647940074902
            ],
            [
              41.36329588014985,
              48.74157303370782
            ],
            [
              41.06367041198507,
              48.591760299625435
            ],
            [
              40.76404494382018,
              48.441947565543046
            ],
            [
              40.5393258426966,
              48.21722846441946
            ],
            [
              40.314606741573016,
              48.067415730337075
            ],
            [
              40.23970037453182,
              47.84269662921349
            ],
            [
              40.08988764044943,
              47.543071161048715
            ],
            [
              39.940074906367045,
              47.31835205992513
            ],
            [
              39.940074906367045,
              47.018726591760355
            ],
            [
              39.940074906367045,
              46.719101123595465
            ],
            [
              40.08988764044943,
              46.49438202247188
            ],
            [
              40.314606741573016,
              46.2696629213483
            ],
            [
              40.61423220973779,
              46.04494382022472
            ],
            [
              40.838951310861376,
              45.97003745318352
            ],
            [
              41.138576779026266,
              45.89513108614233
            ],
            [
              41.43820224719104,
              45.89513108614233
            ],
            [
              41.662921348314626,
              45.97003745318352
            ]
          ],
          [
            [
              45.85767790262173,
              33.23595505617982
            ],
            [
              45.85767790262173,
              33.61048689138579
            ],
            [
              45.85767790262173,
              33.91011235955057
            ],
            [
              45.932584269662925,
              34.209737827715344
            ],
            [
              46.082397003745314,
              34.65917602996251
            ],
            [
              46.2322097378277,
              34.88389513108609
            ],
            [
              46.307116104868896,
              35.10861423220979
            ],
            [
              46.456928838951285,
              35.48314606741576
            ],
            [
              46.53183520599248,
              35.70786516853934
            ],
            [
              46.68164794007487,
              36.00749063670412
            ],
            [
              46.83146067415737,
              36.307116104868896
            ],
            [
              46.98127340823976,
              36.60674157303367
            ],
            [
              47.13108614232215,
              36.831460674157256
            ],
            [
              47.35580524344573,
              37.13108614232215
            ],
            [
              47.58052434456931,
              37.280898876404535
            ],
            [
              47.805243445692895,
              37.430711610486924
            ],
            [
              48.10486891385767,
              37.65543071161051
            ],
            [
              48.40449438202245,
              37.65543071161051
            ],
            [
              48.77902621722842,
              37.65543071161051
            ],
            [
              49.00374531835212,
              37.58052434456931
            ],
            [
              49.2284644194757,
              37.20599250936334
            ],
            [
              49.45318352059928,
              36.75655430711606
            ],
            [
              49.677902621722865,
              36.2322097378277
            ],
            [
              49.75280898876406,
              35.85767790262173
            ],
            [
              49.82771535580525,
              35.558052434456954
            ],
            [
              49.90262172284645,
              35.33333333333337
            ],
            [
              49.90262172284645,
              34.88389513108609
            ],
            [
              49.90262172284645,
              34.43445692883893
            ],
            [
              49.82771535580525,
              34.13483146067415
            ],
            [
              49.677902621722865,
              33.91011235955057
            ],
            [
              49.528089887640476,
              33.61048689138579
            ],
            [
              49.30337078651689,
              33.31086142322101
            ],
            [
              49.00374531835212,
              33.011235955056236
            ],
            [
              48.55430711610484,
              32.711610486891345
            ],
            [
              48.329588014981255,
              32.63670411985015
            ],
            [
              48.02996254681648,
              32.48689138576776
            ],
            [
              47.7303370786517,
              32.41198501872657
            ],
            [
              47.430711610486924,
              32.26217228464418
            ],
            [
              47.13108614232215,
              32.187265917602986
            ],
            [
              46.68164794007487,
              32.11235955056179
            ],
            [
              46.38202247191009,
              32.11235955056179
            ],
            [
              46.082397003745314,
              32.11235955056179
            ],
            [
              45.932584269662925,
              32.337078651685374
            ],
            [
              46.00749063670412,
              32.56179775280896
            ],
            [
              46.15730337078651,
              32.861423220973734
            ],
            [
              46.456928838951285,
              33.08614232209743
            ],
            [
              46.75655430711606,
              33.38576779026221
            ]
          ],
          [
            [
              47.58052434456931,
              27.61797752808991
            ],
            [
              47.7303370786517,
              27.842696629213492
            ],
            [
              47.95505617977528,
              28.067415730337075
            ],
            [
              48.179775280898866,
              28.217228464419463
            ],
            [
              48.40449438202245,
              28.367041198501852
            ],
            [
              48.62921348314603,
              28.441947565543046
            ],
            [
              49.00374531835212,
              28.441947565543046
            ],
            [
              49.07865168539331,
              28.217228464419463
            ],
            [
              48.92883895131081,
              27.99250936329588
            ],
            [
              48.704119850187226,
              27.917602996254686
            ],
            [
              48.47940074906364,
              27.842696629213492
            ],
            [
              48.25468164794006,
              27.767790262172298
            ],
            [
              47.88014981273409,
              27.767790262172298
            ],
            [
              47.65543071161051,
              27.842696629213492
            ],
            [
              47.430711610486924,
              27.917602996254686
            ],
            [
              47.20599250936334,
              27.99250936329588
            ],
            [
              47.05617977528095,
              28.217228464419463
            ]
          ],
          [
            [
              38.96629213483152,
              30.838951310861376
            ],
            [
              39.1910112359551,
              30.614232209737793
            ],
            [
              39.265917602996296,
              30.314606741573016
            ]
          ],
          [
            [
              43.98501872659176,
              26.64419475655427
            ],
            [
              43.76029962546818,
              26.419475655430688
            ]
          ],
          [
            [
              40.5393258426966,
              24.24719101123594
            ],
            [
              40.23970037453182,
              23.947565543071164
            ]
          ],
          [
            [
              37.46816479400752,
              28.51685393258424
            ],
            [
              37.692883895131104,
              28.292134831460658
            ],
            [
              38.14232209737827,
              27.692883895131104
            ],
            [
              38.591760299625435,
              27.168539325842744
            ],
            [
              38.891385767790325,
              26.79400749063666
            ],
            [
              39.265917602996296,
              26.344569288389494
            ],
            [
              39.56554307116107,
              25.970037453183522
            ],
            [
              39.86516853932585,
              25.820224719101134
            ]
          ],
          [
            [
              40.314606741573016,
              26.419475655430688
            ],
            [
              40.23970037453182,
              26.943820224719047
            ],
            [
              39.940074906367045,
              27.243445692883938
            ]
          ],
          [
            [
              30.052434456928836,
              32.187265917602986
            ],
            [
              30.27715355805242,
              32.0374531835206
            ],
            [
              30.65168539325839,
              31.73782771535582
            ],
            [
              30.95131086142328,
              31.438202247191043
            ],
            [
              31.250936329588058,
              31.288389513108655
            ],
            [
              31.62546816479403,
              30.988764044943764
            ],
            [
              31.85018726591761,
              30.838951310861376
            ],
            [
              32.074906367041194,
              30.689138576778987
            ],
            [
              32.29962546816478,
              30.614232209737793
            ],
            [
              32.52434456928836,
              30.464419475655404
            ],
            [
              32.74906367041194,
              30.23970037453182
            ],
            [
              33.04868913857683,
              30.01498127340824
            ]
          ],
          [
            [
              36.569288389513076,
              25.970037453183522
            ],
            [
              36.569288389513076,
              25.59550561797755
            ],
            [
              36.64419475655427,
              25.295880149812774
            ],
            [
              36.719101123595465,
              24.996254681647997
            ]
          ],
          [
            [
              34.54681647940072,
              22.823970037453137
            ],
            [
              34.7715355805243,
              22.89887640449433
            ],
            [
              34.996254681648,
              22.973782771535525
            ],
            [
              35.22097378277158,
              23.04868913857672
            ],
            [
              35.44569288389516,
              23.123595505618027
            ],
            [
              35.670411985018745,
              23.273408239700416
            ],
            [
              35.97003745318352,
              23.498127340824
            ],
            [
              36.194756554307105,
              23.72284644194758
            ],
            [
              36.569288389513076,
              24.02247191011236
            ],
            [
              36.86891385767785,
              24.39700374531833
            ]
          ],
          [
            [
              33.12359550561803,
              28.292134831460658
            ],
            [
              33.423220973782804,
              28.367041198501852
            ],
            [
              33.797752808988776,
              28.441947565543046
            ],
            [
              34.09737827715355,
              28.591760299625435
            ],
            [
              34.39700374531833,
              28.66666666666663
            ]
          ],
          [
            [
              38.29213483146066,
              32.187265917602986
            ],
            [
              38.51685393258424,
              32.0374531835206
            ]
          ],
          [
            [
              39.041198501872714,
              31.513108614232237
            ],
            [
              39.11610486891391,
              31.288389513108655
            ],
            [
              38.96629213483152,
              31.063670411985072
            ],
            [
              38.591760299625435,
              30.76404494382018
            ],
            [
              38.14232209737827,
              30.689138576778987
            ]
          ],
          [
            [
              25.10861423220979,
              38.92883895131081
            ],
            [
              25.033707865168594,
              38.704119850187226
            ],
            [
              24.883895131086092,
              38.329588014981255
            ],
            [
              24.808988764044898,
              38.02996254681648
            ],
            [
              24.734082397003704,
              37.7303370786517
            ],
            [
              24.65917602996251,
              37.50561797752812
            ],
            [
              24.65917602996251,
              37.20599250936334
            ],
            [
              24.584269662921315,
              36.98127340823976
            ],
            [
              24.584269662921315,
              36.68164794007487
            ],
            [
              24.584269662921315,
              36.307116104868896
            ],
            [
              24.584269662921315,
              35.932584269662925
            ],
            [
              24.65917602996251,
              35.63295880149815
            ],
            [
              24.734082397003704,
              35.18352059925098
            ],
            [
              24.808988764044898,
              34.958801498127286
            ],
            [
              24.9588014981274,
              34.734082397003704
            ],
            [
              25.10861423220979,
              34.50936329588012
            ],
            [
              25.183520599250983,
              34.28464419475654
            ],
            [
              25.258426966292177,
              34.059925093632955
            ],
            [
              25.258426966292177,
              33.76029962546818
            ],
            [
              25.258426966292177,
              33.4606741573034
            ],
            [
              25.183520599250983,
              33.23595505617982
            ],
            [
              24.9588014981274,
              32.93632958801504
            ],
            [
              24.65917602996251,
              32.63670411985015
            ],
            [
              24.434456928838927,
              32.48689138576776
            ],
            [
              24.13483146067415,
              32.41198501872657
            ],
            [
              23.910112359550567,
              32.337078651685374
            ],
            [
              23.535580524344596,
              32.337078651685374
            ],
            [
              23.161048689138624,
              32.337078651685374
            ],
            [
              22.861423220973847,
              32.337078651685374
            ],
            [
              22.486891385767763,
              32.26217228464418
            ],
            [
              22.037453183520597,
              32.26217228464418
            ],
            [
              21.812734082397014,
              32.187265917602986
            ],
            [
              21.58801498127343,
              32.11235955056179
            ],
            [
              21.288389513108655,
              32.0374531835206
            ],
            [
              21.063670411985072,
              31.88764044943821
            ],
            [
              20.838951310861376,
              31.73782771535582
            ],
            [
              20.91385767790257,
              31.513108614232237
            ],
            [
              21.21348314606746,
              31.288389513108655
            ],
            [
              21.662921348314626,
              31.063670411985072
            ],
            [
              21.88764044943821,
              30.988764044943764
            ],
            [
              22.26217228464418,
              30.91385767790257
            ],
            [
              22.486891385767763,
              30.838951310861376
            ],
            [
              22.78651685393254,
              30.838951310861376
            ],
            [
              23.161048689138624,
              30.76404494382018
            ],
            [
              23.4606741573034,
              30.76404494382018
            ],
            [
              23.685393258426984,
              30.689138576778987
            ],
            [
              23.910112359550567,
              30.464419475655404
            ],
            [
              23.98501872659176,
              30.23970037453182
            ],
            [
              23.98501872659176,
              29.86516853932585
            ],
            [
              23.98501872659176,
              29.49063670411988
            ],
            [
              23.98501872659176,
              29.191011235955102
            ],
            [
              24.059925093632955,
              28.89138576779021
            ],
            [
              24.13483146067415,
              28.591760299625435
            ],
            [
              24.209737827715344,
              28.292134831460658
            ],
            [
              24.284644194756538,
              28.067415730337075
            ],
            [
              24.434456928838927,
              27.842696629213492
            ],
            [
              24.65917602996251,
              27.692883895131104
            ],
            [
              24.808988764044898,
              27.46816479400752
            ],
            [
              25.183520599250983,
              27.243445692883938
            ],
            [
              25.48314606741576,
              27.09363295880155
            ],
            [
              26.00749063670412,
              26.79400749063666
            ],
            [
              26.307116104868896,
              26.64419475655427
            ],
            [
              26.756554307116062,
              26.494382022471882
            ],
            [
              27.430711610486924,
              26.11985018726591
            ],
            [
              27.955056179775283,
              25.820224719101134
            ],
            [
              28.40449438202245,
              25.59550561797755
            ],
            [
              28.704119850187226,
              25.520599250936357
            ],
            [
              29.003745318352117,
              25.37078651685397
            ],
            [
              29.303370786516894,
              25.146067415730386
            ],
            [
              29.453183520599282,
              24.92134831460669
            ],
            [
              29.528089887640476,
              24.696629213483106
            ],
            [
              29.303370786516894,
              24.546816479400718
            ],
            [
              29.07865168539331,
              24.471910112359524
            ],
            [
              28.853932584269614,
              24.39700374531833
            ],
            [
              28.479400749063643,
              24.39700374531833
            ],
            [
              28.179775280898866,
              24.471910112359524
            ],
            [
              27.955056179775283,
              24.546816479400718
            ],
            [
              27.655430711610506,
              24.621722846441912
            ],
            [
              27.280898876404535,
              24.696629213483106
            ],
            [
              27.056179775280953,
              24.7715355805243
            ],
            [
              26.756554307116062,
              24.846441947565495
            ],
            [
              26.38202247191009,
              24.996254681647997
            ],
            [
              26.00749063670412,
              25.146067415730386
            ],
            [
              25.782771535580537,
              25.295880149812774
            ],
            [
              25.558052434456954,
              25.520599250936357
            ],
            [
              25.33333333333337,
              25.670411985018745
            ],
            [
              25.033707865168594,
              25.820224719101134
            ],
            [
              24.734082397003704,
              25.895131086142328
            ],
            [
              24.359550561797732,
              26.044943820224717
            ],
            [
              24.13483146067415,
              26.11985018726591
            ],
            [
              23.910112359550567,
              26.194756554307105
            ],
            [
              23.535580524344596,
              26.344569288389494
            ],
            [
              23.310861423221013,
              26.419475655430688
            ],
            [
              23.08614232209743,
              26.494382022471882
            ],
            [
              22.861423220973847,
              26.64419475655427
            ],
            [
              22.561797752808957,
              26.719101123595465
            ],
            [
              22.337078651685374,
              26.868913857677853
            ],
            [
              22.037453183520597,
              26.868913857677853
            ],
            [
              21.812734082397014,
              26.943820224719047
            ],
            [
              21.513108614232237,
              27.01872659176024
            ],
            [
              21.288389513108655,
              27.09363295880155
            ],
            [
              20.988764044943878,
              27.09363295880155
            ],
            [
              20.689138576778987,
              27.09363295880155
            ],
            [
              20.464419475655404,
              27.01872659176024
            ],
            [
              20.089887640449433,
              27.01872659176024
            ],
            [
              19.86516853932585,
              26.943820224719047
            ],
            [
              19.565543071161073,
              26.868913857677853
            ],
            [
              19.265917602996296,
              26.79400749063666
            ],
            [
              18.96629213483152,
              26.719101123595465
            ],
            [
              18.591760299625435,
              26.64419475655427
            ],
            [
              18.292134831460658,
              26.569288389513076
            ],
            [
              17.99250936329588,
              26.419475655430688
            ],
            [
              17.692883895131104,
              26.419475655430688
            ],
            [
              17.46816479400752,
              26.344569288389494
            ],
            [
              17.018726591760355,
              26.344569288389494
            ],
            [
              16.719101123595465,
              26.419475655430688
            ],
            [
              16.344569288389494,
              26.419475655430688
            ],
            [
              16.044943820224717,
              26.494382022471882
            ],
            [
              15.670411985018745,
              26.569288389513076
            ],
            [
              15.295880149812774,
              26.64419475655427
            ],
            [
              14.921348314606803,
              26.719101123595465
            ],
            [
              14.621722846441912,
              26.79400749063666
            ],
            [
              14.322097378277135,
              26.943820224719047
            ],
            [
              14.097378277153553,
              27.01872659176024
            ],
            [
              13.797752808988776,
              27.01872659176024
            ],
            [
              13.423220973782804,
              27.01872659176024
            ],
            [
              13.198501872659222,
              27.243445692883938
            ],
            [
              13.123595505618027,
              27.543071161048715
            ],
            [
              13.048689138576833,
              27.917602996254686
            ],
            [
              12.973782771535639,
              28.292134831460658
            ],
            [
              12.823970037453137,
              28.66666666666663
            ],
            [
              12.749063670411942,
              29.041198501872714
            ],
            [
              12.599250936329554,
              29.265917602996296
            ],
            [
              12.52434456928836,
              29.49063670411988
            ],
            [
              12.449438202247165,
              29.715355805243462
            ],
            [
              12.599250936329554,
              29.940074906367045
            ],
            [
              12.674157303370748,
              30.164794007490627
            ],
            [
              12.973782771535639,
              30.38951310861421
            ],
            [
              13.123595505618027,
              30.614232209737793
            ],
            [
              13.34831460674161,
              30.838951310861376
            ],
            [
              13.573033707865193,
              30.91385767790257
            ],
            [
              13.87265917602997,
              30.91385767790257
            ],
            [
              14.097378277153553,
              30.838951310861376
            ],
            [
              14.39700374531833,
              30.76404494382018
            ],
            [
              14.696629213483106,
              30.614232209737793
            ],
            [
              15.146067415730386,
              30.5393258426966
            ],
            [
              15.370786516853968,
              30.464419475655404
            ],
            [
              15.595505617977551,
              30.614232209737793
            ],
            [
              15.595505617977551,
              30.91385767790257
            ],
            [
              15.595505617977551,
              31.21348314606746
            ],
            [
              15.520599250936357,
              31.513108614232237
            ],
            [
              15.370786516853968,
              31.812734082397014
            ],
            [
              15.22097378277158,
              32.0374531835206
            ],
            [
              14.921348314606803,
              31.962546816479403
            ],
            [
              14.546816479400718,
              31.812734082397014
            ],
            [
              14.247191011235941,
              31.73782771535582
            ],
            [
              14.022471910112358,
              31.662921348314626
            ],
            [
              13.797752808988776,
              31.58801498127343
            ],
            [
              13.573033707865193,
              31.513108614232237
            ],
            [
              13.34831460674161,
              31.812734082397014
            ],
            [
              13.123595505618027,
              32.0374531835206
            ],
            [
              12.973782771535639,
              32.26217228464418
            ],
            [
              12.823970037453137,
              32.48689138576776
            ],
            [
              12.674157303370748,
              32.78651685393254
            ],
            [
              12.52434456928836,
              33.08614232209743
            ],
            [
              12.449438202247165,
              33.31086142322101
            ],
            [
              12.449438202247165,
              33.61048689138579
            ],
            [
              12.52434456928836,
              33.98501872659176
            ],
            [
              12.52434456928836,
              34.28464419475654
            ],
            [
              12.674157303370748,
              34.584269662921315
            ],
            [
              12.749063670411942,
              34.88389513108609
            ],
            [
              12.898876404494331,
              35.18352059925098
            ],
            [
              12.973782771535639,
              35.558052434456954
            ],
            [
              13.048689138576833,
              35.78277153558054
            ],
            [
              13.123595505618027,
              36.00749063670412
            ],
            [
              13.198501872659222,
              36.2322097378277
            ],
            [
              13.273408239700416,
              36.456928838951285
            ],
            [
              13.34831460674161,
              36.68164794007487
            ],
            [
              13.423220973782804,
              36.98127340823976
            ],
            [
              13.498127340823999,
              37.20599250936334
            ],
            [
              13.573033707865193,
              37.50561797752812
            ],
            [
              13.722846441947581,
              37.88014981273409
            ],
            [
              13.797752808988776,
              38.179775280898866
            ],
            [
              13.947565543071164,
              38.55430711610484
            ],
            [
              14.022471910112358,
              38.853932584269614
            ],
            [
              14.097378277153553,
              39.2284644194757
            ],
            [
              14.247191011235941,
              39.60299625468167
            ],
            [
              14.322097378277135,
              39.90262172284645
            ],
            [
              14.471910112359524,
              40.27715355805242
            ],
            [
              14.621722846441912,
              40.501872659176
            ],
            [
              14.7715355805243,
              40.87640449438197
            ],
            [
              14.921348314606803,
              41.10112359550567
            ],
            [
              14.996254681647997,
              41.32584269662925
            ],
            [
              15.146067415730386,
              41.550561797752835
            ],
            [
              15.22097378277158,
              41.77528089887642
            ],
            [
              15.370786516853968,
              42.0
            ],
            [
              15.445692883895163,
              42.22471910112358
            ],
            [
              15.520599250936357,
              42.52434456928836
            ],
            [
              15.595505617977551,
              42.74906367041194
            ],
            [
              15.595505617977551,
              43.12359550561803
            ],
            [
              15.595505617977551,
              43.57303370786519
            ],
            [
              15.670411985018745,
              44.02247191011236
            ],
            [
              15.670411985018745,
              44.471910112359524
            ],
            [
              15.670411985018745,
              44.92134831460669
            ],
            [
              15.670411985018745,
              45.37078651685397
            ],
            [
              15.670411985018745,
              45.820224719101134
            ],
            [
              15.74531835205994,
              46.04494382022472
            ],
            [
              15.74531835205994,
              46.41947565543069
            ],
            [
              15.820224719101134,
              46.719101123595465
            ],
            [
              15.895131086142328,
              47.018726591760355
            ],
            [
              16.11985018726591,
              47.24344569288394
            ],
            [
              16.2696629213483,
              47.46816479400752
            ],
            [
              16.419475655430688,
              47.692883895131104
            ],
            [
              16.64419475655427,
              47.917602996254686
            ],
            [
              16.868913857677853,
              48.067415730337075
            ],
            [
              17.09363295880155,
              48.21722846441946
            ],
            [
              17.46816479400752,
              48.441947565543046
            ],
            [
              17.767790262172298,
              48.591760299625435
            ],
            [
              17.99250936329588,
              48.74157303370782
            ],
            [
              18.367041198501852,
              48.96629213483152
            ],
            [
              18.741573033707823,
              49.1910112359551
            ],
            [
              18.96629213483152,
              49.34082397003749
            ],
            [
              19.191011235955102,
              49.415730337078685
            ],
            [
              19.565543071161073,
              49.64044943820227
            ],
            [
              19.86516853932585,
              49.790262172284656
            ],
            [
              20.23970037453182,
              50.08988764044943
            ],
            [
              20.464419475655404,
              50.23970037453182
            ],
            [
              20.689138576778987,
              50.38951310861421
            ],
            [
              20.91385767790257,
              50.5393258426966
            ],
            [
              21.063670411985072,
              50.76404494382018
            ],
            [
              21.36329588014985,
              50.91385767790257
            ],
            [
              21.662921348314626,
              51.21348314606746
            ],
            [
              22.037453183520597,
              51.43820224719104
            ],
            [
              22.26217228464418,
              51.58801498127343
            ],
            [
              22.486891385767763,
              51.812734082397014
            ],
            [
              22.78651685393254,
              52.0374531835206
            ],
            [
              23.011235955056236,
              52.26217228464418
            ],
            [
              23.23595505617982,
              52.41198501872657
            ],
            [
              23.4606741573034,
              52.56179775280896
            ],
            [
              23.685393258426984,
              52.63670411985015
            ],
            [
              23.98501872659176,
              52.78651685393254
            ],
            [
              24.284644194756538,
              52.861423220973734
            ],
            [
              24.50936329588012,
              52.93632958801493
            ],
            [
              24.734082397003704,
              53.011235955056236
            ],
            [
              24.9588014981274,
              53.08614232209743
            ],
            [
              25.183520599250983,
              53.161048689138624
            ],
            [
              25.408239700374565,
              53.23595505617982
            ],
            [
              25.707865168539342,
              53.31086142322101
            ],
            [
              25.932584269662925,
              53.38576779026221
            ],
            [
              26.157303370786508,
              53.4606741573034
            ]
          ],
          [
            [
              12.823970037453137,
              43.423220973782804
            ],
            [
              12.898876404494331,
              43.64794007490639
            ],
            [
              12.823970037453137,
              43.87265917602997
            ],
            [
              12.52434456928836,
              44.17228464419475
            ],
            [
              12.149812734082388,
              44.39700374531833
            ],
            [
              11.775280898876417,
              44.54681647940072
            ],
            [
              11.176029962546863,
              44.7715355805243
            ],
            [
              10.576779026217196,
              44.92134831460669
            ],
            [
              10.202247191011224,
              45.07116104868919
            ],
            [
              9.752808988764059,
              45.146067415730386
            ],
            [
              9.528089887640476,
              45.22097378277158
            ],
            [
              9.528089887640476,
              44.92134831460669
            ],
            [
              9.60299625468167,
              44.54681647940072
            ],
            [
              9.677902621722865,
              44.24719101123594
            ],
            [
              9.752808988764059,
              43.947565543071164
            ],
            [
              9.827715355805253,
              43.72284644194758
            ],
            [
              9.902621722846447,
              43.423220973782804
            ],
            [
              10.052434456928836,
              43.19850187265922
            ],
            [
              10.12734082397003,
              42.82397003745314
            ],
            [
              10.277153558052419,
              42.37453183520597
            ],
            [
              10.352059925093613,
              42.14981273408239
            ],
            [
              10.501872659176001,
              41.85018726591761
            ],
            [
              10.726591760299584,
              41.62546816479403
            ],
            [
              10.95131086142328,
              41.47565543071164
            ],
            [
              11.176029962546863,
              41.400749063670446
            ],
            [
              11.47565543071164,
              41.32584269662925
            ],
            [
              11.775280898876417,
              41.32584269662925
            ],
            [
              12.074906367041194,
              41.32584269662925
            ],
            [
              12.449438202247165,
              41.32584269662925
            ],
            [
              12.749063670411942,
              41.400749063670446
            ],
            [
              12.973782771535639,
              41.62546816479403
            ],
            [
              13.198501872659222,
              41.925093632958806
            ],
            [
              13.273408239700416,
              42.14981273408239
            ],
            [
              13.34831460674161,
              42.37453183520597
            ],
            [
              13.423220973782804,
              42.67415730337075
            ],
            [
              13.498127340823999,
              42.89887640449433
            ],
            [
              13.498127340823999,
              43.19850187265922
            ],
            [
              13.573033707865193,
              43.423220973782804
            ]
          ],
          [
            [
              9.677902621722865,
              37.20599250936334
            ],
            [
              9.827715355805253,
              37.430711610486924
            ],
            [
              9.752808988764059,
              37.13108614232215
            ],
            [
              9.752808988764059,
              36.831460674157256
            ],
            [
              9.752808988764059,
              36.456928838951285
            ],
            [
              9.902621722846447,
              36.00749063670412
            ],
            [
              9.977528089887642,
              35.78277153558054
            ],
            [
              10.202247191011224,
              35.558052434456954
            ],
            [
              10.501872659176001,
              35.18352059925098
            ],
            [
              10.726591760299584,
              34.958801498127286
            ],
            [
              10.95131086142328,
              34.88389513108609
            ],
            [
              11.250936329588058,
              34.88389513108609
            ],
            [
              11.550561797752835,
              34.958801498127286
            ],
            [
              11.775280898876417,
              35.18352059925098
            ],
            [
              11.850187265917612,
              35.408239700374565
            ],
            [
              11.925093632958806,
              35.63295880149815
            ],
            [
              11.925093632958806,
              35.932584269662925
            ],
            [
              11.925093632958806,
              36.2322097378277
            ],
            [
              11.925093632958806,
              36.60674157303367
            ],
            [
              11.850187265917612,
              36.831460674157256
            ],
            [
              11.775280898876417,
              37.13108614232215
            ],
            [
              11.625468164794029,
              37.35580524344573
            ],
            [
              11.400749063670446,
              37.430711610486924
            ],
            [
              10.95131086142328,
              37.58052434456931
            ],
            [
              10.576779026217196,
              37.58052434456931
            ],
            [
              10.352059925093613,
              37.65543071161051
            ],
            [
              9.977528089887642,
              37.65543071161051
            ],
            [
              9.752808988764059,
              37.58052434456931
            ],
            [
              9.677902621722865,
              37.20599250936334
            ],
            [
              9.60299625468167,
              36.831460674157256
            ],
            [
              9.60299625468167,
              36.53183520599248
            ],
            [
              9.60299625468167,
              36.2322097378277
            ],
            [
              9.60299625468167,
              35.932584269662925
            ]
          ],
          [
            [
              10.426966292134807,
              33.011235955056236
            ],
            [
              10.426966292134807,
              32.711610486891345
            ],
            [
              10.426966292134807,
              32.41198501872657
            ],
            [
              10.426966292134807,
              32.11235955056179
            ],
            [
              10.352059925093613,
              31.88764044943821
            ],
            [
              10.352059925093613,
              31.513108614232237
            ],
            [
              10.352059925093613,
              31.21348314606746
            ],
            [
              10.576779026217196,
              31.063670411985072
            ],
            [
              10.801498127340778,
              30.988764044943764
            ],
            [
              11.026217228464475,
              30.91385767790257
            ],
            [
              11.250936329588058,
              30.838951310861376
            ],
            [
              11.400749063670446,
              31.063670411985072
            ],
            [
              11.47565543071164,
              31.288389513108655
            ],
            [
              11.550561797752835,
              31.513108614232237
            ],
            [
              11.625468164794029,
              31.812734082397014
            ],
            [
              11.625468164794029,
              32.11235955056179
            ],
            [
              11.625468164794029,
              32.41198501872657
            ],
            [
              11.550561797752835,
              32.711610486891345
            ],
            [
              11.47565543071164,
              32.93632958801504
            ],
            [
              11.250936329588058,
              33.08614232209743
            ],
            [
              11.026217228464475,
              33.161048689138624
            ],
            [
              10.65168539325839,
              33.08614232209743
            ],
            [
              10.352059925093613,
              33.011235955056236
            ],
            [
              10.12734082397003,
              32.93632958801504
            ],
            [
              9.977528089887642,
              32.711610486891345
            ],
            [
              9.977528089887642,
              32.41198501872657
            ],
            [
              9.977528089887642,
              31.962546816479403
            ]
          ],
          [
            [
              9.977528089887642,
              29.715355805243462
            ],
            [
              9.977528089887642,
              29.415730337078685
            ],
            [
              9.902621722846447,
              29.191011235955102
            ],
            [
              9.902621722846447,
              28.89138576779021
            ],
            [
              9.902621722846447,
              28.591760299625435
            ],
            [
              9.902621722846447,
              28.217228464419463
            ],
            [
              9.902621722846447,
              27.917602996254686
            ],
            [
              9.902621722846447,
              27.61797752808991
            ],
            [
              9.977528089887642,
              27.393258426966327
            ],
            [
              10.202247191011224,
              27.168539325842744
            ],
            [
              10.576779026217196,
              27.01872659176024
            ],
            [
              10.801498127340778,
              26.943820224719047
            ],
            [
              11.101123595505669,
              26.868913857677853
            ],
            [
              11.325842696629252,
              26.79400749063666
            ],
            [
              11.550561797752835,
              27.01872659176024
            ],
            [
              11.550561797752835,
              27.318352059925132
            ],
            [
              11.700374531835223,
              27.61797752808991
            ],
            [
              11.700374531835223,
              27.99250936329588
            ],
            [
              11.775280898876417,
              28.217228464419463
            ],
            [
              11.850187265917612,
              28.51685393258424
            ],
            [
              11.850187265917612,
              28.816479400749017
            ],
            [
              11.775280898876417,
              29.041198501872714
            ],
            [
              11.625468164794029,
              29.265917602996296
            ],
            [
              11.325842696629252,
              29.415730337078685
            ],
            [
              11.101123595505669,
              29.49063670411988
            ],
            [
              10.801498127340778,
              29.565543071161073
            ],
            [
              10.501872659176001,
              29.640449438202268
            ],
            [
              10.202247191011224,
              29.640449438202268
            ],
            [
              9.752808988764059,
              29.715355805243462
            ],
            [
              9.303370786516894,
              29.715355805243462
            ],
            [
              9.003745318352117,
              29.715355805243462
            ],
            [
              8.704119850187226,
              29.640449438202268
            ]
          ],
          [
            [
              15.445692883895163,
              24.92134831460669
            ],
            [
              15.22097378277158,
              24.846441947565495
            ],
            [
              14.921348314606803,
              24.696629213483106
            ],
            [
              14.696629213483106,
              24.621722846441912
            ],
            [
              14.322097378277135,
              24.471910112359524
            ],
            [
              14.097378277153553,
              24.39700374531833
            ],
            [
              13.797752808988776,
              24.322097378277135
            ],
            [
              13.647940074906387,
              24.097378277153553
            ],
            [
              13.647940074906387,
              23.797752808988776
            ],
            [
              13.647940074906387,
              23.498127340824
            ],
            [
              13.797752808988776,
              23.19850187265922
            ],
            [
              13.87265917602997,
              22.89887640449433
            ],
            [
              14.022471910112358,
              22.599250936329554
            ],
            [
              14.172284644194747,
              22.224719101123583
            ],
            [
              14.247191011235941,
              22.0
            ],
            [
              14.39700374531833,
              21.700374531835223
            ],
            [
              14.471910112359524,
              21.47565543071164
            ],
            [
              14.546816479400718,
              21.10112359550567
            ],
            [
              14.621722846441912,
              20.65168539325839
            ],
            [
              14.621722846441912,
              20.202247191011224
            ],
            [
              14.696629213483106,
              19.60299625468167
            ],
            [
              14.696629213483106,
              19.153558052434505
            ],
            [
              14.696629213483106,
              18.853932584269614
            ],
            [
              14.696629213483106,
              18.479400749063643
            ],
            [
              14.696629213483106,
              18.104868913857672
            ],
            [
              14.696629213483106,
              17.805243445692895
            ],
            [
              14.7715355805243,
              17.35580524344573
            ],
            [
              14.7715355805243,
              17.056179775280953
            ],
            [
              14.846441947565495,
              16.831460674157256
            ],
            [
              14.996254681647997,
              16.53183520599248
            ],
            [
              15.146067415730386,
              16.307116104868896
            ],
            [
              15.22097378277158,
              16.082397003745314
            ],
            [
              15.370786516853968,
              15.857677902621731
            ],
            [
              15.595505617977551,
              15.48314606741576
            ],
            [
              15.74531835205994,
              15.183520599250983
            ],
            [
              15.895131086142328,
              14.958801498127286
            ],
            [
              16.044943820224717,
              14.50936329588012
            ],
            [
              16.194756554307105,
              14.284644194756538
            ],
            [
              16.419475655430688,
              13.835205992509373
            ],
            [
              16.494382022471882,
              13.61048689138579
            ],
            [
              16.64419475655427,
              13.385767790262207
            ],
            [
              16.79400749063666,
              13.011235955056236
            ],
            [
              16.94382022471916,
              12.711610486891345
            ],
            [
              17.09363295880155,
              12.411985018726568
            ],
            [
              17.243445692883938,
              12.112359550561791
            ],
            [
              17.393258426966327,
              11.812734082397014
            ],
            [
              17.543071161048715,
              11.588014981273432
            ],
            [
              17.842696629213492,
              11.588014981273432
            ],
            [
              18.14232209737827,
              11.662921348314626
            ],
            [
              18.367041198501852,
              11.887640449438209
            ],
            [
              18.591760299625435,
              12.037453183520597
            ],
            [
              18.891385767790325,
              12.26217228464418
            ],
            [
              19.116104868913908,
              12.561797752808957
            ],
            [
              19.34082397003749,
              12.78651685393254
            ],
            [
              19.565543071161073,
              13.08614232209743
            ],
            [
              19.715355805243462,
              13.385767790262207
            ],
            [
              19.86516853932585,
              13.685393258426984
            ],
            [
              20.01498127340824,
              13.910112359550567
            ],
            [
              20.089887640449433,
              14.13483146067415
            ],
            [
              20.164794007490627,
              14.359550561797732
            ],
            [
              20.314606741573016,
              14.584269662921315
            ],
            [
              20.314606741573016,
              14.883895131086092
            ],
            [
              20.23970037453182,
              14.65917602996251
            ],
            [
              20.23970037453182,
              14.284644194756538
            ],
            [
              20.38951310861421,
              14.059925093632955
            ],
            [
              20.464419475655404,
              13.835205992509373
            ],
            [
              20.5393258426966,
              13.61048689138579
            ],
            [
              20.614232209737793,
              13.385767790262207
            ],
            [
              20.838951310861376,
              13.235955056179819
            ],
            [
              21.138576779026266,
              13.385767790262207
            ],
            [
              21.36329588014985,
              13.535580524344596
            ],
            [
              21.662921348314626,
              13.835205992509373
            ],
            [
              21.812734082397014,
              14.13483146067415
            ],
            [
              21.88764044943821,
              14.359550561797732
            ],
            [
              22.037453183520597,
              14.734082397003704
            ],
            [
              22.11235955056179,
              14.958801498127286
            ],
            [
              22.187265917602986,
              14.50936329588012
            ],
            [
              22.26217228464418,
              14.209737827715344
            ],
            [
              22.337078651685374,
              13.835205992509373
            ],
            [
              22.486891385767763,
              13.460674157303401
            ],
            [
              22.561797752808957,
              13.235955056179819
            ],
            [
              22.78651685393254,
              12.861423220973734
            ],
            [
              23.011235955056236,
              12.411985018726568
            ],
            [
              23.310861423221013,
              12.187265917602986
            ],
            [
              23.535580524344596,
              12.037453183520597
            ],
            [
              23.76029962546818,
              11.962546816479403
            ],
            [
              24.059925093632955,
              11.962546816479403
            ],
            [
              24.434456928838927,
              12.187265917602986
            ],
            [
              24.65917602996251,
              12.337078651685374
            ],
            [
              24.883895131086092,
              12.636704119850151
            ],
            [
              25.10861423220979,
              12.861423220973734
            ],
            [
              25.408239700374565,
              13.385767790262207
            ],
            [
              25.707865168539342,
              13.835205992509373
            ],
            [
              25.85767790262173,
              14.209737827715344
            ],
            [
              25.932584269662925,
              14.434456928838927
            ],
            [
              26.082397003745314,
              14.883895131086092
            ],
            [
              26.232209737827702,
              15.108614232209788
            ],
            [
              26.38202247191009,
              15.408239700374565
            ],
            [
              26.53183520599248,
              15.632958801498148
            ],
            [
              26.681647940074868,
              16.00749063670412
            ],
            [
              26.906367041198564,
              16.53183520599248
            ],
            [
              27.056179775280953,
              16.90636704119845
            ],
            [
              27.20599250936334,
              17.280898876404535
            ],
            [
              27.280898876404535,
              17.655430711610506
            ],
            [
              27.35580524344573,
              17.955056179775283
            ],
            [
              27.35580524344573,
              18.25468164794006
            ],
            [
              27.35580524344573,
              18.554307116104837
            ],
            [
              27.35580524344573,
              18.853932584269614
            ],
            [
              27.280898876404535,
              19.07865168539331
            ],
            [
              27.20599250936334,
              19.303370786516894
            ],
            [
              27.131086142322147,
              19.528089887640476
            ],
            [
              27.056179775280953,
              19.827715355805253
            ],
            [
              26.906367041198564,
              20.202247191011224
            ],
            [
              26.831460674157256,
              20.426966292134807
            ],
            [
              26.681647940074868,
              20.65168539325839
            ],
            [
              26.606741573033673,
              20.876404494381973
            ],
            [
              26.456928838951285,
              21.176029962546863
            ],
            [
              26.307116104868896,
              21.47565543071164
            ],
            [
              26.082397003745314,
              21.85018726591761
            ],
            [
              25.932584269662925,
              22.074906367041194
            ],
            [
              25.707865168539342,
              22.224719101123583
            ],
            [
              25.558052434456954,
              22.449438202247165
            ],
            [
              25.33333333333337,
              22.599250936329554
            ],
            [
              25.10861423220979,
              22.89887640449433
            ],
            [
              24.883895131086092,
              23.04868913857672
            ],
            [
              24.65917602996251,
              23.273408239700416
            ],
            [
              24.434456928838927,
              23.498127340824
            ],
            [
              24.209737827715344,
              23.72284644194758
            ],
            [
              23.98501872659176,
              23.87265917602997
            ],
            [
              23.76029962546818,
              24.02247191011236
            ],
            [
              23.535580524344596,
              24.172284644194747
            ],
            [
              23.310861423221013,
              24.322097378277135
            ],
            [
              23.08614232209743,
              24.39700374531833
            ],
            [
              22.861423220973847,
              24.471910112359524
            ],
            [
              22.63670411985015,
              24.546816479400718
            ],
            [
              22.41198501872657,
              24.696629213483106
            ],
            [
              22.187265917602986,
              24.7715355805243
            ],
            [
              21.962546816479403,
              24.92134831460669
            ],
            [
              21.662921348314626,
              24.92134831460669
            ],
            [
              21.36329588014985,
              24.996254681647997
            ],
            [
              20.988764044943878,
              24.996254681647997
            ],
            [
              20.614232209737793,
              24.996254681647997
            ],
            [
              20.164794007490627,
              24.996254681647997
            ],
            [
              19.86516853932585,
              24.996254681647997
            ],
            [
              19.49063670411988,
              25.07116104868919
            ],
            [
              19.191011235955102,
              25.07116104868919
            ],
            [
              18.96629213483152,
              25.146067415730386
            ],
            [
              18.591760299625435,
              25.295880149812774
            ],
            [
              18.292134831460658,
              25.295880149812774
            ],
            [
              17.99250936329588,
              25.295880149812774
            ],
            [
              17.767790262172298,
              25.22097378277158
            ],
            [
              17.393258426966327,
              25.22097378277158
            ],
            [
              17.09363295880155,
              25.146067415730386
            ],
            [
              16.868913857677853,
              25.07116104868919
            ],
            [
              16.64419475655427,
              24.996254681647997
            ],
            [
              16.344569288389494,
              24.996254681647997
            ],
            [
              16.11985018726591,
              24.92134831460669
            ],
            [
              15.595505617977551,
              24.846441947565495
            ],
            [
              15.295880149812774,
              24.846441947565495
            ],
            [
              14.996254681647997,
              24.846441947565495
            ],
            [
              14.471910112359524,
              24.846441947565495
            ],
            [
              14.097378277153553,
              24.92134831460669
            ],
            [
              13.647940074906387,
              24.92134831460669
            ],
            [
              13.123595505618027,
              24.92134831460669
            ],
            [
              12.749063670411942,
              24.92134831460669
            ],
            [
              12.449438202247165,
              24.92134831460669
            ]
          ],
          [
            [
              19.86516853932585,
              8.741573033707823
            ],
            [
              20.01498127340824,
              8.96629213483152
            ],
            [
              20.23970037453182,
              9.191011235955102
            ],
            [
              20.464419475655404,
              9.49063670411988
            ],
            [
              20.76404494382018,
              9.790262172284656
            ],
            [
              21.063670411985072,
              10.014981273408239
            ],
            [
              21.36329588014985,
              10.164794007490627
            ],
            [
              21.73782771535582,
              10.239700374531822
            ],
            [
              22.037453183520597,
              10.314606741573016
            ],
            [
              22.337078651685374,
              10.314606741573016
            ],
            [
              22.63670411985015,
              10.314606741573016
            ],
            [
              22.78651685393254,
              10.089887640449433
            ],
            [
              23.011235955056236,
              9.790262172284656
            ],
            [
              23.161048689138624,
              9.565543071161073
            ],
            [
              23.310861423221013,
              9.34082397003749
            ],
            [
              23.310861423221013,
              9.041198501872714
            ],
            [
              23.310861423221013,
              8.741573033707823
            ],
            [
              23.23595505617982,
              8.441947565543046
            ],
            [
              23.011235955056236,
              8.217228464419463
            ],
            [
              22.78651685393254,
              8.142322097378269
            ],
            [
              22.41198501872657,
              8.067415730337075
            ],
            [
              22.11235955056179,
              8.067415730337075
            ],
            [
              21.812734082397014,
              8.067415730337075
            ],
            [
              21.513108614232237,
              8.067415730337075
            ],
            [
              21.21348314606746,
              8.142322097378269
            ],
            [
              20.988764044943878,
              8.217228464419463
            ],
            [
              20.76404494382018,
              8.292134831460658
            ],
            [
              20.5393258426966,
              8.51685393258424
            ],
            [
              20.38951310861421,
              8.741573033707823
            ],
            [
              20.314606741573016,
              9.041198501872714
            ],
            [
              20.314606741573016,
              9.34082397003749
            ]
          ],
          [
            [
              29.453183520599282,
              25.22097378277158
            ],
            [
              29.153558052434505,
              25.22097378277158
            ],
            [
              28.92883895131081,
              25.295880149812774
            ],
            [
              28.62921348314603,
              25.59550561797755
            ],
            [
              28.40449438202245,
              25.74531835205994
            ],
            [
              28.179775280898866,
              25.970037453183522
            ],
            [
              28.029962546816478,
              26.194756554307105
            ],
            [
              27.88014981273409,
              26.419475655430688
            ],
            [
              27.7303370786517,
              26.64419475655427
            ],
            [
              27.580524344569312,
              26.868913857677853
            ],
            [
              27.35580524344573,
              27.09363295880155
            ],
            [
              27.35580524344573,
              27.393258426966327
            ],
            [
              27.280898876404535,
              27.692883895131104
            ],
            [
              27.20599250936334,
              27.917602996254686
            ],
            [
              27.056179775280953,
              28.14232209737827
            ],
            [
              26.831460674157256,
              28.51685393258424
            ],
            [
              26.456928838951285,
              28.96629213483152
            ],
            [
              26.232209737827702,
              29.116104868913908
            ],
            [
              25.932584269662925,
              29.415730337078685
            ],
            [
              25.707865168539342,
              29.640449438202268
            ],
            [
              25.408239700374565,
              29.940074906367045
            ],
            [
              25.033707865168594,
              30.23970037453182
            ],
            [
              24.808988764044898,
              30.314606741573016
            ],
            [
              24.434456928838927,
              30.689138576778987
            ],
            [
              24.13483146067415,
              30.838951310861376
            ],
            [
              24.584269662921315,
              30.91385767790257
            ],
            [
              25.033707865168594,
              30.91385767790257
            ],
            [
              25.408239700374565,
              30.91385767790257
            ],
            [
              25.707865168539342,
              30.91385767790257
            ],
            [
              26.082397003745314,
              30.91385767790257
            ],
            [
              26.53183520599248,
              30.838951310861376
            ],
            [
              26.756554307116062,
              30.76404494382018
            ],
            [
              27.056179775280953,
              30.5393258426966
            ],
            [
              27.20599250936334,
              30.314606741573016
            ],
            [
              27.430711610486924,
              30.01498127340824
            ],
            [
              27.655430711610506,
              29.715355805243462
            ],
            [
              27.805243445692895,
              29.49063670411988
            ],
            [
              27.955056179775283,
              29.191011235955102
            ],
            [
              28.25468164794006,
              28.741573033707823
            ],
            [
              28.40449438202245,
              28.51685393258424
            ],
            [
              28.62921348314603,
              28.14232209737827
            ],
            [
              28.77902621722842,
              27.917602996254686
            ],
            [
              28.92883895131081,
              27.543071161048715
            ],
            [
              29.003745318352117,
              27.318352059925132
            ],
            [
              29.153558052434505,
              26.943820224719047
            ],
            [
              29.2284644194757,
              26.719101123595465
            ],
            [
              29.303370786516894,
              26.419475655430688
            ],
            [
              29.378277153558088,
              25.970037453183522
            ],
            [
              29.453183520599282,
              25.670411985018745
            ],
            [
              29.528089887640476,
              25.445692883895163
            ],
            [
              29.677902621722865,
              25.146067415730386
            ],
            [
              29.75280898876406,
              24.92134831460669
            ],
            [
              29.827715355805253,
              24.696629213483106
            ],
            [
              29.827715355805253,
              24.322097378277135
            ],
            [
              29.827715355805253,
              24.02247191011236
            ],
            [
              29.60299625468167,
              23.947565543071164
            ],
            [
              29.303370786516894,
              24.172284644194747
            ],
            [
              29.07865168539331,
              24.39700374531833
            ],
            [
              28.853932584269614,
              24.621722846441912
            ],
            [
              28.62921348314603,
              24.92134831460669
            ],
            [
              28.554307116104837,
              25.146067415730386
            ],
            [
              28.479400749063643,
              25.37078651685397
            ],
            [
              28.40449438202245,
              25.670411985018745
            ]
          ],
          [
            [
              22.861423220973847,
              4.846441947565495
            ],
            [
              22.63670411985015,
              4.6966292134831065
            ],
            [
              22.711610486891345,
              4.921348314606803
            ],
            [
              22.93632958801504,
              5.146067415730386
            ],
            [
              23.23595505617982,
              5.445692883895163
            ],
            [
              23.4606741573034,
              5.670411985018745
            ],
            [
              23.76029962546818,
              5.74531835205994
            ],
            [
              23.98501872659176,
              5.895131086142328
            ],
            [
              24.209737827715344,
              5.970037453183522
            ],
            [
              24.50936329588012,
              6.0449438202247165
            ],
            [
              24.808988764044898,
              6.194756554307105
            ],
            [
              25.10861423220979,
              6.194756554307105
            ],
            [
              25.258426966292177,
              5.970037453183522
            ],
            [
              25.33333333333337,
              5.74531835205994
            ],
            [
              25.408239700374565,
              5.520599250936357
            ],
            [
              25.48314606741576,
              5.295880149812774
            ],
            [
              25.707865168539342,
              5.22097378277158
            ],
            [
              25.932584269662925,
              5.445692883895163
            ],
            [
              26.00749063670412,
              5.74531835205994
            ],
            [
              26.082397003745314,
              5.970037453183522
            ],
            [
              26.157303370786508,
              6.269662921348299
            ],
            [
              26.38202247191009,
              6.494382022471882
            ],
            [
              26.606741573033673,
              6.569288389513076
            ],
            [
              26.906367041198564,
              6.569288389513076
            ],
            [
              27.056179775280953,
              6.3445692883894935
            ],
            [
              27.20599250936334,
              6.119850187265911
            ],
            [
              27.20599250936334,
              5.820224719101134
            ],
            [
              27.20599250936334,
              5.520599250936357
            ],
            [
              27.20599250936334,
              5.22097378277158
            ],
            [
              27.430711610486924,
              5.146067415730386
            ],
            [
              27.655430711610506,
              5.071161048689191
            ],
            [
              28.029962546816478,
              5.071161048689191
            ],
            [
              28.25468164794006,
              5.146067415730386
            ],
            [
              28.62921348314603,
              5.370786516853968
            ],
            [
              28.92883895131081,
              5.595505617977551
            ],
            [
              29.153558052434505,
              5.670411985018745
            ],
            [
              29.453183520599282,
              5.820224719101134
            ],
            [
              29.75280898876406,
              5.970037453183522
            ],
            [
              29.902621722846447,
              6.194756554307105
            ],
            [
              29.827715355805253,
              5.970037453183522
            ],
            [
              29.75280898876406,
              5.74531835205994
            ],
            [
              29.60299625468167,
              5.520599250936357
            ],
            [
              29.378277153558088,
              5.295880149812774
            ],
            [
              29.153558052434505,
              5.071161048689191
            ],
            [
              28.92883895131081,
              4.996254681647997
            ],
            [
              28.704119850187226,
              4.921348314606803
            ],
            [
              28.40449438202245,
              4.771535580524301
            ],
            [
              28.104868913857672,
              4.621722846441912
            ],
            [
              27.88014981273409,
              4.471910112359524
            ],
            [
              27.955056179775283,
              4.247191011235941
            ],
            [
              28.25468164794006,
              4.022471910112358
            ],
            [
              28.554307116104837,
              3.87265917602997
            ],
            [
              28.853932584269614,
              3.7977528089887755
            ],
            [
              29.303370786516894,
              3.7228464419475813
            ],
            [
              29.60299625468167,
              3.647940074906387
            ],
            [
              29.902621722846447,
              3.573033707865193
            ],
            [
              30.202247191011224,
              3.573033707865193
            ],
            [
              30.501872659176,
              3.573033707865193
            ],
            [
              30.80149812734078,
              3.573033707865193
            ],
            [
              31.176029962546863,
              3.573033707865193
            ],
            [
              31.400749063670446,
              3.647940074906387
            ],
            [
              31.62546816479403,
              3.7228464419475813
            ],
            [
              31.925093632958806,
              3.7228464419475813
            ],
            [
              32.29962546816478,
              3.7977528089887755
            ],
            [
              32.599250936329554,
              3.7977528089887755
            ],
            [
              33.12359550561803,
              3.87265917602997
            ],
            [
              33.64794007490639,
              3.87265917602997
            ],
            [
              34.02247191011236,
              3.87265917602997
            ],
            [
              34.471910112359524,
              3.947565543071164
            ],
            [
              34.996254681648,
              3.947565543071164
            ],
            [
              35.52059925093636,
              3.947565543071164
            ],
            [
              35.97003745318352,
              3.947565543071164
            ],
            [
              36.41947565543069,
              3.947565543071164
            ],
            [
              36.79400749063666,
              3.947565543071164
            ],
            [
              37.09363295880155,
              3.87265917602997
            ],
            [
              37.39325842696633,
              3.87265917602997
            ],
            [
              37.61797752808991,
              3.7977528089887755
            ],
            [
              38.067415730337075,
              3.7977528089887755
            ],
            [
              38.591760299625435,
              3.647940074906387
            ],
            [
              39.041198501872714,
              3.573033707865193
            ],
            [
              39.71535580524346,
              3.4981273408239986
            ],
            [
              40.38951310861421,
              3.34831460674161
            ],
            [
              41.21348314606746,
              3.1985018726592216
            ],
            [
              41.58801498127343,
              3.1235955056179137
            ],
            [
              41.9625468164794,
              3.0486891385767194
            ],
            [
              42.187265917602986,
              2.973782771535525
            ],
            [
              42.0374531835206,
              2.7490636704119424
            ],
            [
              41.662921348314626,
              2.599250936329554
            ],
            [
              41.36329588014985,
              2.4494382022471655
            ],
            [
              40.91385767790257,
              2.374531835205971
            ],
            [
              40.464419475655404,
              2.299625468164777
            ],
            [
              39.940074906367045,
              2.1498127340823885
            ],
            [
              39.49063670411988,
              2.0749063670411942
            ],
            [
              39.1910112359551,
              2.0
            ],
            [
              38.81647940074902,
              2.0
            ],
            [
              38.51685393258424,
              2.0
            ],
            [
              38.21722846441946,
              2.0
            ],
            [
              37.84269662921349,
              2.0
            ],
            [
              37.168539325842744,
              2.0
            ],
            [
              36.49438202247188,
              2.0749063670411942
            ],
            [
              35.97003745318352,
              2.1498127340823885
            ],
            [
              35.22097378277158,
              2.299625468164777
            ],
            [
              34.62172284644191,
              2.299625468164777
            ],
            [
              33.72284644194758,
              2.374531835205971
            ],
            [
              33.19850187265922,
              2.374531835205971
            ],
            [
              32.67415730337075,
              2.374531835205971
            ],
            [
              32.14981273408239,
              2.374531835205971
            ],
            [
              31.775280898876417,
              2.374531835205971
            ],
            [
              31.325842696629252,
              2.374531835205971
            ],
            [
              30.95131086142328,
              2.4494382022471655
            ],
            [
              30.576779026217196,
              2.4494382022471655
            ],
            [
              30.27715355805242,
              2.5243445692883597
            ],
            [
              29.902621722846447,
              2.5243445692883597
            ],
            [
              29.60299625468167,
              2.5243445692883597
            ],
            [
              29.2284644194757,
              2.5243445692883597
            ],
            [
              28.92883895131081,
              2.599250936329554
            ],
            [
              28.62921348314603,
              2.599250936329554
            ],
            [
              28.329588014981255,
              2.599250936329554
            ],
            [
              28.104868913857672,
              2.5243445692883597
            ],
            [
              27.805243445692895,
              2.5243445692883597
            ],
            [
              27.280898876404535,
              2.5243445692883597
            ],
            [
              26.906367041198564,
              2.5243445692883597
            ],
            [
              26.307116104868896,
              2.599250936329554
            ],
            [
              25.932584269662925,
              2.599250936329554
            ],
            [
              25.48314606741576,
              2.674157303370748
            ],
            [
              25.10861423220979,
              2.674157303370748
            ],
            [
              24.734082397003704,
              2.7490636704119424
            ],
            [
              24.284644194756538,
              2.8239700374531367
            ],
            [
              23.98501872659176,
              2.8239700374531367
            ],
            [
              23.76029962546818,
              2.898876404494331
            ],
            [
              23.4606741573034,
              2.898876404494331
            ],
            [
              23.23595505617982,
              2.973782771535525
            ],
            [
              23.011235955056236,
              3.0486891385767194
            ],
            [
              22.78651685393254,
              3.1985018726592216
            ],
            [
              22.861423220973847,
              3.4232209737828043
            ],
            [
              22.93632958801504,
              3.647940074906387
            ],
            [
              23.011235955056236,
              3.947565543071164
            ],
            [
              23.08614232209743,
              4.247191011235941
            ],
            [
              23.08614232209743,
              4.546816479400718
            ],
            [
              23.011235955056236,
              4.771535580524301
            ],
            [
              22.93632958801504,
              4.996254681647997
            ],
            [
              22.861423220973847,
              5.22097378277158
            ]
          ],
          [
            [
              46.082397003745314,
              7.318352059925132
            ],
            [
              46.15730337078651,
              7.543071161048715
            ],
            [
              46.307116104868896,
              7.767790262172298
            ],
            [
              46.456928838951285,
              8.067415730337075
            ],
            [
              46.75655430711606,
              8.591760299625435
            ],
            [
              46.906367041198564,
              8.96629213483152
            ],
            [
              47.20599250936334,
              9.715355805243462
            ],
            [
              47.65543071161051,
              10.38951310861421
            ],
            [
              48.02996254681648,
              10.988764044943764
            ],
            [
              48.55430711610484,
              11.588014981273432
            ],
            [
              49.00374531835212,
              12.037453183520597
            ],
            [
              49.60299625468167,
              12.486891385767763
            ],
            [
              50.202247191011224,
              12.78651685393254
            ],
            [
              50.80149812734078,
              13.08614232209743
            ],
            [
              51.25093632958806,
              13.235955056179819
            ],
            [
              51.70037453183522,
              13.385767790262207
            ],
            [
              52.0,
              13.460674157303401
            ],
            [
              52.29962546816478,
              13.460674157303401
            ],
            [
              52.67415730337075,
              13.460674157303401
            ],
            [
              52.89887640449433,
              13.385767790262207
            ],
            [
              53.12359550561803,
              13.235955056179819
            ],
            [
              53.34831460674161,
              13.011235955056236
            ],
            [
              53.72284644194758,
              12.711610486891345
            ],
            [
              54.02247191011236,
              12.337078651685374
            ],
            [
              54.322097378277135,
              12.037453183520597
            ],
            [
              54.54681647940072,
              11.662921348314626
            ],
            [
              54.771535580524414,
              11.21348314606746
            ],
            [
              54.996254681648,
              10.764044943820181
            ],
            [
              55.146067415730386,
              10.314606741573016
            ],
            [
              55.295880149812774,
              9.86516853932585
            ],
            [
              55.295880149812774,
              9.34082397003749
            ],
            [
              55.22097378277158,
              8.891385767790212
            ],
            [
              55.146067415730386,
              8.666666666666629
            ],
            [
              54.996254681648,
              8.367041198501852
            ],
            [
              54.84644194756561,
              8.142322097378269
            ],
            [
              54.54681647940072,
              7.842696629213492
            ],
            [
              54.09737827715355,
              7.468164794007521
            ],
            [
              53.498127340824,
              7.168539325842744
            ],
            [
              52.74906367041194,
              6.868913857677853
            ],
            [
              51.85018726591761,
              6.569288389513076
            ],
            [
              50.95131086142328,
              6.269662921348299
            ],
            [
              50.726591760299584,
              6.194756554307105
            ],
            [
              49.97752808988764,
              5.895131086142328
            ],
            [
              49.37827715355809,
              5.74531835205994
            ],
            [
              48.853932584269614,
              5.595505617977551
            ],
            [
              48.40449438202245,
              5.520599250936357
            ],
            [
              48.02996254681648,
              5.445692883895163
            ],
            [
              47.65543071161051,
              5.370786516853968
            ],
            [
              47.35580524344573,
              5.370786516853968
            ],
            [
              47.05617977528095,
              5.370786516853968
            ],
            [
              46.53183520599248,
              5.370786516853968
            ],
            [
              46.082397003745314,
              5.370786516853968
            ],
            [
              45.70786516853934,
              5.370786516853968
            ],
            [
              45.63295880149815,
              5.670411985018745
            ],
            [
              45.70786516853934,
              5.895131086142328
            ],
            [
              45.78277153558054,
              6.194756554307105
            ],
            [
              45.932584269662925,
              6.419475655430688
            ],
            [
              46.00749063670412,
              6.6441947565542705
            ],
            [
              46.15730337078651,
              6.868913857677853
            ],
            [
              46.2322097378277,
              7.093632958801436
            ]
          ],
          [
            [
              41.9625468164794,
              6.9438202247190475
            ],
            [
              42.187265917602986,
              7.168539325842744
            ],
            [
              42.41198501872657,
              7.393258426966327
            ],
            [
              42.63670411985015,
              7.543071161048715
            ],
            [
              43.011235955056236,
              7.842696629213492
            ],
            [
              43.23595505617982,
              8.067415730337075
            ],
            [
              43.685393258426984,
              8.367041198501852
            ],
            [
              43.98501872659176,
              8.51685393258424
            ],
            [
              44.35955056179773,
              8.891385767790212
            ],
            [
              44.65917602996251,
              9.191011235955102
            ],
            [
              45.033707865168594,
              9.565543071161073
            ],
            [
              45.33333333333337,
              9.86516853932585
            ],
            [
              45.63295880149815,
              10.164794007490627
            ],
            [
              46.00749063670412,
              10.614232209737793
            ],
            [
              46.307116104868896,
              11.063670411985072
            ],
            [
              46.53183520599248,
              11.363295880149849
            ],
            [
              46.75655430711606,
              11.812734082397014
            ],
            [
              46.98127340823976,
              12.187265917602986
            ],
            [
              47.05617977528095,
              12.486891385767763
            ],
            [
              47.20599250936334,
              12.78651685393254
            ],
            [
              47.35580524344573,
              13.08614232209743
            ],
            [
              47.430711610486924,
              13.310861423221013
            ],
            [
              47.58052434456931,
              13.535580524344596
            ],
            [
              47.65543071161051,
              13.985018726591761
            ],
            [
              47.7303370786517,
              14.209737827715344
            ],
            [
              47.805243445692895,
              14.50936329588012
            ],
            [
              47.88014981273409,
              14.734082397003704
            ],
            [
              47.88014981273409,
              15.03370786516848
            ],
            [
              47.65543071161051,
              14.808988764044898
            ],
            [
              47.430711610486924,
              14.584269662921315
            ],
            [
              47.13108614232215,
              14.284644194756538
            ],
            [
              46.83146067415737,
              13.985018726591761
            ],
            [
              46.38202247191009,
              13.61048689138579
            ],
            [
              46.082397003745314,
              13.385767790262207
            ],
            [
              45.70786516853934,
              13.08614232209743
            ],
            [
              45.25842696629218,
              12.78651685393254
            ],
            [
              44.8089887640449,
              12.411985018726568
            ],
            [
              44.50936329588012,
              12.187265917602986
            ],
            [
              44.059925093632955,
              11.887640449438209
            ],
            [
              43.685393258426984,
              11.588014981273432
            ],
            [
              43.31086142322101,
              11.363295880149849
            ],
            [
              42.78651685393254,
              11.138576779026266
            ],
            [
              42.187265917602986,
              10.91385767790257
            ],
            [
              41.88764044943821,
              10.764044943820181
            ],
            [
              41.58801498127343,
              10.689138576778987
            ],
            [
              41.36329588014985,
              10.614232209737793
            ],
            [
              41.138576779026266,
              10.539325842696599
            ],
            [
              40.838951310861376,
              10.38951310861421
            ],
            [
              40.61423220973779,
              10.164794007490627
            ],
            [
              40.314606741573016,
              9.940074906367045
            ],
            [
              40.08988764044943,
              9.715355805243462
            ],
            [
              39.940074906367045,
              9.49063670411988
            ],
            [
              39.790262172284656,
              9.265917602996296
            ],
            [
              39.71535580524346,
              8.96629213483152
            ],
            [
              39.790262172284656,
              8.591760299625435
            ],
            [
              39.940074906367045,
              8.367041198501852
            ],
            [
              40.16479400749063,
              8.142322097378269
            ],
            [
              40.38951310861421,
              7.992509363295881
            ],
            [
              40.61423220973779,
              7.917602996254686
            ],
            [
              40.838951310861376,
              7.842696629213492
            ],
            [
              41.138576779026266,
              7.842696629213492
            ],
            [
              41.43820224719104,
              7.842696629213492
            ],
            [
              41.73782771535582,
              7.842696629213492
            ],
            [
              42.0374531835206,
              7.842696629213492
            ],
            [
              42.41198501872657,
              7.842696629213492
            ],
            [
              42.63670411985015,
              7.767790262172298
            ],
            [
              42.93632958801504,
              7.767790262172298
            ],
            [
              43.161048689138624,
              7.692883895131104
            ]
          ],
          [
            [
              48.853932584269614,
              19.453183520599282
            ],
            [
              49.2284644194757,
              19.528089887640476
            ],
            [
              49.60299625468167,
              19.528089887640476
            ],
            [
              50.052434456928836,
              19.528089887640476
            ],
            [
              50.42696629213481,
              19.528089887640476
            ],
            [
              50.80149812734078,
              19.528089887640476
            ],
            [
              51.17602996254686,
              19.528089887640476
            ],
            [
              51.400749063670446,
              19.453183520599282
            ],
            [
              51.62546816479403,
              19.303370786516894
            ],
            [
              51.70037453183522,
              19.07865168539331
            ],
            [
              51.85018726591761,
              18.853932584269614
            ],
            [
              51.925093632958806,
              18.62921348314603
            ],
            [
              51.925093632958806,
              18.25468164794006
            ],
            [
              52.0,
              17.955056179775283
            ],
            [
              51.925093632958806,
              17.7303370786517
            ],
            [
              51.77528089887642,
              17.505617977528118
            ],
            [
              51.550561797752835,
              17.35580524344573
            ],
            [
              51.32584269662925,
              17.20599250936334
            ],
            [
              51.10112359550567,
              17.131086142322147
            ],
            [
              50.726591760299584,
              17.056179775280953
            ],
            [
              50.42696629213481,
              17.056179775280953
            ],
            [
              50.12734082397003,
              17.056179775280953
            ],
            [
              49.82771535580525,
              17.056179775280953
            ],
            [
              49.528089887640476,
              17.056179775280953
            ],
            [
              49.30337078651689,
              17.131086142322147
            ],
            [
              49.00374531835212,
              17.20599250936334
            ],
            [
              48.77902621722842,
              17.430711610486924
            ],
            [
              48.55430711610484,
              17.580524344569312
            ],
            [
              48.40449438202245,
              17.805243445692895
            ],
            [
              48.40449438202245,
              18.179775280898866
            ],
            [
              48.55430711610484,
              18.40449438202245
            ],
            [
              48.704119850187226,
              18.704119850187226
            ],
            [
              48.92883895131081,
              19.003745318352003
            ],
            [
              49.153558052434505,
              19.153558052434505
            ],
            [
              49.37827715355809,
              19.378277153558088
            ],
            [
              49.60299625468167,
              19.528089887640476
            ],
            [
              49.82771535580525,
              19.677902621722865
            ],
            [
              50.12734082397003,
              19.60299625468167
            ],
            [
              50.501872659176,
              19.528089887640476
            ],
            [
              50.726591760299584,
              19.453183520599282
            ]
          ],
          [
            [
              50.65168539325839,
              19.75280898876406
            ],
            [
              50.42696629213481,
              19.528089887640476
            ],
            [
              50.202247191011224,
              19.453183520599282
            ],
            [
              49.97752808988764,
              19.303370786516894
            ],
            [
              49.677902621722865,
              19.2284644194757
            ]
          ],
          [
            [
              46.456928838951285,
              19.902621722846447
            ],
            [
              46.2322097378277,
              19.75280898876406
            ],
            [
              46.00749063670412,
              19.528089887640476
            ],
            [
              45.70786516853934,
              19.2284644194757
            ],
            [
              45.48314606741576,
              19.003745318352003
            ],
            [
              45.25842696629218,
              18.77902621722842
            ]
          ],
          [
            [
              35.97003745318352,
              13.685393258426984
            ],
            [
              35.74531835205994,
              13.535580524344596
            ],
            [
              35.52059925093636,
              13.385767790262207
            ]
          ],
          [
            [
              30.352059925093613,
              17.88014981273409
            ],
            [
              30.65168539325839,
              17.88014981273409
            ],
            [
              30.95131086142328,
              17.955056179775283
            ]
          ],
          [
            [
              35.97003745318352,
              18.479400749063643
            ],
            [
              36.04494382022472,
              18.25468164794006
            ],
            [
              36.11985018726591,
              17.88014981273409
            ],
            [
              36.194756554307105,
              17.35580524344573
            ],
            [
              36.2696629213483,
              16.90636704119845
            ]
          ]
        ]
      }
    }
  ]
}