{
  "type": "FeatureCollection",
  "crs": {
    "type": "name",
    "properties": {
      "name": "urn:ogc:def:crs:OGC:1.3:CRS84"
    }
  },
  "features": [
    {
      "type": "Feature",
      "properties": {
        "timestamp": "2026-07-20T19:30:14.583092",
        "country_name": "Greece",
        "author": "",
        "author_id": "5323bdf5-fa5c-404f-a974-a442021e4c91",
        "validated": false,
        "ranking": [
          [
            "Greece",
            0.522844672203064
          ],
          [
            "Croatia",
            0.07495860010385513
          ],
          [
            "Bangladesh",
            0.042215753346681595
          ],
          [
            "Svalbard",
            0.041837725788354874
          ],
          [
            "Canada",
            0.03412995859980583
          ],
          [
            "Denmark",
            0.02449985034763813
          ],
          [
            "Falkland Islands",
            0.021837424486875534
          ],
          [
            "Papua New Guinea",
            0.013034475035965443
          ],
          [
            "Guinea-Bissau",
            0.012313144281506538
          ],
          [
            "Tajikistan",
            0.009633262641727924
          ],
          [
            "Peru",
            0.009341972880065441
          ],
          [
            "South Georgia Islands",
            0.00705357501283288
          ],
          [
            "Somalia",
            0.0067272181622684
          ],
          [
            "Italy",
            0.006319925654679537
          ],
          [
            "Venezuela",
            0.005673612467944622
          ],
          [
            "France",
            0.0054407850839197636
          ],
          [
            "Laos",
            0.005395346321165562
          ],
          [
            "Iceland",
            0.005082621704787016
          ],
          [
            "Guinea",
            0.004748244304209948
          ],
          [
            "Gabon",
            0.0044920421205461025
          ],
          [
            "Mozambique",
            0.003993087913841009
          ],
          [
            "India",
            0.0037015355192124844
          ],
          [
            "Guadeloupe",
            0.003385239513590932
          ],
          [
            "Ukraine",
            0.00331742106936872
          ],
          [
            "Costa Rica",
            0.0031489210668951273
          ],
          [
            "Thailand",
            0.0029611405916512012
          ],
          [
            "Jordan",
            0.0027951474767178297
          ],
          [
            "Guyana",
            0.0027889967896044254
          ],
          [
            "China",
            0.002601019572466612
          ],
          [
            "Fiji",
            0.002538001397624612
          ],
          [
            "Greenland",
            0.0025321892462670803
          ],
          [
            "Russia",
            0.0025059841573238373
          ],
          [
            "Estonia",
            0.0024572093971073627
          ],
          [
            "Faroe Islands",
            0.0023897995706647635
          ],
          [
            "Philippines",
            0.002378844190388918
          ],
          [
            "Kuwait",
            0.002359418198466301
          ],
          [
            "Mexico",
            0.0023436080664396286
          ],
          [
            "Netherlands",
            0.0022918437607586384
          ],
          [
            "Burundi",
            0.002286006463691592
          ],
          [
            "United Kingdom",
            0.002215360989794135
          ],
          [
            "Senegal",
            0.002198615809902549
          ],
          [
            "Uzbekistan",
            0.002000640844926238
          ],
          [
            "Brazil",
            0.0019589124713093042
          ],
          [
            "Australia",
            0.0018970755627378821
          ],
          [
            "Ireland",
            0.0018651260761544108
          ],
          [
            "Switzerland",
            0.0018460178980603814
          ],
          [
            "Hong Kong",
            0.0017644147155806422
          ],
          [
            "Congo",
            0.0017009623115882277
          ],
          [
            "Belgium",
            0.0016913539730012417
          ],
          [
            "Rwanda",
            0.0015879558632150292
          ],
          [
            "Syria",
            0.0014650686644017696
          ],
          [
            "Djibouti",
            0.0014532682253047824
          ],
          [
            "South Africa",
            0.001422720612026751
          ],
          [
            "United States of America",
            0.0013123826356604695
          ],
          [
            "North Korea",
            0.0012924748007208109
          ],
          [
            "El Salvador",
            0.0012297669891268015
          ],
          [
            "Brunei",
            0.0011759029002860188
          ],
          [
            "Tunisia",
            0.0011680212337523699
          ],
          [
            "Benin",
            0.0011458141962066293
          ],
          [
            "New Caledonia",
            0.0011372726876288652
          ],
          [
            "Belarus",
            0.0010492465225979686
          ],
          [
            "Kiribati",
            0.0010438290191814303
          ],
          [
            "Saudi Arabia",
            0.0010316248517483473
          ],
          [
            "South Korea",
            0.0010311624500900507
          ],
          [
            "Spain",
            0.0010246670572087169
          ],
          [
            "Turkmenistan",
            0.0010169257875531912
          ],
          [
            "Romania",
            0.0010163906263187528
          ],
          [
            "Sweden",
            0.000986127182841301
          ],
          [
            "Angola",
            0.0009809327311813831
          ],
          [
            "Bahamas",
            0.000962651742156595
          ],
          [
            "Azerbaijan",
            0.0009580266778357327
          ],
          [
            "Panama",
            0.0009317233343608677
          ],
          [
            "Montenegro",
            0.0009084629127755761
          ],
          [
            "Cambodia",
            0.0008625303744338453
          ],
          [
            "Latvia",
            0.0008357507758773863
          ],
          [
            "Lithuania",
            0.0008351404685527086
          ],
          [
            "Iran",
            0.000794854830019176
          ],
          [
            "Cuba",
            0.000785432755947113
          ],
          [
            "Kyrgyzstan",
            0.0007638579118065536
          ],
          [
            "Indonesia",
            0.0007505237590521574
          ],
          [
            "Vietnam",
            0.0007329267100431025
          ],
          [
            "Mauritania",
            0.0007299049757421017
          ],
          [
            "Malawi",
            0.0007244237931445241
          ],
          [
            "Burkina Faso",
            0.0007048299303278327
          ],
          [
            "Serbia",
            0.0006912843091413379
          ],
          [
            "Myanmar",
            0.0006811045459471643
          ],
          [
            "Honduras",
            0.0006590960547327995
          ],
          [
            "Moldova",
            0.0006545073119923472
          ],
          [
            "South Sudan",
            0.0006491673993878067
          ],
          [
            "Zambia",
            0.0006479921867139637
          ],
          [
            "Eritrea",
            0.0006450327346101403
          ],
          [
            "Nepal",
            0.0006370061892084777
          ],
          [
            "Haiti",
            0.0006068682414479554
          ],
          [
            "Mayotte",
            0.0005990000208839774
          ],
          [
            "Belize",
            0.0005850404850207269
          ],
          [
            "Bulgaria",
            0.0005753685836680233
          ],
          [
            "Heard and McDonald Islands",
            0.0005724677466787398
          ],
          [
            "Namibia",
            0.0005676564178429544
          ],
          [
            "North Macedonia",
            0.0005502775311470032
          ],
          [
            "Guatemala",
            0.0005493903299793601
          ],
          [
            "Germany",
            0.000545396760571748
          ],
          [
            "Slovakia",
            0.0005451294127851725
          ],
          [
            "Albania",
            0.0005312851280905306
          ],
          [
            "Portugal",
            0.0005304912920109928
          ],
          [
            "Togo",
            0.0004977975622750819
          ],
          [
            "Armenia",
            0.0004952679737471044
          ],
          [
            "Nicaragua",
            0.0004903875524178147
          ],
          [
            "Turks and Caicos Islands",
            0.0004885148373432457
          ],
          [
            "Turkey",
            0.00048802123637869954
          ],
          [
            "Lesotho",
            0.0004760919837281108
          ],
          [
            "Bolivia",
            0.0004695367533713579
          ],
          [
            "Iraq",
            0.00046065537026152015
          ],
          [
            "Afghanistan",
            0.0004596460494212806
          ],
          [
            "Dominican Republic",
            0.00045751361176371574
          ],
          [
            "Sudan",
            0.00045612125541083515
          ],
          [
            "Nigeria",
            0.0004529508005362004
          ],
          [
            "Colombia",
            0.0004518695641309023
          ],
          [
            "Kazakhstan",
            0.00045057691750116646
          ],
          [
            "Uganda",
            0.00042785581899806857
          ],
          [
            "Algeria",
            0.00042128199129365385
          ],
          [
            "Liberia",
            0.00040722693665884435
          ],
          [
            "Finland",
            0.00040603330126032233
          ],
          [
            "Argentina",
            0.0003979149623773992
          ],
          [
            "Jamaica",
            0.00039579550502821803
          ],
          [
            "Slovenia",
            0.0003901099262293428
          ],
          [
            "Norway",
            0.0003798691323027015
          ],
          [
            "Western Sahara",
            0.0003781118430197239
          ],
          [
            "Bhutan",
            0.0003703235415741801
          ],
          [
            "Pakistan",
            0.0003690585435833782
          ],
          [
            "Georgia",
            0.00035426137037575245
          ],
          [
            "Czech Republic",
            0.0003429077041801065
          ],
          [
            "Paraguay",
            0.0003385425079613924
          ],
          [
            "Sri Lanka",
            0.0003383572038728744
          ],
          [
            "Yemen",
            0.0003359226684551686
          ],
          [
            "Suriname",
            0.00032923062099143863
          ],
          [
            "Côte d'Ivoire",
            0.0003087660588789731
          ],
          [
            "Guam",
            0.00030018272809684277
          ],
          [
            "Trinidad and Tobago",
            0.00029705013730563223
          ],
          [
            "French Guiana",
            0.0002712938585318625
          ],
          [
            "Mali",
            0.00026106752920895815
          ],
          [
            "Ethiopia",
            0.0002513618383090943
          ],
          [
            "Cameroon",
            0.00024366122670471668
          ],
          [
            "Martinique",
            0.00024315564951393753
          ],
          [
            "Egypt",
            0.0002414880582364276
          ],
          [
            "Central African Republic",
            0.00023883904214017093
          ],
          [
            "Samoa",
            0.00023748671810608357
          ],
          [
            "Vanuatu",
            0.00023656128905713558
          ],
          [
            "Qatar",
            0.00023520929971709847
          ],
          [
            "Mongolia",
            0.00023280581808649004
          ],
          [
            "Israel",
            0.00023191631771624088
          ],
          [
            "Taiwan",
            0.00022546587570104748
          ],
          [
            "Zimbabwe",
            0.0002200556918978691
          ],
          [
            "Japan",
            0.00021633478172589093
          ],
          [
            "Luxembourg",
            0.00021304866822902113
          ],
          [
            "Bosnia & Herzegovina",
            0.00021302509412635118
          ],
          [
            "Libya",
            0.00019809669174719602
          ],
          [
            "Cyprus",
            0.00017932799528352916
          ],
          [
            "Kenya",
            0.00017579809355083853
          ],
          [
            "United Arab Emirates",
            0.00017460278468206525
          ],
          [
            "Sierra Leone",
            0.0001709991629468277
          ],
          [
            "Lebanon",
            0.00016878049063961953
          ],
          [
            "Chad",
            0.00016553491877857596
          ],
          [
            "Reunion",
            0.00016547716222703457
          ],
          [
            "Puerto Rico",
            0.00016072772268671542
          ],
          [
            "Ghana",
            0.00015673547750338912
          ],
          [
            "DR Congo",
            0.00014557976101059467
          ],
          [
            "Gambia",
            0.00013968156417831779
          ],
          [
            "New Zealand",
            0.00013841886539012194
          ],
          [
            "West Bank",
            0.00013658878742717206
          ],
          [
            "Solomon Islands",
            0.0001302832388319075
          ],
          [
            "Uruguay",
            0.00012969340605195612
          ],
          [
            "Oman",
            0.00012687065463978797
          ],
          [
            "Niger",
            0.0001268539490411058
          ],
          [
            "Hungary",
            0.00012240961950737983
          ],
          [
            "Botswana",
            0.0001214252770296298
          ],
          [
            "Cape Verde",
            0.00012124707427574322
          ],
          [
            "Poland",
            0.00011469003220554441
          ],
          [
            "Timor-Leste",
            0.00010927133553195745
          ],
          [
            "Madeira Islands",
            0.00010804340854519978
          ],
          [
            "Eswatini",
            0.0001050619684974663
          ],
          [
            "Saint Lucia",
            0.00010353162360843271
          ],
          [
            "Isle of Man",
            0.00010011573613155633
          ],
          [
            "Bahrain",
            9.972960833692923e-05
          ],
          [
            "Austria",
            8.472130866721272e-05
          ],
          [
            "Dominica",
            7.768208888592198e-05
          ],
          [
            "Madagascar",
            7.767171337036416e-05
          ],
          [
            "Ecuador",
            7.590270251967013e-05
          ],
          [
            "Morocco",
            7.095383625710383e-05
          ],
          [
            "Equatorial Guinea",
            6.587840471183881e-05
          ],
          [
            "Tanzania",
            6.441963341785595e-05
          ],
          [
            "Malaysia",
            5.8255485782865435e-05
          ],
          [
            "Barbados",
            5.564643652178347e-05
          ],
          [
            "Antigua & Barbuda",
            4.564369373838417e-05
          ],
          [
            "Comoros",
            4.456000533537008e-05
          ],
          [
            "Palau",
            3.8776994188083336e-05
          ],
          [
            "Chile",
            3.134643702651374e-05
          ],
          [
            "United States Virgin Islands",
            2.140938158845529e-05
          ],
          [
            "Netherlands Antilles",
            2.0074465282959864e-05
          ],
          [
            "Sao Tome and Principe",
            4.714836904895492e-06
          ]
        ]
      },
      "geometry": {
        "type": "MultiLineString",
        "coordinates": [
          [
            [
              59.51301828697103,
              38.14374301982946
            ],
            [
              59.51301828697103,
              38.14374301982946
            ],
            [
              59.51301828697103,
              38.14374301982946
            ],
            [
              59.51301828697103,
              38.14374301982946
            ],
            [
              59.12661590740731,
              37.380330996624366
            ],
            [
              58.99156917874467,
              36.842265193187274
            ],
            [
              58.99156917874467,
              36.18523974051473
            ],
            [
              58.99156917874467,
              35.264259077449026
            ],
            [
              58.86120425360917,
              34.10629123969153
            ],
            [
              58.86120425360917,
              33.579069319423866
            ],
            [
              58.86120425360917,
              32.431770591627156
            ],
            [
              58.86120425360917,
              31.891525419240537
            ],
            [
              58.86120425360917,
              31.365410395960623
            ],
            [
              58.86120425360917,
              30.837923667801135
            ],
            [
              58.86120425360917,
              30.309870250753193
            ],
            [
              58.86120425360917,
              29.439234864077406
            ],
            [
              58.86120425360917,
              28.515844449196265
            ],
            [
              58.86120425360917,
              27.717867051873867
            ],
            [
              58.86120425360917,
              27.057769827656386
            ],
            [
              58.86120425360917,
              26.39517281694029
            ],
            [
              58.86120425360917,
              25.778546456241486
            ],
            [
              58.86120425360917,
              24.60281530510173
            ],
            [
              58.86120425360917,
              23.4194312058888
            ],
            [
              59.12330580875971,
              22.49753960367525
            ],
            [
              59.12192880772233,
              21.69718952764231
            ],
            [
              59.12192880772233,
              21.08856036527601
            ],
            [
              59.12192880772233,
              20.20275148639979
            ],
            [
              59.12192880772233,
              19.5062908424797
            ],
            [
              59.12192880772233,
              18.709600411511474
            ],
            [
              59.12192880772233,
              18.04619308864642
            ],
            [
              59.12192880772233,
              17.436398771556185
            ],
            [
              58.99156917874467,
              16.898536870195812
            ],
            [
              58.732412287350996,
              16.118831217407944
            ],
            [
              58.46866892327125,
              15.456408979900402
            ],
            [
              58.33975514538287,
              14.651583650495951
            ],
            [
              57.95782801919063,
              13.681459938869097
            ],
            [
              57.687946408178846,
              12.9966667306619
            ],
            [
              57.428741851364634,
              12.336622468022796
            ],
            [
              57.296862225088034,
              11.806101041423233
            ],
            [
              57.02937977357601,
              11.275653761033368
            ],
            [
              56.64855954437155,
              9.869200789921933
            ],
            [
              56.38824809056962,
              9.341581657816562
            ],
            [
              55.85589419335878,
              8.537582529034523
            ],
            [
              55.345010920015454,
              8.03368488787703
            ],
            [
              54.81906007762848,
              7.638098970625521
            ],
            [
              54.17443293045022,
              7.123831452424952
            ],
            [
              53.38696840643246,
              6.5970967786781785
            ],
            [
              52.60340715073994,
              6.2046144099186336
            ],
            [
              52.071508723102966,
              6.069239319470199
            ],
            [
              51.30304151724329,
              5.816782067739183
            ],
            [
              50.64988225979113,
              5.424352660557986
            ],
            [
              49.85066026537726,
              5.292504811228383
            ],
            [
              49.08623402794649,
              5.162139886092888
            ],
            [
              48.29738191057572,
              5.02728381911237
            ]
          ],
          [
            [
              5.543122972150854,
              31.364917853281867
            ],
            [
              5.543122972150854,
              30.5946022883374
            ],
            [
              5.543122972150854,
              29.89511753829288
            ],
            [
              5.543122972150854,
              29.097039513971595
            ],
            [
              5.543122972150854,
              28.206479981516395
            ],
            [
              5.543122972150854,
              27.410165577754555
            ],
            [
              5.543122972150854,
              26.882006237549888
            ],
            [
              5.543122972150854,
              25.968032391301335
            ],
            [
              5.543122972150854,
              25.309227429595865
            ],
            [
              5.848467656033108,
              24.36649015013944
            ],
            [
              5.803847526264008,
              23.588346863913245
            ],
            [
              5.96590201181175,
              22.926671384660608
            ],
            [
              6.08418375284424,
              21.78965514730271
            ],
            [
              6.064572080377161,
              21.12102051665343
            ],
            [
              6.064572080377161,
              20.16814639109873
            ],
            [
              6.064572080377161,
              18.907697899212792
            ],
            [
              6.064572080377161,
              18.265422246113758
            ],
            [
              6.064572080377161,
              17.653753089149575
            ],
            [
              6.064572080377161,
              16.15592021073411
            ],
            [
              6.359499221795829,
              15.40943735605208
            ],
            [
              6.480031829908626,
              14.29598372490696
            ],
            [
              6.613553265114433,
              13.395176127038951
            ],
            [
              6.748790655459118,
              12.756279422639352
            ],
            [
              6.99850979358888,
              11.030367507012443
            ],
            [
              7.28242622286632,
              9.874046774341963
            ],
            [
              7.399317722466776,
              8.948506119379374
            ],
            [
              7.51588880451817,
              8.238831561658202
            ],
            [
              7.646314635468798,
              7.734579077925673
            ],
            [
              7.759279034033796,
              6.9317504000254075
            ],
            [
              8.039882716584714,
              6.3155265473221505
            ],
            [
              8.280725494181183,
              5.797599384056838
            ],
            [
              8.827185707788487,
              5.267496353926333
            ],
            [
              9.613352673136376,
              4.350964463442949
            ],
            [
              10.140473966405182,
              3.954208095309639
            ],
            [
              10.822489339827314,
              3.554544136524356
            ],
            [
              11.637761340563486,
              3.0028592632117466
            ],
            [
              12.411704773625672,
              2.7857061996161576
            ],
            [
              13.019785783655948,
              2.669921597003423
            ],
            [
              14.05024332535163,
              2.6852645662546024
            ],
            [
              14.588859929203636,
              2.6852645662546024
            ],
            [
              15.11624603036421,
              2.6852645662546024
            ],
            [
              16.01029308275446,
              2.6852645662546024
            ],
            [
              16.638165834618235,
              3.0763487493454136
            ],
            [
              17.304268901821843,
              3.467432932436253
            ],
            [
              17.8180359331069,
              3.5977978575717486
            ]
          ],
          [
            [
              6.455658911546891,
              32.27745114459901
            ],
            [
              6.455658911546891,
              31.610495395983776
            ],
            [
              6.455658911546891,
              31.075037950281
            ],
            [
              6.194934357433738,
              30.405058095541364
            ],
            [
              6.194934357433738,
              31.13092300776748
            ],
            [
              6.194934357433738,
              31.65473420238868
            ],
            [
              5.909148384440186,
              32.432877488614906
            ],
            [
              5.934209803320584,
              33.2047951413048
            ],
            [
              5.934209803320584,
              33.75021995605513
            ],
            [
              5.934209803320584,
              34.639344229736736
            ],
            [
              5.934209803320584,
              35.168464822588646
            ],
            [
              6.194934357433738,
              35.812212807566084
            ],
            [
              6.194934357433738,
              36.34086204237059
            ],
            [
              6.194934357433738,
              36.98908263264062
            ],
            [
              6.194934357433738,
              37.636937788019964
            ],
            [
              5.457878663699944,
              38.01338074277288
            ],
            [
              5.543122972150854,
              38.534829850999216
            ],
            [
              6.220501559387515,
              38.79555175703345
            ],
            [
              6.778279662290515,
              38.79555175703345
            ],
            [
              7.564218892851443,
              38.79555175703345
            ],
            [
              8.752213297460685,
              38.79555175703345
            ],
            [
              9.41079582053709,
              39.08533368111435
            ],
            [
              10.4035420703608,
              39.317000865259786
            ],
            [
              11.199901491464288,
              39.44736314231636
            ],
            [
              11.952231304397344,
              39.44736314231636
            ],
            [
              12.886619191025147,
              39.44736314231636
            ],
            [
              12.564610146511598,
              38.33220679642693
            ],
            [
              12.45231306383397,
              37.57094236522437
            ],
            [
              12.321950786777393,
              36.4579521478899
            ],
            [
              12.321950786777393,
              35.44593847585844
            ],
            [
              12.321950786777393,
              34.58221457515876
            ],
            [
              12.321950786777393,
              33.51988475560549
            ],
            [
              12.321950786777393,
              32.630212329587835
            ],
            [
              12.477189117190107,
              31.575885004524906
            ],
            [
              12.614198072330964,
              30.717367226978098
            ],
            [
              12.885612921036284,
              29.84650410551535
            ],
            [
              12.99738038793032,
              28.485598091794316
            ],
            [
              13.289132482726245,
              27.605482582591918
            ],
            [
              13.23448407809451,
              27.014929206920215
            ],
            [
              13.23448407809451,
              26.24398339919327
            ],
            [
              13.23448407809451,
              25.575979011326496
            ],
            [
              13.364846355151087,
              24.939719793529292
            ],
            [
              13.364846355151087,
              24.168482697121334
            ],
            [
              13.364846355151087,
              23.52354837278861
            ],
            [
              13.364846355151087,
              22.98453190901995
            ],
            [
              13.364846355151087,
              22.452808254591616
            ],
            [
              13.364846355151087,
              21.649884245850274
            ],
            [
              13.364846355151087,
              20.90929601483984
            ],
            [
              13.6525151122554,
              19.96952458377166
            ],
            [
              13.917783769791924,
              19.43899256485642
            ],
            [
              14.16541622173429,
              18.794969179671483
            ],
            [
              14.430711360059945,
              18.15241283020717
            ],
            [
              14.569928813018521,
              17.64507268645619
            ],
            [
              14.668466477637992,
              17.00022310064884
            ],
            [
              15.080467836102457,
              16.48272492616826
            ],
            [
              15.48008412946723,
              15.952754299983638
            ],
            [
              15.866841351605956,
              15.565997077844912
            ],
            [
              16.251837601264242,
              15.050633254972269
            ],
            [
              16.652629641668568,
              14.649841214567857
            ],
            [
              17.29516215842267,
              14.268030603848047
            ],
            [
              17.827902675155542,
              14.026758837466872
            ],
            [
              18.34643889657201,
              13.766039579511528
            ],
            [
              18.859607462021586,
              13.505315025398374
            ],
            [
              19.394267835970084,
              13.374950100262879
            ],
            [
              19.91557659601375,
              13.244590471285221
            ],
            [
              20.558659913182737,
              13.244590471285221
            ],
            [
              21.386316979018602,
              13.540004859224808
            ],
            [
              22.142756610432514,
              13.766039579511528
            ],
            [
              22.65014971576187,
              14.026758837466872
            ],
            [
              23.725460418171394,
              14.719914678897254
            ],
            [
              24.09697000189999,
              15.090878758368746
            ],
            [
              24.625992615831933,
              15.355390065334717
            ],
            [
              25.02188571023794,
              15.748878704083126
            ],
            [
              25.509460592944606,
              16.13349627845608
            ],
            [
              26.030724335646653,
              16.503639453462995
            ],
            [
              26.55486918821157,
              16.349823141429255
            ],
            [
              26.79213705926867,
              15.692395180761167
            ],
            [
              27.225828832150853,
              14.896695131308292
            ],
            [
              27.338922986582872,
              14.055771190092997
            ],
            [
              27.639479943781282,
              13.27719361892423
            ],
            [
              27.72713135596871,
              12.570315432540525
            ],
            [
              27.86646267632068,
              11.293798397779852
            ],
            [
              27.99912083779924,
              10.536172427010683
            ],
            [
              27.965400200856834,
              9.92428083141732
            ],
            [
              27.965400200856834,
              9.144797617258575
            ],
            [
              27.965400200856834,
              8.528155368086288
            ],
            [
              27.965400200856834,
              7.873433744072429
            ],
            [
              27.54931815277962,
              7.222943750169634
            ],
            [
              27.183226538517317,
              6.835238515778258
            ],
            [
              26.619969560332834,
              6.705583275792776
            ],
            [
              25.957308995722713,
              6.413102959294406
            ],
            [
              25.192951608343833,
              6.039835051164175
            ],
            [
              24.678429874567144,
              5.786037871500639
            ],
            [
              24.148030259597817,
              5.516357514486629
            ],
            [
              23.638682872026948,
              5.292504811228383
            ],
            [
              22.990337822047763,
              5.010479110298434
            ],
            [
              22.199817414958602,
              4.741402515277741
            ],
            [
              21.554289920948236,
              4.486969796673861
            ],
            [
              20.76875849454069,
              4.222882182334786
            ],
            [
              19.810662357359604,
              3.8223814306113866
            ],
            [
              18.92261055563978,
              3.443531372121953
            ],
            [
              18.399612321246423,
              3.3123985041002015
            ],
            [
              17.770259293267486,
              3.049444267538064
            ],
            [
              16.84440881307148,
              2.5347954259733
            ],
            [
              16.310413106931435,
              2.267800220982167
            ],
            [
              15.8082711420966,
              2.0
            ],
            [
              15.16716329180042,
              3.037003592781076
            ]
          ],
          [
            [
              50.25730985634834,
              5.5532293653415365
            ],
            [
              48.917471958499334,
              5.5532293653415365
            ],
            [
              47.66296045954766,
              5.5532293653415365
            ],
            [
              47.061735325836196,
              5.225619633916324
            ],
            [
              46.19309129450676,
              5.162139886092888
            ],
            [
              45.41525518543506,
              5.162139886092888
            ],
            [
              44.59350863174427,
              5.442280154833156
            ],
            [
              43.951301828697126,
              5.707903654944715
            ],
            [
              43.43465633562812,
              5.9662237534003
            ],
            [
              42.76203369812828,
              6.237355257661392
            ],
            [
              42.272022582817044,
              6.4823608153170085
            ],
            [
              41.744355785291134,
              6.746194214079964
            ],
            [
              41.21519017509763,
              7.141139296233291
            ],
            [
              40.843203937163764,
              7.536688140379965
            ],
            [
              40.28963892781934,
              8.220623371017695
            ],
            [
              39.66035474989229,
              8.84990754894477
            ],
            [
              39.0189052974157,
              9.621716630399021
            ],
            [
              38.6355905778704,
              10.545980911323113
            ],
            [
              38.37503020465016,
              11.067101657763601
            ],
            [
              37.9805511843864,
              11.878780215407971
            ],
            [
              37.580866040969795,
              12.91614394692192
            ],
            [
              37.19379104936087,
              13.532627311359136
            ],
            [
              36.960378781208476,
              14.026758837466872
            ],
            [
              36.960378781208476,
              14.738430046692258
            ],
            [
              36.83001915223076,
              15.692464030813028
            ],
            [
              36.83001915223076,
              16.599415171770943
            ],
            [
              36.83001915223076,
              17.4361074828752
            ],
            [
              36.83001915223076,
              18.100076198470873
            ],
            [
              36.83001915223076,
              18.757122835774737
            ],
            [
              36.83001915223076,
              19.398371034253557
            ],
            [
              36.83001915223076,
              20.7574180965741
            ],
            [
              37.39547933207507,
              20.675227023115724
            ],
            [
              37.891273851743335,
              20.135416135671676
            ],
            [
              38.30272705787178,
              19.72396822570107
            ],
            [
              38.97935888685356,
              19.04733110056145
            ],
            [
              39.60743554079397,
              18.43916270392691
            ],
            [
              40.135621361787855,
              17.760708996649498
            ],
            [
              40.53292323417827,
              17.233042199123616
            ],
            [
              41.01999498189048,
              17.006700301682372
            ],
            [
              41.83850558314339,
              16.60663913105938
            ],
            [
              42.454745324320186,
              16.503639453462995
            ],
            [
              42.9848112813458,
              16.503639453462995
            ],
            [
              43.4966319746261,
              16.78251394048044
            ],
            [
              44.02341960995125,
              17.178936650670067
            ],
            [
              44.438182914727236,
              17.570121460759765
            ],
            [
              44.97493262294205,
              17.96885329576591
            ],
            [
              45.45341400264414,
              18.19834640711963
            ],
            [
              46.00204299288532,
              18.766475850513302
            ],
            [
              46.530308256246656,
              19.294746410032502
            ],
            [
              47.06077142511003,
              19.82520957889585
            ],
            [
              47.697110085274744,
              20.852627125993592
            ],
            [
              48.0732749917413,
              21.619881511708797
            ],
            [
              48.32445057327601,
              22.262146572492156
            ],
            [
              48.592923406303385,
              23.403743986378288
            ],
            [
              48.84212881712301,
              24.232597983885114
            ],
            [
              48.953687085782576,
              25.16589221391976
            ],
            [
              49.08405201091807,
              26.056790700476455
            ],
            [
              49.23732811485252,
              26.587349200180853
            ],
            [
              49.21441163989573,
              27.386359348281303
            ],
            [
              49.21441163989573,
              28.44020472298115
            ],
            [
              49.21441163989573,
              29.90663138542854
            ],
            [
              49.21441163989573,
              30.774136742823202
            ],
            [
              49.21441163989573,
              31.558725453135935
            ],
            [
              49.21441163989573,
              32.892001411426065
            ],
            [
              49.21441163989573,
              33.47390616135141
            ],
            [
              49.21441163989573,
              34.445880880142
            ],
            [
              49.21441163989573,
              35.07396018216133
            ],
            [
              49.21441163989573,
              35.69937816486805
            ],
            [
              49.21441163989573,
              37.03877912969563
            ],
            [
              49.21441163989573,
              37.67282190543841
            ],
            [
              49.21441163989573,
              38.206825555815215
            ],
            [
              49.21441163989573,
              39.23059140208497
            ],
            [
              49.21441163989573,
              40.00008871064375
            ],
            [
              49.49814799980669,
              40.513265220330084
            ],
            [
              49.75881429618369,
              41.01170781891642
            ],
            [
              50.27524264678141,
              41.272432373029574
            ],
            [
              50.83040709579228,
              41.53315692714273
            ],
            [
              51.46175677527543,
              41.663519204199304
            ],
            [
              52.26409291049691,
              41.79387883317699
            ],
            [
              52.92228351789345,
              41.92424111023357
            ],
            [
              53.7152295652715,
              42.05460338729014
            ],
            [
              54.496693542461,
              42.18496566434672
            ],
            [
              55.28867568911289,
              42.18496566434672
            ],
            [
              55.9567171500845,
              42.18496566434672
            ],
            [
              56.66471282577163,
              42.18496566434672
            ],
            [
              57.195435506368995,
              42.18496566434672
            ],
            [
              58.30124148559878,
              42.18496566434672
            ],
            [
              58.20939551640521,
              41.49121135708086
            ],
            [
              58.20939551640521,
              40.73279096263627
            ],
            [
              58.521720536315456,
              39.89141155184706
            ],
            [
              58.60047969949602,
              38.72507578470854
            ],
            [
              58.60047969949602,
              37.96154194987318
            ],
            [
              58.730844624631516,
              37.195855226877455
            ],
            [
              58.730844624631516,
              36.40351558957158
            ],
            [
              58.730844624631516,
              35.73650423129911
            ],
            [
              58.730844624631516,
              34.978126206117196
            ]
          ],
          [
            [
              4.891314234946833,
              36.97048517439916
            ],
            [
              4.891314234946833,
              37.795184336083594
            ],
            [
              4.891314234946833,
              38.843233066031814
            ],
            [
              4.891314234946833,
              39.371937910493614
            ],
            [
              4.891314234946833,
              40.52854198760832
            ],
            [
              4.891314234946833,
              41.05697407994154
            ],
            [
              4.891314234946833,
              41.95265234894529
            ],
            [
              4.486981713029024,
              42.746149196738344
            ],
            [
              4.500227403777103,
              43.835788654173456
            ],
            [
              4.500227403777103,
              44.73342650157659
            ],
            [
              4.500227403777103,
              45.369005163091856
            ],
            [
              4.500227403777103,
              45.98056839689934
            ],
            [
              4.500227403777103,
              46.65696454685741
            ],
            [
              4.500227403777103,
              47.181228562973615
            ],
            [
              4.500227403777103,
              47.935480881201215
            ],
            [
              4.500227403777103,
              48.597034548823615
            ],
            [
              4.500227403777103,
              49.24032441614824
            ],
            [
              4.936024399399173,
              49.61560486425617
            ],
            [
              5.701478091450099,
              49.61560486425617
            ],
            [
              6.234806481702776,
              49.61560486425617
            ],
            [
              7.200664138192678,
              49.61560486425617
            ],
            [
              7.8388564536000445,
              49.61560486425617
            ],
            [
              8.456068039739762,
              49.61560486425617
            ],
            [
              9.217062366892662,
              49.61560486425617
            ],
            [
              9.869016748437161,
              49.61560486425617
            ],
            [
              10.39034139695434,
              50.030511165293746
            ],
            [
              11.035953629490109,
              50.00668904734698
            ],
            [
              11.724011919003203,
              50.00668904734698
            ],
            [
              11.966525634396987,
              48.89247012139455
            ],
            [
              11.930863955607606,
              47.96537504410705
            ],
            [
              12.088927786225895,
              47.02792068209217
            ],
            [
              12.19158850972076,
              46.18824398604727
            ],
            [
              12.321950786777393,
              45.6537424968339
            ],
            [
              12.45231306383397,
              45.01134238402574
            ],
            [
              12.45231306383397,
              43.92001345224091
            ],
            [
              12.45231306383397,
              42.856198060414584
            ],
            [
              12.45231306383397,
              42.14515974205062
            ],
            [
              12.45231306383397,
              41.050062593965436
            ],
            [
              12.45231306383397,
              40.03749282536117
            ],
            [
              12.45231306383397,
              39.28827450515681
            ],
            [
              12.45231306383397,
              38.49155494532047
            ],
            [
              12.45231306383397,
              37.7249202100721
            ],
            [
              11.877897081088804,
              36.94399908906084
            ]
          ],
          [
            [
              6.977105371694279,
              48.5727066478035
            ],
            [
              6.569041706580947,
              49.12810942391704
            ],
            [
              6.303399669916985,
              49.65939614532391
            ],
            [
              6.194934357433738,
              50.174111188861644
            ],
            [
              5.803847526264008,
              50.798033006979665
            ],
            [
              5.543122972150854,
              51.592938632757125
            ],
            [
              5.543122972150854,
              52.14499953327609
            ],
            [
              5.282398418037701,
              52.892674023471244
            ],
            [
              5.282398418037701,
              53.68486272027877
            ],
            [
              5.282398418037701,
              54.735903779404424
            ],
            [
              5.282398418037701,
              55.50985250862445
            ],
            [
              5.282398418037701,
              56.28442618446914
            ],
            [
              5.412760695094278,
              56.933073115444984
            ],
            [
              5.543122972150854,
              57.43732692321697
            ],
            [
              6.377082465811668,
              57.8284137543867
            ],
            [
              6.880241292951041,
              57.97552380656049
            ],
            [
              7.712061138846082,
              58.089136984460396
            ],
            [
              8.488647354668501,
              58.21949926151697
            ],
            [
              9.653240685878927,
              58.34986153857358
            ],
            [
              10.430324740537912,
              58.480223815630154
            ],
            [
              11.397477307618715,
              58.480223815630154
            ],
            [
              12.414705047039831,
              58.61058609268673
            ],
            [
              13.326142033684903,
              58.74094836974331
            ],
            [
              14.540895275761045,
              58.74094836974331
            ],
            [
              15.22941168292698,
              58.74094836974331
            ],
            [
              16.52789718039179,
              58.74094836974331
            ],
            [
              17.19087551447211,
              58.74094836974331
            ],
            [
              18.017155579270593,
              58.74094836974331
            ],
            [
              18.728744698049525,
              58.74094836974331
            ],
            [
              19.27521285589353,
              58.74094836974331
            ],
            [
              20.077207388934653,
              58.74094836974331
            ],
            [
              20.80449696761866,
              58.74094836974331
            ],
            [
              21.76328690147625,
              58.58295206513745
            ],
            [
              21.708016198298765,
              57.93466659693391
            ],
            [
              21.708016198298765,
              56.92482170153633
            ],
            [
              21.708016198298765,
              55.704146030960004
            ],
            [
              21.708016198298765,
              54.78326202277481
            ],
            [
              21.708016198298765,
              54.11597791237375
            ],
            [
              22.14557416640133,
              53.37286871023329
            ],
            [
              22.099105677547414,
              52.72679571196579
            ],
            [
              21.801567530315538,
              52.22284510922995
            ],
            [
              21.11432749718807,
              52.22284510922995
            ],
            [
              20.07679958478127,
              52.22284510922995
            ],
            [
              18.905035255860696,
              52.22284510922995
            ],
            [
              18.296186302944193,
              52.22284510922995
            ],
            [
              16.85349966799714,
              52.22284510922995
            ],
            [
              16.039710591455048,
              52.22284510922995
            ],
            [
              15.009144478523751,
              52.22284510922995
            ],
            [
              14.47813580540327,
              52.22284510922995
            ],
            [
              13.865555709291243,
              52.22284510922995
            ],
            [
              13.208291929516122,
              52.22284510922995
            ],
            [
              12.558757892102733,
              52.22284510922995
            ],
            [
              11.926086821239437,
              52.22284510922995
            ],
            [
              11.383032037120813,
              52.22284510922995
            ],
            [
              11.018330664290488,
              51.377893439980284
            ],
            [
              11.018330664290488,
              50.68560087227718
            ],
            [
              11.018330664290488,
              50.08995524084608
            ],
            [
              11.018330664290488,
              49.163900858573385
            ],
            [
              11.018330664290488,
              48.5516941415888
            ]
          ],
          [
            [
              50.387669485326,
              38.92591403409003
            ],
            [
              50.817659243880826,
              40.06605500457124
            ],
            [
              50.90911859355231,
              40.98258689505465
            ],
            [
              51.224022842328736,
              42.03260049956009
            ],
            [
              51.16984314766552,
              43.04260427969274
            ],
            [
              51.16984314766552,
              44.49179459646257
            ],
            [
              51.16984314766552,
              46.51218348009206
            ],
            [
              51.495138458116344,
              47.65895524018407
            ],
            [
              51.43056770177867,
              48.91740178440796
            ],
            [
              51.43056770177867,
              49.80052815934019
            ],
            [
              51.58488714880684,
              50.576057791674316
            ],
            [
              51.691292255891824,
              51.797325307888826
            ],
            [
              51.97626791673645,
              52.792793782840306
            ],
            [
              52.11336955463946,
              53.2967337932605
            ],
            [
              52.21274136411813,
              53.91755206288656
            ],
            [
              52.492352017074836,
              54.73750586714985
            ],
            [
              52.764410348957256,
              54.27842166552247
            ],
            [
              53.27574379571661,
              54.158169753774985
            ],
            [
              53.82250324224162,
              53.89484213808538
            ],
            [
              54.67152500878831,
              53.62876052032101
            ],
            [
              55.14259176751989,
              53.36516015250285
            ],
            [
              55.78713947233058,
              53.247532486963166
            ],
            [
              56.57022407381788,
              52.977248367955866
            ],
            [
              57.09414119159578,
              52.845652086123465
            ],
            [
              57.70828365426951,
              52.59358939815124
            ],
            [
              58.369339483055285,
              51.77258960271533
            ],
            [
              58.47012007051836,
              50.87496499570679
            ],
            [
              58.76325181443059,
              49.74670595533087
            ],
            [
              58.87967195598367,
              49.03874205659076
            ],
            [
              58.86120425360917,
              48.24709621596142
            ],
            [
              58.86120425360917,
              47.131857779625534
            ],
            [
              58.86120425360917,
              45.93961850451066
            ],
            [
              59.01048705453525,
              44.827957622793065
            ],
            [
              59.13917839379451,
              44.23625498087094
            ],
            [
              59.12192880772233,
              43.54800602967569
            ],
            [
              59.12192880772233,
              42.89160552362782
            ],
            [
              59.12192880772233,
              41.92314745364041
            ],
            [
              59.12192880772233,
              40.68003063827308
            ],
            [
              59.12192880772233,
              40.072108512977906
            ],
            [
              59.12192880772233,
              39.297320342740846
            ]
          ],
          [
            [
              58.33975514538287,
              50.65850043262989
            ],
            [
              58.33975514538287,
              51.638800711538806
            ],
            [
              58.33975514538287,
              52.38317304732314
            ],
            [
              58.33975514538287,
              53.04318023685741
            ],
            [
              58.33975514538287,
              53.568667665433765
            ],
            [
              58.33975514538287,
              54.387154433976434
            ],
            [
              58.33975514538287,
              55.400085665353004
            ],
            [
              58.33975514538287,
              55.92963392295016
            ],
            [
              58.33975514538287,
              56.75256814003569
            ],
            [
              58.33975514538287,
              57.60871059079301
            ],
            [
              58.33975514538287,
              58.37648135189724
            ],
            [
              58.33975514538287,
              59.283482806354584
            ],
            [
              58.05053196595367,
              59.942704840489654
            ],
            [
              58.07903588742755,
              60.72463355552921
            ],
            [
              58.07903588742755,
              61.36901972752591
            ],
            [
              57.687946408178846,
              61.73927544588682
            ],
            [
              57.00755430713349,
              62.0
            ],
            [
              56.234071639803005,
              62.0
            ],
            [
              55.443593601976545,
              62.0
            ],
            [
              54.59156891393678,
              62.0
            ],
            [
              53.85643572549748,
              62.0
            ],
            [
              53.20910753782289,
              62.0
            ],
            [
              52.55150480394616,
              62.0
            ],
            [
              51.88549706758363,
              62.0
            ],
            [
              51.26153023212396,
              62.0
            ],
            [
              49.89963383688763,
              62.0
            ],
            [
              49.011007402042594,
              62.0
            ],
            [
              48.08898339588319,
              62.0
            ],
            [
              47.15989961132823,
              62.0
            ],
            [
              46.28755886182921,
              62.0
            ],
            [
              45.07250373875644,
              62.0
            ],
            [
              44.468498122181074,
              62.0
            ],
            [
              43.718397991696975,
              62.0
            ],
            [
              43.08739785863099,
              61.86963772294342
            ],
            [
              42.696308379382344,
              61.42101608112125
            ],
            [
              42.4065343995382,
              60.290417463021214
            ],
            [
              42.174864567313875,
              59.48133137463762
            ],
            [
              42.04449964217838,
              58.79850701310599
            ],
            [
              41.78377508806517,
              58.02127466602758
            ],
            [
              41.50268680707222,
              57.52695909843504
            ],
            [
              41.11433544142483,
              56.86299170687883
            ],
            [
              40.70727275014252,
              55.936127012457206
            ],
            [
              40.48015761365724,
              55.439164689986086
            ],
            [
              40.055035024153824,
              54.92641452100554
            ],
            [
              40.38392112961753,
              54.2745104529605
            ],
            [
              41.303784303379814,
              54.17827661699974
            ],
            [
              41.94299877724956,
              54.17827661699974
            ],
            [
              42.667285434440544,
              54.17827661699974
            ],
            [
              43.278652710408096,
              54.17827661699974
            ],
            [
              44.35597595279535,
              54.17827661699974
            ],
            [
              45.57314953900254,
              54.17827661699974
            ],
            [
              46.314563970635504,
              54.17827661699974
            ],
            [
              47.32268231857847,
              54.17827661699974
            ],
            [
              47.828264137927874,
              54.462918619900705
            ],
            [
              48.51700298372293,
              54.43900117111289
            ],
            [
              49.23553801350391,
              54.56936080009055
            ],
            [
              49.76477776990714,
              54.56936080009055
            ],
            [
              50.2779013180151,
              54.83008535420373
            ],
            [
              50.799477534029506,
              55.11153377392952
            ],
            [
              51.32598447298926,
              55.35153446243004
            ],
            [
              51.85453043271599,
              55.61225901654319
            ],
            [
              52.364418028386126,
              55.74261996956034
            ],
            [
              52.89697317959474,
              56.00334452367349
            ],
            [
              53.71411737212594,
              56.264069077786644
            ],
            [
              53.64672376366161,
              55.52897561053115
            ],
            [
              53.64672376366161,
              53.601567397911595
            ],
            [
              53.64672376366161,
              53.07956748927032
            ],
            [
              53.64672376366161,
              52.38475924659505
            ],
            [
              53.64672376366161,
              51.81099469126377
            ]
          ],
          [
            [
              24.44562136840807,
              15.069657053919514
            ],
            [
              25.206440922352385,
              15.069657053919514
            ],
            [
              26.330089657331996,
              15.069657053919514
            ],
            [
              27.23827480306568,
              15.069657053919514
            ],
            [
              27.769638318761167,
              15.362862944041467
            ],
            [
              28.366472937626497,
              15.591106162145849
            ],
            [
              29.035467707008593,
              15.879000005958176
            ],
            [
              29.679660569244334,
              15.851830716259002
            ],
            [
              30.201099085154965,
              16.112555270372155
            ],
            [
              31.028051761998654,
              16.503639453462995
            ],
            [
              31.659221372115326,
              17.046929916605364
            ],
            [
              32.561501301861824,
              17.693617269181857
            ],
            [
              33.11393293342928,
              17.969833084965586
            ],
            [
              33.91174085370096,
              18.499094026000165
            ],
            [
              34.509391080873,
              19.006412985119766
            ],
            [
              35.024034626279956,
              19.37160425254993
            ],
            [
              35.26567182755184,
              19.919820142479892
            ]
          ],
          [
            [
              25.358154659725187,
              6.596122285636341
            ],
            [
              26.149209978755835,
              6.596122285636341
            ],
            [
              27.113809797759586,
              6.596122285636341
            ],
            [
              28.154356520133035,
              6.596122285636341
            ],
            [
              28.684088819214992,
              6.596122285636341
            ],
            [
              29.44058141220728,
              6.596122285636341
            ],
            [
              30.23806626685092,
              6.596122285636341
            ],
            [
              31.13684543626772,
              6.596122285636341
            ],
            [
              31.905577450019166,
              6.596122285636341
            ],
            [
              32.83269636001694,
              6.596122285636341
            ],
            [
              33.63022888008112,
              6.596122285636341
            ],
            [
              34.37504874120259,
              6.596122285636341
            ],
            [
              35.033038094601295,
              6.596122285636341
            ],
            [
              35.81056702651853,
              6.596122285636341
            ],
            [
              36.34356175882755,
              6.596122285636341
            ],
            [
              36.85989477858419,
              6.435887030305281
            ],
            [
              37.50746129336147,
              6.465762656658683
            ],
            [
              38.204218522120414,
              6.7617755104337505
            ],
            [
              38.806539960503926,
              7.138665990523862
            ],
            [
              39.34215099478399,
              7.378295947975829
            ],
            [
              39.872349355755546,
              7.639020502089011
            ]
          ],
          [
            [
              32.78879121155569,
              5.422864440206041
            ],
            [
              32.78879121155569,
              6.270848159816865
            ],
            [
              32.78879121155569,
              7.0620094020042075
            ],
            [
              32.78879121155569,
              7.9345461093431595
            ],
            [
              32.78879121155569,
              8.573728806265876
            ],
            [
              32.78879121155569,
              9.388103108248828
            ],
            [
              32.78879121155569,
              10.495434380935421
            ],
            [
              32.78879121155569,
              11.389658854613174
            ],
            [
              32.78879121155569,
              11.978618086776208
            ],
            [
              32.78879121155569,
              12.635336362294254
            ],
            [
              32.78879121155569,
              13.887385147852171
            ],
            [
              32.495309921226294,
              14.939985925460547
            ],
            [
              32.39770702846488,
              16.01502122766263
            ],
            [
              32.26734739948722,
              16.804906095811475
            ],
            [
              32.136982474351726,
              17.339219571421665
            ],
            [
              32.136982474351726,
              17.958096799200803
            ]
          ],
          [
            [
              33.04951576566884,
              17.0250885616893
            ],
            [
              33.04951576566884,
              17.588319059084597
            ],
            [
              33.04951576566884,
              18.78182411592229
            ],
            [
              33.04951576566884,
              19.30803976620109
            ],
            [
              33.04951576566884,
              20.34063165950471
            ],
            [
              33.04951576566884,
              21.2681954467607
            ],
            [
              33.04951576566884,
              21.8756965275079
            ],
            [
              32.753709462049414,
              22.4050210224365
            ],
            [
              32.65843158257803,
              23.02174271397635
            ],
            [
              32.528071953600374,
              23.579189807014615
            ],
            [
              32.39770702846488,
              24.478307930532935
            ],
            [
              32.11616327789801,
              24.997993418199854
            ],
            [
              31.876257920238572,
              25.6566924567486
            ],
            [
              31.745898291260914,
              26.186361201936535
            ],
            [
              31.61553336612542,
              26.955665200734302
            ],
            [
              31.48517373714776,
              27.644541746633138
            ],
            [
              31.48517373714776,
              28.389361607754637
            ],
            [
              31.35480881201221,
              29.332088294895357
            ],
            [
              31.35480881201221,
              30.09664164011417
            ],
            [
              31.35480881201221,
              30.866062154384338
            ],
            [
              31.61553336612542,
              31.39582623041332
            ],
            [
              32.02957109727788,
              31.909315213411986
            ],
            [
              32.43381623259137,
              32.27745114459901
            ],
            [
              32.96074156802024,
              32.40781077357667
            ],
            [
              33.75497458175249,
              32.40781077357667
            ],
            [
              34.426463841475424,
              32.40781077357667
            ],
            [
              35.16666015680602,
              32.40781077357667
            ],
            [
              35.549032160256445,
              31.971455033302902
            ],
            [
              35.81434848321351,
              31.468049934824137
            ],
            [
              36.21377411489618,
              30.938264674163804
            ],
            [
              36.46199444035835,
              30.42931979458851
            ],
            [
              36.59296842364495,
              29.88358250652584
            ],
            [
              36.99637146986254,
              29.07677111793285
            ],
            [
              37.244438206747475,
              28.603972515588907
            ],
            [
              37.48182788943478,
              28.069643151505204
            ],
            [
              37.7695469600385,
              27.26969558346778
            ],
            [
              37.908025598978895,
              26.340940160698665
            ],
            [
              38.00327699766109,
              25.605955264678784
            ],
            [
              38.160032677293884,
              25.05474174941361
            ],
            [
              38.29357529713104,
              24.526937251783977
            ],
            [
              38.428606137320116,
              23.99615101729262
            ],
            [
              38.67619621999978,
              23.109886668842506
            ],
            [
              38.947788489992604,
              22.436337203721337
            ],
            [
              39.08164358314207,
              21.74206387298753
            ],
            [
              39.197809509119,
              20.69920802579759
            ],
            [
              39.32808969572915,
              19.808283058451707
            ],
            [
              39.306894472069075,
              18.786172261505726
            ]
          ],
          [
            [
              26.401052876177857,
              14.678572870828702
            ],
            [
              26.11275122821212,
              15.701419833713885
            ],
            [
              26.00996869308699,
              16.5947121836125
            ],
            [
              25.717340084169223,
              18.259405810811984
            ],
            [
              25.61887921383834,
              19.445506838994817
            ],
            [
              25.488519584860683,
              20.641305132175546
            ],
            [
              25.358154659725187,
              21.541323602526006
            ],
            [
              25.22779503074753,
              22.31024098180174
            ],
            [
              25.097430105612034,
              23.13119311181711
            ],
            [
              25.097430105612034,
              23.87021897626593
            ],
            [
              24.811967198246464,
              24.660315690728225
            ],
            [
              24.83670555149888,
              25.46428304256324
            ],
            [
              24.575986293543565,
              26.586056937668843
            ],
            [
              24.44562136840807,
              27.107882073101536
            ],
            [
              24.44562136840807,
              27.637587891394332
            ],
            [
              24.44562136840807,
              28.167230155793106
            ],
            [
              24.44562136840807,
              29.061375187103323
            ],
            [
              24.44562136840807,
              29.82772922598639
            ],
            [
              24.44562136840807,
              30.355846196928354
            ],
            [
              24.7363910259254,
              30.97382837403319
            ],
            [
              25.117920940279873,
              31.495277482259525
            ],
            [
              25.65415162502677,
              31.886361665350336
            ],
            [
              26.163456643334882,
              32.14708621946352
            ],
            [
              26.693432565677313,
              32.27745114459901
            ],
            [
              27.487294848361103,
              31.995049416462706
            ],
            [
              27.992002801667525,
              31.72939943556196
            ],
            [
              28.522211754954753,
              31.19918518611692
            ],
            [
              28.903323272840225,
              30.68771403925379
            ],
            [
              29.036685823310904,
              30.13487460353292
            ],
            [
              29.303850505352784,
              29.600534647133543
            ],
            [
              29.39938260040026,
              28.992689316126985
            ],
            [
              29.529742229377916,
              28.29520121758668
            ],
            [
              29.79046678349107,
              27.691714624479232
            ],
            [
              29.94669814349811,
              26.985355461563472
            ],
            [
              30.085102636228783,
              26.082609469927434
            ],
            [
              30.05119133760428,
              25.147774057962465
            ],
            [
              30.20801057113107,
              24.506711225007933
            ],
            [
              30.340700509556598,
              23.6887884972748
            ],
            [
              30.4781040284563,
              22.91425719069281
            ],
            [
              30.744251848193585,
              21.87571241598141
            ],
            [
              30.98639748061771,
              20.845260170443595
            ],
            [
              31.252926623719247,
              19.90951381933084
            ],
            [
              31.22444918303455,
              19.142635460821992
            ],
            [
              31.686581323496625,
              18.352501673254864
            ],
            [
              31.904703583976243,
              17.62001126757579
            ],
            [
              32.17093084608109,
              17.12150511509543
            ],
            [
              32.55863608047247,
              16.60344025172637
            ]
          ],
          [
            [
              29.529742229377916,
              29.670210899625232
            ],
            [
              30.3678697992558,
              29.670210899625232
            ],
            [
              30.889467199901503,
              29.95898390563835
            ],
            [
              31.66174763940319,
              30.061295082716043
            ],
            [
              32.329836765795335,
              30.19165471169373
            ],
            [
              32.94096571466025,
              30.322019636829225
            ]
          ],
          [
            [
              30.703000074808244,
              19.501969177685424
            ],
            [
              31.74335613549954,
              19.918617914651094
            ],
            [
              32.7234260315426,
              20.446999693484855
            ],
            [
              33.24161800269974,
              20.706098327142342
            ],
            [
              33.74648484074123,
              20.95852909808417
            ],
            [
              34.43004404417263,
              21.066311206206564
            ],
            [
              35.0953209107538,
              21.35716030609143
            ],
            [
              35.748718495308594,
              21.45740068545524
            ],
            [
              36.257758705724996,
              21.757899384917465
            ],
            [
              36.90199923338116,
              21.848484868546052
            ],
            [
              37.64430871568834,
              21.97884449752371
            ],
            [
              38.4409673697096,
              22.239569051636863
            ],
            [
              39.163961764388546,
              22.669924245082342
            ]
          ],
          [
            [
              30.83336499994374,
              31.364917853281867
            ],
            [
              30.549739859347312,
              32.522303113677395
            ],
            [
              30.44227552069509,
              33.239024209399474
            ],
            [
              30.311915891717433,
              34.05899655021517
            ],
            [
              30.181550966581938,
              34.68554261454099
            ],
            [
              30.05119133760428,
              35.34929153958646
            ],
            [
              29.636152632620792,
              36.65124337235497
            ],
            [
              29.660101858355574,
              37.283615210300496
            ],
            [
              29.529742229377916,
              38.11297499088067
            ],
            [
              29.529742229377916,
              38.739386003181664
            ],
            [
              29.39938260040026,
              39.602537918835054
            ],
            [
              29.39938260040026,
              40.284667159650695
            ],
            [
              29.39938260040026,
              40.919345474333824
            ],
            [
              29.269017675264763,
              41.42577203085807
            ],
            [
              29.269017675264763,
              42.09172945372117
            ],
            [
              29.686646201430108,
              42.44569021845987
            ],
            [
              30.214212371957103,
              42.706414772573055
            ],
            [
              30.86937357707137,
              42.706414772573055
            ],
            [
              31.935039976061375,
              42.99652770651869
            ],
            [
              32.70140990341798,
              43.22786388079936
            ],
            [
              33.211424606876164,
              43.35822350977702
            ],
            [
              33.85510903795955,
              43.35822350977702
            ],
            [
              34.50449743103246,
              43.35822350977702
            ],
            [
              34.64170499209217,
              42.80893249980636
            ],
            [
              34.61386309034782,
              41.979548886515914
            ],
            [
              34.61386309034782,
              41.3308781228298
            ],
            [
              34.74422271932548,
              40.5623155861291
            ],
            [
              34.74422271932548,
              39.873648238464796
            ],
            [
              34.74422271932548,
              38.728560656564696
            ],
            [
              34.74422271932548,
              37.821278505742015
            ],
            [
              34.74422271932548,
              37.028078242787785
            ],
            [
              34.74422271932548,
              36.42042622154224
            ],
            [
              34.74422271932548,
              35.301567861325395
            ],
            [
              34.74422271932548,
              34.165526117009335
            ],
            [
              35.032317817135606,
              33.65669510482752
            ],
            [
              35.17328565025895,
              32.72293746098222
            ],
            [
              35.42533509783658,
              31.987422949178722
            ]
          ],
          [
            [
              25.61887921383834,
              30.19165471169373
            ],
            [
              25.61887921383834,
              30.958988539776442
            ],
            [
              25.61887921383834,
              31.521742382966494
            ],
            [
              25.61887921383834,
              32.81702900109829
            ],
            [
              25.61887921383834,
              34.26298866158808
            ],
            [
              25.61887921383834,
              35.423061722085436
            ],
            [
              25.61887921383834,
              36.379378350233594
            ],
            [
              25.61887921383834,
              37.65658653359188
            ],
            [
              25.61887921383834,
              38.629541041582115
            ],
            [
              25.61887921383834,
              39.225316428880205
            ],
            [
              25.61887921383834,
              39.75228148549283
            ],
            [
              25.61887921383834,
              40.52909278802326
            ],
            [
              25.61887921383834,
              41.142070095973
            ],
            [
              26.070514369469265,
              41.53315692714273
            ],
            [
              26.597699216632066,
              41.53315692714273
            ],
            [
              27.49514375427418,
              41.53315692714273
            ],
            [
              28.284223606431965,
              41.243382947298585
            ],
            [
              28.900887040235602,
              40.98875162277585
            ],
            [
              29.433235641288604,
              40.586765298779426
            ],
            [
              29.698001163830725,
              40.02337326857014
            ],
            [
              29.941523797292234,
              38.801748261701675
            ],
            [
              30.210261438211376,
              37.66653271800806
            ],
            [
              30.343523361683253,
              37.00601709732152
            ],
            [
              30.482134404569535,
              36.32946206262838
            ],
            [
              30.596875664088543,
              34.84541243498137
            ],
            [
              30.884737730953873,
              32.69807729609957
            ],
            [
              31.127932002629564,
              31.524109765519228
            ],
            [
              31.261077410629014,
              30.69694524236212
            ],
            [
              31.22444918303455,
              30.014175166448297
            ],
            [
              31.386553982081807,
              29.508100804420167
            ]
          ],
          [
            [
              34.35313853623467,
              32.40781077357667
            ],
            [
              34.810530615433436,
              32.11393227140954
            ],
            [
              35.575703611119025,
              31.86170805062332
            ],
            [
              36.10120957624781,
              31.729319993194423
            ],
            [
              36.89508245124722,
              31.462748480830214
            ],
            [
              37.37613776365765,
              31.209878128787977
            ],
            [
              38.03396293616345,
              31.073507360666355
            ],
            [
              38.56298555009539,
              30.97382837403319
            ],
            [
              39.20018218782957,
              30.689456475181885
            ],
            [
              39.732260684832966,
              30.548467457427165
            ],
            [
              40.528532719332134,
              30.29783208399175
            ],
            [
              41.188079143134644,
              30.322019636829225
            ],
            [
              42.0889820718437,
              30.322019636829225
            ],
            [
              42.85852969390197,
              30.322019636829225
            ],
            [
              43.78455229922764,
              30.322019636829225
            ],
            [
              44.717878306209286,
              30.061295082716043
            ],
            [
              45.24514789189749,
              30.061295082716043
            ],
            [
              46.01259293929479,
              30.061295082716043
            ],
            [
              46.68163007793959,
              30.061295082716043
            ],
            [
              47.28600112940569,
              30.061295082716043
            ],
            [
              48.22922035922517,
              29.612509260000962
            ]
          ],
          [
            [
              48.82332745680492,
              40.099174527599274
            ],
            [
              48.01219440341765,
              40.388858472760205
            ],
            [
              47.45650033862307,
              40.490258710690085
            ],
            [
              46.62353652263545,
              40.490258710690085
            ],
            [
              46.05829878142032,
              40.490258710690085
            ],
            [
              45.20754517126119,
              40.490258710690085
            ],
            [
              44.57598364546459,
              40.490258710690085
            ],
            [
              43.666712787374536,
              40.18120671632255
            ],
            [
              42.483085064901104,
              40.22953415657693
            ],
            [
              41.1286615483715,
              40.22953415657693
            ],
            [
              40.40549238048396,
              40.22953415657693
            ],
            [
              39.64090725831812,
              40.22953415657693
            ],
            [
              38.124733785316266,
              40.22953415657693
            ],
            [
              37.68603714327895,
              39.94055195232929
            ],
            [
              37.01558063433407,
              39.83844997348609
            ],
            [
              35.71813318380515,
              39.66821557216048
            ],
            [
              34.84891187127158,
              39.57772541937294
            ],
            [
              34.18719931891411,
              39.281423924995806
            ]
          ],
          [
            [
              53.516358838526116,
              49.22451803308641
            ],
            [
              52.92017564707464,
              48.926423789281756
            ],
            [
              52.01324569074808,
              48.8103849710929
            ],
            [
              50.23098265574515,
              48.24930471377908
            ],
            [
              48.76282414968534,
              48.143447759030096
            ],
            [
              46.7945600514787,
              47.86997005684762
            ],
            [
              44.863835120014244,
              47.634603506453686
            ],
            [
              42.71659266389457,
              47.49975538370995
            ],
            [
              41.077945540933,
              47.207624613628724
            ],
            [
              39.639795065172564,
              47.10101295638813
            ],
            [
              38.01466373700873,
              46.988533156265106
            ],
            [
              36.70946800756559,
              46.68736714091551
            ],
            [
              35.691376994417226,
              46.585363140992314
            ],
            [
              34.558311690805,
              46.32556806257941
            ],
            [
              33.03856860742167,
              45.918362375035485
            ],
            [
              31.30729698006462,
              45.37286871023329
            ],
            [
              30.634865004246876,
              45.149227853288494
            ],
            [
              30.001921181255057,
              44.89793575628141
            ],
            [
              29.234285472175657,
              44.62711407725374
            ],
            [
              28.17026617827264,
              44.531484003286266
            ],
            [
              27.50774860992408,
              44.531484003286266
            ],
            [
              26.670171840461194,
              44.531484003286266
            ],
            [
              25.80883121078773,
              44.531484003286266
            ],
            [
              24.604807984487593,
              44.531484003286266
            ],
            [
              23.256337349365708,
              44.531484003286266
            ],
            [
              21.641676525243838,
              44.531484003286266
            ],
            [
              20.412512437695682,
              44.531484003286266
            ],
            [
              18.79951460713437,
              44.82069129424195
            ],
            [
              16.964417101558467,
              44.79220855739942
            ],
            [
              16.160947588560077,
              44.79220855739942
            ],
            [
              15.404121337624133,
              44.48496520093292
            ],
            [
              14.86856856108028,
              44.531484003286266
            ]
          ],
          [
            [
              17.927518107894684,
              42.83677704962963
            ],
            [
              16.78650591944944,
              42.53680531787208
            ],
            [
              15.360626641395186,
              42.29732630091843
            ],
            [
              13.902562612170982,
              42.031784891253324
            ],
            [
              13.023429540247207,
              42.34222712705284
            ]
          ],
          [
            [
              31.61553336612542,
              35.53650012677679
            ],
            [
              30.0193561328515,
              35.09135011641615
            ],
            [
              28.755110295797067,
              34.98434919157461
            ],
            [
              26.625684114638034,
              34.576404690012566
            ],
            [
              24.931289634293705,
              34.33555396817934
            ],
            [
              23.21842745157494,
              34.07180265986287
            ],
            [
              20.883256130799225,
              33.82257871249078
            ],
            [
              18.842874251338458,
              33.562849836050816
            ],
            [
              16.85170162241178,
              32.989641377292315
            ],
            [
              15.153689866265381,
              32.90149742242619
            ],
            [
              13.714999182405677,
              32.469654008628765
            ],
            [
              11.785627419268394,
              32.40781077357667
            ],
            [
              9.930685210280672,
              34.1472676128694
            ]
          ],
          [
            [
              32.39770702846488,
              44.40112172622969
            ],
            [
              31.539358727968818,
              45.5709794383292
            ],
            [
              31.61553336612542,
              46.114518820889884
            ],
            [
              31.48517373714776,
              47.20041389473488
            ],
            [
              31.206760015862017,
              47.973962764038276
            ],
            [
              31.094089554056893,
              48.909603191994336
            ],
            [
              30.80540128656918,
              49.541164717790906
            ],
            [
              30.703000074808244,
              50.28842081151703
            ],
            [
              30.41899361084762,
              51.27306658793046
            ],
            [
              30.152067255908378,
              51.89073629172296
            ],
            [
              29.8879372723066,
              52.71259406472831
            ],
            [
              29.641369348089313,
              53.4523057816169
            ],
            [
              29.39938260040026,
              54.48728889018349
            ],
            [
              29.269017675264763,
              55.252565160946915
            ],
            [
              29.138658046287105,
              55.892015313840375
            ],
            [
              29.00829312115161,
              56.40866080690935
            ],
            [
              28.747568567038456,
              56.93605750038563
            ],
            [
              28.486844012925303,
              57.46455447065233
            ],
            [
              28.22611945881215,
              57.99483889418872
            ],
            [
              27.835035275721282,
              58.637383327297925
            ],
            [
              27.288625375613492,
              59.001671599817
            ],
            [
              26.757208898339627,
              59.13203387687358
            ],
            [
              25.814953569246313,
              59.13203387687358
            ],
            [
              24.61077675436883,
              58.69316378566714
            ],
            [
              23.257963269821403,
              58.45127104477967
            ],
            [
              21.747446093388476,
              58.05276429648157
            ],
            [
              20.90045805145087,
              57.803027945838835
            ]
          ],
          [
            [
              25.22779503074753,
              58.34986153857358
            ],
            [
              26.019252857773665,
              58.01931376358877
            ],
            [
              26.875021929403545,
              57.93805613794902
            ],
            [
              27.483873530398967,
              58.089136984460396
            ],
            [
              29.06239866960516,
              58.21949926151697
            ],
            [
              31.230280252812122,
              58.640202207306174
            ],
            [
              32.57224720611123,
              59.03657990015418
            ],
            [
              33.78962204631625,
              59.4104158212123
            ],
            [
              35.264506672827906,
              60.087634199674426
            ],
            [
              37.02622591158462,
              60.463683914708014
            ],
            [
              38.14279368353738,
              60.696378553473636
            ],
            [
              39.55468580874651,
              60.97667373483063
            ],
            [
              40.72744581534022,
              61.087465384643394
            ],
            [
              41.90251494675044,
              61.087465384643394
            ],
            [
              42.964209227363426,
              61.087465384643394
            ],
            [
              44.10600259908949,
              61.087465384643394
            ],
            [
              44.8598312246902,
              61.087465384643394
            ],
            [
              45.6364651059331,
              61.087465384643394
            ]
          ]
        ]
      }
    }
  ]
}