{
  "type": "FeatureCollection",
  "crs": {
    "type": "name",
    "properties": {
      "name": "urn:ogc:def:crs:OGC:1.3:CRS84"
    }
  },
  "features": [
    {
      "type": "Feature",
      "properties": {
        "timestamp": "2026-07-23T07:36:30.101971",
        "country_name": "Guadeloupe",
        "author": "",
        "author_id": "86ce4aa2-ef69-436a-a290-5475fd102563",
        "validated": false,
        "ranking": [
          [
            "Australia",
            0.06802961230278015
          ],
          [
            "Senegal",
            0.033073604106903076
          ],
          [
            "Iran",
            0.032818976789712906
          ],
          [
            "North Macedonia",
            0.026192232966423035
          ],
          [
            "Cambodia",
            0.02541002258658409
          ],
          [
            "Guinea",
            0.023182161152362823
          ],
          [
            "Romania",
            0.01887243054807186
          ],
          [
            "Poland",
            0.01857828162610531
          ],
          [
            "Mali",
            0.018525734543800354
          ],
          [
            "Lithuania",
            0.01760060526430607
          ],
          [
            "Reunion",
            0.01720062829554081
          ],
          [
            "Greece",
            0.01705082878470421
          ],
          [
            "Italy",
            0.015555248595774174
          ],
          [
            "Libya",
            0.015528954565525055
          ],
          [
            "Costa Rica",
            0.014877615496516228
          ],
          [
            "Bangladesh",
            0.013821146450936794
          ],
          [
            "Mauritania",
            0.013626971282064915
          ],
          [
            "Gabon",
            0.013267680071294308
          ],
          [
            "France",
            0.013002823106944561
          ],
          [
            "Guadeloupe",
            0.012745660729706287
          ],
          [
            "Belgium",
            0.012603490613400936
          ],
          [
            "Azerbaijan",
            0.012177616357803345
          ],
          [
            "Denmark",
            0.012106193229556084
          ],
          [
            "Syria",
            0.011091483756899834
          ],
          [
            "Saudi Arabia",
            0.010954739525914192
          ],
          [
            "Peru",
            0.010906703770160675
          ],
          [
            "Haiti",
            0.010847659781575203
          ],
          [
            "Somalia",
            0.010435693897306919
          ],
          [
            "Venezuela",
            0.010311203077435493
          ],
          [
            "Sudan",
            0.010216102004051208
          ],
          [
            "Nigeria",
            0.009669110178947449
          ],
          [
            "Eritrea",
            0.009238091297447681
          ],
          [
            "Ukraine",
            0.008908280171453953
          ],
          [
            "Congo",
            0.008119378238916397
          ],
          [
            "Canada",
            0.008041531778872013
          ],
          [
            "Rwanda",
            0.007901772856712341
          ],
          [
            "Suriname",
            0.007724885828793049
          ],
          [
            "Turkmenistan",
            0.007296024356037378
          ],
          [
            "Niger",
            0.006903376895934343
          ],
          [
            "Vietnam",
            0.00668179988861084
          ],
          [
            "Mozambique",
            0.006506705656647682
          ],
          [
            "Brazil",
            0.006421621423214674
          ],
          [
            "Philippines",
            0.006273750215768814
          ],
          [
            "Laos",
            0.006269766949117184
          ],
          [
            "Guyana",
            0.006058788858354092
          ],
          [
            "Thailand",
            0.005886891391128302
          ],
          [
            "Belarus",
            0.005837604403495789
          ],
          [
            "Tajikistan",
            0.0058203707449138165
          ],
          [
            "Côte d'Ivoire",
            0.00571198808029294
          ],
          [
            "Egypt",
            0.0056770252995193005
          ],
          [
            "Martinique",
            0.005632319953292608
          ],
          [
            "Latvia",
            0.005496067926287651
          ],
          [
            "Sierra Leone",
            0.005362969357520342
          ],
          [
            "Kenya",
            0.005334973800927401
          ],
          [
            "Croatia",
            0.005292396992444992
          ],
          [
            "Spain",
            0.0052584875375032425
          ],
          [
            "Bosnia & Herzegovina",
            0.005083196796476841
          ],
          [
            "Moldova",
            0.004964251071214676
          ],
          [
            "Malawi",
            0.00494001479819417
          ],
          [
            "Cape Verde",
            0.004880106076598167
          ],
          [
            "Germany",
            0.004832708276808262
          ],
          [
            "Burundi",
            0.004755071830004454
          ],
          [
            "Algeria",
            0.004674953408539295
          ],
          [
            "Bahamas",
            0.00466364249587059
          ],
          [
            "Finland",
            0.0046570561826229095
          ],
          [
            "Burkina Faso",
            0.0046385726891458035
          ],
          [
            "Angola",
            0.0044906651601195335
          ],
          [
            "Togo",
            0.004470632877200842
          ],
          [
            "South Korea",
            0.004322825465351343
          ],
          [
            "Papua New Guinea",
            0.004159790463745594
          ],
          [
            "Argentina",
            0.004028639756143093
          ],
          [
            "Colombia",
            0.004026089794933796
          ],
          [
            "Uganda",
            0.00401476351544261
          ],
          [
            "Estonia",
            0.003955906722694635
          ],
          [
            "Switzerland",
            0.003788059577345848
          ],
          [
            "Namibia",
            0.0037503810599446297
          ],
          [
            "Albania",
            0.0036898856051266193
          ],
          [
            "Svalbard",
            0.0036729348357766867
          ],
          [
            "French Guiana",
            0.003614191897213459
          ],
          [
            "Mexico",
            0.0035308999940752983
          ],
          [
            "Zimbabwe",
            0.0034586128313094378
          ],
          [
            "Greenland",
            0.00342963682487607
          ],
          [
            "Armenia",
            0.003343614051118493
          ],
          [
            "Serbia",
            0.003255107905715704
          ],
          [
            "Hong Kong",
            0.00321857794187963
          ],
          [
            "India",
            0.0032023019157350063
          ],
          [
            "Fiji",
            0.0031405016779899597
          ],
          [
            "Oman",
            0.003129952820017934
          ],
          [
            "South Georgia Islands",
            0.0030851855408400297
          ],
          [
            "Iraq",
            0.0030827149748802185
          ],
          [
            "Faroe Islands",
            0.003070913255214691
          ],
          [
            "United Kingdom",
            0.0029744619969278574
          ],
          [
            "Bahrain",
            0.0029467977583408356
          ],
          [
            "Belize",
            0.0028555241879075766
          ],
          [
            "United States of America",
            0.002809913130477071
          ],
          [
            "Lesotho",
            0.002800229238346219
          ],
          [
            "Portugal",
            0.002788705751299858
          ],
          [
            "Equatorial Guinea",
            0.0027354194317013025
          ],
          [
            "Paraguay",
            0.0026705553755164146
          ],
          [
            "Sweden",
            0.0025913696736097336
          ],
          [
            "Bolivia",
            0.002585780806839466
          ],
          [
            "Tanzania",
            0.002528214128687978
          ],
          [
            "Vanuatu",
            0.002514790976420045
          ],
          [
            "Netherlands",
            0.0024278564378619194
          ],
          [
            "Yemen",
            0.0024169201496988535
          ],
          [
            "Dominica",
            0.0024026622995734215
          ],
          [
            "Benin",
            0.002338800113648176
          ],
          [
            "West Bank",
            0.0023270531091839075
          ],
          [
            "Eswatini",
            0.002316080266609788
          ],
          [
            "Uruguay",
            0.0022983106318861246
          ],
          [
            "Nicaragua",
            0.0021887465845793486
          ],
          [
            "Comoros",
            0.0021492799278348684
          ],
          [
            "Dominican Republic",
            0.0021423837170004845
          ],
          [
            "Norway",
            0.0021413133945316076
          ],
          [
            "Cameroon",
            0.002126348204910755
          ],
          [
            "Ireland",
            0.0021179127506911755
          ],
          [
            "Guatemala",
            0.0020893532782793045
          ],
          [
            "Iceland",
            0.002055027522146702
          ],
          [
            "Ethiopia",
            0.0020325621590018272
          ],
          [
            "DR Congo",
            0.0020241746678948402
          ],
          [
            "El Salvador",
            0.0019814299885183573
          ],
          [
            "Kuwait",
            0.001978465588763356
          ],
          [
            "Mayotte",
            0.0019379130098968744
          ],
          [
            "Tunisia",
            0.0018222100334241986
          ],
          [
            "Israel",
            0.0018083121394738555
          ],
          [
            "Russia",
            0.0017935725627467036
          ],
          [
            "Djibouti",
            0.0017872786847874522
          ],
          [
            "Botswana",
            0.0017776268068701029
          ],
          [
            "Heard and McDonald Islands",
            0.0017695317510515451
          ],
          [
            "Bulgaria",
            0.0017531978664919734
          ],
          [
            "Kazakhstan",
            0.0016935726162046194
          ],
          [
            "Barbados",
            0.001690780627541244
          ],
          [
            "Jordan",
            0.0016566113336011767
          ],
          [
            "Montenegro",
            0.0016563711687922478
          ],
          [
            "Czech Republic",
            0.0016504329396411777
          ],
          [
            "Liberia",
            0.001571544329635799
          ],
          [
            "South Sudan",
            0.001510218600742519
          ],
          [
            "Sri Lanka",
            0.0013620026875287294
          ],
          [
            "Pakistan",
            0.0013516509206965566
          ],
          [
            "Central African Republic",
            0.001351305516436696
          ],
          [
            "Antigua & Barbuda",
            0.0013458525063470006
          ],
          [
            "Uzbekistan",
            0.0013430266408249736
          ],
          [
            "South Africa",
            0.0013271849602460861
          ],
          [
            "United Arab Emirates",
            0.0013134226901456714
          ],
          [
            "Guinea-Bissau",
            0.0013017209712415934
          ],
          [
            "Ghana",
            0.0012380991829559207
          ],
          [
            "Myanmar",
            0.0012245668331161141
          ],
          [
            "Bhutan",
            0.0012238803319633007
          ],
          [
            "Turks and Caicos Islands",
            0.0012133673299103975
          ],
          [
            "Isle of Man",
            0.001182148582302034
          ],
          [
            "Turkey",
            0.0011436205822974443
          ],
          [
            "North Korea",
            0.0011195219121873379
          ],
          [
            "Chile",
            0.0010984675027430058
          ],
          [
            "Chad",
            0.001037854002788663
          ],
          [
            "Qatar",
            0.0010343206813558936
          ],
          [
            "United States Virgin Islands",
            0.0010075740283355117
          ],
          [
            "Japan",
            0.001006097299978137
          ],
          [
            "Georgia",
            0.0010052283760160208
          ],
          [
            "Zambia",
            0.0009915368864312768
          ],
          [
            "Guam",
            0.0009283907129429281
          ],
          [
            "Solomon Islands",
            0.0009215314057655632
          ],
          [
            "New Zealand",
            0.00092100421898067
          ],
          [
            "Nepal",
            0.0008806002442725003
          ],
          [
            "Kiribati",
            0.0008079932886175811
          ],
          [
            "New Caledonia",
            0.000752439082134515
          ],
          [
            "Trinidad and Tobago",
            0.000752040243241936
          ],
          [
            "Slovakia",
            0.0007260260172188282
          ],
          [
            "Ecuador",
            0.0007078063208609819
          ],
          [
            "Samoa",
            0.0006985493819229305
          ],
          [
            "Luxembourg",
            0.000664297491312027
          ],
          [
            "Saint Lucia",
            0.0006253067986108363
          ],
          [
            "Morocco",
            0.0006237963098101318
          ],
          [
            "Brunei",
            0.0006147721433080733
          ],
          [
            "Lebanon",
            0.0005973585066385567
          ],
          [
            "Timor-Leste",
            0.0005959757836535573
          ],
          [
            "Hungary",
            0.0005826421547681093
          ],
          [
            "Puerto Rico",
            0.0005518755060620606
          ],
          [
            "Austria",
            0.0005486450390890241
          ],
          [
            "Sao Tome and Principe",
            0.0005263863713480532
          ],
          [
            "Western Sahara",
            0.0005121850408613682
          ],
          [
            "Indonesia",
            0.0004964324762113392
          ],
          [
            "China",
            0.0004887462710030377
          ],
          [
            "Falkland Islands",
            0.000472050451207906
          ],
          [
            "Kyrgyzstan",
            0.00046404372551478446
          ],
          [
            "Taiwan",
            0.0004129455774091184
          ],
          [
            "Palau",
            0.0004068793496116996
          ],
          [
            "Slovenia",
            0.00039251570706255734
          ],
          [
            "Honduras",
            0.0003585749655030668
          ],
          [
            "Afghanistan",
            0.00032154039945453405
          ],
          [
            "Malaysia",
            0.0002887122391257435
          ],
          [
            "Cuba",
            0.00028351711807772517
          ],
          [
            "Mongolia",
            0.0002716896706260741
          ],
          [
            "Netherlands Antilles",
            0.0002566855982877314
          ],
          [
            "Jamaica",
            0.00024265680985990912
          ],
          [
            "Cyprus",
            0.0002407909487374127
          ],
          [
            "Panama",
            0.00020369079720694572
          ],
          [
            "Madeira Islands",
            0.00018731832096818835
          ],
          [
            "Madagascar",
            0.00017436392954550683
          ],
          [
            "Gambia",
            7.868753164075315e-05
          ]
        ]
      },
      "geometry": {
        "type": "MultiLineString",
        "coordinates": [
          [
            [
              24.857142857142833,
              47.8730158730159
            ],
            [
              25.015873015873012,
              48.34920634920638
            ],
            [
              25.17460317460319,
              48.98412698412699
            ],
            [
              25.17460317460319,
              49.61904761904765
            ],
            [
              25.17460317460319,
              50.25396825396825
            ],
            [
              25.17460317460319,
              50.888888888888914
            ],
            [
              25.17460317460319,
              51.52380952380952
            ],
            [
              25.17460317460319,
              52.15873015873018
            ],
            [
              25.17460317460319,
              52.793650793650784
            ],
            [
              25.333333333333314,
              53.428571428571445
            ],
            [
              25.333333333333314,
              54.06349206349205
            ],
            [
              25.333333333333314,
              54.69841269841271
            ],
            [
              25.333333333333314,
              55.33333333333337
            ],
            [
              25.333333333333314,
              55.968253968253975
            ],
            [
              25.333333333333314,
              56.60317460317464
            ],
            [
              25.015873015873012,
              57.07936507936506
            ],
            [
              24.69841269841271,
              57.55555555555554
            ],
            [
              24.22222222222223,
              57.71428571428572
            ],
            [
              23.746031746031747,
              58.031746031746025
            ],
            [
              23.269841269841265,
              58.190476190476204
            ],
            [
              22.634920634920604,
              58.34920634920638
            ],
            [
              22.158730158730123,
              58.507936507936506
            ],
            [
              21.682539682539698,
              58.666666666666686
            ],
            [
              21.206349206349216,
              58.82539682539681
            ],
            [
              20.571428571428555,
              58.82539682539681
            ],
            [
              19.93650793650795,
              58.82539682539681
            ],
            [
              19.30158730158729,
              58.82539682539681
            ],
            [
              18.66666666666663,
              58.82539682539681
            ],
            [
              18.190476190476204,
              58.666666666666686
            ],
            [
              17.873015873015845,
              58.190476190476204
            ],
            [
              17.396825396825363,
              57.71428571428572
            ],
            [
              17.23809523809524,
              57.23809523809524
            ],
            [
              17.07936507936506,
              56.76190476190476
            ],
            [
              16.92063492063494,
              56.28571428571428
            ],
            [
              16.92063492063494,
              55.65079365079367
            ],
            [
              16.92063492063494,
              55.01587301587301
            ],
            [
              16.92063492063494,
              54.38095238095241
            ],
            [
              16.92063492063494,
              53.74603174603175
            ],
            [
              16.92063492063494,
              53.11111111111114
            ],
            [
              16.92063492063494,
              52.47619047619048
            ],
            [
              16.92063492063494,
              51.84126984126988
            ],
            [
              16.76190476190476,
              51.365079365079396
            ],
            [
              16.76190476190476,
              50.730158730158735
            ],
            [
              16.76190476190476,
              50.095238095238074
            ],
            [
              16.76190476190476,
              49.46031746031747
            ],
            [
              16.76190476190476,
              48.825396825396865
            ],
            [
              16.92063492063494,
              48.34920634920638
            ],
            [
              16.92063492063494,
              48.98412698412699
            ],
            [
              16.92063492063494,
              49.61904761904765
            ],
            [
              16.60317460317458,
              50.25396825396825
            ],
            [
              16.444444444444457,
              50.730158730158735
            ],
            [
              16.285714285714278,
              51.206349206349216
            ],
            [
              16.285714285714278,
              51.84126984126988
            ],
            [
              15.809523809523796,
              52.15873015873018
            ],
            [
              15.492063492063494,
              52.63492063492066
            ],
            [
              15.015873015873012,
              53.11111111111114
            ],
            [
              14.53968253968253,
              53.428571428571445
            ],
            [
              14.380952380952351,
              53.904761904761926
            ],
            [
              14.063492063492049,
              54.38095238095241
            ],
            [
              13.746031746031747,
              54.85714285714289
            ],
            [
              13.428571428571445,
              55.33333333333337
            ],
            [
              12.793650793650784,
              55.492063492063494
            ],
            [
              12.317460317460302,
              55.65079365079367
            ],
            [
              11.682539682539698,
              55.65079365079367
            ],
            [
              11.523809523809518,
              55.17460317460319
            ],
            [
              11.523809523809518,
              54.38095238095241
            ],
            [
              11.523809523809518,
              53.74603174603175
            ],
            [
              11.523809523809518,
              53.11111111111114
            ],
            [
              11.523809523809518,
              52.47619047619048
            ],
            [
              11.523809523809518,
              51.84126984126988
            ],
            [
              11.682539682539698,
              51.365079365079396
            ],
            [
              11.84126984126982,
              50.888888888888914
            ],
            [
              11.84126984126982,
              50.25396825396825
            ],
            [
              11.84126984126982,
              49.61904761904765
            ],
            [
              11.84126984126982,
              48.98412698412699
            ],
            [
              11.84126984126982,
              48.34920634920638
            ],
            [
              12.158730158730123,
              48.825396825396865
            ],
            [
              12.158730158730123,
              49.46031746031747
            ],
            [
              12.158730158730123,
              50.25396825396825
            ],
            [
              12.0,
              50.730158730158735
            ],
            [
              11.84126984126982,
              51.206349206349216
            ],
            [
              11.84126984126982,
              51.84126984126988
            ],
            [
              11.523809523809518,
              52.3174603174603
            ],
            [
              11.365079365079339,
              52.793650793650784
            ],
            [
              11.047619047619037,
              53.269841269841265
            ],
            [
              10.571428571428555,
              53.428571428571445
            ],
            [
              10.095238095238074,
              53.58730158730157
            ],
            [
              9.619047619047592,
              53.74603174603175
            ],
            [
              9.14285714285711,
              53.904761904761926
            ],
            [
              8.507936507936506,
              53.904761904761926
            ],
            [
              8.031746031746025,
              53.74603174603175
            ],
            [
              8.031746031746025,
              53.11111111111114
            ],
            [
              8.031746031746025,
              52.47619047619048
            ],
            [
              8.031746031746025,
              51.84126984126988
            ],
            [
              8.031746031746025,
              51.206349206349216
            ],
            [
              8.190476190476204,
              50.730158730158735
            ],
            [
              8.349206349206327,
              50.25396825396825
            ],
            [
              8.666666666666686,
              49.77777777777777
            ],
            [
              8.666666666666686,
              49.14285714285717
            ],
            [
              8.666666666666686,
              48.507936507936506
            ],
            [
              8.507936507936506,
              48.98412698412699
            ],
            [
              8.349206349206327,
              49.46031746031747
            ],
            [
              8.190476190476204,
              50.095238095238074
            ],
            [
              8.031746031746025,
              50.571428571428555
            ],
            [
              7.714285714285722,
              51.04761904761904
            ],
            [
              7.555555555555543,
              51.52380952380952
            ],
            [
              7.238095238095241,
              52.0
            ],
            [
              6.761904761904759,
              52.3174603174603
            ],
            [
              6.285714285714278,
              52.47619047619048
            ],
            [
              5.6507936507936165,
              52.47619047619048
            ],
            [
              5.174603174603192,
              52.15873015873018
            ],
            [
              4.857142857142833,
              51.6825396825397
            ],
            [
              4.857142857142833,
              51.04761904761904
            ],
            [
              4.857142857142833,
              50.41269841269843
            ],
            [
              5.015873015873012,
              49.77777777777777
            ],
            [
              5.174603174603192,
              49.30158730158729
            ],
            [
              5.333333333333314,
              48.825396825396865
            ],
            [
              5.492063492063494,
              48.34920634920638
            ],
            [
              5.492063492063494,
              47.71428571428572
            ],
            [
              5.809523809523796,
              47.23809523809524
            ],
            [
              5.492063492063494,
              47.71428571428572
            ],
            [
              5.333333333333314,
              48.34920634920638
            ],
            [
              5.015873015873012,
              48.98412698412699
            ],
            [
              4.539682539682531,
              49.30158730158729
            ],
            [
              4.063492063492049,
              49.61904761904765
            ],
            [
              3.5873015873015675,
              49.93650793650795
            ],
            [
              3.111111111111086,
              50.095238095238074
            ],
            [
              2.4761904761904816,
              50.095238095238074
            ],
            [
              2.0,
              49.93650793650795
            ],
            [
              2.0,
              49.30158730158729
            ],
            [
              2.0,
              48.666666666666686
            ],
            [
              2.0,
              48.031746031746025
            ],
            [
              2.0,
              47.39682539682542
            ],
            [
              2.317460317460302,
              46.92063492063494
            ],
            [
              2.4761904761904816,
              46.44444444444446
            ],
            [
              2.4761904761904816,
              45.809523809523796
            ],
            [
              2.6349206349206042,
              45.17460317460319
            ],
            [
              2.6349206349206042,
              44.53968253968253
            ],
            [
              2.7936507936507837,
              44.06349206349205
            ],
            [
              2.7936507936507837,
              43.428571428571445
            ],
            [
              2.7936507936507837,
              42.793650793650784
            ],
            [
              2.7936507936507837,
              42.15873015873018
            ],
            [
              2.7936507936507837,
              41.52380952380952
            ],
            [
              2.7936507936507837,
              40.730158730158735
            ],
            [
              2.7936507936507837,
              40.095238095238074
            ],
            [
              2.7936507936507837,
              39.46031746031747
            ],
            [
              2.952380952380963,
              38.98412698412699
            ],
            [
              3.111111111111086,
              38.190476190476204
            ],
            [
              3.111111111111086,
              37.39682539682542
            ],
            [
              3.2698412698412653,
              36.92063492063494
            ],
            [
              3.2698412698412653,
              36.28571428571428
            ],
            [
              3.2698412698412653,
              35.65079365079367
            ],
            [
              3.428571428571445,
              35.01587301587301
            ],
            [
              3.5873015873015675,
              34.53968253968253
            ],
            [
              3.746031746031747,
              34.06349206349205
            ],
            [
              3.746031746031747,
              33.428571428571445
            ],
            [
              3.9047619047619264,
              32.95238095238096
            ],
            [
              3.9047619047619264,
              32.3174603174603
            ],
            [
              3.9047619047619264,
              31.52380952380952
            ],
            [
              3.9047619047619264,
              30.888888888888914
            ],
            [
              3.9047619047619264,
              30.253968253968253
            ],
            [
              3.9047619047619264,
              29.46031746031747
            ],
            [
              3.9047619047619264,
              28.825396825396865
            ],
            [
              3.9047619047619264,
              28.190476190476204
            ],
            [
              3.9047619047619264,
              27.555555555555543
            ],
            [
              3.9047619047619264,
              26.92063492063494
            ],
            [
              3.9047619047619264,
              26.285714285714278
            ],
            [
              3.9047619047619264,
              25.492063492063494
            ],
            [
              3.9047619047619264,
              24.85714285714289
            ],
            [
              4.063492063492049,
              24.22222222222223
            ],
            [
              4.063492063492049,
              23.587301587301567
            ],
            [
              4.2222222222222285,
              23.111111111111143
            ],
            [
              4.2222222222222285,
              22.31746031746036
            ],
            [
              4.2222222222222285,
              21.682539682539698
            ],
            [
              4.2222222222222285,
              21.047619047619037
            ],
            [
              4.2222222222222285,
              20.412698412698433
            ],
            [
              4.2222222222222285,
              19.77777777777777
            ],
            [
              4.063492063492049,
              19.301587301587347
            ],
            [
              3.9047619047619264,
              18.825396825396865
            ],
            [
              3.9047619047619264,
              18.190476190476204
            ],
            [
              3.9047619047619264,
              17.555555555555543
            ],
            [
              3.746031746031747,
              17.07936507936506
            ],
            [
              3.5873015873015675,
              16.60317460317458
            ],
            [
              3.5873015873015675,
              15.968253968253975
            ],
            [
              3.5873015873015675,
              15.333333333333371
            ],
            [
              3.5873015873015675,
              14.69841269841271
            ],
            [
              3.5873015873015675,
              14.063492063492049
            ],
            [
              3.5873015873015675,
              13.428571428571445
            ],
            [
              3.9047619047619264,
              12.952380952380963
            ],
            [
              4.2222222222222285,
              12.476190476190482
            ],
            [
              4.539682539682531,
              12.0
            ],
            [
              4.857142857142833,
              11.523809523809518
            ],
            [
              5.174603174603192,
              11.047619047619037
            ],
            [
              5.492063492063494,
              10.571428571428555
            ],
            [
              5.9682539682539755,
              10.253968253968253
            ],
            [
              6.444444444444457,
              9.936507936507951
            ],
            [
              6.920634920634939,
              9.619047619047649
            ],
            [
              7.39682539682542,
              9.301587301587347
            ],
            [
              7.873015873015845,
              8.984126984126988
            ],
            [
              8.666666666666686,
              8.984126984126988
            ],
            [
              9.46031746031747,
              8.984126984126988
            ],
            [
              10.095238095238074,
              8.825396825396865
            ],
            [
              10.888888888888857,
              8.666666666666686
            ],
            [
              11.523809523809518,
              8.666666666666686
            ],
            [
              12.158730158730123,
              8.666666666666686
            ],
            [
              12.793650793650784,
              8.507936507936506
            ],
            [
              13.428571428571445,
              8.507936507936506
            ],
            [
              14.063492063492049,
              8.507936507936506
            ],
            [
              14.69841269841271,
              8.507936507936506
            ],
            [
              15.174603174603192,
              8.349206349206383
            ],
            [
              15.809523809523796,
              8.349206349206383
            ],
            [
              16.285714285714278,
              8.190476190476204
            ],
            [
              16.92063492063494,
              8.190476190476204
            ],
            [
              17.555555555555543,
              8.190476190476204
            ],
            [
              18.190476190476204,
              8.190476190476204
            ],
            [
              18.82539682539681,
              8.190476190476204
            ],
            [
              19.46031746031747,
              8.190476190476204
            ],
            [
              20.095238095238074,
              8.190476190476204
            ],
            [
              20.730158730158735,
              8.190476190476204
            ],
            [
              21.206349206349216,
              8.349206349206383
            ],
            [
              21.682539682539698,
              8.666666666666686
            ],
            [
              22.317460317460302,
              8.984126984126988
            ],
            [
              22.634920634920604,
              9.619047619047649
            ],
            [
              23.111111111111086,
              9.936507936507951
            ],
            [
              23.269841269841265,
              10.412698412698433
            ],
            [
              23.587301587301567,
              10.888888888888914
            ],
            [
              23.904761904761926,
              11.365079365079396
            ],
            [
              24.06349206349205,
              11.841269841269877
            ],
            [
              24.38095238095235,
              12.317460317460359
            ],
            [
              24.53968253968253,
              12.793650793650784
            ],
            [
              24.69841269841271,
              13.269841269841265
            ],
            [
              24.857142857142833,
              13.746031746031747
            ],
            [
              25.015873015873012,
              14.380952380952408
            ],
            [
              25.17460317460319,
              15.015873015873012
            ],
            [
              25.492063492063494,
              15.650793650793673
            ],
            [
              25.650793650793617,
              16.285714285714278
            ],
            [
              25.809523809523796,
              16.76190476190476
            ],
            [
              25.809523809523796,
              17.555555555555543
            ],
            [
              25.809523809523796,
              18.190476190476204
            ],
            [
              25.809523809523796,
              18.825396825396865
            ],
            [
              25.809523809523796,
              19.46031746031747
            ],
            [
              25.809523809523796,
              20.095238095238074
            ],
            [
              25.809523809523796,
              20.730158730158735
            ],
            [
              25.809523809523796,
              21.365079365079396
            ],
            [
              25.809523809523796,
              22.0
            ],
            [
              25.809523809523796,
              22.793650793650784
            ],
            [
              25.809523809523796,
              23.587301587301567
            ],
            [
              25.809523809523796,
              24.53968253968253
            ],
            [
              25.650793650793617,
              25.492063492063494
            ],
            [
              25.650793650793617,
              26.285714285714278
            ],
            [
              25.492063492063494,
              26.76190476190476
            ],
            [
              25.492063492063494,
              27.39682539682542
            ],
            [
              25.492063492063494,
              28.031746031746025
            ],
            [
              25.492063492063494,
              28.666666666666686
            ],
            [
              25.492063492063494,
              29.30158730158729
            ],
            [
              25.492063492063494,
              29.93650793650795
            ],
            [
              25.492063492063494,
              30.571428571428555
            ],
            [
              25.492063492063494,
              31.206349206349216
            ],
            [
              25.492063492063494,
              31.841269841269877
            ],
            [
              25.333333333333314,
              32.47619047619048
            ],
            [
              25.333333333333314,
              33.11111111111114
            ],
            [
              25.333333333333314,
              33.74603174603175
            ],
            [
              25.333333333333314,
              34.53968253968253
            ],
            [
              25.333333333333314,
              35.33333333333337
            ],
            [
              25.333333333333314,
              35.968253968253975
            ],
            [
              25.333333333333314,
              36.60317460317464
            ],
            [
              25.333333333333314,
              37.23809523809524
            ],
            [
              25.333333333333314,
              37.8730158730159
            ],
            [
              25.333333333333314,
              38.507936507936506
            ],
            [
              25.333333333333314,
              39.14285714285717
            ],
            [
              25.333333333333314,
              39.77777777777777
            ],
            [
              25.17460317460319,
              40.41269841269843
            ],
            [
              25.17460317460319,
              41.04761904761904
            ],
            [
              25.17460317460319,
              41.6825396825397
            ],
            [
              25.17460317460319,
              42.3174603174603
            ],
            [
              25.17460317460319,
              42.95238095238096
            ],
            [
              25.015873015873012,
              43.428571428571445
            ],
            [
              25.015873015873012,
              44.06349206349205
            ],
            [
              25.015873015873012,
              44.85714285714289
            ],
            [
              24.857142857142833,
              45.33333333333337
            ],
            [
              24.857142857142833,
              45.968253968253975
            ],
            [
              24.857142857142833,
              46.60317460317458
            ],
            [
              24.857142857142833,
              47.23809523809524
            ],
            [
              24.857142857142833,
              47.8730158730159
            ]
          ],
          [
            [
              19.77777777777777,
              56.28571428571428
            ],
            [
              20.412698412698433,
              56.28571428571428
            ],
            [
              21.047619047619037,
              56.126984126984155
            ],
            [
              21.682539682539698,
              55.968253968253975
            ],
            [
              22.317460317460302,
              55.968253968253975
            ],
            [
              22.952380952380963,
              55.968253968253975
            ],
            [
              23.428571428571445,
              55.809523809523796
            ],
            [
              24.06349206349205,
              55.809523809523796
            ],
            [
              24.22222222222223,
              55.33333333333337
            ],
            [
              24.22222222222223,
              54.69841269841271
            ],
            [
              24.22222222222223,
              54.06349206349205
            ],
            [
              24.22222222222223,
              53.428571428571445
            ],
            [
              24.22222222222223,
              52.793650793650784
            ],
            [
              23.587301587301567,
              52.793650793650784
            ],
            [
              22.952380952380963,
              52.793650793650784
            ],
            [
              22.317460317460302,
              52.793650793650784
            ],
            [
              21.682539682539698,
              52.793650793650784
            ],
            [
              21.047619047619037,
              52.793650793650784
            ],
            [
              20.571428571428555,
              53.11111111111114
            ],
            [
              20.095238095238074,
              53.428571428571445
            ],
            [
              20.095238095238074,
              54.06349206349205
            ],
            [
              20.095238095238074,
              54.69841269841271
            ],
            [
              20.095238095238074,
              55.33333333333337
            ],
            [
              20.253968253968253,
              55.809523809523796
            ],
            [
              20.571428571428555,
              56.28571428571428
            ],
            [
              20.730158730158735,
              56.76190476190476
            ],
            [
              21.206349206349216,
              56.92063492063494
            ],
            [
              21.84126984126982,
              56.92063492063494
            ],
            [
              22.47619047619048,
              56.92063492063494
            ],
            [
              23.111111111111086,
              56.92063492063494
            ],
            [
              23.587301587301567,
              56.76190476190476
            ],
            [
              24.06349206349205,
              56.60317460317464
            ],
            [
              24.22222222222223,
              56.126984126984155
            ],
            [
              24.38095238095235,
              55.65079365079367
            ],
            [
              24.53968253968253,
              55.17460317460319
            ],
            [
              24.53968253968253,
              54.53968253968253
            ]
          ],
          [
            [
              39.61904761904759,
              57.39682539682542
            ],
            [
              38.98412698412699,
              57.39682539682542
            ],
            [
              38.34920634920633,
              57.39682539682542
            ],
            [
              37.873015873015845,
              57.55555555555554
            ],
            [
              37.39682539682542,
              57.71428571428572
            ],
            [
              36.92063492063494,
              57.8730158730159
            ],
            [
              36.28571428571428,
              58.031746031746025
            ],
            [
              35.809523809523796,
              58.190476190476204
            ],
            [
              35.174603174603135,
              58.190476190476204
            ],
            [
              34.53968253968253,
              58.190476190476204
            ],
            [
              33.904761904761926,
              58.190476190476204
            ],
            [
              33.269841269841265,
              58.031746031746025
            ],
            [
              32.793650793650784,
              57.55555555555554
            ],
            [
              32.793650793650784,
              56.92063492063494
            ],
            [
              32.793650793650784,
              56.28571428571428
            ],
            [
              32.793650793650784,
              55.65079365079367
            ],
            [
              32.793650793650784,
              55.01587301587301
            ],
            [
              32.793650793650784,
              54.38095238095241
            ],
            [
              32.793650793650784,
              53.74603174603175
            ],
            [
              32.793650793650784,
              53.11111111111114
            ],
            [
              32.634920634920604,
              52.47619047619048
            ],
            [
              32.634920634920604,
              51.84126984126988
            ],
            [
              32.634920634920604,
              51.206349206349216
            ],
            [
              32.634920634920604,
              50.571428571428555
            ],
            [
              32.634920634920604,
              49.93650793650795
            ],
            [
              32.634920634920604,
              49.30158730158729
            ],
            [
              32.634920634920604,
              48.666666666666686
            ],
            [
              32.634920634920604,
              48.031746031746025
            ],
            [
              32.634920634920604,
              47.39682539682542
            ],
            [
              32.634920634920604,
              46.76190476190476
            ],
            [
              32.634920634920604,
              46.126984126984155
            ],
            [
              32.634920634920604,
              45.492063492063494
            ],
            [
              32.634920634920604,
              44.85714285714289
            ],
            [
              32.634920634920604,
              44.06349206349205
            ],
            [
              32.47619047619048,
              43.428571428571445
            ],
            [
              32.47619047619048,
              42.63492063492066
            ],
            [
              32.47619047619048,
              42.0
            ],
            [
              32.47619047619048,
              41.365079365079396
            ],
            [
              32.47619047619048,
              40.730158730158735
            ],
            [
              32.47619047619048,
              40.095238095238074
            ],
            [
              32.47619047619048,
              39.46031746031747
            ],
            [
              32.47619047619048,
              38.666666666666686
            ],
            [
              32.47619047619048,
              37.8730158730159
            ],
            [
              32.47619047619048,
              37.23809523809524
            ],
            [
              32.47619047619048,
              36.60317460317464
            ],
            [
              32.47619047619048,
              35.968253968253975
            ],
            [
              32.634920634920604,
              35.492063492063494
            ],
            [
              32.634920634920604,
              34.85714285714289
            ],
            [
              32.793650793650784,
              34.38095238095241
            ],
            [
              32.793650793650784,
              33.74603174603175
            ],
            [
              32.793650793650784,
              33.11111111111114
            ],
            [
              32.95238095238096,
              32.15873015873018
            ],
            [
              32.95238095238096,
              31.365079365079396
            ],
            [
              33.111111111111086,
              30.888888888888914
            ],
            [
              33.111111111111086,
              30.253968253968253
            ],
            [
              33.111111111111086,
              29.61904761904765
            ],
            [
              33.111111111111086,
              28.984126984126988
            ],
            [
              33.111111111111086,
              28.349206349206383
            ],
            [
              33.111111111111086,
              27.39682539682542
            ],
            [
              33.111111111111086,
              26.76190476190476
            ],
            [
              33.111111111111086,
              26.126984126984155
            ],
            [
              33.111111111111086,
              25.492063492063494
            ],
            [
              33.111111111111086,
              24.85714285714289
            ],
            [
              33.111111111111086,
              24.22222222222223
            ],
            [
              33.111111111111086,
              23.587301587301567
            ],
            [
              33.111111111111086,
              22.952380952380963
            ],
            [
              33.111111111111086,
              22.15873015873018
            ],
            [
              33.111111111111086,
              21.52380952380952
            ],
            [
              33.111111111111086,
              20.730158730158735
            ],
            [
              33.111111111111086,
              20.095238095238074
            ],
            [
              33.111111111111086,
              19.46031746031747
            ],
            [
              33.111111111111086,
              18.825396825396865
            ],
            [
              32.95238095238096,
              18.031746031746025
            ],
            [
              32.95238095238096,
              17.39682539682542
            ],
            [
              32.793650793650784,
              16.60317460317458
            ],
            [
              32.793650793650784,
              15.650793650793673
            ],
            [
              32.47619047619048,
              15.015873015873012
            ],
            [
              32.47619047619048,
              14.380952380952408
            ],
            [
              32.47619047619048,
              13.746031746031747
            ],
            [
              32.3174603174603,
              13.269841269841265
            ],
            [
              32.15873015873012,
              12.793650793650784
            ],
            [
              32.15873015873012,
              12.15873015873018
            ],
            [
              32.15873015873012,
              11.523809523809518
            ],
            [
              32.15873015873012,
              10.888888888888914
            ],
            [
              32.0,
              10.412698412698433
            ],
            [
              32.0,
              9.777777777777771
            ],
            [
              32.0,
              9.142857142857167
            ],
            [
              32.0,
              8.507936507936506
            ],
            [
              32.15873015873012,
              8.031746031746025
            ],
            [
              32.634920634920604,
              7.555555555555543
            ],
            [
              33.111111111111086,
              7.39682539682542
            ],
            [
              33.58730158730157,
              7.079365079365061
            ],
            [
              34.06349206349205,
              6.920634920634939
            ],
            [
              34.53968253968253,
              6.761904761904759
            ],
            [
              35.333333333333314,
              6.761904761904759
            ],
            [
              35.968253968253975,
              6.761904761904759
            ],
            [
              36.44444444444446,
              6.60317460317458
            ],
            [
              37.23809523809524,
              6.60317460317458
            ],
            [
              37.71428571428572,
              6.444444444444457
            ],
            [
              38.34920634920633,
              6.285714285714278
            ],
            [
              38.82539682539681,
              6.126984126984155
            ],
            [
              39.46031746031747,
              6.126984126984155
            ],
            [
              40.095238095238074,
              5.9682539682539755
            ],
            [
              40.730158730158735,
              5.9682539682539755
            ],
            [
              41.36507936507934,
              5.809523809523853
            ],
            [
              42.0,
              5.809523809523853
            ],
            [
              42.634920634920604,
              5.809523809523853
            ],
            [
              43.269841269841265,
              5.809523809523853
            ],
            [
              43.904761904761926,
              5.809523809523853
            ],
            [
              44.53968253968253,
              5.809523809523853
            ],
            [
              45.174603174603135,
              5.809523809523853
            ],
            [
              45.809523809523796,
              5.809523809523853
            ],
            [
              46.60317460317458,
              5.809523809523853
            ],
            [
              47.39682539682536,
              5.809523809523853
            ],
            [
              48.031746031746025,
              5.809523809523853
            ],
            [
              48.82539682539681,
              5.809523809523853
            ],
            [
              49.61904761904759,
              5.809523809523853
            ],
            [
              50.25396825396825,
              5.809523809523853
            ],
            [
              50.888888888888914,
              5.809523809523853
            ],
            [
              51.52380952380952,
              5.809523809523853
            ],
            [
              52.15873015873012,
              5.809523809523853
            ],
            [
              52.793650793650784,
              5.809523809523853
            ],
            [
              53.428571428571445,
              5.809523809523853
            ],
            [
              53.904761904761926,
              5.9682539682539755
            ],
            [
              54.53968253968253,
              5.9682539682539755
            ],
            [
              55.01587301587301,
              6.126984126984155
            ],
            [
              55.492063492063494,
              6.285714285714278
            ],
            [
              55.968253968253975,
              6.60317460317458
            ],
            [
              56.44444444444446,
              7.079365079365061
            ],
            [
              56.92063492063494,
              7.555555555555543
            ],
            [
              57.07936507936506,
              8.031746031746025
            ],
            [
              57.23809523809524,
              8.666666666666686
            ],
            [
              57.55555555555554,
              9.301587301587347
            ],
            [
              57.55555555555554,
              9.936507936507951
            ],
            [
              57.71428571428572,
              10.571428571428555
            ],
            [
              57.873015873015845,
              11.047619047619037
            ],
            [
              57.873015873015845,
              11.682539682539698
            ],
            [
              57.873015873015845,
              12.317460317460359
            ],
            [
              57.873015873015845,
              12.952380952380963
            ],
            [
              57.873015873015845,
              13.587301587301567
            ],
            [
              57.873015873015845,
              14.380952380952408
            ],
            [
              57.873015873015845,
              15.015873015873012
            ],
            [
              57.873015873015845,
              15.650793650793673
            ],
            [
              57.873015873015845,
              16.444444444444457
            ],
            [
              57.873015873015845,
              17.23809523809524
            ],
            [
              57.71428571428572,
              18.031746031746025
            ],
            [
              57.55555555555554,
              18.825396825396865
            ],
            [
              57.55555555555554,
              19.46031746031747
            ],
            [
              57.39682539682542,
              20.095238095238074
            ],
            [
              57.23809523809524,
              20.571428571428555
            ],
            [
              57.23809523809524,
              21.206349206349216
            ],
            [
              57.23809523809524,
              21.841269841269877
            ],
            [
              57.07936507936506,
              22.63492063492066
            ],
            [
              57.07936507936506,
              23.428571428571445
            ],
            [
              57.07936507936506,
              24.06349206349205
            ],
            [
              56.92063492063494,
              24.53968253968253
            ],
            [
              56.92063492063494,
              25.17460317460319
            ],
            [
              56.92063492063494,
              25.809523809523796
            ],
            [
              56.92063492063494,
              26.444444444444457
            ],
            [
              56.92063492063494,
              27.07936507936506
            ],
            [
              56.76190476190476,
              27.714285714285722
            ],
            [
              56.76190476190476,
              28.507936507936506
            ],
            [
              56.60317460317458,
              29.30158730158729
            ],
            [
              56.60317460317458,
              29.93650793650795
            ],
            [
              56.44444444444446,
              30.412698412698433
            ],
            [
              56.44444444444446,
              31.047619047619037
            ],
            [
              56.28571428571428,
              31.682539682539698
            ],
            [
              56.28571428571428,
              32.3174603174603
            ],
            [
              56.28571428571428,
              32.95238095238096
            ],
            [
              56.28571428571428,
              33.58730158730157
            ],
            [
              56.28571428571428,
              34.38095238095241
            ],
            [
              56.1269841269841,
              34.85714285714289
            ],
            [
              56.1269841269841,
              35.809523809523796
            ],
            [
              56.1269841269841,
              36.76190476190476
            ],
            [
              56.1269841269841,
              37.71428571428572
            ],
            [
              55.968253968253975,
              38.34920634920638
            ],
            [
              55.968253968253975,
              39.14285714285717
            ],
            [
              55.968253968253975,
              39.93650793650795
            ],
            [
              55.809523809523796,
              40.41269841269843
            ],
            [
              55.809523809523796,
              41.04761904761904
            ],
            [
              55.809523809523796,
              41.6825396825397
            ],
            [
              55.809523809523796,
              42.3174603174603
            ],
            [
              55.809523809523796,
              42.95238095238096
            ],
            [
              55.809523809523796,
              43.58730158730157
            ],
            [
              55.65079365079362,
              44.22222222222223
            ],
            [
              55.65079365079362,
              44.85714285714289
            ],
            [
              55.65079365079362,
              45.492063492063494
            ],
            [
              55.65079365079362,
              46.28571428571428
            ],
            [
              55.492063492063494,
              47.07936507936506
            ],
            [
              55.492063492063494,
              47.71428571428572
            ],
            [
              55.333333333333314,
              48.34920634920638
            ],
            [
              55.333333333333314,
              48.98412698412699
            ],
            [
              55.333333333333314,
              49.61904761904765
            ],
            [
              55.333333333333314,
              50.25396825396825
            ],
            [
              55.333333333333314,
              50.888888888888914
            ],
            [
              55.174603174603135,
              51.52380952380952
            ],
            [
              55.01587301587301,
              52.0
            ],
            [
              54.69841269841271,
              52.47619047619048
            ],
            [
              54.22222222222223,
              52.793650793650784
            ],
            [
              53.74603174603175,
              52.95238095238096
            ],
            [
              53.269841269841265,
              53.11111111111114
            ],
            [
              52.634920634920604,
              53.11111111111114
            ],
            [
              52.3174603174603,
              52.63492063492066
            ],
            [
              52.15873015873012,
              52.15873015873018
            ],
            [
              52.0,
              51.6825396825397
            ],
            [
              51.84126984126982,
              51.206349206349216
            ],
            [
              51.84126984126982,
              50.571428571428555
            ],
            [
              51.84126984126982,
              49.93650793650795
            ],
            [
              51.68253968253964,
              49.46031746031747
            ],
            [
              51.52380952380952,
              49.93650793650795
            ],
            [
              51.52380952380952,
              50.571428571428555
            ],
            [
              51.52380952380952,
              51.206349206349216
            ],
            [
              51.36507936507934,
              51.6825396825397
            ],
            [
              51.206349206349216,
              52.15873015873018
            ],
            [
              51.206349206349216,
              52.793650793650784
            ],
            [
              51.206349206349216,
              53.428571428571445
            ],
            [
              51.206349206349216,
              54.06349206349205
            ],
            [
              50.888888888888914,
              54.53968253968253
            ],
            [
              50.571428571428555,
              55.01587301587301
            ],
            [
              50.095238095238074,
              55.33333333333337
            ],
            [
              49.61904761904759,
              55.65079365079367
            ],
            [
              49.14285714285711,
              55.968253968253975
            ],
            [
              48.507936507936506,
              55.968253968253975
            ],
            [
              48.031746031746025,
              55.809523809523796
            ],
            [
              47.71428571428572,
              55.33333333333337
            ],
            [
              47.55555555555554,
              54.85714285714289
            ],
            [
              47.55555555555554,
              54.22222222222223
            ],
            [
              47.55555555555554,
              53.58730158730157
            ],
            [
              47.55555555555554,
              52.95238095238096
            ],
            [
              47.71428571428572,
              52.3174603174603
            ],
            [
              47.71428571428572,
              51.6825396825397
            ],
            [
              47.873015873015845,
              51.206349206349216
            ],
            [
              47.873015873015845,
              50.571428571428555
            ],
            [
              47.873015873015845,
              49.93650793650795
            ],
            [
              48.031746031746025,
              50.41269841269843
            ],
            [
              48.031746031746025,
              51.206349206349216
            ],
            [
              48.031746031746025,
              51.84126984126988
            ],
            [
              48.031746031746025,
              52.47619047619048
            ],
            [
              47.55555555555554,
              52.793650793650784
            ],
            [
              47.39682539682536,
              53.269841269841265
            ],
            [
              47.39682539682536,
              53.904761904761926
            ],
            [
              47.23809523809524,
              54.38095238095241
            ],
            [
              47.23809523809524,
              55.01587301587301
            ],
            [
              47.07936507936506,
              55.65079365079367
            ],
            [
              46.92063492063494,
              56.126984126984155
            ],
            [
              46.76190476190476,
              56.60317460317464
            ],
            [
              46.60317460317458,
              57.07936507936506
            ],
            [
              46.44444444444446,
              57.55555555555554
            ],
            [
              45.968253968253975,
              57.8730158730159
            ],
            [
              45.492063492063494,
              58.190476190476204
            ],
            [
              44.85714285714283,
              58.190476190476204
            ],
            [
              44.38095238095235,
              57.71428571428572
            ],
            [
              44.22222222222223,
              57.23809523809524
            ],
            [
              44.06349206349205,
              56.60317460317464
            ],
            [
              44.06349206349205,
              55.968253968253975
            ],
            [
              44.06349206349205,
              55.33333333333337
            ],
            [
              44.06349206349205,
              54.69841269841271
            ],
            [
              44.06349206349205,
              54.06349206349205
            ],
            [
              44.06349206349205,
              53.428571428571445
            ],
            [
              44.06349206349205,
              52.793650793650784
            ],
            [
              44.06349206349205,
              52.15873015873018
            ],
            [
              44.06349206349205,
              51.52380952380952
            ],
            [
              44.06349206349205,
              50.888888888888914
            ],
            [
              44.06349206349205,
              51.52380952380952
            ],
            [
              44.06349206349205,
              52.15873015873018
            ],
            [
              43.904761904761926,
              52.63492063492066
            ],
            [
              43.904761904761926,
              53.269841269841265
            ],
            [
              43.904761904761926,
              53.904761904761926
            ],
            [
              43.74603174603175,
              54.38095238095241
            ],
            [
              43.58730158730157,
              54.85714285714289
            ],
            [
              43.428571428571445,
              55.33333333333337
            ],
            [
              43.269841269841265,
              55.809523809523796
            ],
            [
              43.269841269841265,
              56.44444444444446
            ],
            [
              42.95238095238096,
              56.92063492063494
            ],
            [
              42.634920634920604,
              57.39682539682542
            ],
            [
              42.3174603174603,
              57.8730158730159
            ],
            [
              41.84126984126982,
              58.190476190476204
            ],
            [
              41.206349206349216,
              58.190476190476204
            ],
            [
              40.730158730158735,
              58.031746031746025
            ],
            [
              40.571428571428555,
              57.23809523809524
            ],
            [
              40.41269841269843,
              56.76190476190476
            ],
            [
              40.41269841269843,
              56.126984126984155
            ],
            [
              40.41269841269843,
              55.492063492063494
            ],
            [
              40.41269841269843,
              54.85714285714289
            ],
            [
              40.41269841269843,
              54.22222222222223
            ],
            [
              40.41269841269843,
              53.58730158730157
            ],
            [
              40.41269841269843,
              52.95238095238096
            ],
            [
              40.41269841269843,
              52.3174603174603
            ]
          ],
          [
            [
              34.06349206349205,
              57.55555555555554
            ],
            [
              34.38095238095235,
              58.190476190476204
            ],
            [
              34.85714285714283,
              58.507936507936506
            ],
            [
              35.333333333333314,
              58.666666666666686
            ],
            [
              35.968253968253975,
              58.666666666666686
            ],
            [
              36.60317460317458,
              58.666666666666686
            ],
            [
              37.23809523809524,
              58.666666666666686
            ],
            [
              37.873015873015845,
              58.666666666666686
            ],
            [
              38.507936507936506,
              58.666666666666686
            ],
            [
              39.14285714285711,
              58.666666666666686
            ],
            [
              39.77777777777777,
              58.666666666666686
            ],
            [
              40.095238095238074,
              58.190476190476204
            ],
            [
              40.571428571428555,
              57.55555555555554
            ],
            [
              40.88888888888886,
              56.92063492063494
            ],
            [
              41.04761904761904,
              56.44444444444446
            ],
            [
              40.571428571428555,
              56.126984126984155
            ],
            [
              40.095238095238074,
              55.968253968253975
            ],
            [
              39.46031746031747,
              55.968253968253975
            ],
            [
              38.98412698412699,
              55.65079365079367
            ],
            [
              38.190476190476204,
              55.492063492063494
            ],
            [
              37.55555555555554,
              55.492063492063494
            ],
            [
              36.92063492063494,
              55.492063492063494
            ],
            [
              36.28571428571428,
              55.492063492063494
            ],
            [
              35.65079365079362,
              55.492063492063494
            ],
            [
              35.174603174603135,
              55.65079365079367
            ],
            [
              34.69841269841271,
              55.809523809523796
            ],
            [
              34.53968253968253,
              56.28571428571428
            ],
            [
              34.85714285714283,
              56.76190476190476
            ],
            [
              35.333333333333314,
              56.92063492063494
            ],
            [
              35.968253968253975,
              56.92063492063494
            ],
            [
              36.60317460317458,
              56.92063492063494
            ],
            [
              37.23809523809524,
              56.92063492063494
            ],
            [
              37.873015873015845,
              56.92063492063494
            ],
            [
              38.66666666666663,
              56.92063492063494
            ],
            [
              39.14285714285711,
              56.76190476190476
            ],
            [
              38.190476190476204,
              56.76190476190476
            ],
            [
              37.55555555555554,
              56.60317460317464
            ],
            [
              36.92063492063494,
              56.60317460317464
            ],
            [
              36.1269841269841,
              56.60317460317464
            ],
            [
              35.333333333333314,
              56.60317460317464
            ],
            [
              34.69841269841271,
              56.60317460317464
            ],
            [
              33.904761904761926,
              56.60317460317464
            ],
            [
              34.38095238095235,
              56.92063492063494
            ],
            [
              35.333333333333314,
              56.92063492063494
            ],
            [
              35.968253968253975,
              57.07936507936506
            ],
            [
              36.60317460317458,
              57.07936507936506
            ],
            [
              37.23809523809524,
              57.07936507936506
            ]
          ],
          [
            [
              13.111111111111086,
              8.349206349206383
            ],
            [
              12.634920634920604,
              8.190476190476204
            ],
            [
              11.682539682539698,
              8.190476190476204
            ],
            [
              10.888888888888857,
              8.190476190476204
            ],
            [
              10.095238095238074,
              8.349206349206383
            ],
            [
              9.30158730158729,
              8.507936507936506
            ],
            [
              8.507936507936506,
              8.825396825396865
            ],
            [
              7.714285714285722,
              8.984126984126988
            ],
            [
              7.238095238095241,
              9.301587301587347
            ],
            [
              6.444444444444457,
              9.619047619047649
            ],
            [
              6.126984126984098,
              10.253968253968253
            ],
            [
              5.6507936507936165,
              10.412698412698433
            ],
            [
              5.333333333333314,
              10.888888888888914
            ],
            [
              5.015873015873012,
              11.365079365079396
            ],
            [
              4.539682539682531,
              11.841269841269877
            ],
            [
              4.2222222222222285,
              12.476190476190482
            ],
            [
              4.063492063492049,
              13.269841269841265
            ],
            [
              4.063492063492049,
              13.904761904761926
            ],
            [
              4.063492063492049,
              14.53968253968253
            ],
            [
              4.063492063492049,
              15.492063492063494
            ],
            [
              4.063492063492049,
              16.285714285714278
            ],
            [
              4.063492063492049,
              17.23809523809524
            ],
            [
              4.539682539682531,
              18.190476190476204
            ],
            [
              4.69841269841271,
              18.666666666666686
            ],
            [
              5.015873015873012,
              19.142857142857167
            ],
            [
              5.333333333333314,
              19.77777777777777
            ],
            [
              5.809523809523796,
              20.095238095238074
            ],
            [
              6.60317460317458,
              20.730158730158735
            ],
            [
              7.079365079365061,
              21.047619047619037
            ],
            [
              7.555555555555543,
              21.365079365079396
            ],
            [
              8.031746031746025,
              21.52380952380952
            ],
            [
              8.666666666666686,
              21.841269841269877
            ],
            [
              9.46031746031747,
              22.0
            ],
            [
              10.253968253968253,
              22.0
            ],
            [
              11.365079365079339,
              22.31746031746036
            ],
            [
              12.793650793650784,
              22.31746031746036
            ],
            [
              13.746031746031747,
              22.31746031746036
            ],
            [
              14.69841269841271,
              22.31746031746036
            ],
            [
              15.333333333333314,
              22.31746031746036
            ],
            [
              16.126984126984098,
              22.31746031746036
            ],
            [
              16.92063492063494,
              22.31746031746036
            ],
            [
              17.555555555555543,
              22.15873015873018
            ],
            [
              18.031746031746025,
              22.0
            ],
            [
              18.82539682539681,
              21.682539682539698
            ],
            [
              19.46031746031747,
              21.365079365079396
            ],
            [
              20.095238095238074,
              21.047619047619037
            ],
            [
              20.571428571428555,
              20.730158730158735
            ],
            [
              21.047619047619037,
              20.412698412698433
            ],
            [
              21.52380952380952,
              19.93650793650795
            ],
            [
              22.158730158730123,
              19.46031746031747
            ],
            [
              22.952380952380963,
              18.984126984126988
            ],
            [
              23.269841269841265,
              18.507936507936506
            ],
            [
              23.746031746031747,
              18.190476190476204
            ],
            [
              24.22222222222223,
              17.714285714285722
            ],
            [
              24.69841269841271,
              17.23809523809524
            ],
            [
              25.015873015873012,
              16.76190476190476
            ],
            [
              25.17460317460319,
              16.285714285714278
            ],
            [
              25.492063492063494,
              15.650793650793673
            ],
            [
              25.809523809523796,
              15.015873015873012
            ],
            [
              25.809523809523796,
              14.380952380952408
            ],
            [
              25.809523809523796,
              13.746031746031747
            ],
            [
              25.17460317460319,
              13.111111111111086
            ],
            [
              24.53968253968253,
              12.634920634920661
            ],
            [
              24.06349206349205,
              12.317460317460359
            ],
            [
              23.587301587301567,
              11.841269841269877
            ],
            [
              22.952380952380963,
              11.206349206349216
            ],
            [
              22.317460317460302,
              10.730158730158735
            ],
            [
              21.84126984126982,
              10.253968253968253
            ],
            [
              21.047619047619037,
              9.619047619047649
            ],
            [
              20.412698412698433,
              9.301587301587347
            ],
            [
              19.77777777777777,
              8.984126984126988
            ],
            [
              19.14285714285711,
              8.984126984126988
            ],
            [
              18.190476190476204,
              8.984126984126988
            ],
            [
              17.555555555555543,
              9.142857142857167
            ],
            [
              16.60317460317458,
              9.301587301587347
            ],
            [
              15.650793650793617,
              9.619047619047649
            ],
            [
              14.69841269841271,
              9.936507936507951
            ],
            [
              13.269841269841265,
              10.253968253968253
            ],
            [
              11.84126984126982,
              10.412698412698433
            ],
            [
              10.571428571428555,
              10.571428571428555
            ],
            [
              9.30158730158729,
              10.571428571428555
            ],
            [
              8.190476190476204,
              10.571428571428555
            ],
            [
              7.238095238095241,
              10.730158730158735
            ],
            [
              6.60317460317458,
              10.730158730158735
            ],
            [
              6.126984126984098,
              11.206349206349216
            ]
          ],
          [
            [
              47.39682539682536,
              5.174603174603192
            ],
            [
              46.76190476190476,
              5.174603174603192
            ],
            [
              46.1269841269841,
              5.174603174603192
            ],
            [
              45.174603174603135,
              5.174603174603192
            ],
            [
              44.69841269841271,
              5.333333333333371
            ],
            [
              44.06349206349205,
              5.492063492063494
            ],
            [
              43.269841269841265,
              5.650793650793673
            ],
            [
              42.634920634920604,
              5.809523809523853
            ],
            [
              41.84126984126982,
              6.126984126984155
            ],
            [
              41.206349206349216,
              6.285714285714278
            ],
            [
              40.730158730158735,
              6.60317460317458
            ],
            [
              39.93650793650795,
              6.761904761904759
            ],
            [
              39.46031746031747,
              7.079365079365061
            ],
            [
              38.82539682539681,
              7.079365079365061
            ],
            [
              38.34920634920633,
              7.39682539682542
            ],
            [
              37.873015873015845,
              7.555555555555543
            ],
            [
              37.39682539682542,
              7.714285714285722
            ],
            [
              36.60317460317458,
              7.714285714285722
            ],
            [
              36.1269841269841,
              8.031746031746025
            ],
            [
              35.492063492063494,
              8.031746031746025
            ],
            [
              35.01587301587301,
              8.190476190476204
            ],
            [
              34.38095238095235,
              8.507936507936506
            ],
            [
              33.74603174603175,
              8.825396825396865
            ],
            [
              33.269841269841265,
              8.984126984126988
            ],
            [
              32.95238095238096,
              9.46031746031747
            ],
            [
              32.793650793650784,
              9.936507936507951
            ],
            [
              32.634920634920604,
              10.412698412698433
            ],
            [
              32.634920634920604,
              11.206349206349216
            ],
            [
              32.793650793650784,
              11.841269841269877
            ],
            [
              33.111111111111086,
              12.476190476190482
            ],
            [
              33.269841269841265,
              12.952380952380963
            ],
            [
              33.74603174603175,
              13.746031746031747
            ],
            [
              34.06349206349205,
              14.222222222222229
            ],
            [
              34.85714285714283,
              14.85714285714289
            ],
            [
              35.492063492063494,
              15.333333333333371
            ],
            [
              35.968253968253975,
              15.650793650793673
            ],
            [
              36.44444444444446,
              15.809523809523853
            ],
            [
              37.23809523809524,
              16.60317460317458
            ],
            [
              37.873015873015845,
              16.92063492063494
            ],
            [
              38.66666666666663,
              17.39682539682542
            ],
            [
              39.30158730158729,
              17.555555555555543
            ],
            [
              39.93650793650795,
              17.873015873015902
            ],
            [
              40.730158730158735,
              17.873015873015902
            ],
            [
              41.6825396825397,
              17.873015873015902
            ],
            [
              42.634920634920604,
              17.873015873015902
            ],
            [
              43.58730158730157,
              17.873015873015902
            ],
            [
              44.53968253968253,
              17.873015873015902
            ],
            [
              45.333333333333314,
              17.873015873015902
            ],
            [
              46.92063492063494,
              17.873015873015902
            ],
            [
              47.71428571428572,
              17.873015873015902
            ],
            [
              48.34920634920633,
              17.873015873015902
            ],
            [
              48.98412698412699,
              17.714285714285722
            ],
            [
              49.93650793650795,
              17.555555555555543
            ],
            [
              50.571428571428555,
              17.555555555555543
            ],
            [
              51.206349206349216,
              17.39682539682542
            ],
            [
              51.84126984126982,
              17.39682539682542
            ],
            [
              52.95238095238096,
              17.23809523809524
            ],
            [
              53.58730158730157,
              17.23809523809524
            ],
            [
              54.38095238095235,
              17.23809523809524
            ],
            [
              55.01587301587301,
              16.92063492063494
            ],
            [
              56.1269841269841,
              16.92063492063494
            ],
            [
              56.92063492063494,
              16.92063492063494
            ],
            [
              57.55555555555554,
              16.92063492063494
            ],
            [
              58.19047619047615,
              16.92063492063494
            ],
            [
              58.98412698412699,
              16.285714285714278
            ],
            [
              59.61904761904759,
              15.968253968253975
            ],
            [
              60.095238095238074,
              15.492063492063494
            ],
            [
              60.571428571428555,
              15.015873015873012
            ],
            [
              61.04761904761904,
              14.53968253968253
            ],
            [
              61.36507936507934,
              13.746031746031747
            ],
            [
              61.68253968253964,
              12.952380952380963
            ],
            [
              62.0,
              12.15873015873018
            ],
            [
              62.0,
              11.206349206349216
            ],
            [
              62.0,
              10.253968253968253
            ],
            [
              61.36507936507934,
              9.46031746031747
            ],
            [
              61.04761904761904,
              8.666666666666686
            ],
            [
              60.571428571428555,
              8.349206349206383
            ],
            [
              60.095238095238074,
              8.031746031746025
            ],
            [
              59.77777777777777,
              7.555555555555543
            ],
            [
              58.66666666666663,
              7.079365079365061
            ],
            [
              58.19047619047615,
              6.920634920634939
            ],
            [
              56.92063492063494,
              6.60317460317458
            ],
            [
              56.1269841269841,
              6.444444444444457
            ],
            [
              55.174603174603135,
              6.285714285714278
            ],
            [
              54.06349206349205,
              6.126984126984155
            ],
            [
              53.111111111111086,
              6.126984126984155
            ],
            [
              52.0,
              6.126984126984155
            ],
            [
              49.61904761904759,
              5.9682539682539755
            ],
            [
              48.507936507936506,
              5.809523809523853
            ],
            [
              46.60317460317458,
              5.809523809523853
            ],
            [
              45.968253968253975,
              5.809523809523853
            ],
            [
              45.333333333333314,
              5.809523809523853
            ],
            [
              44.38095238095235,
              5.809523809523853
            ],
            [
              43.428571428571445,
              5.809523809523853
            ],
            [
              42.47619047619048,
              5.809523809523853
            ],
            [
              41.52380952380952,
              5.809523809523853
            ],
            [
              40.730158730158735,
              5.9682539682539755
            ],
            [
              40.095238095238074,
              6.126984126984155
            ],
            [
              39.46031746031747,
              6.285714285714278
            ],
            [
              38.82539682539681,
              6.285714285714278
            ],
            [
              38.031746031746025,
              6.444444444444457
            ],
            [
              37.39682539682542,
              6.60317460317458
            ],
            [
              36.60317460317458,
              6.761904761904759
            ],
            [
              35.968253968253975,
              6.761904761904759
            ],
            [
              35.333333333333314,
              7.079365079365061
            ],
            [
              33.904761904761926,
              7.39682539682542
            ],
            [
              33.428571428571445,
              7.555555555555543
            ],
            [
              32.793650793650784,
              7.714285714285722
            ],
            [
              32.15873015873012,
              8.031746031746025
            ],
            [
              31.52380952380952,
              8.190476190476204
            ],
            [
              30.888888888888857,
              8.666666666666686
            ],
            [
              30.412698412698433,
              8.825396825396865
            ],
            [
              29.93650793650795,
              9.301587301587347
            ],
            [
              29.619047619047592,
              10.095238095238074
            ],
            [
              29.619047619047592,
              10.888888888888914
            ],
            [
              29.619047619047592,
              11.841269841269877
            ],
            [
              29.619047619047592,
              12.952380952380963
            ],
            [
              29.77777777777777,
              13.746031746031747
            ],
            [
              30.253968253968253,
              14.380952380952408
            ],
            [
              30.571428571428555,
              15.015873015873012
            ],
            [
              31.206349206349216,
              15.809523809523853
            ],
            [
              31.84126984126982,
              16.60317460317458
            ],
            [
              32.47619047619048,
              17.23809523809524
            ],
            [
              32.95238095238096,
              17.555555555555543
            ],
            [
              33.428571428571445,
              17.714285714285722
            ],
            [
              34.06349206349205,
              17.873015873015902
            ],
            [
              35.01587301587301,
              18.190476190476204
            ],
            [
              35.492063492063494,
              18.349206349206383
            ],
            [
              36.92063492063494,
              18.507936507936506
            ],
            [
              37.55555555555554,
              18.825396825396865
            ],
            [
              38.190476190476204,
              18.825396825396865
            ],
            [
              39.61904761904759,
              18.984126984126988
            ],
            [
              40.25396825396825,
              19.142857142857167
            ],
            [
              41.206349206349216,
              19.301587301587347
            ],
            [
              41.84126984126982,
              19.301587301587347
            ],
            [
              42.47619047619048,
              19.301587301587347
            ],
            [
              43.111111111111086,
              19.301587301587347
            ],
            [
              44.06349206349205,
              19.301587301587347
            ],
            [
              45.174603174603135,
              19.301587301587347
            ],
            [
              46.28571428571428,
              19.301587301587347
            ],
            [
              47.39682539682536,
              18.984126984126988
            ],
            [
              48.34920634920633,
              18.666666666666686
            ],
            [
              49.61904761904759,
              18.349206349206383
            ],
            [
              50.730158730158735,
              17.873015873015902
            ],
            [
              51.84126984126982,
              17.555555555555543
            ],
            [
              52.47619047619048,
              17.39682539682542
            ],
            [
              53.111111111111086,
              17.23809523809524
            ],
            [
              53.58730158730157,
              17.07936507936506
            ],
            [
              54.06349206349205,
              16.92063492063494
            ],
            [
              54.69841269841271,
              16.60317460317458
            ],
            [
              55.174603174603135,
              16.126984126984155
            ],
            [
              55.65079365079362,
              15.650793650793673
            ],
            [
              56.1269841269841,
              15.333333333333371
            ],
            [
              56.76190476190476,
              14.69841269841271
            ],
            [
              57.23809523809524,
              14.53968253968253
            ],
            [
              57.873015873015845,
              14.222222222222229
            ],
            [
              58.34920634920633,
              13.904761904761926
            ],
            [
              58.66666666666663,
              13.428571428571445
            ],
            [
              59.14285714285711,
              12.952380952380963
            ],
            [
              59.30158730158729,
              12.476190476190482
            ],
            [
              59.77777777777777,
              11.841269841269877
            ],
            [
              59.77777777777777,
              11.206349206349216
            ]
          ],
          [
            [
              12.793650793650784,
              53.74603174603175
            ],
            [
              12.952380952380963,
              54.38095238095241
            ],
            [
              13.587301587301567,
              54.38095238095241
            ]
          ],
          [
            [
              9.46031746031747,
              52.3174603174603
            ],
            [
              9.936507936507951,
              52.15873015873018
            ],
            [
              9.619047619047592,
              52.63492063492066
            ]
          ],
          [
            [
              6.920634920634939,
              51.206349206349216
            ],
            [
              6.285714285714278,
              51.206349206349216
            ]
          ],
          [
            [
              3.9047619047619264,
              48.666666666666686
            ],
            [
              3.2698412698412653,
              48.666666666666686
            ],
            [
              2.6349206349206042,
              48.666666666666686
            ],
            [
              3.111111111111086,
              48.34920634920638
            ],
            [
              3.5873015873015675,
              48.190476190476204
            ]
          ],
          [
            [
              42.15873015873012,
              55.968253968253975
            ],
            [
              42.634920634920604,
              56.126984126984155
            ],
            [
              42.15873015873012,
              56.44444444444446
            ]
          ],
          [
            [
              45.968253968253975,
              56.60317460317464
            ],
            [
              46.44444444444446,
              56.76190476190476
            ],
            [
              45.809523809523796,
              56.76190476190476
            ],
            [
              45.174603174603135,
              56.76190476190476
            ],
            [
              45.492063492063494,
              56.28571428571428
            ]
          ],
          [
            [
              50.571428571428555,
              54.53968253968253
            ],
            [
              50.095238095238074,
              54.38095238095241
            ],
            [
              49.46031746031747,
              54.38095238095241
            ],
            [
              49.93650793650795,
              54.06349206349205
            ],
            [
              50.571428571428555,
              54.06349206349205
            ]
          ],
          [
            [
              54.85714285714283,
              51.206349206349216
            ],
            [
              54.06349206349205,
              51.365079365079396
            ],
            [
              53.58730158730157,
              51.52380952380952
            ],
            [
              53.111111111111086,
              51.6825396825397
            ],
            [
              53.58730158730157,
              51.52380952380952
            ],
            [
              54.22222222222223,
              51.52380952380952
            ]
          ]
        ]
      }
    }
  ]
}