{
  "type": "FeatureCollection",
  "crs": {
    "type": "name",
    "properties": {
      "name": "urn:ogc:def:crs:OGC:1.3:CRS84"
    }
  },
  "features": [
    {
      "type": "Feature",
      "properties": {
        "timestamp": "2026-06-23T13:04:17.929068",
        "country_name": "India",
        "author": "dummy",
        "author_id": "56bc3182-38fb-4e9f-b44d-cf3830fd0855",
        "validated": false,
        "ranking": [
          [
            "India",
            0.06961417943239212
          ],
          [
            "Bangladesh",
            0.050447799265384674
          ],
          [
            "Guadeloupe",
            0.037498991936445236
          ],
          [
            "Somalia",
            0.03342890739440918
          ],
          [
            "Greece",
            0.03102295473217964
          ],
          [
            "Gabon",
            0.02681281976401806
          ],
          [
            "Syria",
            0.02570897527039051
          ],
          [
            "Denmark",
            0.021317515522241592
          ],
          [
            "Spain",
            0.01900794915854931
          ],
          [
            "Tajikistan",
            0.018193190917372704
          ],
          [
            "France",
            0.017859652638435364
          ],
          [
            "Mozambique",
            0.016772538423538208
          ],
          [
            "Burundi",
            0.015698714181780815
          ],
          [
            "Congo",
            0.015185128897428513
          ],
          [
            "Djibouti",
            0.015042348764836788
          ],
          [
            "Croatia",
            0.014458004385232925
          ],
          [
            "Kuwait",
            0.01436219085007906
          ],
          [
            "Senegal",
            0.014094398356974125
          ],
          [
            "Australia",
            0.012472282163798809
          ],
          [
            "Cambodia",
            0.011815660633146763
          ],
          [
            "South Georgia Islands",
            0.01111414935439825
          ],
          [
            "Nigeria",
            0.01095240656286478
          ],
          [
            "Peru",
            0.010267190635204315
          ],
          [
            "Iran",
            0.008994215168058872
          ],
          [
            "North Macedonia",
            0.008581112138926983
          ],
          [
            "Svalbard",
            0.008547184988856316
          ],
          [
            "Burkina Faso",
            0.00851808488368988
          ],
          [
            "Hong Kong",
            0.008403397165238857
          ],
          [
            "Sudan",
            0.008399776183068752
          ],
          [
            "Romania",
            0.008142413571476936
          ],
          [
            "Guyana",
            0.008100912906229496
          ],
          [
            "Ukraine",
            0.007997987791895866
          ],
          [
            "Costa Rica",
            0.007909468375146389
          ],
          [
            "Venezuela",
            0.007312467787414789
          ],
          [
            "Dominican Republic",
            0.007245839573442936
          ],
          [
            "Italy",
            0.0068832384422421455
          ],
          [
            "Thailand",
            0.006777247413992882
          ],
          [
            "Guinea",
            0.006727098021656275
          ],
          [
            "Belgium",
            0.006701587699353695
          ],
          [
            "Switzerland",
            0.006650627590715885
          ],
          [
            "Rwanda",
            0.006294801831245422
          ],
          [
            "Montenegro",
            0.00623334338888526
          ],
          [
            "Brazil",
            0.006101562175899744
          ],
          [
            "Guinea-Bissau",
            0.005936280824244022
          ],
          [
            "Jordan",
            0.005934945307672024
          ],
          [
            "Germany",
            0.005850749555975199
          ],
          [
            "Mauritania",
            0.005661425180733204
          ],
          [
            "Afghanistan",
            0.005602366290986538
          ],
          [
            "Greenland",
            0.005513426847755909
          ],
          [
            "Saudi Arabia",
            0.005441559944301844
          ],
          [
            "Bolivia",
            0.005366472061723471
          ],
          [
            "Canada",
            0.005203665234148502
          ],
          [
            "Côte d'Ivoire",
            0.0051011196337640285
          ],
          [
            "Benin",
            0.00509306974709034
          ],
          [
            "Netherlands",
            0.005024620797485113
          ],
          [
            "Suriname",
            0.005013296380639076
          ],
          [
            "Egypt",
            0.004964358638972044
          ],
          [
            "Sierra Leone",
            0.004855755250900984
          ],
          [
            "Lithuania",
            0.004844348877668381
          ],
          [
            "Falkland Islands",
            0.00480679702013731
          ],
          [
            "Finland",
            0.004714067559689283
          ],
          [
            "Angola",
            0.004534667823463678
          ],
          [
            "Papua New Guinea",
            0.004485181532800198
          ],
          [
            "Belarus",
            0.0041426667012274265
          ],
          [
            "South Africa",
            0.00411509582772851
          ],
          [
            "Turkmenistan",
            0.004046740476042032
          ],
          [
            "United States of America",
            0.003992993850260973
          ],
          [
            "Fiji",
            0.003938945941627026
          ],
          [
            "Mayotte",
            0.003840749617666006
          ],
          [
            "Namibia",
            0.0036962979938834906
          ],
          [
            "Lesotho",
            0.0036095990799367428
          ],
          [
            "Russia",
            0.0035578967072069645
          ],
          [
            "Armenia",
            0.003436986356973648
          ],
          [
            "China",
            0.0034352103248238564
          ],
          [
            "Laos",
            0.0034174476750195026
          ],
          [
            "Estonia",
            0.0033873619977384806
          ],
          [
            "Czech Republic",
            0.0033864383585751057
          ],
          [
            "Libya",
            0.003377259476110339
          ],
          [
            "North Korea",
            0.003271891502663493
          ],
          [
            "South Korea",
            0.0032671522349119186
          ],
          [
            "Slovakia",
            0.0032174261286854744
          ],
          [
            "Guatemala",
            0.0031369354110211134
          ],
          [
            "Poland",
            0.003055339213460684
          ],
          [
            "Moldova",
            0.0030392685439437628
          ],
          [
            "Yemen",
            0.0029404102824628353
          ],
          [
            "Iraq",
            0.0029330221004784107
          ],
          [
            "Faroe Islands",
            0.002915213815867901
          ],
          [
            "El Salvador",
            0.0029110575560480356
          ],
          [
            "Bulgaria",
            0.002877203281968832
          ],
          [
            "Azerbaijan",
            0.0028425438795238733
          ],
          [
            "Honduras",
            0.002763266209512949
          ],
          [
            "Ethiopia",
            0.0027562074828892946
          ],
          [
            "Belize",
            0.002599748084321618
          ],
          [
            "Philippines",
            0.002595452358946204
          ],
          [
            "Ireland",
            0.002581721404567361
          ],
          [
            "Uzbekistan",
            0.00255306507460773
          ],
          [
            "Reunion",
            0.002541671507060528
          ],
          [
            "Botswana",
            0.002507053315639496
          ],
          [
            "Bosnia & Herzegovina",
            0.0023942647967487574
          ],
          [
            "Vietnam",
            0.0023818619083613157
          ],
          [
            "Serbia",
            0.0023776767775416374
          ],
          [
            "Uganda",
            0.002365716267377138
          ],
          [
            "Mexico",
            0.00235175178386271
          ],
          [
            "Haiti",
            0.0023496488574892282
          ],
          [
            "Algeria",
            0.0022824369370937347
          ],
          [
            "Kenya",
            0.0022150848526507616
          ],
          [
            "West Bank",
            0.0022129775024950504
          ],
          [
            "Sweden",
            0.0021980691235512495
          ],
          [
            "Bahamas",
            0.0021775674540549517
          ],
          [
            "Turkey",
            0.002170625841245055
          ],
          [
            "Iceland",
            0.002140412339940667
          ],
          [
            "Uruguay",
            0.0020956366788595915
          ],
          [
            "Myanmar",
            0.0020817648619413376
          ],
          [
            "Slovenia",
            0.0020785352680832148
          ],
          [
            "United Arab Emirates",
            0.0020589602645486593
          ],
          [
            "Martinique",
            0.002056111115962267
          ],
          [
            "French Guiana",
            0.002047552028670907
          ],
          [
            "Liberia",
            0.0019888184033334255
          ],
          [
            "Colombia",
            0.0018997465958818793
          ],
          [
            "Cape Verde",
            0.0018912287196144462
          ],
          [
            "Togo",
            0.0018738715443760157
          ],
          [
            "Lebanon",
            0.0018544156337156892
          ],
          [
            "Latvia",
            0.001799511956050992
          ],
          [
            "Eritrea",
            0.0017603059532120824
          ],
          [
            "New Caledonia",
            0.001758346101269126
          ],
          [
            "Argentina",
            0.0016327560879290104
          ],
          [
            "South Sudan",
            0.0016031833365559578
          ],
          [
            "Zambia",
            0.0016024282667785883
          ],
          [
            "Mali",
            0.0015970122767612338
          ],
          [
            "Central African Republic",
            0.0015687423292547464
          ],
          [
            "Nicaragua",
            0.0015533696860074997
          ],
          [
            "Kyrgyzstan",
            0.0014458299847319722
          ],
          [
            "Bhutan",
            0.0014433831674978137
          ],
          [
            "Equatorial Guinea",
            0.001317603630013764
          ],
          [
            "Western Sahara",
            0.0013142505194991827
          ],
          [
            "Guam",
            0.0013037020107731223
          ],
          [
            "Oman",
            0.0012971811229363084
          ],
          [
            "Malawi",
            0.0012715746415778995
          ],
          [
            "Ecuador",
            0.0012684256071224809
          ],
          [
            "Tanzania",
            0.0012329273158684373
          ],
          [
            "Heard and McDonald Islands",
            0.0011313416762277484
          ],
          [
            "DR Congo",
            0.001106918789446354
          ],
          [
            "Turks and Caicos Islands",
            0.0011000573867931962
          ],
          [
            "Zimbabwe",
            0.0010863355128094554
          ],
          [
            "Portugal",
            0.0010836637811735272
          ],
          [
            "Sri Lanka",
            0.0010823769262060523
          ],
          [
            "Panama",
            0.001079803449101746
          ],
          [
            "Indonesia",
            0.0010476899333298206
          ],
          [
            "Georgia",
            0.0010320767760276794
          ],
          [
            "Puerto Rico",
            0.001020733849145472
          ],
          [
            "Luxembourg",
            0.0010122805833816528
          ],
          [
            "Vanuatu",
            0.0009992170380428433
          ],
          [
            "Tunisia",
            0.0009970200480893254
          ],
          [
            "Cyprus",
            0.0009955645073205233
          ],
          [
            "Eswatini",
            0.0009886595653370023
          ],
          [
            "Jamaica",
            0.0009880411671474576
          ],
          [
            "Paraguay",
            0.0009846322936937213
          ],
          [
            "Albania",
            0.0009823644068092108
          ],
          [
            "Japan",
            0.0009719811496324837
          ],
          [
            "Mongolia",
            0.0009482255554758012
          ],
          [
            "Qatar",
            0.0009235520265065134
          ],
          [
            "Dominica",
            0.0009120196918956935
          ],
          [
            "United Kingdom",
            0.0009048031643033028
          ],
          [
            "Cuba",
            0.0008596194675192237
          ],
          [
            "Kazakhstan",
            0.0008453437476418912
          ],
          [
            "Norway",
            0.0008312479476444423
          ],
          [
            "Brunei",
            0.0008254700805991888
          ],
          [
            "Nepal",
            0.0008148499182425439
          ],
          [
            "Bahrain",
            0.0008142486331053078
          ],
          [
            "Hungary",
            0.0007397814188152552
          ],
          [
            "Barbados",
            0.0007326145423576236
          ],
          [
            "Chad",
            0.0007064849487505853
          ],
          [
            "Timor-Leste",
            0.0006729597225785255
          ],
          [
            "Malaysia",
            0.0006692323368042707
          ],
          [
            "Antigua & Barbuda",
            0.0006546903750859201
          ],
          [
            "Taiwan",
            0.0006002439185976982
          ],
          [
            "Niger",
            0.0005468140006996691
          ],
          [
            "Ghana",
            0.0005356887122616172
          ],
          [
            "Isle of Man",
            0.0005320301279425621
          ],
          [
            "Kiribati",
            0.0005288078682497144
          ],
          [
            "Israel",
            0.0005034787463955581
          ],
          [
            "Trinidad and Tobago",
            0.0005010282620787621
          ],
          [
            "Saint Lucia",
            0.00048561044968664646
          ],
          [
            "Pakistan",
            0.00045940736890770495
          ],
          [
            "Cameroon",
            0.0004341616004239768
          ],
          [
            "Comoros",
            0.00042667629895731807
          ],
          [
            "Samoa",
            0.00040899988380260766
          ],
          [
            "Solomon Islands",
            0.00040511018596589565
          ],
          [
            "Morocco",
            0.0003483918553683907
          ],
          [
            "New Zealand",
            0.0003369838814251125
          ],
          [
            "Chile",
            0.0003265623818151653
          ],
          [
            "Madagascar",
            0.00024575908901169896
          ],
          [
            "United States Virgin Islands",
            0.00021654639567714185
          ],
          [
            "Palau",
            0.00020141270942986012
          ],
          [
            "Madeira Islands",
            0.00018907661433331668
          ],
          [
            "Netherlands Antilles",
            0.00017799614579416811
          ],
          [
            "Austria",
            0.00015805085422471166
          ],
          [
            "Gambia",
            0.00013764343748334795
          ],
          [
            "Sao Tome and Principe",
            0.00012644393427763134
          ]
        ]
      },
      "geometry": {
        "type": "MultiLineString",
        "coordinates": [
          [
            [
              10.369098712446345,
              47.901287553648075
            ],
            [
              10.755364806866964,
              47.77253218884121
            ],
            [
              10.626609442060072,
              47.257510729613756
            ],
            [
              10.626609442060072,
              46.74248927038627
            ],
            [
              10.497854077253209,
              46.35622317596568
            ],
            [
              10.111587982832617,
              46.22746781115882
            ],
            [
              9.725321888412026,
              46.09871244635195
            ],
            [
              9.210300429184542,
              46.09871244635195
            ],
            [
              8.695278969957087,
              46.09871244635195
            ],
            [
              8.43776824034336,
              46.74248927038627
            ],
            [
              8.180257510729604,
              47.12875536480689
            ],
            [
              8.05150214592274,
              47.51502145922748
            ],
            [
              7.536480686695285,
              47.77253218884121
            ],
            [
              7.150214592274665,
              47.901287553648075
            ],
            [
              6.63519313304721,
              48.15879828326183
            ],
            [
              6.377682403433482,
              48.673819742489286
            ],
            [
              6.120171673819755,
              49.18884120171674
            ],
            [
              5.862660944205999,
              49.703862660944225
            ],
            [
              5.605150214592271,
              50.21888412017168
            ],
            [
              5.090128755364816,
              50.6051502145923
            ],
            [
              4.83261802575106,
              50.99141630901289
            ],
            [
              4.5751072961373325,
              51.37768240343348
            ],
            [
              4.060085836909877,
              51.7639484978541
            ],
            [
              3.545064377682394,
              51.892703862660966
            ],
            [
              3.0300429184549387,
              52.02145922746783
            ],
            [
              2.643776824034319,
              51.892703862660966
            ],
            [
              2.3862660944205913,
              52.27896995708156
            ],
            [
              2.2575107296137276,
              52.79399141630904
            ],
            [
              2.128755364806864,
              53.18025751072963
            ],
            [
              2.0,
              53.69527896995709
            ],
            [
              2.0,
              54.21030042918457
            ],
            [
              2.0,
              54.725321888412026
            ],
            [
              2.3862660944205913,
              55.111587982832646
            ],
            [
              2.643776824034319,
              55.49785407725324
            ],
            [
              3.0300429184549387,
              55.6266094420601
            ],
            [
              3.41630901287553,
              55.88412017167383
            ],
            [
              3.80257510729615,
              56.01287553648069
            ],
            [
              4.446351931330469,
              56.01287553648069
            ],
            [
              4.961373390557924,
              56.01287553648069
            ],
            [
              5.21888412017168,
              56.39914163090131
            ],
            [
              5.605150214592271,
              56.65665236051504
            ],
            [
              5.605150214592271,
              57.171673819742495
            ],
            [
              5.605150214592271,
              57.68669527896998
            ],
            [
              5.476394849785407,
              58.07296137339057
            ],
            [
              5.476394849785407,
              58.58798283261805
            ],
            [
              5.476394849785407,
              59.10300429184551
            ],
            [
              5.476394849785407,
              59.61802575107296
            ],
            [
              4.961373390557924,
              59.61802575107296
            ],
            [
              5.090128755364816,
              60.00429184549358
            ],
            [
              5.605150214592271,
              60.00429184549358
            ],
            [
              5.9914163090128625,
              59.61802575107296
            ],
            [
              6.377682403433482,
              59.360515021459236
            ],
            [
              7.021459227467801,
              59.10300429184551
            ],
            [
              7.6652360515021485,
              59.10300429184551
            ],
            [
              8.180257510729604,
              59.10300429184551
            ],
            [
              8.695278969957087,
              59.10300429184551
            ],
            [
              9.210300429184542,
              59.10300429184551
            ],
            [
              9.725321888412026,
              59.10300429184551
            ],
            [
              10.240343347639481,
              59.10300429184551
            ],
            [
              10.755364806866964,
              59.23175965665237
            ],
            [
              11.27038626609442,
              59.4892703862661
            ],
            [
              11.656652360515011,
              59.61802575107296
            ],
            [
              12.171673819742495,
              59.61802575107296
            ],
            [
              12.68669527896995,
              59.61802575107296
            ],
            [
              13.201716738197433,
              59.4892703862661
            ],
            [
              13.845493562231752,
              59.4892703862661
            ],
            [
              14.231759656652343,
              59.360515021459236
            ],
            [
              14.87553648068669,
              59.23175965665237
            ],
            [
              15.390557939914174,
              59.10300429184551
            ],
            [
              15.90557939914163,
              59.10300429184551
            ],
            [
              16.420600858369085,
              59.10300429184551
            ],
            [
              16.935622317596568,
              59.10300429184551
            ],
            [
              17.450643776824023,
              59.10300429184551
            ],
            [
              17.965665236051507,
              59.10300429184551
            ],
            [
              18.609442060085826,
              59.10300429184551
            ],
            [
              19.12446351931331,
              59.10300429184551
            ],
            [
              19.639484978540764,
              59.10300429184551
            ],
            [
              20.154506437768248,
              59.10300429184551
            ],
            [
              20.798283261802567,
              59.10300429184551
            ],
            [
              21.31330472103005,
              59.10300429184551
            ],
            [
              21.95708154506437,
              59.10300429184551
            ],
            [
              22.600858369098717,
              59.10300429184551
            ],
            [
              22.987124463519308,
              59.23175965665237
            ],
            [
              23.630901287553655,
              59.360515021459236
            ],
            [
              24.403433476394838,
              59.360515021459236
            ],
            [
              24.91845493562232,
              59.360515021459236
            ],
            [
              25.433476394849777,
              59.23175965665237
            ],
            [
              26.206008583690988,
              59.10300429184551
            ],
            [
              26.721030042918443,
              59.10300429184551
            ],
            [
              27.236051502145926,
              59.10300429184551
            ],
            [
              27.75107296137338,
              59.10300429184551
            ],
            [
              28.652360515021456,
              59.10300429184551
            ],
            [
              29.296137339055804,
              58.974248927038644
            ],
            [
              29.81115879828326,
              58.84549356223178
            ],
            [
              30.454935622317578,
              58.71673819742492
            ],
            [
              31.098712446351925,
              58.71673819742492
            ],
            [
              32.128755364806864,
              58.71673819742492
            ],
            [
              33.03004291845494,
              58.71673819742492
            ],
            [
              33.67381974248926,
              58.84549356223178
            ],
            [
              34.317596566523605,
              58.84549356223178
            ],
            [
              34.961373390557924,
              58.84549356223178
            ],
            [
              35.47639484978541,
              58.84549356223178
            ],
            [
              35.862660944206,
              58.71673819742492
            ],
            [
              36.506437768240346,
              58.71673819742492
            ],
            [
              37.0214592274678,
              58.71673819742492
            ],
            [
              37.536480686695256,
              58.58798283261805
            ],
            [
              37.92274678111585,
              58.45922746781116
            ],
            [
              38.56652360515022,
              58.3304721030043
            ],
            [
              39.08154506437768,
              58.07296137339057
            ],
            [
              39.596566523605134,
              58.07296137339057
            ],
            [
              40.11158798283259,
              58.07296137339057
            ],
            [
              40.6266094420601,
              58.07296137339057
            ],
            [
              41.01287553648069,
              57.944206008583706
            ],
            [
              41.52789699570815,
              57.944206008583706
            ],
            [
              42.0429184549356,
              57.68669527896998
            ],
            [
              42.42918454935625,
              57.557939914163114
            ],
            [
              43.20171673819743,
              57.557939914163114
            ],
            [
              43.71673819742489,
              57.557939914163114
            ],
            [
              44.23175965665234,
              57.81545064377684
            ],
            [
              44.7467811158798,
              57.944206008583706
            ],
            [
              45.776824034334766,
              58.07296137339057
            ],
            [
              46.420600858369085,
              58.07296137339057
            ],
            [
              46.93562231759654,
              58.07296137339057
            ],
            [
              47.45064377682405,
              58.07296137339057
            ],
            [
              48.223175965665234,
              58.07296137339057
            ],
            [
              48.86695278969955,
              58.07296137339057
            ],
            [
              49.38197424892701,
              58.07296137339057
            ],
            [
              49.89699570815452,
              58.07296137339057
            ],
            [
              50.412017167381975,
              58.20171673819743
            ],
            [
              50.79828326180257,
              58.3304721030043
            ],
            [
              51.18454935622316,
              58.45922746781116
            ],
            [
              51.9570815450644,
              58.45922746781116
            ],
            [
              52.72961373390558,
              58.45922746781116
            ],
            [
              53.50214592274676,
              58.3304721030043
            ],
            [
              54.14592274678114,
              58.3304721030043
            ],
            [
              55.690987124463504,
              58.07296137339057
            ],
            [
              56.59227467811161,
              57.81545064377684
            ],
            [
              57.62231759656652,
              57.557939914163114
            ],
            [
              58.26609442060084,
              57.557939914163114
            ],
            [
              58.65236051502143,
              57.68669527896998
            ],
            [
              59.038626609442076,
              57.81545064377684
            ],
            [
              59.682403433476395,
              58.07296137339057
            ],
            [
              60.19742489270385,
              58.07296137339057
            ],
            [
              60.58369098712444,
              58.20171673819743
            ],
            [
              61.22746781115882,
              58.20171673819743
            ],
            [
              61.61373390557941,
              58.07296137339057
            ],
            [
              61.22746781115882,
              57.68669527896998
            ],
            [
              60.96995708154509,
              57.30042918454936
            ],
            [
              60.58369098712444,
              56.91416309012877
            ],
            [
              60.068669527896986,
              56.527896995708176
            ],
            [
              59.682403433476395,
              56.39914163090131
            ],
            [
              59.16738197424894,
              56.01287553648069
            ],
            [
              58.78111587982835,
              55.755364806866964
            ],
            [
              58.3948497854077,
              55.49785407725324
            ],
            [
              58.26609442060084,
              55.111587982832646
            ],
            [
              58.26609442060084,
              54.59656652360516
            ],
            [
              58.3948497854077,
              53.95278969957084
            ],
            [
              58.3948497854077,
              53.43776824034336
            ],
            [
              58.3948497854077,
              52.922746781115904
            ],
            [
              58.3948497854077,
              52.40772532188842
            ],
            [
              58.523605150214564,
              51.892703862660966
            ],
            [
              58.78111587982835,
              51.37768240343348
            ],
            [
              58.90987124463521,
              50.86266094420603
            ],
            [
              58.90987124463521,
              50.347639484978544
            ],
            [
              58.78111587982835,
              49.96137339055795
            ],
            [
              58.65236051502143,
              49.31759656652363
            ],
            [
              58.65236051502143,
              48.80257510729615
            ],
            [
              58.523605150214564,
              48.41630901287556
            ],
            [
              58.3948497854077,
              48.03004291845494
            ],
            [
              58.3948497854077,
              47.38626609442062
            ],
            [
              58.3948497854077,
              46.74248927038627
            ],
            [
              58.523605150214564,
              46.35622317596568
            ],
            [
              58.523605150214564,
              45.841201716738226
            ],
            [
              58.26609442060084,
              45.32618025751074
            ],
            [
              58.00858369098711,
              44.93991416309015
            ],
            [
              57.62231759656652,
              44.682403433476395
            ],
            [
              57.10729613733906,
              44.42489270386267
            ],
            [
              56.59227467811161,
              44.296137339055804
            ],
            [
              56.077253218884096,
              44.42489270386267
            ],
            [
              55.56223175965664,
              44.55364806866953
            ],
            [
              55.17596566523605,
              44.682403433476395
            ],
            [
              54.78969957081546,
              44.81115879828329
            ],
            [
              54.403433476394866,
              44.93991416309015
            ],
            [
              54.01716738197422,
              45.19742489270388
            ],
            [
              53.50214592274676,
              45.454935622317606
            ],
            [
              53.11587982832617,
              45.58369098712447
            ],
            [
              52.60085836909872,
              45.58369098712447
            ],
            [
              52.47210300429185,
              45.19742489270388
            ],
            [
              52.34334763948499,
              44.682403433476395
            ],
            [
              51.9570815450644,
              44.16738197424894
            ],
            [
              51.442060085836886,
              43.78111587982835
            ],
            [
              50.28326180257511,
              43.137339055794
            ],
            [
              48.48068669527896,
              42.10729613733906
            ],
            [
              47.579399141630915,
              41.59227467811161
            ],
            [
              47.06437768240346,
              41.077253218884124
            ],
            [
              46.67811158798281,
              40.819742489270396
            ],
            [
              46.29184549356222,
              40.69098712446353
            ],
            [
              45.776824034334766,
              40.30472103004294
            ],
            [
              45.00429184549358,
              39.91845493562232
            ],
            [
              44.618025751072935,
              39.660944206008594
            ],
            [
              44.23175965665234,
              39.53218884120173
            ],
            [
              43.974248927038616,
              39.14592274678114
            ],
            [
              43.587982832618025,
              38.630901287553655
            ],
            [
              43.3304721030043,
              38.244635193133064
            ],
            [
              43.587982832618025,
              37.47210300429185
            ],
            [
              43.71673819742489,
              36.9570815450644
            ],
            [
              43.71673819742489,
              36.31330472103005
            ],
            [
              43.587982832618025,
              35.92703862660946
            ],
            [
              43.974248927038616,
              35.54077253218887
            ],
            [
              44.7467811158798,
              35.66952789699573
            ],
            [
              45.26180257510731,
              35.92703862660946
            ],
            [
              46.03433476394849,
              36.442060085836914
            ],
            [
              46.806866952789676,
              36.9570815450644
            ],
            [
              47.32188841201719,
              36.442060085836914
            ],
            [
              47.83690987124464,
              35.92703862660946
            ],
            [
              47.83690987124464,
              35.412017167381975
            ],
            [
              48.223175965665234,
              35.025751072961384
            ],
            [
              48.3519313304721,
              34.63948497854079
            ],
            [
              48.73819742489269,
              34.381974248927065
            ],
            [
              49.12446351931328,
              33.86695278969958
            ],
            [
              49.63948497854079,
              33.22317596566526
            ],
            [
              49.89699570815452,
              32.83690987124464
            ],
            [
              50.412017167381975,
              32.193133047210324
            ],
            [
              50.6695278969957,
              31.806866952789704
            ],
            [
              50.92703862660943,
              31.420600858369113
            ],
            [
              51.442060085836886,
              31.29184549356225
            ],
            [
              52.60085836909872,
              31.29184549356225
            ],
            [
              53.244635193133036,
              31.29184549356225
            ],
            [
              53.75965665236049,
              31.29184549356225
            ],
            [
              54.274678111588,
              31.29184549356225
            ],
            [
              54.78969957081546,
              31.163090128755385
            ],
            [
              54.78969957081546,
              30.648068669527902
            ],
            [
              54.660944206008594,
              30.26180257510731
            ],
            [
              54.53218884120173,
              29.746781115879855
            ],
            [
              54.403433476394866,
              29.360515021459236
            ],
            [
              54.53218884120173,
              28.716738197424917
            ],
            [
              54.53218884120173,
              28.07296137339057
            ],
            [
              54.78969957081546,
              27.300429184549387
            ],
            [
              54.91845493562232,
              26.914163090128767
            ],
            [
              54.53218884120173,
              27.04291845493563
            ],
            [
              54.14592274678114,
              27.300429184549387
            ],
            [
              53.63090128755363,
              28.201716738197433
            ]
          ],
          [
            [
              54.01716738197422,
              27.686695278969978
            ],
            [
              53.63090128755363,
              27.557939914163114
            ],
            [
              53.3733905579399,
              27.04291845493563
            ],
            [
              53.244635193133036,
              26.527896995708176
            ],
            [
              53.244635193133036,
              26.012875536480692
            ],
            [
              53.3733905579399,
              25.6266094420601
            ],
            [
              53.50214592274676,
              25.24034334763951
            ],
            [
              53.75965665236049,
              24.596566523605162
            ],
            [
              54.01716738197422,
              24.21030042918457
            ],
            [
              54.01716738197422,
              23.566523605150223
            ],
            [
              54.14592274678114,
              22.922746781115904
            ],
            [
              54.274678111588,
              22.536480686695313
            ],
            [
              54.53218884120173,
              22.150214592274693
            ],
            [
              55.047210300429185,
              22.02145922746783
            ],
            [
              55.690987124463504,
              21.763948497854102
            ],
            [
              56.077253218884096,
              21.377682403433482
            ],
            [
              56.46351931330469,
              21.120171673819755
            ],
            [
              56.849785407725335,
              20.99141630901289
            ],
            [
              57.36480686695279,
              20.862660944206027
            ],
            [
              57.62231759656652,
              20.476394849785436
            ],
            [
              57.62231759656652,
              19.83261802575109
            ],
            [
              57.62231759656652,
              19.18884120171674
            ],
            [
              57.879828326180245,
              18.80257510729615
            ],
            [
              57.236051502145926,
              20.090128755364816
            ],
            [
              57.10729613733906,
              20.476394849785436
            ],
            [
              56.9785407725322,
              20.99141630901289
            ],
            [
              56.72103004291847,
              21.377682403433482
            ]
          ],
          [
            [
              57.493562231759654,
              20.090128755364816
            ],
            [
              57.62231759656652,
              19.703862660944225
            ],
            [
              57.62231759656652,
              18.931330472103014
            ],
            [
              57.75107296137338,
              18.41630901287556
            ],
            [
              57.879828326180245,
              17.901287553648075
            ],
            [
              57.879828326180245,
              17.38626609442062
            ],
            [
              58.13733905579397,
              17.0
            ],
            [
              58.523605150214564,
              16.61373390557941
            ],
            [
              59.038626609442076,
              16.098712446351954
            ],
            [
              59.42489270386267,
              15.326180257510742
            ],
            [
              59.93991416309012,
              14.811158798283287
            ],
            [
              60.19742489270385,
              14.424892703862668
            ],
            [
              60.58369098712444,
              14.296137339055804
            ],
            [
              60.84120171673817,
              13.909871244635212
            ],
            [
              61.22746781115882,
              13.523605150214621
            ],
            [
              61.35622317596568,
              13.13733905579403
            ],
            [
              61.484978540772545,
              12.751072961373438
            ],
            [
              61.484978540772545,
              12.236051502145926
            ],
            [
              61.22746781115882,
              11.849785407725335
            ],
            [
              60.84120171673817,
              11.592274678111607
            ],
            [
              60.326180257510714,
              11.206008583691016
            ],
            [
              59.682403433476395,
              10.948497854077289
            ],
            [
              59.16738197424894,
              10.690987124463561
            ],
            [
              58.65236051502143,
              10.562231759656697
            ],
            [
              58.26609442060084,
              10.175965665236049
            ],
            [
              57.879828326180245,
              10.047210300429185
            ],
            [
              57.62231759656652,
              9.660944206008594
            ],
            [
              57.75107296137338,
              9.145922746781139
            ],
            [
              58.00858369098711,
              8.630901287553684
            ],
            [
              58.13733905579397,
              8.115879828326229
            ],
            [
              58.26609442060084,
              7.600858369098717
            ],
            [
              58.26609442060084,
              6.69957081545067
            ],
            [
              58.26609442060084,
              6.055793991416351
            ],
            [
              58.26609442060084,
              5.540772532188839
            ],
            [
              58.26609442060084,
              5.025751072961384
            ],
            [
              57.879828326180245,
              4.639484978540793
            ],
            [
              57.493562231759654,
              4.381974248927065
            ],
            [
              57.10729613733906,
              4.253218884120201
            ],
            [
              56.59227467811161,
              4.124463519313338
            ],
            [
              56.077253218884096,
              3.995708154506474
            ],
            [
              55.56223175965664,
              3.995708154506474
            ],
            [
              54.660944206008594,
              3.995708154506474
            ],
            [
              54.14592274678114,
              3.995708154506474
            ],
            [
              53.3733905579399,
              3.995708154506474
            ],
            [
              52.60085836909872,
              3.995708154506474
            ],
            [
              51.9570815450644,
              4.253218884120201
            ],
            [
              50.92703862660943,
              4.510729613733929
            ],
            [
              50.412017167381975,
              4.639484978540793
            ],
            [
              49.89699570815452,
              4.89699570815452
            ],
            [
              48.609442060085826,
              5.540772532188839
            ],
            [
              48.223175965665234,
              5.927038626609487
            ],
            [
              47.83690987124464,
              6.055793991416351
            ],
            [
              47.19313304721027,
              6.055793991416351
            ],
            [
              45.776824034334766,
              6.055793991416351
            ],
            [
              45.13304721030045,
              6.055793991416351
            ],
            [
              44.23175965665234,
              6.055793991416351
            ],
            [
              43.71673819742489,
              5.798283261802567
            ],
            [
              42.944206008583706,
              5.669527896995703
            ],
            [
              42.0429184549356,
              5.669527896995703
            ],
            [
              41.39914163090128,
              5.540772532188839
            ],
            [
              40.755364806866964,
              5.540772532188839
            ],
            [
              40.24034334763951,
              5.540772532188839
            ],
            [
              39.725321888412,
              5.540772532188839
            ],
            [
              39.08154506437768,
              5.540772532188839
            ],
            [
              38.69527896995709,
              5.4120171673819755
            ],
            [
              38.309012875536496,
              5.283261802575112
            ],
            [
              37.79399141630904,
              5.283261802575112
            ],
            [
              37.150214592274665,
              5.283261802575112
            ],
            [
              36.506437768240346,
              5.283261802575112
            ],
            [
              35.862660944206,
              5.283261802575112
            ],
            [
              35.347639484978544,
              5.4120171673819755
            ],
            [
              34.703862660944196,
              5.4120171673819755
            ],
            [
              34.18884120171674,
              5.4120171673819755
            ],
            [
              33.80257510729615,
              5.540772532188839
            ],
            [
              33.287553648068666,
              5.540772532188839
            ],
            [
              32.901287553648075,
              5.669527896995703
            ],
            [
              32.38626609442059,
              5.669527896995703
            ],
            [
              31.871244635193136,
              5.669527896995703
            ],
            [
              31.484978540772545,
              5.540772532188839
            ],
            [
              30.96995708154506,
              5.540772532188839
            ],
            [
              30.326180257510714,
              5.154506437768248
            ],
            [
              29.682403433476395,
              5.025751072961384
            ],
            [
              28.78111587982832,
              5.025751072961384
            ],
            [
              28.137339055793973,
              4.768240343347657
            ],
            [
              27.622317596566518,
              4.768240343347657
            ],
            [
              27.236051502145926,
              4.639484978540793
            ],
            [
              26.721030042918443,
              4.639484978540793
            ],
            [
              26.206008583690988,
              4.639484978540793
            ],
            [
              25.690987124463504,
              4.639484978540793
            ],
            [
              25.17596566523605,
              4.639484978540793
            ],
            [
              24.660944206008594,
              4.639484978540793
            ],
            [
              24.14592274678111,
              4.639484978540793
            ],
            [
              23.244635193133036,
              4.639484978540793
            ],
            [
              22.72961373390558,
              4.639484978540793
            ],
            [
              22.085836909871233,
              4.639484978540793
            ],
            [
              21.31330472103005,
              4.639484978540793
            ],
            [
              20.54077253218884,
              4.639484978540793
            ],
            [
              19.896995708154492,
              4.639484978540793
            ],
            [
              19.253218884120173,
              4.639484978540793
            ],
            [
              18.480686695278962,
              4.639484978540793
            ],
            [
              17.965665236051507,
              4.639484978540793
            ],
            [
              17.193133047210296,
              4.639484978540793
            ],
            [
              16.420600858369085,
              4.639484978540793
            ],
            [
              15.90557939914163,
              4.639484978540793
            ],
            [
              15.390557939914174,
              4.639484978540793
            ],
            [
              14.87553648068669,
              4.639484978540793
            ],
            [
              14.360515021459236,
              4.639484978540793
            ],
            [
              13.845493562231752,
              4.639484978540793
            ],
            [
              13.45922746781116,
              4.89699570815452
            ],
            [
              13.201716738197433,
              5.4120171673819755
            ],
            [
              13.07296137339057,
              5.927038626609487
            ],
            [
              12.815450643776813,
              6.570815450643806
            ],
            [
              12.815450643776813,
              7.214592274678125
            ],
            [
              12.815450643776813,
              7.987124463519308
            ],
            [
              12.815450643776813,
              8.630901287553684
            ],
            [
              12.815450643776813,
              9.145922746781139
            ],
            [
              12.944206008583677,
              9.53218884120173
            ],
            [
              13.45922746781116,
              9.789699570815458
            ],
            [
              13.845493562231752,
              10.047210300429185
            ],
            [
              14.360515021459236,
              10.047210300429185
            ],
            [
              14.746781115879827,
              10.304721030042913
            ],
            [
              15.390557939914174,
              10.690987124463561
            ],
            [
              15.90557939914163,
              10.690987124463561
            ],
            [
              16.420600858369085,
              11.206008583691016
            ],
            [
              16.935622317596568,
              11.463519313304744
            ],
            [
              17.32188841201716,
              11.592274678111607
            ],
            [
              17.450643776824023,
              12.107296137339063
            ],
            [
              16.54935622317595,
              12.751072961373438
            ],
            [
              15.648068669527902,
              13.13733905579403
            ],
            [
              15.261802575107282,
              13.266094420600893
            ],
            [
              14.87553648068669,
              13.394849785407757
            ],
            [
              14.360515021459236,
              13.652360515021485
            ],
            [
              13.974248927038616,
              13.781115879828349
            ],
            [
              13.587982832618025,
              13.909871244635212
            ],
            [
              13.201716738197433,
              14.038626609442076
            ],
            [
              13.07296137339057,
              14.424892703862668
            ],
            [
              12.815450643776813,
              14.811158798283287
            ],
            [
              12.557939914163086,
              15.197424892703879
            ],
            [
              12.300429184549358,
              15.58369098712447
            ],
            [
              11.527896995708147,
              16.098712446351954
            ],
            [
              10.884120171673828,
              16.35622317596568
            ],
            [
              10.369098712446345,
              16.35622317596568
            ],
            [
              9.85407725321889,
              16.484978540772545
            ],
            [
              10.111587982832617,
              17.0
            ],
            [
              10.111587982832617,
              17.515021459227484
            ],
            [
              9.725321888412026,
              17.901287553648075
            ],
            [
              8.952789699570815,
              18.673819742489286
            ],
            [
              8.180257510729604,
              19.961373390557952
            ],
            [
              7.6652360515021485,
              20.6051502145923
            ],
            [
              7.536480686695285,
              21.24892703862662
            ],
            [
              7.150214592274665,
              21.763948497854102
            ],
            [
              6.763948497854074,
              22.40772532188842
            ],
            [
              6.506437768240346,
              22.79399141630904
            ],
            [
              6.377682403433482,
              23.566523605150223
            ],
            [
              6.377682403433482,
              24.339055793991434
            ],
            [
              6.63519313304721,
              25.111587982832646
            ],
            [
              7.021459227467801,
              25.497854077253237
            ],
            [
              7.407725321888421,
              26.141630901287556
            ],
            [
              7.6652360515021485,
              26.527896995708176
            ],
            [
              7.536480686695285,
              26.914163090128767
            ],
            [
              6.763948497854074,
              27.171673819742523
            ],
            [
              6.120171673819755,
              27.557939914163114
            ],
            [
              5.733905579399135,
              28.07296137339057
            ],
            [
              5.605150214592271,
              28.716738197424917
            ],
            [
              5.21888412017168,
              28.974248927038644
            ],
            [
              5.090128755364816,
              29.489270386266128
            ],
            [
              4.961373390557924,
              29.87553648068672
            ],
            [
              4.83261802575106,
              30.26180257510731
            ],
            [
              4.83261802575106,
              30.905579399141658
            ],
            [
              4.83261802575106,
              31.420600858369113
            ],
            [
              4.83261802575106,
              31.935622317596597
            ],
            [
              4.83261802575106,
              33.35193133047213
            ],
            [
              4.961373390557924,
              33.86695278969958
            ],
            [
              4.961373390557924,
              34.381974248927065
            ],
            [
              5.090128755364816,
              34.89699570815452
            ],
            [
              5.090128755364816,
              35.412017167381975
            ],
            [
              5.090128755364816,
              35.92703862660946
            ],
            [
              5.21888412017168,
              36.828326180257534
            ],
            [
              5.476394849785407,
              37.214592274678125
            ],
            [
              5.476394849785407,
              37.987124463519336
            ],
            [
              5.476394849785407,
              38.630901287553655
            ],
            [
              5.347639484978544,
              39.017167381974275
            ],
            [
              4.83261802575106,
              39.53218884120173
            ],
            [
              4.5751072961373325,
              39.91845493562232
            ],
            [
              4.317596566523605,
              40.433476394849805
            ],
            [
              4.317596566523605,
              40.94849785407726
            ],
            [
              4.317596566523605,
              41.59227467811161
            ],
            [
              4.446351931330469,
              42.36480686695279
            ],
            [
              4.5751072961373325,
              42.75107296137341
            ],
            [
              4.703862660944196,
              43.137339055794
            ],
            [
              5.347639484978544,
              43.78111587982835
            ],
            [
              5.862660944205999,
              43.78111587982835
            ],
            [
              6.763948497854074,
              43.652360515021485
            ],
            [
              7.150214592274665,
              43.52360515021462
            ],
            [
              7.536480686695285,
              43.266094420600865
            ],
            [
              7.922746781115876,
              43.137339055794
            ],
            [
              8.566523605150223,
              43.137339055794
            ],
            [
              9.081545064377679,
              43.00858369098714
            ],
            [
              9.85407725321889,
              42.879828326180274
            ],
            [
              10.240343347639481,
              42.75107296137341
            ],
            [
              10.884120171673828,
              42.75107296137341
            ],
            [
              11.785407725321875,
              42.75107296137341
            ],
            [
              12.429184549356222,
              43.00858369098714
            ],
            [
              12.815450643776813,
              43.137339055794
            ],
            [
              13.330472103004297,
              43.137339055794
            ],
            [
              13.845493562231752,
              43.39484978540773
            ],
            [
              14.4892703862661,
              43.52360515021462
            ],
            [
              15.133047210300418,
              43.652360515021485
            ],
            [
              15.648068669527902,
              43.78111587982835
            ],
            [
              16.034334763948493,
              43.90987124463521
            ],
            [
              16.420600858369085,
              44.038626609442076
            ],
            [
              16.806866952789704,
              44.16738197424894
            ],
            [
              17.064377682403432,
              44.682403433476395
            ],
            [
              16.935622317596568,
              45.068669527897015
            ],
            [
              16.67811158798284,
              45.454935622317606
            ],
            [
              17.064377682403432,
              45.712446351931334
            ],
            [
              17.450643776824023,
              45.841201716738226
            ],
            [
              18.351931330472098,
              46.35622317596568
            ],
            [
              18.995708154506445,
              46.61373390557941
            ],
            [
              20.025751072961384,
              47.257510729613756
            ],
            [
              20.92703862660943,
              47.51502145922748
            ],
            [
              21.69957081545064,
              47.64377682403435
            ],
            [
              22.472103004291853,
              47.77253218884121
            ],
            [
              22.858369098712444,
              47.901287553648075
            ],
            [
              24.017167381974247,
              48.15879828326183
            ],
            [
              24.660944206008594,
              48.15879828326183
            ],
            [
              25.433476394849777,
              48.15879828326183
            ],
            [
              26.206008583690988,
              48.287553648068695
            ],
            [
              26.721030042918443,
              48.287553648068695
            ],
            [
              27.493562231759654,
              48.287553648068695
            ],
            [
              28.39484978540773,
              48.287553648068695
            ],
            [
              29.296137339055804,
              48.287553648068695
            ],
            [
              30.712446351931334,
              48.287553648068695
            ],
            [
              31.356223175965653,
              48.287553648068695
            ],
            [
              32.38626609442059,
              48.15879828326183
            ],
            [
              33.1587982832618,
              48.15879828326183
            ],
            [
              33.80257510729615,
              48.03004291845494
            ],
            [
              34.44635193133047,
              47.901287553648075
            ],
            [
              34.961373390557924,
              47.901287553648075
            ],
            [
              35.347639484978544,
              48.03004291845494
            ],
            [
              35.862660944206,
              48.54506437768242
            ],
            [
              36.24892703862662,
              49.18884120171674
            ],
            [
              35.99141630901286,
              49.703862660944225
            ],
            [
              35.60515021459227,
              50.090128755364816
            ],
            [
              35.47639484978541,
              50.476394849785436
            ],
            [
              35.21888412017168,
              50.86266094420603
            ],
            [
              35.09012875536479,
              51.24892703862662
            ],
            [
              34.961373390557924,
              51.63519313304724
            ],
            [
              34.57510729613733,
              52.02145922746783
            ],
            [
              34.18884120171674,
              52.27896995708156
            ],
            [
              33.41630901287553,
              52.27896995708156
            ],
            [
              32.901287553648075,
              52.27896995708156
            ],
            [
              32.515021459227455,
              52.536480686695285
            ],
            [
              32.128755364806864,
              52.922746781115904
            ],
            [
              31.484978540772545,
              52.922746781115904
            ],
            [
              31.098712446351925,
              53.05150214592277
            ],
            [
              30.712446351931334,
              53.18025751072963
            ],
            [
              30.326180257510714,
              53.43776824034336
            ],
            [
              29.81115879828326,
              53.69527896995709
            ],
            [
              29.16738197424894,
              53.82403433476395
            ],
            [
              28.78111587982832,
              53.95278969957084
            ],
            [
              28.39484978540773,
              54.21030042918457
            ],
            [
              28.00858369098711,
              54.59656652360516
            ],
            [
              28.00858369098711,
              55.24034334763951
            ],
            [
              28.137339055793973,
              56.01287553648069
            ],
            [
              28.266094420600865,
              56.39914163090131
            ],
            [
              28.78111587982832,
              57.04291845493563
            ],
            [
              28.78111587982832,
              57.557939914163114
            ],
            [
              28.39484978540773,
              57.30042918454936
            ],
            [
              28.00858369098711,
              57.04291845493563
            ],
            [
              27.622317596566518,
              56.7854077253219
            ],
            [
              26.849785407725307,
              56.27038626609445
            ],
            [
              26.33476394849785,
              56.01287553648069
            ],
            [
              25.94849785407726,
              55.6266094420601
            ],
            [
              25.433476394849777,
              55.49785407725324
            ],
            [
              24.789699570815458,
              55.36909871244637
            ],
            [
              24.14592274678111,
              55.36909871244637
            ],
            [
              23.630901287553655,
              55.36909871244637
            ],
            [
              23.11587982832617,
              55.24034334763951
            ],
            [
              22.34334763948499,
              55.24034334763951
            ],
            [
              21.570815450643778,
              55.111587982832646
            ],
            [
              21.055793991416294,
              55.111587982832646
            ],
            [
              20.54077253218884,
              54.98283261802575
            ],
            [
              19.896995708154492,
              54.98283261802575
            ],
            [
              19.253218884120173,
              54.98283261802575
            ],
            [
              18.609442060085826,
              54.98283261802575
            ],
            [
              18.223175965665234,
              54.725321888412026
            ],
            [
              17.70815450643778,
              54.4678111587983
            ],
            [
              17.32188841201716,
              54.08154506437771
            ],
            [
              16.67811158798284,
              53.56652360515022
            ],
            [
              16.29184549356222,
              53.18025751072963
            ],
            [
              15.90557939914163,
              52.922746781115904
            ],
            [
              15.90557939914163,
              52.40772532188842
            ],
            [
              15.90557939914163,
              51.892703862660966
            ],
            [
              15.90557939914163,
              51.37768240343348
            ],
            [
              15.90557939914163,
              50.86266094420603
            ],
            [
              15.90557939914163,
              50.21888412017168
            ],
            [
              15.776824034334766,
              49.703862660944225
            ],
            [
              15.648068669527902,
              49.31759656652363
            ],
            [
              15.004291845493555,
              48.80257510729615
            ],
            [
              14.10300429184548,
              48.54506437768242
            ],
            [
              13.330472103004297,
              48.287553648068695
            ],
            [
              12.944206008583677,
              47.901287553648075
            ],
            [
              12.557939914163086,
              47.64377682403435
            ],
            [
              12.171673819742495,
              47.77253218884121
            ],
            [
              12.04291845493563,
              48.287553648068695
            ],
            [
              11.785407725321875,
              47.901287553648075
            ],
            [
              11.399141630901283,
              47.64377682403435
            ],
            [
              11.012875536480692,
              47.38626609442062
            ],
            [
              10.240343347639481,
              47.38626609442062
            ],
            [
              9.725321888412026,
              47.51502145922748
            ],
            [
              9.210300429184542,
              47.51502145922748
            ],
            [
              8.824034334763951,
              47.64377682403435
            ]
          ],
          [
            [
              9.210300429184542,
              46.35622317596568
            ],
            [
              9.725321888412026,
              46.35622317596568
            ],
            [
              10.240343347639481,
              46.35622317596568
            ],
            [
              9.725321888412026,
              46.74248927038627
            ],
            [
              9.210300429184542,
              46.74248927038627
            ],
            [
              9.210300429184542,
              46.22746781115882
            ],
            [
              9.596566523605134,
              46.09871244635195
            ],
            [
              9.081545064377679,
              46.74248927038627
            ],
            [
              9.596566523605134,
              46.35622317596568
            ],
            [
              10.111587982832617,
              46.22746781115882
            ],
            [
              9.85407725321889,
              46.61373390557941
            ],
            [
              9.982832618025753,
              46.22746781115882
            ],
            [
              9.46781115879827,
              46.484978540772545
            ],
            [
              9.081545064377679,
              46.74248927038627
            ],
            [
              9.596566523605134,
              46.22746781115882
            ],
            [
              8.695278969957087,
              47.77253218884121
            ],
            [
              8.309012875536467,
              48.15879828326183
            ],
            [
              7.922746781115876,
              48.41630901287556
            ],
            [
              7.6652360515021485,
              48.80257510729615
            ],
            [
              7.6652360515021485,
              48.287553648068695
            ],
            [
              8.05150214592274,
              48.15879828326183
            ],
            [
              8.309012875536467,
              47.77253218884121
            ],
            [
              8.695278969957087,
              47.64377682403435
            ],
            [
              9.081545064377679,
              47.257510729613756
            ],
            [
              9.46781115879827,
              46.871244635193136
            ],
            [
              9.85407725321889,
              46.74248927038627
            ],
            [
              10.240343347639481,
              46.61373390557941
            ],
            [
              10.755364806866964,
              46.484978540772545
            ],
            [
              11.27038626609442,
              46.484978540772545
            ],
            [
              12.300429184549358,
              46.61373390557941
            ],
            [
              12.815450643776813,
              46.74248927038627
            ],
            [
              13.201716738197433,
              47.12875536480689
            ],
            [
              13.587982832618025,
              47.38626609442062
            ],
            [
              13.845493562231752,
              47.77253218884121
            ],
            [
              14.10300429184548,
              48.287553648068695
            ],
            [
              14.10300429184548,
              48.80257510729615
            ],
            [
              13.587982832618025,
              48.80257510729615
            ],
            [
              13.07296137339057,
              48.673819742489286
            ],
            [
              12.68669527896995,
              48.287553648068695
            ],
            [
              12.300429184549358,
              47.77253218884121
            ],
            [
              11.785407725321875,
              47.38626609442062
            ],
            [
              11.399141630901283,
              47.0
            ],
            [
              10.884120171673828,
              46.61373390557941
            ],
            [
              10.626609442060072,
              46.22746781115882
            ],
            [
              10.240343347639481,
              46.09871244635195
            ],
            [
              9.85407725321889,
              45.96995708154509
            ],
            [
              9.46781115879827,
              46.22746781115882
            ],
            [
              9.339055793991406,
              46.61373390557941
            ],
            [
              9.46781115879827,
              47.0
            ],
            [
              9.85407725321889,
              47.257510729613756
            ],
            [
              10.497854077253209,
              47.257510729613756
            ],
            [
              11.27038626609442,
              47.257510729613756
            ],
            [
              11.785407725321875,
              47.12875536480689
            ],
            [
              12.300429184549358,
              47.0
            ],
            [
              12.815450643776813,
              47.0
            ],
            [
              13.330472103004297,
              47.12875536480689
            ],
            [
              13.45922746781116,
              47.64377682403435
            ],
            [
              13.201716738197433,
              48.03004291845494
            ],
            [
              12.815450643776813,
              47.77253218884121
            ],
            [
              12.300429184549358,
              47.257510729613756
            ],
            [
              11.914163090128739,
              47.0
            ],
            [
              11.527896995708147,
              46.74248927038627
            ],
            [
              11.141630901287556,
              46.22746781115882
            ],
            [
              10.755364806866964,
              46.09871244635195
            ],
            [
              10.626609442060072,
              46.61373390557941
            ],
            [
              11.012875536480692,
              46.871244635193136
            ],
            [
              11.527896995708147,
              46.871244635193136
            ],
            [
              12.04291845493563,
              46.871244635193136
            ],
            [
              12.557939914163086,
              46.871244635193136
            ],
            [
              13.07296137339057,
              46.871244635193136
            ],
            [
              12.300429184549358,
              47.257510729613756
            ],
            [
              11.399141630901283,
              47.64377682403435
            ],
            [
              10.884120171673828,
              47.77253218884121
            ],
            [
              10.497854077253209,
              48.15879828326183
            ]
          ],
          [
            [
              51.442060085836886,
              45.068669527897015
            ],
            [
              51.18454935622316,
              44.682403433476395
            ],
            [
              50.92703862660943,
              44.16738197424894
            ],
            [
              50.412017167381975,
              43.652360515021485
            ],
            [
              50.025751072961384,
              43.266094420600865
            ],
            [
              48.3519313304721,
              40.94849785407726
            ],
            [
              47.32188841201719,
              39.78969957081546
            ],
            [
              45.90557939914163,
              38.244635193133064
            ],
            [
              45.26180257510731,
              37.85836909871247
            ],
            [
              44.7467811158798,
              37.34334763948499
            ],
            [
              45.776824034334766,
              37.72961373390558
            ],
            [
              47.19313304721027,
              38.37339055793993
            ],
            [
              48.3519313304721,
              39.274678111588
            ],
            [
              50.79828326180257,
              41.9785407725322
            ],
            [
              51.31330472103002,
              42.622317596566546
            ],
            [
              51.82832618025748,
              43.39484978540773
            ],
            [
              52.214592274678125,
              43.652360515021485
            ],
            [
              53.11587982832617,
              43.90987124463521
            ],
            [
              53.50214592274676,
              44.16738197424894
            ],
            [
              52.72961373390558,
              44.16738197424894
            ],
            [
              51.82832618025748,
              43.652360515021485
            ],
            [
              50.54077253218884,
              42.879828326180274
            ],
            [
              49.38197424892701,
              42.10729613733906
            ],
            [
              48.609442060085826,
              40.94849785407726
            ],
            [
              47.32188841201719,
              40.047210300429185
            ],
            [
              46.54935622317595,
              39.53218884120173
            ],
            [
              45.26180257510731,
              38.244635193133064
            ],
            [
              44.23175965665234,
              37.47210300429185
            ],
            [
              42.42918454935625,
              35.28326180257511
            ],
            [
              41.141630901287556,
              34.12446351931331
            ],
            [
              40.49785407725324,
              33.48068669527899
            ],
            [
              40.11158798283259,
              33.35193133047213
            ],
            [
              41.52789699570815,
              34.51072961373393
            ],
            [
              42.0429184549356,
              34.89699570815452
            ],
            [
              44.7467811158798,
              36.69957081545067
            ],
            [
              45.776824034334766,
              37.47210300429185
            ],
            [
              46.67811158798281,
              38.244635193133064
            ],
            [
              47.579399141630915,
              39.017167381974275
            ],
            [
              48.3519313304721,
              39.660944206008594
            ],
            [
              49.38197424892701,
              40.433476394849805
            ],
            [
              52.47210300429185,
              41.72103004291847
            ],
            [
              54.660944206008594,
              42.622317596566546
            ],
            [
              56.9785407725322,
              43.137339055794
            ],
            [
              59.682403433476395,
              44.16738197424894
            ],
            [
              60.712446351931305,
              44.42489270386267
            ],
            [
              61.484978540772545,
              44.682403433476395
            ],
            [
              62.0,
              44.93991416309015
            ]
          ],
          [
            [
              24.14592274678111,
              29.489270386266128
            ],
            [
              24.14592274678111,
              28.974248927038644
            ],
            [
              24.14592274678111,
              28.45922746781116
            ],
            [
              24.14592274678111,
              28.974248927038644
            ],
            [
              24.14592274678111,
              29.489270386266128
            ],
            [
              24.14592274678111,
              30.004291845493583
            ],
            [
              24.14592274678111,
              30.519313304721038
            ],
            [
              24.403433476394838,
              31.03433476394852
            ],
            [
              24.660944206008594,
              30.648068669527902
            ],
            [
              24.660944206008594,
              30.004291845493583
            ],
            [
              24.5321888412017,
              29.61802575107299
            ],
            [
              24.403433476394838,
              29.103004291845508
            ],
            [
              24.403433476394838,
              28.201716738197433
            ],
            [
              24.274678111587974,
              26.785407725321903
            ],
            [
              24.14592274678111,
              26.141630901287556
            ],
            [
              24.017167381974247,
              24.725321888412026
            ],
            [
              23.888412017167383,
              23.05150214592277
            ],
            [
              23.75965665236052,
              21.24892703862662
            ],
            [
              23.75965665236052,
              18.80257510729615
            ],
            [
              23.630901287553655,
              17.901287553648075
            ],
            [
              23.630901287553655,
              17.257510729613756
            ],
            [
              23.502145922746763,
              16.61373390557941
            ],
            [
              23.3733905579399,
              16.098712446351954
            ],
            [
              23.502145922746763,
              16.484978540772545
            ]
          ],
          [
            [
              25.17596566523605,
              30.26180257510731
            ],
            [
              25.690987124463504,
              30.133047210300447
            ],
            [
              26.463519313304715,
              30.133047210300447
            ],
            [
              27.107296137339063,
              30.133047210300447
            ],
            [
              28.266094420600865,
              30.004291845493583
            ],
            [
              28.78111587982832,
              30.004291845493583
            ],
            [
              29.81115879828326,
              29.746781115879855
            ],
            [
              30.326180257510714,
              29.746781115879855
            ],
            [
              30.712446351931334,
              29.489270386266128
            ]
          ],
          [
            [
              24.91845493562232,
              24.339055793991434
            ],
            [
              25.304721030042913,
              24.596566523605162
            ],
            [
              26.206008583690988,
              24.725321888412026
            ],
            [
              26.849785407725307,
              24.725321888412026
            ],
            [
              27.36480686695279,
              24.854077253218918
            ],
            [
              27.75107296137338,
              24.982832618025782
            ],
            [
              28.266094420600865,
              24.982832618025782
            ]
          ],
          [
            [
              30.712446351931334,
              26.65665236051504
            ],
            [
              30.454935622317578,
              26.141630901287556
            ],
            [
              30.326180257510714,
              25.6266094420601
            ],
            [
              29.81115879828326,
              25.369098712446373
            ],
            [
              29.682403433476395,
              24.982832618025782
            ],
            [
              29.424892703862668,
              24.596566523605162
            ],
            [
              29.16738197424894,
              24.21030042918457
            ],
            [
              28.909871244635184,
              23.82403433476395
            ],
            [
              28.78111587982832,
              23.05150214592277
            ],
            [
              28.78111587982832,
              22.536480686695313
            ],
            [
              28.78111587982832,
              21.892703862660966
            ],
            [
              28.78111587982832,
              21.120171673819755
            ],
            [
              28.78111587982832,
              20.6051502145923
            ],
            [
              28.909871244635184,
              20.21888412017168
            ],
            [
              28.909871244635184,
              19.57510729613736
            ],
            [
              29.55364806866953,
              19.961373390557952
            ],
            [
              29.81115879828326,
              20.347639484978572
            ],
            [
              30.454935622317578,
              20.99141630901289
            ],
            [
              30.96995708154506,
              21.506437768240346
            ],
            [
              31.356223175965653,
              21.763948497854102
            ],
            [
              31.484978540772545,
              22.150214592274693
            ],
            [
              31.871244635193136,
              22.536480686695313
            ],
            [
              32.25751072961373,
              22.922746781115904
            ],
            [
              32.64377682403432,
              23.180257510729632
            ],
            [
              33.03004291845494,
              23.566523605150223
            ],
            [
              33.41630901287553,
              23.82403433476395
            ],
            [
              33.931330472103014,
              24.081545064377707
            ],
            [
              33.931330472103014,
              24.596566523605162
            ],
            [
              33.41630901287553,
              24.982832618025782
            ],
            [
              32.901287553648075,
              24.982832618025782
            ],
            [
              32.38626609442059,
              24.725321888412026
            ],
            [
              32.0,
              24.081545064377707
            ],
            [
              31.742489270386272,
              23.43776824034336
            ],
            [
              31.61373390557941,
              23.05150214592277
            ],
            [
              31.484978540772545,
              22.665236051502177
            ],
            [
              31.484978540772545,
              22.150214592274693
            ],
            [
              31.484978540772545,
              21.63519313304721
            ],
            [
              31.61373390557941,
              21.120171673819755
            ],
            [
              32.0,
              20.99141630901289
            ],
            [
              32.515021459227455,
              20.99141630901289
            ],
            [
              33.03004291845494,
              20.99141630901289
            ],
            [
              33.67381974248926,
              20.99141630901289
            ],
            [
              34.06008583690988,
              20.733905579399163
            ]
          ],
          [
            [
              29.682403433476395,
              23.309012875536496
            ],
            [
              30.068669527896986,
              23.566523605150223
            ],
            [
              30.712446351931334,
              23.952789699570815
            ],
            [
              30.96995708154506,
              24.4678111587983
            ],
            [
              31.356223175965653,
              24.725321888412026
            ],
            [
              31.871244635193136,
              25.111587982832646
            ],
            [
              32.38626609442059,
              25.24034334763951
            ],
            [
              32.901287553648075,
              25.369098712446373
            ],
            [
              33.41630901287553,
              25.369098712446373
            ],
            [
              33.80257510729615,
              25.497854077253237
            ]
          ],
          [
            [
              36.120171673819755,
              19.961373390557952
            ],
            [
              36.120171673819755,
              20.476394849785436
            ],
            [
              36.120171673819755,
              20.99141630901289
            ],
            [
              36.120171673819755,
              21.506437768240346
            ],
            [
              36.506437768240346,
              21.63519313304721
            ],
            [
              37.0214592274678,
              21.63519313304721
            ],
            [
              37.536480686695256,
              21.63519313304721
            ],
            [
              38.05150214592277,
              21.377682403433482
            ],
            [
              38.56652360515022,
              21.120171673819755
            ],
            [
              38.69527896995709,
              20.476394849785436
            ],
            [
              38.69527896995709,
              19.961373390557952
            ],
            [
              38.82403433476395,
              19.57510729613736
            ],
            [
              38.69527896995709,
              19.060085836909877
            ]
          ],
          [
            [
              41.65665236051501,
              19.060085836909877
            ],
            [
              41.27038626609442,
              19.317596566523605
            ],
            [
              41.141630901287556,
              19.703862660944225
            ],
            [
              41.141630901287556,
              20.347639484978572
            ],
            [
              41.141630901287556,
              20.99141630901289
            ],
            [
              41.39914163090128,
              21.377682403433482
            ],
            [
              41.785407725321875,
              21.763948497854102
            ],
            [
              42.171673819742466,
              21.892703862660966
            ],
            [
              42.68669527896998,
              21.892703862660966
            ],
            [
              43.20171673819743,
              21.763948497854102
            ],
            [
              43.587982832618025,
              21.506437768240346
            ]
          ],
          [
            [
              46.16309012875536,
              22.150214592274693
            ],
            [
              45.90557939914163,
              21.763948497854102
            ],
            [
              45.51931330472104,
              21.24892703862662
            ],
            [
              45.13304721030045,
              20.99141630901289
            ],
            [
              44.87553648068672,
              20.476394849785436
            ],
            [
              44.48927038626607,
              20.090128755364816
            ],
            [
              44.36051502145921,
              19.703862660944225
            ],
            [
              44.23175965665234,
              19.317596566523605
            ],
            [
              44.23175965665234,
              18.80257510729615
            ],
            [
              44.7467811158798,
              18.545064377682422
            ],
            [
              45.26180257510731,
              18.545064377682422
            ],
            [
              45.776824034334766,
              18.545064377682422
            ],
            [
              46.29184549356222,
              18.545064377682422
            ],
            [
              46.806866952789676,
              18.287553648068695
            ]
          ],
          [
            [
              24.403433476394838,
              11.721030042918471
            ],
            [
              23.888412017167383,
              11.592274678111607
            ],
            [
              23.3733905579399,
              11.592274678111607
            ],
            [
              22.472103004291853,
              11.33476394849788
            ],
            [
              21.69957081545064,
              10.690987124463561
            ],
            [
              21.570815450643778,
              10.304721030042913
            ],
            [
              21.442060085836914,
              9.918454935622321
            ],
            [
              22.085836909871233,
              9.918454935622321
            ],
            [
              22.600858369098717,
              9.918454935622321
            ],
            [
              22.987124463519308,
              10.175965665236049
            ],
            [
              23.502145922746763,
              10.175965665236049
            ],
            [
              23.888412017167383,
              10.562231759656697
            ],
            [
              24.14592274678111,
              10.948497854077289
            ],
            [
              24.403433476394838,
              10.433476394849777
            ],
            [
              24.274678111587974,
              9.789699570815458
            ],
            [
              24.274678111587974,
              9.145922746781139
            ],
            [
              24.274678111587974,
              8.630901287553684
            ],
            [
              24.274678111587974,
              8.115879828326229
            ],
            [
              24.14592274678111,
              7.472103004291853
            ],
            [
              24.14592274678111,
              6.957081545064398
            ],
            [
              24.14592274678111,
              6.442060085836943
            ],
            [
              24.274678111587974,
              6.055793991416351
            ],
            [
              23.630901287553655,
              6.055793991416351
            ],
            [
              22.987124463519308,
              6.055793991416351
            ],
            [
              22.214592274678097,
              6.055793991416351
            ],
            [
              21.69957081545064,
              6.055793991416351
            ],
            [
              21.69957081545064,
              6.570815450643806
            ],
            [
              21.69957081545064,
              7.0858369098712615
            ],
            [
              22.085836909871233,
              7.343347639484989
            ]
          ],
          [
            [
              26.59227467811158,
              8.50214592274682
            ],
            [
              26.463519313304715,
              8.115879828326229
            ],
            [
              26.463519313304715,
              7.343347639484989
            ],
            [
              26.463519313304715,
              6.69957081545067
            ],
            [
              26.463519313304715,
              5.669527896995703
            ],
            [
              26.463519313304715,
              5.154506437768248
            ],
            [
              26.849785407725307,
              5.025751072961384
            ],
            [
              27.36480686695279,
              5.283261802575112
            ],
            [
              27.75107296137338,
              5.4120171673819755
            ],
            [
              28.266094420600865,
              5.798283261802567
            ],
            [
              28.78111587982832,
              6.055793991416351
            ],
            [
              29.296137339055804,
              6.442060085836943
            ],
            [
              29.682403433476395,
              6.828326180257534
            ],
            [
              29.81115879828326,
              7.214592274678125
            ],
            [
              30.068669527896986,
              7.600858369098717
            ],
            [
              30.19742489270385,
              7.214592274678125
            ],
            [
              29.939914163090123,
              6.570815450643806
            ],
            [
              29.81115879828326,
              6.055793991416351
            ],
            [
              29.55364806866953,
              5.669527896995703
            ],
            [
              29.682403433476395,
              5.025751072961384
            ],
            [
              29.81115879828326,
              4.639484978540793
            ],
            [
              30.19742489270385,
              4.510729613733929
            ],
            [
              30.712446351931334,
              4.89699570815452
            ],
            [
              30.841201716738198,
              5.283261802575112
            ],
            [
              31.22746781115879,
              5.540772532188839
            ],
            [
              31.484978540772545,
              5.927038626609487
            ],
            [
              31.871244635193136,
              6.313304721030079
            ]
          ],
          [
            [
              32.38626609442059,
              7.72961373390558
            ],
            [
              32.38626609442059,
              7.214592274678125
            ],
            [
              32.25751072961373,
              6.828326180257534
            ],
            [
              32.25751072961373,
              6.313304721030079
            ],
            [
              32.25751072961373,
              5.798283261802567
            ],
            [
              32.38626609442059,
              5.4120171673819755
            ]
          ],
          [
            [
              33.03004291845494,
              8.759656652360547
            ],
            [
              33.1587982832618,
              9.145922746781139
            ],
            [
              33.03004291845494,
              9.660944206008594
            ],
            [
              32.64377682403432,
              9.274678111588003
            ],
            [
              32.64377682403432,
              8.759656652360547
            ]
          ],
          [
            [
              35.99141630901286,
              6.442060085836943
            ],
            [
              35.47639484978541,
              6.828326180257534
            ],
            [
              35.21888412017168,
              7.214592274678125
            ]
          ],
          [
            [
              35.09012875536479,
              7.214592274678125
            ],
            [
              34.57510729613733,
              6.957081545064398
            ],
            [
              34.06008583690988,
              6.570815450643806
            ],
            [
              33.67381974248926,
              6.313304721030079
            ],
            [
              33.287553648068666,
              6.055793991416351
            ],
            [
              33.287553648068666,
              5.540772532188839
            ],
            [
              33.67381974248926,
              5.154506437768248
            ],
            [
              34.317596566523605,
              5.154506437768248
            ],
            [
              34.83261802575106,
              5.154506437768248
            ],
            [
              35.347639484978544,
              5.283261802575112
            ],
            [
              35.60515021459227,
              5.669527896995703
            ],
            [
              35.99141630901286,
              6.055793991416351
            ],
            [
              36.37768240343348,
              6.442060085836943
            ],
            [
              36.24892703862662,
              6.055793991416351
            ],
            [
              36.506437768240346,
              5.669527896995703
            ],
            [
              37.0214592274678,
              5.540772532188839
            ],
            [
              37.536480686695256,
              5.540772532188839
            ],
            [
              38.05150214592277,
              5.669527896995703
            ],
            [
              38.309012875536496,
              6.055793991416351
            ],
            [
              38.82403433476395,
              6.570815450643806
            ],
            [
              39.08154506437768,
              6.957081545064398
            ],
            [
              39.21030042918454,
              7.472103004291853
            ],
            [
              39.339055793991406,
              7.858369098712444
            ],
            [
              39.339055793991406,
              8.373390557939956
            ],
            [
              39.46781115879827,
              7.600858369098717
            ],
            [
              39.21030042918454,
              6.828326180257534
            ],
            [
              39.08154506437768,
              6.184549356223215
            ],
            [
              38.82403433476395,
              5.798283261802567
            ],
            [
              38.56652360515022,
              5.4120171673819755
            ],
            [
              38.43776824034336,
              5.025751072961384
            ],
            [
              38.82403433476395,
              5.4120171673819755
            ],
            [
              39.08154506437768,
              5.927038626609487
            ],
            [
              39.339055793991406,
              6.570815450643806
            ],
            [
              39.596566523605134,
              7.0858369098712615
            ],
            [
              39.85407725321886,
              7.472103004291853
            ],
            [
              39.982832618025725,
              7.987124463519308
            ],
            [
              40.49785407725324,
              7.600858369098717
            ],
            [
              40.6266094420601,
              7.214592274678125
            ],
            [
              40.6266094420601,
              6.570815450643806
            ],
            [
              40.6266094420601,
              6.055793991416351
            ],
            [
              40.6266094420601,
              5.540772532188839
            ]
          ],
          [
            [
              43.84549356223175,
              7.987124463519308
            ],
            [
              43.45922746781116,
              7.858369098712444
            ],
            [
              43.07296137339057,
              7.72961373390558
            ],
            [
              42.68669527896998,
              7.0858369098712615
            ],
            [
              42.68669527896998,
              6.570815450643806
            ],
            [
              42.68669527896998,
              6.055793991416351
            ],
            [
              42.68669527896998,
              5.540772532188839
            ],
            [
              43.07296137339057,
              5.283261802575112
            ],
            [
              43.587982832618025,
              5.283261802575112
            ],
            [
              43.974248927038616,
              5.540772532188839
            ],
            [
              44.23175965665234,
              6.055793991416351
            ],
            [
              44.618025751072935,
              6.184549356223215
            ],
            [
              44.7467811158798,
              6.570815450643806
            ],
            [
              45.13304721030045,
              7.343347639484989
            ],
            [
              45.13304721030045,
              8.115879828326229
            ],
            [
              45.00429184549358,
              8.50214592274682
            ],
            [
              44.87553648068672,
              7.72961373390558
            ],
            [
              44.7467811158798,
              7.343347639484989
            ],
            [
              44.618025751072935,
              6.828326180257534
            ],
            [
              44.36051502145921,
              6.442060085836943
            ],
            [
              44.36051502145921,
              5.798283261802567
            ],
            [
              44.618025751072935,
              5.4120171673819755
            ],
            [
              45.13304721030045,
              5.025751072961384
            ],
            [
              45.776824034334766,
              5.025751072961384
            ],
            [
              46.29184549356222,
              5.025751072961384
            ],
            [
              46.806866952789676,
              5.283261802575112
            ],
            [
              47.06437768240346,
              5.669527896995703
            ]
          ]
        ]
      }
    }
  ]
}