{
  "type": "FeatureCollection",
  "crs": {
    "type": "name",
    "properties": {
      "name": "urn:ogc:def:crs:OGC:1.3:CRS84"
    }
  },
  "features": [
    {
      "type": "Feature",
      "properties": {
        "timestamp": "2026-07-03T02:09:46.547896",
        "country_name": "Indonesia",
        "author": "Jacob",
        "author_id": "5a147cd1-6d84-48bd-9792-07876260813f",
        "validated": false,
        "ranking": [
          [
            "Indonesia",
            0.8032625913619995
          ],
          [
            "Panama",
            0.030139286071062088
          ],
          [
            "Jamaica",
            0.023541951552033424
          ],
          [
            "Gambia",
            0.02116970904171467
          ],
          [
            "Puerto Rico",
            0.02102612890303135
          ],
          [
            "Timor-Leste",
            0.013125418685376644
          ],
          [
            "Georgia",
            0.012478520162403584
          ],
          [
            "Turkey",
            0.009308629669249058
          ],
          [
            "Cuba",
            0.009265584871172905
          ],
          [
            "Uzbekistan",
            0.0047461604699492455
          ],
          [
            "Netherlands Antilles",
            0.004558995366096497
          ],
          [
            "New Caledonia",
            0.0028180067893117666
          ],
          [
            "Mongolia",
            0.0027034967206418514
          ],
          [
            "Nepal",
            0.002568027703091502
          ],
          [
            "Malaysia",
            0.002541156252846122
          ],
          [
            "Russia",
            0.0023784872610121965
          ],
          [
            "Kyrgyzstan",
            0.002358070109039545
          ],
          [
            "Kazakhstan",
            0.0023219033610075712
          ],
          [
            "Turks and Caicos Islands",
            0.0023088797461241484
          ],
          [
            "Solomon Islands",
            0.0022772608790546656
          ],
          [
            "Falkland Islands",
            0.001923921750858426
          ],
          [
            "Papua New Guinea",
            0.0015494140097871423
          ],
          [
            "Guinea-Bissau",
            0.0015254667960107327
          ],
          [
            "Turkmenistan",
            0.001479367958381772
          ],
          [
            "Latvia",
            0.0012765348656103015
          ],
          [
            "El Salvador",
            0.0011052736081182957
          ],
          [
            "Slovakia",
            0.0010683723958209157
          ],
          [
            "Samoa",
            0.0010535044129937887
          ],
          [
            "Hong Kong",
            0.0008860185625962913
          ],
          [
            "Ecuador",
            0.0008528944454155862
          ],
          [
            "Central African Republic",
            0.0008411341696046293
          ],
          [
            "Madeira Islands",
            0.0007933710003271699
          ],
          [
            "Cyprus",
            0.0007558575016446412
          ],
          [
            "Austria",
            0.0007346381316892803
          ],
          [
            "Honduras",
            0.0006304858834482729
          ],
          [
            "Tajikistan",
            0.0005086283199489117
          ],
          [
            "Dominican Republic",
            0.0004815352731384337
          ],
          [
            "Mexico",
            0.00041328129009343684
          ],
          [
            "Yemen",
            0.0003746272122953087
          ],
          [
            "Eritrea",
            0.0003370344638824463
          ],
          [
            "Czech Republic",
            0.00032616566750220954
          ],
          [
            "Heard and McDonald Islands",
            0.00030893177608959377
          ],
          [
            "Ukraine",
            0.00029016140615567565
          ],
          [
            "New Zealand",
            0.0002739955671131611
          ],
          [
            "Armenia",
            0.00022467442613560706
          ],
          [
            "Japan",
            0.00018953760445583612
          ],
          [
            "Paraguay",
            0.00018510388326831162
          ],
          [
            "Switzerland",
            0.00016926029638852924
          ],
          [
            "Bahamas",
            0.0001679302949924022
          ],
          [
            "Estonia",
            0.00014144465967547148
          ],
          [
            "Burkina Faso",
            0.00012187456741230562
          ],
          [
            "United States of America",
            0.000113847287138924
          ],
          [
            "Malawi",
            0.00010996786295436323
          ],
          [
            "Philippines",
            0.00010656173981260508
          ],
          [
            "Fiji",
            0.00010542356176301837
          ],
          [
            "Comoros",
            0.00010467340325703844
          ],
          [
            "Equatorial Guinea",
            9.752930782269686e-05
          ],
          [
            "Israel",
            9.61154728429392e-05
          ],
          [
            "Bhutan",
            9.001167927635834e-05
          ],
          [
            "Bangladesh",
            8.872915350366384e-05
          ],
          [
            "South Korea",
            8.243976481026039e-05
          ],
          [
            "Guadeloupe",
            7.9073739470914e-05
          ],
          [
            "Svalbard",
            7.781292515574023e-05
          ],
          [
            "South Sudan",
            7.430543337250128e-05
          ],
          [
            "Myanmar",
            7.014195580268279e-05
          ],
          [
            "Thailand",
            6.746978760929778e-05
          ],
          [
            "Costa Rica",
            6.416619726223871e-05
          ],
          [
            "Saudi Arabia",
            6.407581531675532e-05
          ],
          [
            "Chile",
            6.151589332148433e-05
          ],
          [
            "Somalia",
            6.077868602005765e-05
          ],
          [
            "Slovenia",
            5.9889724070671946e-05
          ],
          [
            "Belgium",
            5.7757315516937524e-05
          ],
          [
            "Trinidad and Tobago",
            5.612357199424878e-05
          ],
          [
            "Mozambique",
            5.526578752323985e-05
          ],
          [
            "Guinea",
            5.4991247452562675e-05
          ],
          [
            "Guam",
            5.414725455921143e-05
          ],
          [
            "Italy",
            5.4004198318580166e-05
          ],
          [
            "United Kingdom",
            5.2825285820290446e-05
          ],
          [
            "Senegal",
            5.263369166641496e-05
          ],
          [
            "South Georgia Islands",
            5.117580803926103e-05
          ],
          [
            "Canada",
            5.1013546908507124e-05
          ],
          [
            "Iceland",
            4.9275782657787204e-05
          ],
          [
            "China",
            4.7000990889500827e-05
          ],
          [
            "Argentina",
            4.645801891456358e-05
          ],
          [
            "Spain",
            4.547236312646419e-05
          ],
          [
            "Hungary",
            4.3667503632605076e-05
          ],
          [
            "United Arab Emirates",
            4.338738654041663e-05
          ],
          [
            "Zambia",
            4.325154804973863e-05
          ],
          [
            "India",
            4.2092782678082585e-05
          ],
          [
            "Mali",
            4.208250538795255e-05
          ],
          [
            "Laos",
            4.162349796388298e-05
          ],
          [
            "Niger",
            4.02407422370743e-05
          ],
          [
            "Togo",
            3.7382153095677495e-05
          ],
          [
            "Azerbaijan",
            3.730892785824835e-05
          ],
          [
            "Brunei",
            3.630563151091337e-05
          ],
          [
            "Serbia",
            3.559248216333799e-05
          ],
          [
            "Liberia",
            3.404800736461766e-05
          ],
          [
            "Vanuatu",
            3.3281237847404554e-05
          ],
          [
            "Sweden",
            3.20489562000148e-05
          ],
          [
            "Moldova",
            3.150794145767577e-05
          ],
          [
            "Oman",
            3.148421092191711e-05
          ],
          [
            "Lithuania",
            2.8652762921410613e-05
          ],
          [
            "Croatia",
            2.8589493012987077e-05
          ],
          [
            "Cameroon",
            2.7956635676673613e-05
          ],
          [
            "Martinique",
            2.7586909709498286e-05
          ],
          [
            "Tunisia",
            2.7167294319951907e-05
          ],
          [
            "Belize",
            2.6688623620430008e-05
          ],
          [
            "Barbados",
            2.5656361685832962e-05
          ],
          [
            "Guyana",
            2.51010696956655e-05
          ],
          [
            "Benin",
            2.459961069689598e-05
          ],
          [
            "Bahrain",
            2.4253500669146888e-05
          ],
          [
            "Montenegro",
            2.116041287081316e-05
          ],
          [
            "Norway",
            2.043541826424189e-05
          ],
          [
            "Rwanda",
            1.881102070910856e-05
          ],
          [
            "Portugal",
            1.8546248611528426e-05
          ],
          [
            "Sao Tome and Principe",
            1.823390084609855e-05
          ],
          [
            "Namibia",
            1.8210268535767682e-05
          ],
          [
            "Palau",
            1.811047513911035e-05
          ],
          [
            "Colombia",
            1.7297921658609994e-05
          ],
          [
            "Congo",
            1.656631866353564e-05
          ],
          [
            "Morocco",
            1.646692726353649e-05
          ],
          [
            "Cape Verde",
            1.646573218749836e-05
          ],
          [
            "Romania",
            1.5776064174133353e-05
          ],
          [
            "Peru",
            1.5723462638561614e-05
          ],
          [
            "Bulgaria",
            1.571587927173823e-05
          ],
          [
            "South Africa",
            1.547370084153954e-05
          ],
          [
            "Albania",
            1.537755088065751e-05
          ],
          [
            "Iran",
            1.53483051690273e-05
          ],
          [
            "Kuwait",
            1.5129214261833113e-05
          ],
          [
            "Ireland",
            1.4738631762156729e-05
          ],
          [
            "Dominica",
            1.4640932931797579e-05
          ],
          [
            "Greenland",
            1.4255259884521365e-05
          ],
          [
            "West Bank",
            1.4249360901885666e-05
          ],
          [
            "Guatemala",
            1.4141032806946896e-05
          ],
          [
            "North Korea",
            1.3940636563347653e-05
          ],
          [
            "Lebanon",
            1.3875246622774284e-05
          ],
          [
            "Isle of Man",
            1.3860751096217427e-05
          ],
          [
            "Venezuela",
            1.3745465366810095e-05
          ],
          [
            "Syria",
            1.3551319170801435e-05
          ],
          [
            "Luxembourg",
            1.3343490536499303e-05
          ],
          [
            "Finland",
            1.3289745766087435e-05
          ],
          [
            "Ethiopia",
            1.3257972568680998e-05
          ],
          [
            "Australia",
            1.3173327715776395e-05
          ],
          [
            "DR Congo",
            1.2155876902397722e-05
          ],
          [
            "Pakistan",
            1.1602824997680727e-05
          ],
          [
            "Vietnam",
            1.127746236306848e-05
          ],
          [
            "Greece",
            1.1224799891351722e-05
          ],
          [
            "Angola",
            1.0665989975677803e-05
          ],
          [
            "Qatar",
            1.0457477401359938e-05
          ],
          [
            "Bolivia",
            9.727474207466003e-06
          ],
          [
            "Brazil",
            9.705346201371867e-06
          ],
          [
            "Kiribati",
            9.53128983383067e-06
          ],
          [
            "Sri Lanka",
            9.312681868323125e-06
          ],
          [
            "Bosnia & Herzegovina",
            9.306680112786125e-06
          ],
          [
            "Iraq",
            9.16089084057603e-06
          ],
          [
            "Saint Lucia",
            8.811219231574796e-06
          ],
          [
            "Burundi",
            8.680341125000268e-06
          ],
          [
            "Mayotte",
            8.423648068855982e-06
          ],
          [
            "Taiwan",
            8.111022907542065e-06
          ],
          [
            "France",
            8.037287443585228e-06
          ],
          [
            "Mauritania",
            8.01406531536486e-06
          ],
          [
            "Faroe Islands",
            7.853454917494673e-06
          ],
          [
            "Afghanistan",
            7.004780400166055e-06
          ],
          [
            "Djibouti",
            6.6561719904711936e-06
          ],
          [
            "Netherlands",
            6.524915079353377e-06
          ],
          [
            "Antigua & Barbuda",
            6.504611519630998e-06
          ],
          [
            "Botswana",
            6.421992111427244e-06
          ],
          [
            "North Macedonia",
            6.161743385746377e-06
          ],
          [
            "Egypt",
            6.001673682476394e-06
          ],
          [
            "Gabon",
            5.52522715224768e-06
          ],
          [
            "Sierra Leone",
            5.349975708668353e-06
          ],
          [
            "Denmark",
            5.303423677105457e-06
          ],
          [
            "French Guiana",
            5.253567451291019e-06
          ],
          [
            "Jordan",
            5.225216682447353e-06
          ],
          [
            "Ghana",
            5.117646651342511e-06
          ],
          [
            "Uruguay",
            4.996322786610108e-06
          ],
          [
            "Madagascar",
            4.4960838749830145e-06
          ],
          [
            "Suriname",
            4.46516378360684e-06
          ],
          [
            "Nicaragua",
            4.115628598810872e-06
          ],
          [
            "Algeria",
            4.051844825880835e-06
          ],
          [
            "Kenya",
            3.9229753383551724e-06
          ],
          [
            "Eswatini",
            3.73308307644038e-06
          ],
          [
            "Haiti",
            3.711641738846083e-06
          ],
          [
            "Nigeria",
            3.702026106111589e-06
          ],
          [
            "Reunion",
            3.5330303944647312e-06
          ],
          [
            "Libya",
            3.3704311590554425e-06
          ],
          [
            "Western Sahara",
            3.331418383822893e-06
          ],
          [
            "Uganda",
            3.194122882632655e-06
          ],
          [
            "Zimbabwe",
            3.0106905342108803e-06
          ],
          [
            "Belarus",
            2.9421767067105975e-06
          ],
          [
            "Tanzania",
            2.7604842216533143e-06
          ],
          [
            "United States Virgin Islands",
            2.5130850644927705e-06
          ],
          [
            "Sudan",
            2.3495094865211286e-06
          ],
          [
            "Lesotho",
            2.319317218280048e-06
          ],
          [
            "Cambodia",
            2.12826012102596e-06
          ],
          [
            "Poland",
            1.933630755956983e-06
          ],
          [
            "Chad",
            1.7011002455546986e-06
          ],
          [
            "Côte d'Ivoire",
            1.6080584828159772e-06
          ],
          [
            "Germany",
            1.3539970495912712e-06
          ]
        ]
      },
      "geometry": {
        "type": "MultiLineString",
        "coordinates": [
          [
            [
              2.0,
              44.59773013871376
            ],
            [
              2.2269861286254695,
              44.52206809583856
            ],
            [
              2.453972257250939,
              44.29508196721309
            ],
            [
              2.5296343001261334,
              44.068095838587624
            ],
            [
              2.453972257250939,
              43.841109709962154
            ],
            [
              2.453972257250939,
              43.53846153846155
            ],
            [
              2.453972257250939,
              43.23581336696088
            ],
            [
              2.453972257250939,
              42.933165195460276
            ],
            [
              2.605296343001271,
              42.70617906683481
            ],
            [
              2.756620428751603,
              42.47919293820934
            ],
            [
              2.9836065573770725,
              42.327868852459005
            ],
            [
              3.210592686002542,
              41.949558638083204
            ],
            [
              3.361916771752874,
              41.722572509457734
            ],
            [
              3.5889029003783435,
              41.495586380832265
            ],
            [
              3.664564943253481,
              41.268600252206795
            ],
            [
              3.8915510718789506,
              41.041614123581326
            ],
            [
              3.967213114754088,
              40.73896595208072
            ],
            [
              3.967213114754088,
              40.436317780580055
            ],
            [
              4.11853720050442,
              40.209331651954585
            ],
            [
              4.194199243379558,
              39.982345523329116
            ],
            [
              4.269861286254752,
              39.67969735182851
            ],
            [
              4.269861286254752,
              39.377049180327845
            ],
            [
              4.34552332912989,
              39.150063051702375
            ],
            [
              4.4968474148802215,
              38.923076923076906
            ],
            [
              4.572509457755359,
              38.6204287515763
            ],
            [
              4.799495586380829,
              38.39344262295083
            ],
            [
              5.1021437578814925,
              38.2421185372005
            ],
            [
              5.253467843631768,
              38.01513240857503
            ],
            [
              5.329129886506962,
              37.78814627994956
            ],
            [
              5.4047919293821,
              37.56116015132409
            ],
            [
              5.707440100882707,
              37.56116015132409
            ],
            [
              6.010088272383371,
              37.48549810844895
            ],
            [
              6.161412358133703,
              37.25851197982348
            ],
            [
              6.388398486759172,
              37.18284993694829
            ],
            [
              6.46406052963431,
              36.72887767969735
            ],
            [
              6.539722572509447,
              36.50189155107188
            ],
            [
              6.615384615384642,
              36.27490542244641
            ],
            [
              6.842370744010111,
              36.12358133669608
            ],
            [
              7.069356872635581,
              36.04791929382094
            ],
            [
              7.372005044136188,
              35.89659520807061
            ],
            [
              7.598991172761657,
              35.74527112232033
            ],
            [
              7.674653215636852,
              35.518284993694806
            ],
            [
              7.750315258511989,
              35.291298865069336
            ],
            [
              7.901639344262321,
              34.98865069356873
            ],
            [
              8.12862547288779,
              34.76166456494326
            ],
            [
              8.279949558638066,
              34.45901639344265
            ],
            [
              8.431273644388398,
              34.232030264817126
            ],
            [
              8.58259773013873,
              34.00504413619166
            ],
            [
              8.733921815889062,
              33.77805800756619
            ],
            [
              8.960907944514531,
              33.55107187894072
            ],
            [
              9.112232030264806,
              33.32408575031525
            ],
            [
              9.263556116015138,
              33.09709962168978
            ],
            [
              9.490542244640608,
              32.79445145018917
            ],
            [
              9.64186633039094,
              32.5674653215637
            ],
            [
              9.717528373266077,
              32.34047919293823
            ],
            [
              9.793190416141272,
              31.96216897856243
            ],
            [
              10.020176544766741,
              31.58385876418663
            ],
            [
              10.24716267339221,
              31.432534678436298
            ],
            [
              10.47414880201768,
              31.35687263556116
            ],
            [
              10.625472887767955,
              30.97856242118536
            ],
            [
              10.852459016393482,
              30.90290037831022
            ],
            [
              11.079445145018951,
              30.827238335435084
            ],
            [
              11.230769230769226,
              30.600252206809614
            ],
            [
              11.382093316519558,
              30.373266078184088
            ],
            [
              11.53341740226989,
              30.07061790668348
            ],
            [
              11.684741488020165,
              29.69230769230768
            ],
            [
              11.98738965952083,
              29.313997477931935
            ],
            [
              12.214375788146299,
              29.162673392181603
            ],
            [
              12.441361916771768,
              29.087011349306408
            ],
            [
              12.668348045397238,
              28.86002522068094
            ],
            [
              12.81967213114757,
              28.63303909205547
            ],
            [
              13.04665825977304,
              28.55737704918033
            ],
            [
              13.197982345523315,
              28.330390920554862
            ],
            [
              13.42496847414884,
              28.027742749054255
            ],
            [
              13.65195460277431,
              27.876418663303923
            ],
            [
              13.727616645649448,
              27.57377049180326
            ],
            [
              13.954602774274917,
              27.34678436317779
            ],
            [
              14.181588902900387,
              27.11979823455232
            ],
            [
              14.257250945775525,
              26.741488020176575
            ],
            [
              14.408575031525857,
              26.43883984867591
            ],
            [
              14.484237074400994,
              26.136191677175304
            ],
            [
              14.559899117276188,
              25.909205548549835
            ],
            [
              14.786885245901658,
              25.83354350567464
            ],
            [
              15.013871374527128,
              25.682219419924365
            ],
            [
              15.316519546027735,
              25.60655737704917
            ],
            [
              15.543505674653204,
              25.530895334174033
            ],
            [
              15.770491803278674,
              25.455233291298896
            ],
            [
              16.073139974779338,
              25.3795712484237
            ],
            [
              16.45145018915514,
              25.152585119798232
            ],
            [
              16.67843631778061,
              25.076923076923094
            ],
            [
              16.981084489281216,
              25.0012610340479
            ],
            [
              17.28373266078188,
              24.925598991172762
            ],
            [
              17.586380832282487,
              25.0012610340479
            ],
            [
              17.813366960907956,
              25.076923076923094
            ],
            [
              18.040353089533426,
              25.22824716267337
            ],
            [
              18.343001261034033,
              25.22824716267337
            ],
            [
              18.645649432534697,
              25.22824716267337
            ],
            [
              18.948297604035304,
              25.22824716267337
            ],
            [
              19.023959646910498,
              25.455233291298896
            ],
            [
              19.023959646910498,
              25.757881462799503
            ],
            [
              19.099621689785636,
              25.984867591424972
            ],
            [
              19.099621689785636,
              26.28751576292558
            ],
            [
              19.099621689785636,
              26.590163934426243
            ],
            [
              19.023959646910498,
              26.817150063051713
            ],
            [
              19.023959646910498,
              27.195460277427514
            ],
            [
              19.099621689785636,
              27.422446406052984
            ],
            [
              18.872635561160166,
              27.57377049180326
            ],
            [
              18.721311475409834,
              27.80075662042873
            ],
            [
              18.79697351828503,
              28.027742749054255
            ],
            [
              18.79697351828503,
              28.330390920554862
            ],
            [
              18.79697351828503,
              28.63303909205547
            ],
            [
              18.79697351828503,
              28.935687263556133
            ],
            [
              18.872635561160166,
              29.389659520807072
            ],
            [
              18.872635561160166,
              29.69230769230768
            ],
            [
              18.872635561160166,
              29.994955863808343
            ],
            [
              18.948297604035304,
              30.221941992433813
            ],
            [
              18.872635561160166,
              30.52459016393442
            ],
            [
              18.79697351828503,
              30.827238335435084
            ],
            [
              18.721311475409834,
              31.054224464060553
            ],
            [
              18.645649432534697,
              31.281210592686023
            ],
            [
              18.494325346784365,
              31.508196721311492
            ],
            [
              18.418663303909227,
              31.8108448928121
            ],
            [
              18.191677175283758,
              32.03783102143757
            ],
            [
              18.116015132408563,
              32.26481715006304
            ],
            [
              17.889029003783094,
              32.49180327868851
            ],
            [
              17.889029003783094,
              32.79445145018917
            ],
            [
              17.889029003783094,
              33.09709962168978
            ],
            [
              17.889029003783094,
              33.39974779319044
            ],
            [
              17.813366960907956,
              33.62673392181591
            ],
            [
              17.586380832282487,
              33.77805800756619
            ],
            [
              17.359394703657017,
              34.00504413619166
            ],
            [
              17.056746532156353,
              34.232030264817126
            ],
            [
              16.905422446406078,
              34.45901639344265
            ],
            [
              16.602774274905414,
              34.61034047919293
            ],
            [
              16.300126103404807,
              34.61034047919293
            ],
            [
              16.300126103404807,
              34.30769230769232
            ],
            [
              16.300126103404807,
              33.85372005044138
            ],
            [
              16.375788146279945,
              33.55107187894072
            ],
            [
              16.527112232030277,
              33.32408575031525
            ],
            [
              16.45145018915514,
              33.09709962168978
            ],
            [
              16.22446406052967,
              33.02143757881464
            ],
            [
              15.9974779319042,
              33.09709962168978
            ],
            [
              15.770491803278674,
              33.17276166456497
            ],
            [
              15.694829760403536,
              33.39974779319044
            ],
            [
              15.619167717528398,
              33.62673392181591
            ],
            [
              15.543505674653204,
              33.85372005044138
            ],
            [
              15.543505674653204,
              34.15636822194199
            ],
            [
              15.467843631778067,
              34.45901639344265
            ],
            [
              15.240857503152597,
              34.61034047919293
            ],
            [
              15.089533417402265,
              34.91298865069359
            ],
            [
              15.013871374527128,
              35.2156368221942
            ],
            [
              14.71122320302652,
              35.291298865069336
            ],
            [
              14.635561160151326,
              35.518284993694806
            ],
            [
              14.559899117276188,
              35.82093316519547
            ],
            [
              14.257250945775525,
              35.82093316519547
            ],
            [
              14.030264817150055,
              35.89659520807061
            ],
            [
              13.803278688524586,
              36.12358133669608
            ],
            [
              13.803278688524586,
              36.42622950819674
            ],
            [
              13.87894073139978,
              36.65321563682221
            ],
            [
              14.030264817150055,
              36.88020176544768
            ],
            [
              13.954602774274917,
              37.10718789407315
            ],
            [
              13.727616645649448,
              37.25851197982348
            ],
            [
              13.500630517023978,
              37.33417402269862
            ],
            [
              13.122320302648177,
              37.56116015132409
            ],
            [
              12.895334174022707,
              37.71248423707442
            ],
            [
              12.81967213114757,
              37.93947036569989
            ],
            [
              12.668348045397238,
              38.16645649432536
            ],
            [
              12.441361916771768,
              38.31778058007569
            ],
            [
              12.138713745271161,
              38.46910466582597
            ],
            [
              11.911727616645635,
              38.54476670870116
            ],
            [
              11.609079445145028,
              38.54476670870116
            ],
            [
              11.30643127364442,
              38.54476670870116
            ],
            [
              11.230769230769226,
              38.77175283732663
            ],
            [
              11.003783102143757,
              38.84741488020177
            ],
            [
              10.70113493064315,
              38.923076923076906
            ],
            [
              10.47414880201768,
              39.07440100882724
            ],
            [
              10.171500630517016,
              39.30138713745271
            ],
            [
              10.020176544766741,
              39.52837326607818
            ],
            [
              9.944514501891547,
              39.755359394703646
            ],
            [
              9.717528373266077,
              39.90668348045398
            ],
            [
              9.41488020176547,
              39.90668348045398
            ],
            [
              9.112232030264806,
              39.90668348045398
            ],
            [
              8.8095838587642,
              39.755359394703646
            ],
            [
              8.506935687263592,
              39.755359394703646
            ],
            [
              8.431273644388398,
              39.982345523329116
            ],
            [
              8.35561160151326,
              40.209331651954585
            ],
            [
              8.204287515762928,
              40.51197982345525
            ],
            [
              7.977301387137459,
              40.663303909205524
            ],
            [
              7.901639344262321,
              40.96595208070619
            ],
            [
              7.901639344262321,
              41.268600252206795
            ],
            [
              7.825977301387127,
              41.57124842370746
            ],
            [
              7.674653215636852,
              41.873896595208066
            ],
            [
              7.52332912988652,
              42.100882723833536
            ],
            [
              7.29634300126105,
              42.25220680958387
            ],
            [
              7.145018915510718,
              42.47919293820934
            ],
            [
              6.918032786885249,
              42.63051702395967
            ],
            [
              6.691046658259779,
              42.781841109709944
            ],
            [
              6.46406052963431,
              43.008827238335414
            ],
            [
              6.23707440100884,
              43.08448928121061
            ],
            [
              6.085750315258508,
              43.31147540983608
            ],
            [
              5.858764186633039,
              43.387137452711215
            ],
            [
              5.707440100882707,
              43.614123581336685
            ],
            [
              5.480453972257237,
              43.68978562421188
            ],
            [
              5.253467843631768,
              43.91677175283735
            ],
            [
              5.026481715006298,
              43.992433795712486
            ],
            [
              4.799495586380829,
              44.219419924337956
            ],
            [
              4.572509457755359,
              44.37074401008829
            ],
            [
              4.34552332912989,
              44.59773013871376
            ],
            [
              4.0428751576292825,
              44.59773013871376
            ],
            [
              3.7402269861286186,
              44.673392181588895
            ],
            [
              3.513240857503149,
              44.900378310214364
            ],
            [
              3.361916771752874,
              45.127364438839834
            ],
            [
              3.1349306431273476,
              45.278688524590166
            ],
            [
              2.8322824716267405,
              45.20302648171503
            ],
            [
              2.6809583858764086,
              44.97604035308956
            ],
            [
              2.453972257250939,
              44.900378310214364
            ],
            [
              2.302648171500664,
              44.673392181588895
            ],
            [
              2.302648171500664,
              44.37074401008829
            ]
          ],
          [
            [
              20.234552332912983,
              25.152585119798232
            ],
            [
              20.158890290037846,
              24.925598991172762
            ],
            [
              20.083228247162708,
              24.698612862547293
            ],
            [
              20.007566204287514,
              24.471626733921823
            ],
            [
              20.007566204287514,
              24.168978562421216
            ],
            [
              20.234552332912983,
              24.017654476670884
            ],
            [
              20.537200504413647,
              24.017654476670884
            ],
            [
              20.764186633039117,
              23.866330390920552
            ],
            [
              20.991172761664586,
              23.790668348045415
            ],
            [
              21.218158890290056,
              23.71500630517022
            ],
            [
              21.520807061790663,
              23.71500630517022
            ],
            [
              21.747793190416132,
              23.639344262295083
            ],
            [
              21.974779319041602,
              23.563682219419945
            ],
            [
              22.20176544766707,
              23.48802017654475
            ],
            [
              22.731399747793205,
              23.48802017654475
            ],
            [
              23.034047919293812,
              23.48802017654475
            ],
            [
              23.336696090794476,
              23.48802017654475
            ],
            [
              23.715006305170277,
              23.48802017654475
            ],
            [
              24.017654476670884,
              23.48802017654475
            ],
            [
              24.244640605296354,
              23.412358133669613
            ],
            [
              24.471626733921823,
              23.26103404791928
            ],
            [
              24.925598991172762,
              23.26103404791928
            ],
            [
              25.228247162673426,
              23.26103404791928
            ],
            [
              25.530895334174033,
              23.185372005044144
            ],
            [
              25.83354350567464,
              23.185372005044144
            ],
            [
              26.136191677175304,
              23.185372005044144
            ],
            [
              26.514501891551106,
              23.185372005044144
            ],
            [
              26.817150063051713,
              23.109709962169006
            ],
            [
              27.11979823455232,
              23.109709962169006
            ],
            [
              27.422446406052984,
              23.109709962169006
            ],
            [
              27.649432534678454,
              23.034047919293812
            ],
            [
              27.876418663303923,
              22.958385876418674
            ],
            [
              28.17906683480453,
              22.882723833543537
            ],
            [
              28.481715006305194,
              22.882723833543537
            ],
            [
              28.7843631778058,
              22.882723833543537
            ],
            [
              29.087011349306465,
              22.807061790668342
            ],
            [
              29.389659520807072,
              22.807061790668342
            ],
            [
              29.69230769230768,
              22.807061790668342
            ],
            [
              29.994955863808343,
              22.807061790668342
            ],
            [
              30.29760403530895,
              22.807061790668342
            ],
            [
              30.600252206809614,
              22.807061790668342
            ],
            [
              30.90290037831022,
              22.807061790668342
            ],
            [
              31.20554854981083,
              22.807061790668342
            ],
            [
              31.508196721311492,
              22.807061790668342
            ],
            [
              31.73518284993696,
              22.731399747793205
            ],
            [
              32.11349306431276,
              22.731399747793205
            ],
            [
              32.41614123581337,
              22.731399747793205
            ],
            [
              32.34047919293823,
              22.958385876418674
            ]
          ],
          [
            [
              20.385876418663315,
              25.0012610340479
            ],
            [
              20.612862547288785,
              25.152585119798232
            ],
            [
              20.839848675914254,
              25.22824716267337
            ],
            [
              21.066834804539724,
              25.303909205548564
            ],
            [
              21.293820933165193,
              25.3795712484237
            ],
            [
              21.520807061790663,
              25.455233291298896
            ],
            [
              21.823455233291327,
              25.455233291298896
            ],
            [
              22.050441361916796,
              25.3795712484237
            ],
            [
              22.428751576292598,
              25.3795712484237
            ],
            [
              22.731399747793205,
              25.3795712484237
            ],
            [
              23.034047919293812,
              25.3795712484237
            ],
            [
              23.336696090794476,
              25.22824716267337
            ],
            [
              23.639344262295083,
              25.22824716267337
            ],
            [
              23.941992433795747,
              25.303909205548564
            ],
            [
              24.244640605296354,
              25.3795712484237
            ],
            [
              24.471626733921823,
              25.530895334174033
            ],
            [
              24.698612862547293,
              25.455233291298896
            ],
            [
              24.849936948297625,
              25.22824716267337
            ],
            [
              25.152585119798232,
              25.152585119798232
            ],
            [
              25.455233291298896,
              25.0012610340479
            ],
            [
              25.682219419924365,
              24.925598991172762
            ],
            [
              25.909205548549835,
              24.849936948297625
            ],
            [
              26.211853720050442,
              24.849936948297625
            ],
            [
              26.66582597730138,
              24.849936948297625
            ],
            [
              26.968474148802045,
              24.849936948297625
            ],
            [
              27.271122320302652,
              24.925598991172762
            ],
            [
              27.49810844892812,
              25.076923076923094
            ],
            [
              27.800756620428785,
              25.0012610340479
            ],
            [
              28.55737704918033,
              25.0012610340479
            ],
            [
              28.860025220680996,
              25.0012610340479
            ],
            [
              29.389659520807072,
              25.0012610340479
            ],
            [
              29.61664564943254,
              24.925598991172762
            ],
            [
              29.84363177805801,
              24.77427490542243
            ],
            [
              30.146279949558675,
              24.622950819672155
            ],
            [
              30.448928121059282,
              24.471626733921823
            ],
            [
              30.75157629255989,
              24.471626733921823
            ],
            [
              31.12988650693569,
              24.471626733921823
            ],
            [
              31.432534678436355,
              24.471626733921823
            ],
            [
              31.659520807061824,
              24.395964691046686
            ],
            [
              31.96216897856243,
              24.395964691046686
            ],
            [
              32.1891551071879,
              24.244640605296354
            ],
            [
              32.26481715006304,
              24.017654476670884
            ],
            [
              32.49180327868851,
              23.94199243379569
            ],
            [
              32.5674653215637,
              23.71500630517022
            ],
            [
              32.5674653215637,
              23.412358133669613
            ],
            [
              32.5674653215637,
              23.109709962169006
            ],
            [
              32.718789407314034,
              22.882723833543537
            ]
          ],
          [
            [
              35.29129886506939,
              23.94199243379569
            ],
            [
              34.98865069356873,
              23.94199243379569
            ],
            [
              34.68600252206812,
              23.866330390920552
            ],
            [
              34.45901639344265,
              23.639344262295083
            ],
            [
              34.30769230769232,
              23.412358133669613
            ],
            [
              34.23203026481718,
              23.185372005044144
            ],
            [
              34.23203026481718,
              22.882723833543537
            ],
            [
              34.45901639344265,
              22.807061790668342
            ],
            [
              34.68600252206812,
              22.65573770491801
            ],
            [
              34.98865069356873,
              22.65573770491801
            ],
            [
              35.13997477931906,
              22.882723833543537
            ],
            [
              35.2156368221942,
              23.109709962169006
            ],
            [
              35.29129886506939,
              23.336696090794476
            ],
            [
              35.29129886506939,
              23.639344262295083
            ],
            [
              35.2156368221942,
              23.866330390920552
            ]
          ],
          [
            [
              37.10718789407315,
              23.109709962169006
            ],
            [
              36.80453972257254,
              23.109709962169006
            ],
            [
              36.57755359394707,
              22.882723833543537
            ],
            [
              36.65321563682221,
              22.65573770491801
            ],
            [
              36.88020176544768,
              22.580075662042873
            ],
            [
              37.10718789407315,
              22.504413619167735
            ],
            [
              37.25851197982348,
              22.731399747793205
            ],
            [
              37.33417402269862,
              23.034047919293812
            ],
            [
              37.33417402269862,
              23.336696090794476
            ]
          ],
          [
            [
              39.07440100882724,
              23.109709962169006
            ],
            [
              38.84741488020177,
              22.958385876418674
            ],
            [
              38.696090794451436,
              22.731399747793205
            ],
            [
              38.54476670870116,
              22.504413619167735
            ],
            [
              38.54476670870116,
              22.20176544766707
            ],
            [
              39.07440100882724,
              21.974779319041602
            ],
            [
              39.60403530895337,
              21.974779319041602
            ],
            [
              39.83102143757884,
              22.20176544766707
            ],
            [
              40.05800756620431,
              22.42875157629254
            ],
            [
              40.13366960907945,
              22.731399747793205
            ],
            [
              39.90668348045398,
              22.807061790668342
            ],
            [
              39.60403530895337,
              22.807061790668342
            ],
            [
              39.45271122320304,
              23.034047919293812
            ]
          ],
          [
            [
              41.79823455233293,
              22.731399747793205
            ],
            [
              41.495586380832265,
              22.580075662042873
            ],
            [
              41.41992433795713,
              22.353089533417403
            ],
            [
              41.34426229508199,
              22.050441361916796
            ],
            [
              41.34426229508199,
              21.747793190416132
            ],
            [
              41.57124842370746,
              21.596469104665857
            ],
            [
              41.79823455233293,
              21.672131147540995
            ],
            [
              41.873896595208066,
              21.899117276166464
            ],
            [
              41.79823455233293,
              22.20176544766707
            ],
            [
              41.72257250945779,
              22.504413619167735
            ]
          ],
          [
            [
              44.068095838587624,
              22.353089533417403
            ],
            [
              43.76544766708702,
              22.353089533417403
            ],
            [
              43.53846153846155,
              22.126103404791934
            ],
            [
              43.387137452711215,
              21.899117276166464
            ],
            [
              43.31147540983608,
              21.672131147540995
            ],
            [
              43.23581336696094,
              21.36948297604033
            ],
            [
              43.160151324085746,
              21.14249684741486
            ],
            [
              43.387137452711215,
              21.218158890290056
            ],
            [
              43.53846153846155,
              21.672131147540995
            ],
            [
              43.614123581336685,
              21.974779319041602
            ],
            [
              43.76544766708702,
              22.20176544766707
            ],
            [
              43.76544766708702,
              22.504413619167735
            ]
          ],
          [
            [
              45.20302648171503,
              18.872635561160166
            ],
            [
              45.505674653215635,
              18.872635561160166
            ],
            [
              45.732660781841105,
              18.948297604035304
            ],
            [
              46.03530895334177,
              19.099621689785636
            ],
            [
              46.337957124842376,
              19.175283732660773
            ],
            [
              46.64060529634298,
              19.175283732660773
            ],
            [
              46.86759142496851,
              19.326607818411105
            ],
            [
              47.09457755359398,
              19.402269861286243
            ],
            [
              47.32156368221945,
              19.553593947036575
            ],
            [
              47.54854981084492,
              19.704918032786907
            ],
            [
              47.69987389659519,
              19.931904161412376
            ],
            [
              47.77553593947039,
              20.158890290037846
            ],
            [
              47.54854981084492,
              20.310214375788178
            ],
            [
              47.397225725094586,
              20.537200504413647
            ],
            [
              47.170239596469116,
              20.688524590163922
            ],
            [
              46.94325346784365,
              20.839848675914254
            ],
            [
              46.71626733921818,
              20.688524590163922
            ],
            [
              46.564943253467845,
              20.461538461538453
            ],
            [
              46.564943253467845,
              20.158890290037846
            ],
            [
              46.64060529634298,
              19.931904161412376
            ],
            [
              46.41361916771751,
              19.856242118537182
            ],
            [
              46.26229508196724,
              19.629255989911712
            ],
            [
              46.03530895334177,
              19.553593947036575
            ],
            [
              45.732660781841105,
              19.477931904161437
            ],
            [
              45.65699873896597,
              19.250945775535968
            ],
            [
              45.505674653215635,
              19.023959646910498
            ],
            [
              45.505674653215635,
              18.721311475409834
            ]
          ],
          [
            [
              33.55107187894072,
              42.554854981084475
            ],
            [
              33.77805800756619,
              42.47919293820934
            ],
            [
              34.005044136191714,
              42.327868852459005
            ],
            [
              34.08070617906685,
              42.0252206809584
            ],
            [
              34.08070617906685,
              41.722572509457734
            ],
            [
              34.30769230769232,
              41.6469104665826
            ],
            [
              34.45901639344265,
              41.41992433795713
            ],
            [
              34.45901639344265,
              41.11727616645652
            ],
            [
              34.45901639344265,
              40.814627994955856
            ],
            [
              34.30769230769232,
              40.51197982345525
            ],
            [
              34.30769230769232,
              40.209331651954585
            ],
            [
              34.30769230769232,
              39.90668348045398
            ],
            [
              34.30769230769232,
              39.60403530895337
            ],
            [
              34.30769230769232,
              39.30138713745271
            ],
            [
              34.30769230769232,
              38.9987389659521
            ],
            [
              34.30769230769232,
              38.696090794451436
            ],
            [
              34.53467843631779,
              38.46910466582597
            ],
            [
              34.68600252206812,
              38.2421185372005
            ],
            [
              34.8373266078184,
              37.93947036569989
            ],
            [
              34.8373266078184,
              37.636822194199226
            ],
            [
              35.13997477931906,
              37.636822194199226
            ],
            [
              35.44262295081967,
              37.636822194199226
            ],
            [
              35.66960907944514,
              37.56116015132409
            ],
            [
              35.59394703657,
              37.33417402269862
            ],
            [
              35.44262295081967,
              37.10718789407315
            ],
            [
              35.36696090794453,
              36.88020176544768
            ],
            [
              35.06431273644387,
              36.88020176544768
            ],
            [
              34.8373266078184,
              36.72887767969735
            ],
            [
              34.8373266078184,
              36.42622950819674
            ],
            [
              34.8373266078184,
              36.12358133669608
            ],
            [
              34.8373266078184,
              35.82093316519547
            ],
            [
              34.8373266078184,
              35.518284993694806
            ],
            [
              34.76166456494326,
              35.291298865069336
            ],
            [
              34.53467843631779,
              35.2156368221942
            ],
            [
              34.30769230769232,
              35.13997477931906
            ],
            [
              34.23203026481718,
              34.91298865069359
            ],
            [
              34.23203026481718,
              34.61034047919293
            ],
            [
              34.23203026481718,
              34.15636822194199
            ],
            [
              34.23203026481718,
              33.77805800756619
            ],
            [
              34.23203026481718,
              33.47540983606558
            ],
            [
              34.08070617906685,
              33.70239596469105
            ],
            [
              33.70239596469105,
              33.62673392181591
            ],
            [
              33.47540983606558,
              33.47540983606558
            ],
            [
              33.32408575031525,
              33.24842370744011
            ],
            [
              33.24842370744011,
              33.02143757881464
            ],
            [
              33.17276166456497,
              32.79445145018917
            ],
            [
              32.87011349306431,
              32.5674653215637
            ],
            [
              32.718789407314034,
              32.34047919293823
            ],
            [
              32.49180327868851,
              32.11349306431276
            ],
            [
              32.41614123581337,
              31.886506935687294
            ],
            [
              32.1891551071879,
              31.8108448928121
            ],
            [
              31.73518284993696,
              31.8108448928121
            ],
            [
              31.432534678436355,
              31.8108448928121
            ],
            [
              31.20554854981083,
              31.886506935687294
            ],
            [
              30.90290037831022,
              32.11349306431276
            ],
            [
              30.67591424968475,
              32.34047919293823
            ],
            [
              30.600252206809614,
              32.11349306431276
            ],
            [
              30.373266078184145,
              31.96216897856243
            ],
            [
              30.07061790668348,
              31.96216897856243
            ],
            [
              29.61664564943254,
              31.96216897856243
            ],
            [
              29.389659520807072,
              31.886506935687294
            ],
            [
              29.087011349306465,
              31.886506935687294
            ],
            [
              28.7843631778058,
              31.886506935687294
            ],
            [
              28.481715006305194,
              31.886506935687294
            ],
            [
              28.254728877679725,
              32.03783102143757
            ],
            [
              27.95208070617906,
              32.03783102143757
            ],
            [
              27.573770491803316,
              32.03783102143757
            ],
            [
              27.271122320302652,
              32.03783102143757
            ],
            [
              27.044136191677183,
              32.1891551071879
            ],
            [
              26.89281210592685,
              32.41614123581337
            ],
            [
              26.817150063051713,
              32.71878940731398
            ],
            [
              26.89281210592685,
              32.94577553593945
            ],
            [
              26.89281210592685,
              33.24842370744011
            ],
            [
              26.741488020176575,
              33.47540983606558
            ],
            [
              26.43883984867591,
              33.55107187894072
            ],
            [
              26.287515762925636,
              33.77805800756619
            ],
            [
              26.136191677175304,
              34.00504413619166
            ],
            [
              25.909205548549835,
              34.30769230769232
            ],
            [
              25.682219419924365,
              34.45901639344265
            ],
            [
              25.455233291298896,
              34.61034047919293
            ],
            [
              25.455233291298896,
              34.91298865069359
            ],
            [
              25.228247162673426,
              35.13997477931906
            ],
            [
              25.001261034047957,
              35.2156368221942
            ],
            [
              24.849936948297625,
              35.44262295081967
            ],
            [
              24.622950819672155,
              35.518284993694806
            ],
            [
              24.54728877679696,
              35.74527112232033
            ],
            [
              24.395964691046686,
              35.9722572509458
            ],
            [
              24.32030264817149,
              36.19924337957127
            ],
            [
              24.32030264817149,
              36.50189155107188
            ],
            [
              24.471626733921823,
              36.72887767969735
            ],
            [
              24.54728877679696,
              37.03152585119801
            ],
            [
              24.54728877679696,
              37.33417402269862
            ],
            [
              24.54728877679696,
              37.636822194199226
            ],
            [
              24.622950819672155,
              37.863808322824696
            ],
            [
              24.925598991172762,
              37.863808322824696
            ],
            [
              25.228247162673426,
              37.863808322824696
            ],
            [
              25.303909205548564,
              37.636822194199226
            ],
            [
              25.3795712484237,
              37.40983606557376
            ],
            [
              25.455233291298896,
              37.18284993694829
            ],
            [
              25.757881462799503,
              37.10718789407315
            ],
            [
              25.83354350567464,
              36.88020176544768
            ],
            [
              26.136191677175304,
              36.88020176544768
            ],
            [
              26.363177805800774,
              36.95586380832282
            ],
            [
              26.590163934426243,
              37.03152585119801
            ],
            [
              26.817150063051713,
              36.88020176544768
            ],
            [
              27.044136191677183,
              36.804539722572486
            ],
            [
              27.34678436317779,
              36.804539722572486
            ],
            [
              27.573770491803316,
              36.88020176544768
            ],
            [
              27.800756620428785,
              36.95586380832282
            ],
            [
              28.027742749054255,
              37.10718789407315
            ],
            [
              28.330390920554862,
              37.10718789407315
            ],
            [
              28.55737704918033,
              37.03152585119801
            ],
            [
              28.7843631778058,
              37.10718789407315
            ],
            [
              29.087011349306465,
              37.10718789407315
            ],
            [
              29.389659520807072,
              37.18284993694829
            ],
            [
              29.61664564943254,
              37.25851197982348
            ],
            [
              29.84363177805801,
              37.40983606557376
            ],
            [
              30.07061790668348,
              37.56116015132409
            ],
            [
              30.146279949558675,
              37.78814627994956
            ],
            [
              30.29760403530895,
              38.01513240857503
            ],
            [
              30.600252206809614,
              38.2421185372005
            ],
            [
              30.827238335435084,
              38.31778058007569
            ],
            [
              31.054224464060553,
              38.54476670870116
            ],
            [
              31.054224464060553,
              38.84741488020177
            ],
            [
              31.20554854981083,
              39.07440100882724
            ],
            [
              31.35687263556116,
              39.30138713745271
            ],
            [
              31.508196721311492,
              39.52837326607818
            ],
            [
              31.659520807061824,
              39.755359394703646
            ],
            [
              31.73518284993696,
              39.982345523329116
            ],
            [
              31.8108448928121,
              40.209331651954585
            ],
            [
              32.11349306431276,
              40.209331651954585
            ],
            [
              32.1891551071879,
              40.436317780580055
            ],
            [
              32.26481715006304,
              40.663303909205524
            ],
            [
              32.34047919293823,
              40.89029003783105
            ],
            [
              32.41614123581337,
              41.11727616645652
            ],
            [
              32.5674653215637,
              41.34426229508199
            ],
            [
              32.87011349306431,
              41.34426229508199
            ],
            [
              33.02143757881464,
              41.57124842370746
            ],
            [
              33.24842370744011,
              41.6469104665826
            ],
            [
              33.32408575031525,
              41.873896595208066
            ],
            [
              33.47540983606558,
              42.100882723833536
            ],
            [
              33.62673392181591,
              42.327868852459005
            ],
            [
              33.62673392181591,
              42.63051702395967
            ]
          ],
          [
            [
              22.958385876418674,
              41.041614123581326
            ],
            [
              23.185372005044144,
              40.89029003783105
            ],
            [
              23.336696090794476,
              41.11727616645652
            ],
            [
              23.26103404791928,
              41.34426229508199
            ]
          ],
          [
            [
              15.770491803278674,
              35.518284993694806
            ],
            [
              15.543505674653204,
              35.44262295081967
            ],
            [
              15.467843631778067,
              35.2156368221942
            ],
            [
              15.694829760403536,
              35.13997477931906
            ],
            [
              15.846153846153868,
              35.44262295081967
            ],
            [
              15.921815889029006,
              35.66960907944514
            ]
          ],
          [
            [
              17.208070617906685,
              34.8373266078184
            ],
            [
              16.981084489281216,
              34.68600252206812
            ],
            [
              17.208070617906685,
              34.61034047919293
            ],
            [
              17.51071878940735,
              34.61034047919293
            ],
            [
              17.586380832282487,
              34.8373266078184
            ]
          ],
          [
            [
              18.343001261034033,
              33.92938209331652
            ],
            [
              18.116015132408563,
              33.77805800756619
            ],
            [
              18.116015132408563,
              33.39974779319044
            ],
            [
              18.343001261034033,
              33.24842370744011
            ],
            [
              18.418663303909227,
              33.47540983606558
            ],
            [
              18.645649432534697,
              33.24842370744011
            ]
          ],
          [
            [
              19.629255989911712,
              32.49180327868851
            ],
            [
              19.402269861286243,
              32.34047919293823
            ],
            [
              19.099621689785636,
              32.03783102143757
            ],
            [
              19.099621689785636,
              31.73518284993696
            ],
            [
              19.326607818411105,
              31.886506935687294
            ],
            [
              19.326607818411105,
              32.1891551071879
            ],
            [
              19.175283732660773,
              32.41614123581337
            ],
            [
              18.948297604035304,
              32.34047919293823
            ],
            [
              18.79697351828503,
              32.11349306431276
            ],
            [
              18.948297604035304,
              31.886506935687294
            ]
          ],
          [
            [
              45.278688524590166,
              22.958385876418674
            ],
            [
              45.127364438839834,
              22.65573770491801
            ],
            [
              45.127364438839834,
              22.277427490542266
            ],
            [
              45.127364438839834,
              21.974779319041602
            ],
            [
              45.4300126103405,
              21.899117276166464
            ],
            [
              45.732660781841105,
              21.899117276166464
            ],
            [
              45.8083228247163,
              22.20176544766707
            ],
            [
              45.8083228247163,
              22.504413619167735
            ],
            [
              45.8083228247163,
              22.807061790668342
            ],
            [
              45.8083228247163,
              23.109709962169006
            ]
          ],
          [
            [
              47.851197982345525,
              22.504413619167735
            ],
            [
              47.54854981084492,
              22.42875157629254
            ],
            [
              47.54854981084492,
              22.126103404791934
            ],
            [
              47.77553593947039,
              21.974779319041602
            ],
            [
              47.92686002522066,
              22.20176544766707
            ],
            [
              47.92686002522066,
              22.504413619167735
            ],
            [
              47.851197982345525,
              22.731399747793205
            ],
            [
              47.54854981084492,
              22.731399747793205
            ]
          ],
          [
            [
              49.364438839848674,
              22.807061790668342
            ],
            [
              49.06179066834807,
              22.65573770491801
            ],
            [
              49.137452711223204,
              22.353089533417403
            ],
            [
              49.364438839848674,
              22.277427490542266
            ],
            [
              49.59142496847414,
              22.20176544766707
            ],
            [
              49.89407313997481,
              22.20176544766707
            ],
            [
              50.04539722572508,
              22.504413619167735
            ],
            [
              50.04539722572508,
              22.807061790668342
            ],
            [
              50.04539722572508,
              23.109709962169006
            ],
            [
              49.89407313997481,
              23.336696090794476
            ],
            [
              49.66708701134934,
              23.412358133669613
            ]
          ],
          [
            [
              44.37074401008829,
              37.33417402269862
            ],
            [
              44.14375788146282,
              37.10718789407315
            ],
            [
              43.91677175283735,
              37.03152585119801
            ],
            [
              43.841109709962154,
              36.804539722572486
            ],
            [
              43.614123581336685,
              36.65321563682221
            ],
            [
              43.46279949558641,
              36.42622950819674
            ],
            [
              43.23581336696094,
              36.35056746532155
            ],
            [
              42.933165195460276,
              36.35056746532155
            ],
            [
              42.63051702395967,
              36.35056746532155
            ],
            [
              42.327868852459005,
              36.35056746532155
            ],
            [
              41.94955863808326,
              36.35056746532155
            ],
            [
              41.6469104665826,
              36.35056746532155
            ],
            [
              41.34426229508199,
              36.35056746532155
            ],
            [
              40.89029003783105,
              36.35056746532155
            ],
            [
              40.58764186633039,
              36.35056746532155
            ],
            [
              40.36065573770492,
              36.19924337957127
            ],
            [
              40.13366960907945,
              36.12358133669608
            ],
            [
              39.90668348045398,
              35.9722572509458
            ],
            [
              39.67969735182851,
              35.82093316519547
            ],
            [
              39.52837326607818,
              35.59394703657
            ],
            [
              39.3770491803279,
              35.36696090794453
            ],
            [
              39.15006305170243,
              35.2156368221942
            ],
            [
              39.07440100882724,
              34.98865069356873
            ],
            [
              39.07440100882724,
              34.61034047919293
            ],
            [
              39.15006305170243,
              34.38335435056746
            ],
            [
              39.22572509457757,
              34.15636822194199
            ],
            [
              39.15006305170243,
              33.92938209331652
            ],
            [
              39.15006305170243,
              33.62673392181591
            ],
            [
              39.15006305170243,
              33.24842370744011
            ],
            [
              39.07440100882724,
              33.02143757881464
            ],
            [
              38.923076923076906,
              32.79445145018917
            ],
            [
              38.696090794451436,
              32.64312736443884
            ],
            [
              38.39344262295083,
              32.64312736443884
            ],
            [
              38.16645649432536,
              32.49180327868851
            ],
            [
              38.09079445145022,
              32.26481715006304
            ],
            [
              37.86380832282475,
              32.11349306431276
            ],
            [
              37.78814627994956,
              31.886506935687294
            ],
            [
              37.71248423707442,
              31.659520807061767
            ],
            [
              37.636822194199226,
              31.432534678436298
            ],
            [
              37.56116015132409,
              31.20554854981083
            ],
            [
              37.56116015132409,
              30.90290037831022
            ],
            [
              37.56116015132409,
              30.600252206809614
            ],
            [
              37.56116015132409,
              30.29760403530895
            ],
            [
              37.56116015132409,
              29.994955863808343
            ],
            [
              37.56116015132409,
              29.69230769230768
            ],
            [
              37.48549810844895,
              29.46532156368221
            ],
            [
              37.56116015132409,
              29.23833543505674
            ],
            [
              37.56116015132409,
              28.935687263556133
            ],
            [
              37.48549810844895,
              28.708701134930664
            ],
            [
              37.48549810844895,
              28.40605296343
            ],
            [
              37.56116015132409,
              28.17906683480453
            ],
            [
              37.78814627994956,
              27.95208070617906
            ],
            [
              38.09079445145022,
              27.95208070617906
            ],
            [
              38.2421185372005,
              27.72509457755359
            ],
            [
              38.54476670870116,
              27.72509457755359
            ],
            [
              38.77175283732663,
              27.80075662042873
            ],
            [
              38.9987389659521,
              27.95208070617906
            ],
            [
              39.15006305170243,
              28.17906683480453
            ],
            [
              39.15006305170243,
              28.481715006305194
            ],
            [
              39.15006305170243,
              28.7843631778058
            ],
            [
              39.15006305170243,
              29.087011349306408
            ],
            [
              39.30138713745271,
              29.313997477931935
            ],
            [
              39.30138713745271,
              29.61664564943254
            ],
            [
              39.22572509457757,
              29.91929382093315
            ],
            [
              39.22572509457757,
              30.221941992433813
            ],
            [
              39.22572509457757,
              30.52459016393442
            ],
            [
              39.22572509457757,
              30.827238335435084
            ],
            [
              39.45271122320304,
              30.97856242118536
            ],
            [
              39.67969735182851,
              30.90290037831022
            ],
            [
              39.755359394703646,
              30.67591424968475
            ],
            [
              39.755359394703646,
              30.373266078184088
            ],
            [
              39.982345523329116,
              30.29760403530895
            ],
            [
              40.05800756620431,
              30.07061790668348
            ],
            [
              40.28499369482978,
              29.84363177805801
            ],
            [
              40.43631778058011,
              29.61664564943254
            ],
            [
              40.58764186633039,
              29.389659520807072
            ],
            [
              40.73896595208072,
              29.162673392181603
            ],
            [
              40.73896595208072,
              28.86002522068094
            ],
            [
              40.814627994955856,
              28.55737704918033
            ],
            [
              40.89029003783105,
              28.330390920554862
            ],
            [
              40.96595208070619,
              28.103404791929393
            ],
            [
              41.19293820933166,
              27.95208070617906
            ],
            [
              41.495586380832265,
              27.95208070617906
            ],
            [
              41.79823455233293,
              28.103404791929393
            ],
            [
              42.0252206809584,
              28.254728877679725
            ],
            [
              41.79823455233293,
              28.481715006305194
            ],
            [
              41.79823455233293,
              28.7843631778058
            ],
            [
              41.79823455233293,
              29.087011349306408
            ],
            [
              41.72257250945779,
              29.313997477931935
            ],
            [
              41.6469104665826,
              29.540983606557404
            ],
            [
              41.57124842370746,
              29.767969735182874
            ],
            [
              41.41992433795713,
              29.994955863808343
            ],
            [
              41.268600252206795,
              30.221941992433813
            ],
            [
              41.19293820933166,
              30.448928121059282
            ],
            [
              41.041614123581326,
              30.67591424968475
            ],
            [
              40.96595208070619,
              30.90290037831022
            ],
            [
              40.96595208070619,
              31.20554854981083
            ],
            [
              40.814627994955856,
              31.432534678436298
            ],
            [
              40.73896595208072,
              31.659520807061767
            ],
            [
              40.73896595208072,
              31.96216897856243
            ],
            [
              40.73896595208072,
              32.26481715006304
            ],
            [
              40.73896595208072,
              32.5674653215637
            ],
            [
              40.73896595208072,
              32.87011349306431
            ],
            [
              40.73896595208072,
              33.17276166456497
            ],
            [
              40.73896595208072,
              33.47540983606558
            ],
            [
              40.66330390920558,
              33.70239596469105
            ],
            [
              40.58764186633039,
              33.92938209331652
            ],
            [
              40.51197982345525,
              34.15636822194199
            ],
            [
              40.73896595208072,
              34.30769230769232
            ],
            [
              40.89029003783105,
              34.53467843631779
            ],
            [
              41.11727616645652,
              34.68600252206812
            ],
            [
              41.34426229508199,
              34.8373266078184
            ],
            [
              41.57124842370746,
              34.91298865069359
            ],
            [
              41.873896595208066,
              34.91298865069359
            ],
            [
              42.17654476670873,
              34.91298865069359
            ],
            [
              42.47919293820934,
              34.91298865069359
            ],
            [
              42.781841109709944,
              34.91298865069359
            ],
            [
              43.08448928121061,
              34.91298865069359
            ],
            [
              43.31147540983608,
              34.98865069356873
            ],
            [
              43.53846153846155,
              35.13997477931906
            ],
            [
              43.76544766708702,
              35.36696090794453
            ],
            [
              43.992433795712486,
              35.518284993694806
            ],
            [
              44.219419924337956,
              35.74527112232033
            ],
            [
              44.446406052963425,
              35.9722572509458
            ],
            [
              44.52206809583862,
              36.27490542244641
            ],
            [
              44.673392181588895,
              36.50189155107188
            ],
            [
              44.82471626733923,
              36.72887767969735
            ],
            [
              44.900378310214364,
              36.95586380832282
            ]
          ],
          [
            [
              45.3543505674653,
              36.95586380832282
            ],
            [
              45.127364438839834,
              37.03152585119801
            ],
            [
              44.900378310214364,
              37.18284993694829
            ],
            [
              44.74905422446409,
              37.40983606557376
            ],
            [
              44.52206809583862,
              37.56116015132409
            ]
          ],
          [
            [
              43.00882723833547,
              33.17276166456497
            ],
            [
              42.933165195460276,
              32.94577553593945
            ],
            [
              43.08448928121061,
              32.71878940731398
            ],
            [
              43.23581336696094,
              32.94577553593945
            ],
            [
              43.23581336696094,
              33.24842370744011
            ]
          ],
          [
            [
              48.00252206809586,
              36.04791929382094
            ],
            [
              47.69987389659519,
              36.04791929382094
            ],
            [
              47.54854981084492,
              35.82093316519547
            ],
            [
              47.54854981084492,
              35.518284993694806
            ],
            [
              47.624211853720055,
              35.291298865069336
            ],
            [
              47.851197982345525,
              35.06431273644387
            ],
            [
              47.92686002522066,
              35.291298865069336
            ]
          ],
          [
            [
              49.969735182849945,
              35.2156368221942
            ],
            [
              49.742749054224475,
              35.06431273644387
            ],
            [
              49.742749054224475,
              34.76166456494326
            ],
            [
              49.89407313997481,
              34.38335435056746
            ],
            [
              50.12105926860028,
              34.232030264817126
            ],
            [
              50.423707440100884,
              34.232030264817126
            ],
            [
              50.575031525851216,
              34.45901639344265
            ],
            [
              50.49936948297602,
              34.68600252206812
            ]
          ],
          [
            [
              61.54602774274906,
              34.232030264817126
            ],
            [
              61.243379571248454,
              34.232030264817126
            ],
            [
              60.94073139974779,
              34.232030264817126
            ],
            [
              60.63808322824718,
              34.15636822194199
            ],
            [
              60.41109709962171,
              34.00504413619166
            ],
            [
              60.184110970996244,
              33.92938209331652
            ],
            [
              59.957124842370774,
              33.77805800756619
            ],
            [
              59.730138713745305,
              33.70239596469105
            ],
            [
              59.42749054224464,
              33.70239596469105
            ],
            [
              59.124842370744034,
              33.70239596469105
            ],
            [
              58.74653215636823,
              33.47540983606558
            ],
            [
              58.51954602774276,
              33.32408575031525
            ],
            [
              58.443883984867625,
              33.09709962168978
            ],
            [
              58.29255989911729,
              32.79445145018917
            ],
            [
              58.14123581336696,
              32.5674653215637
            ],
            [
              58.14123581336696,
              32.26481715006304
            ],
            [
              58.14123581336696,
              31.96216897856243
            ],
            [
              57.91424968474149,
              31.73518284993696
            ],
            [
              57.68726355611602,
              31.58385876418663
            ],
            [
              57.53593947036569,
              31.35687263556116
            ],
            [
              57.30895334174022,
              31.281210592686023
            ],
            [
              57.08196721311475,
              31.054224464060553
            ],
            [
              56.85498108448928,
              30.97856242118536
            ],
            [
              56.62799495586381,
              30.90290037831022
            ],
            [
              56.40100882723834,
              30.827238335435084
            ],
            [
              56.098360655737736,
              30.827238335435084
            ],
            [
              55.79571248423707,
              30.827238335435084
            ],
            [
              55.493064312736465,
              30.90290037831022
            ],
            [
              55.266078184110995,
              31.054224464060553
            ],
            [
              55.11475409836066,
              31.281210592686023
            ],
            [
              54.887767969735194,
              31.35687263556116
            ],
            [
              54.73644388398486,
              31.58385876418663
            ],
            [
              54.35813366960906,
              31.659520807061767
            ],
            [
              54.13114754098359,
              31.8108448928121
            ],
            [
              53.752837326607846,
              31.8108448928121
            ],
            [
              53.374527112232045,
              31.8108448928121
            ],
            [
              53.07187894073138,
              31.8108448928121
            ],
            [
              52.769230769230774,
              31.8108448928121
            ],
            [
              52.542244640605304,
              31.886506935687294
            ],
            [
              52.39092055485497,
              32.11349306431276
            ],
            [
              52.46658259773017,
              32.49180327868851
            ],
            [
              52.693568726355636,
              32.64312736443884
            ],
            [
              52.99621689785624,
              32.64312736443884
            ],
            [
              53.147540983606575,
              32.87011349306431
            ],
            [
              53.07187894073138,
              33.24842370744011
            ],
            [
              52.920554854981106,
              33.47540983606558
            ],
            [
              52.693568726355636,
              33.70239596469105
            ],
            [
              52.46658259773017,
              33.85372005044138
            ],
            [
              52.1639344262295,
              34.08070617906685
            ],
            [
              52.088272383354365,
              33.77805800756619
            ],
            [
              52.01261034047923,
              33.55107187894072
            ],
            [
              51.7856242118537,
              33.39974779319044
            ],
            [
              51.634300126103426,
              33.17276166456497
            ],
            [
              51.482976040353094,
              32.94577553593945
            ],
            [
              51.255989911727625,
              32.71878940731398
            ],
            [
              51.18032786885249,
              32.49180327868851
            ],
            [
              51.10466582597729,
              32.26481715006304
            ],
            [
              51.029003783102155,
              32.03783102143757
            ],
            [
              51.255989911727625,
              31.886506935687294
            ],
            [
              51.55863808322823,
              31.886506935687294
            ],
            [
              51.861286254728896,
              31.886506935687294
            ],
            [
              51.93694829760403,
              31.659520807061767
            ],
            [
              52.088272383354365,
              31.432534678436298
            ],
            [
              52.2395964691047,
              31.20554854981083
            ],
            [
              52.46658259773017,
              31.12988650693569
            ],
            [
              52.46658259773017,
              30.827238335435084
            ],
            [
              52.542244640605304,
              30.600252206809614
            ],
            [
              52.693568726355636,
              30.373266078184088
            ],
            [
              52.920554854981106,
              30.14627994955862
            ],
            [
              53.147540983606575,
              30.07061790668348
            ],
            [
              53.29886506935691,
              29.84363177805801
            ],
            [
              53.45018915510718,
              29.540983606557404
            ],
            [
              53.752837326607846,
              29.46532156368221
            ],
            [
              54.13114754098359,
              29.46532156368221
            ],
            [
              54.35813366960906,
              29.389659520807072
            ],
            [
              54.433795712484255,
              29.162673392181603
            ],
            [
              54.50945775535939,
              28.935687263556133
            ],
            [
              54.58511979823459,
              28.708701134930664
            ],
            [
              54.73644388398486,
              28.481715006305194
            ],
            [
              54.812105926860056,
              28.254728877679725
            ],
            [
              54.887767969735194,
              28.027742749054255
            ],
            [
              55.039092055485526,
              27.80075662042873
            ],
            [
              55.11475409836066,
              27.57377049180326
            ],
            [
              55.41740226986127,
              27.34678436317779
            ],
            [
              55.493064312736465,
              27.11979823455232
            ],
            [
              55.493064312736465,
              26.817150063051713
            ],
            [
              55.41740226986127,
              26.43883984867591
            ],
            [
              55.493064312736465,
              26.136191677175304
            ],
            [
              55.720050441361934,
              26.06052963430011
            ],
            [
              55.947036569987404,
              25.83354350567464
            ],
            [
              56.098360655737736,
              25.60655737704917
            ],
            [
              56.17402269861287,
              25.3795712484237
            ],
            [
              56.24968474148801,
              25.152585119798232
            ],
            [
              56.325346784363205,
              24.925598991172762
            ],
            [
              56.40100882723834,
              24.622950819672155
            ],
            [
              56.70365699873895,
              24.622950819672155
            ],
            [
              57.006305170239614,
              24.622950819672155
            ],
            [
              57.30895334174022,
              24.622950819672155
            ],
            [
              57.46027742749055,
              24.395964691046686
            ],
            [
              57.53593947036569,
              24.168978562421216
            ],
            [
              57.53593947036569,
              23.866330390920552
            ],
            [
              57.76292559899116,
              23.790668348045415
            ],
            [
              58.065573770491824,
              23.790668348045415
            ],
            [
              58.36822194199243,
              23.790668348045415
            ],
            [
              58.670870113493095,
              23.639344262295083
            ],
            [
              58.897856242118564,
              23.48802017654475
            ],
            [
              59.27616645649431,
              23.48802017654475
            ],
            [
              59.50315258511978,
              23.412358133669613
            ],
            [
              59.730138713745305,
              23.26103404791928
            ],
            [
              59.957124842370774,
              23.185372005044144
            ],
            [
              60.25977301387138,
              23.109709962169006
            ],
            [
              60.56242118537199,
              23.109709962169006
            ],
            [
              60.78940731399746,
              23.034047919293812
            ],
            [
              61.016393442622984,
              22.882723833543537
            ],
            [
              61.31904161412359,
              22.882723833543537
            ],
            [
              61.6216897856242,
              22.882723833543537
            ],
            [
              61.77301387137453,
              23.109709962169006
            ],
            [
              61.848675914249725,
              23.336696090794476
            ],
            [
              61.92433795712486,
              23.563682219419945
            ],
            [
              61.92433795712486,
              23.866330390920552
            ],
            [
              61.92433795712486,
              24.168978562421216
            ],
            [
              62.0,
              24.395964691046686
            ],
            [
              62.0,
              24.698612862547293
            ],
            [
              62.0,
              25.076923076923094
            ],
            [
              62.0,
              25.3795712484237
            ],
            [
              62.0,
              25.682219419924365
            ],
            [
              62.0,
              25.984867591424972
            ],
            [
              62.0,
              26.28751576292558
            ],
            [
              62.0,
              26.590163934426243
            ],
            [
              62.0,
              26.89281210592685
            ],
            [
              62.0,
              27.195460277427514
            ],
            [
              62.0,
              27.49810844892812
            ],
            [
              62.0,
              27.80075662042873
            ],
            [
              62.0,
              28.103404791929393
            ],
            [
              62.0,
              28.40605296343
            ],
            [
              62.0,
              28.86002522068094
            ],
            [
              61.92433795712486,
              29.162673392181603
            ],
            [
              61.848675914249725,
              29.46532156368221
            ],
            [
              61.77301387137453,
              29.69230769230768
            ],
            [
              61.69735182849939,
              29.91929382093315
            ],
            [
              61.69735182849939,
              30.221941992433813
            ],
            [
              61.69735182849939,
              30.52459016393442
            ],
            [
              61.69735182849939,
              30.827238335435084
            ],
            [
              61.54602774274906,
              31.054224464060553
            ],
            [
              61.54602774274906,
              31.35687263556116
            ],
            [
              61.54602774274906,
              31.659520807061767
            ],
            [
              61.54602774274906,
              31.96216897856243
            ],
            [
              61.54602774274906,
              32.26481715006304
            ],
            [
              61.54602774274906,
              32.5674653215637
            ],
            [
              61.54602774274906,
              32.87011349306431
            ],
            [
              61.54602774274906,
              33.17276166456497
            ],
            [
              61.54602774274906,
              33.47540983606558
            ],
            [
              61.54602774274906,
              33.77805800756619
            ],
            [
              61.6216897856242,
              34.00504413619166
            ]
          ],
          [
            [
              47.92686002522066,
              30.67591424968475
            ],
            [
              47.54854981084492,
              30.600252206809614
            ],
            [
              47.32156368221945,
              30.448928121059282
            ],
            [
              47.09457755359398,
              30.29760403530895
            ],
            [
              46.791929382093315,
              30.07061790668348
            ],
            [
              46.64060529634298,
              29.84363177805801
            ],
            [
              46.64060529634298,
              29.46532156368221
            ],
            [
              46.94325346784365,
              29.46532156368221
            ],
            [
              47.170239596469116,
              29.540983606557404
            ],
            [
              47.397225725094586,
              29.46532156368221
            ],
            [
              47.69987389659519,
              29.46532156368221
            ],
            [
              47.851197982345525,
              29.69230769230768
            ],
            [
              48.00252206809586,
              30.07061790668348
            ],
            [
              48.00252206809586,
              30.373266078184088
            ],
            [
              48.078184110970994,
              30.07061790668348
            ],
            [
              48.305170239596464,
              29.91929382093315
            ],
            [
              48.60781841109713,
              29.767969735182874
            ]
          ],
          [
            [
              46.94325346784365,
              27.044136191677183
            ],
            [
              46.64060529634298,
              26.968474148802045
            ],
            [
              46.337957124842376,
              26.817150063051713
            ],
            [
              46.564943253467845,
              26.741488020176575
            ],
            [
              46.86759142496851,
              26.51450189155105
            ],
            [
              47.245901639344254,
              26.363177805800774
            ],
            [
              47.54854981084492,
              26.211853720050442
            ],
            [
              47.851197982345525,
              26.136191677175304
            ],
            [
              48.15384615384619,
              26.136191677175304
            ],
            [
              48.229508196721326,
              25.83354350567464
            ],
            [
              48.456494325346796,
              25.60655737704917
            ],
            [
              48.7591424968474,
              25.530895334174033
            ],
            [
              48.98612862547287,
              25.60655737704917
            ],
            [
              48.910466582597735,
              25.83354350567464
            ],
            [
              48.60781841109713,
              25.83354350567464
            ],
            [
              48.229508196721326,
              26.136191677175304
            ],
            [
              48.00252206809586,
              26.43883984867591
            ],
            [
              47.92686002522066,
              26.66582597730138
            ],
            [
              47.69987389659519,
              26.817150063051713
            ],
            [
              48.00252206809586,
              26.968474148802045
            ]
          ],
          [
            [
              51.029003783102155,
              25.909205548549835
            ],
            [
              50.95334174022702,
              25.682219419924365
            ],
            [
              50.87767969735182,
              25.455233291298896
            ],
            [
              51.18032786885249,
              25.530895334174033
            ],
            [
              51.255989911727625,
              25.83354350567464
            ],
            [
              51.33165195460276,
              26.136191677175304
            ],
            [
              51.255989911727625,
              26.363177805800774
            ]
          ]
        ]
      }
    }
  ]
}