{
  "type": "FeatureCollection",
  "crs": {
    "type": "name",
    "properties": {
      "name": "urn:ogc:def:crs:OGC:1.3:CRS84"
    }
  },
  "features": [
    {
      "type": "Feature",
      "properties": {
        "timestamp": "2026-07-19T14:26:17.579914",
        "country_name": "Kyrgyzstan",
        "author": "",
        "author_id": "ef3a1d14-7a04-49e7-8ddd-3590c9dabda0",
        "validated": false,
        "ranking": [
          [
            "Kyrgyzstan",
            0.4452716112136841
          ],
          [
            "Turkey",
            0.08211810141801834
          ],
          [
            "Slovakia",
            0.06214101240038872
          ],
          [
            "Honduras",
            0.05885614827275276
          ],
          [
            "Mongolia",
            0.044828761368989944
          ],
          [
            "Kazakhstan",
            0.041992250829935074
          ],
          [
            "Falkland Islands",
            0.041879668831825256
          ],
          [
            "Puerto Rico",
            0.03512560948729515
          ],
          [
            "Russia",
            0.018300427123904228
          ],
          [
            "Cyprus",
            0.01533244363963604
          ],
          [
            "Jamaica",
            0.0145260626450181
          ],
          [
            "Timor-Leste",
            0.012356075458228588
          ],
          [
            "Switzerland",
            0.009583120234310627
          ],
          [
            "Indonesia",
            0.00948345847427845
          ],
          [
            "Hong Kong",
            0.008641105145215988
          ],
          [
            "Guinea-Bissau",
            0.008533122949302197
          ],
          [
            "Panama",
            0.006108924280852079
          ],
          [
            "Uzbekistan",
            0.005999068263918161
          ],
          [
            "Malaysia",
            0.0053766993805766106
          ],
          [
            "Slovenia",
            0.0036853987257927656
          ],
          [
            "Georgia",
            0.003512395080178976
          ],
          [
            "Austria",
            0.003463554661720991
          ],
          [
            "Central African Republic",
            0.00326785771176219
          ],
          [
            "Bhutan",
            0.003027045400813222
          ],
          [
            "Estonia",
            0.0029188620392233133
          ],
          [
            "Czech Republic",
            0.0028231178876012564
          ],
          [
            "Papua New Guinea",
            0.0027517937123775482
          ],
          [
            "Iceland",
            0.0024190349504351616
          ],
          [
            "Madeira Islands",
            0.0023974988143891096
          ],
          [
            "Latvia",
            0.00237518479116261
          ],
          [
            "Gambia",
            0.0023289313539862633
          ],
          [
            "Yemen",
            0.0022755786776542664
          ],
          [
            "Hungary",
            0.0022003203630447388
          ],
          [
            "Burkina Faso",
            0.0019312786171212792
          ],
          [
            "Turkmenistan",
            0.0018158748280256987
          ],
          [
            "China",
            0.001765030319802463
          ],
          [
            "Ecuador",
            0.0016476432792842388
          ],
          [
            "El Salvador",
            0.0015826970338821411
          ],
          [
            "Cuba",
            0.0014882207615301013
          ],
          [
            "Ukraine",
            0.001367582706734538
          ],
          [
            "Dominican Republic",
            0.0011318029137328267
          ],
          [
            "Fiji",
            0.0010126527631655335
          ],
          [
            "New Caledonia",
            0.0009225972462445498
          ],
          [
            "Netherlands Antilles",
            0.0009048319770954549
          ],
          [
            "Bulgaria",
            0.0009018873679451644
          ],
          [
            "Tajikistan",
            0.0008798431954346597
          ],
          [
            "Heard and McDonald Islands",
            0.0008632057579234242
          ],
          [
            "Montenegro",
            0.0007141228416003287
          ],
          [
            "South Africa",
            0.000589681148994714
          ],
          [
            "North Korea",
            0.000499240355566144
          ],
          [
            "Rwanda",
            0.000497177301440388
          ],
          [
            "Brunei",
            0.0004946914268657565
          ],
          [
            "United Arab Emirates",
            0.0004345341876614839
          ],
          [
            "Niger",
            0.0004310580261517316
          ],
          [
            "South Sudan",
            0.0004197767411824316
          ],
          [
            "Azerbaijan",
            0.00039945205207914114
          ],
          [
            "Bangladesh",
            0.0003943911287933588
          ],
          [
            "Solomon Islands",
            0.00035977180232293904
          ],
          [
            "Nepal",
            0.00031050434336066246
          ],
          [
            "South Korea",
            0.0003102053888142109
          ],
          [
            "Netherlands",
            0.00030370979220606387
          ],
          [
            "Zambia",
            0.00028852620744146407
          ],
          [
            "Mali",
            0.00028041403857059777
          ],
          [
            "Turks and Caicos Islands",
            0.0002749604464042932
          ],
          [
            "Guadeloupe",
            0.0002134494570782408
          ],
          [
            "Syria",
            0.0002128899795934558
          ],
          [
            "Burundi",
            0.00021288308198563755
          ],
          [
            "Lithuania",
            0.00020541097910609096
          ],
          [
            "Mexico",
            0.0002023726119659841
          ],
          [
            "Gabon",
            0.00018726942653302103
          ],
          [
            "Romania",
            0.00018613024440128356
          ],
          [
            "Afghanistan",
            0.00018476738478057086
          ],
          [
            "India",
            0.00017574994126334786
          ],
          [
            "Spain",
            0.0001628546160645783
          ],
          [
            "Morocco",
            0.00016175162454601377
          ],
          [
            "Svalbard",
            0.0001606352743692696
          ],
          [
            "Somalia",
            0.00015744239499326795
          ],
          [
            "Colombia",
            0.000154191191541031
          ],
          [
            "Canada",
            0.00014836342597845942
          ],
          [
            "DR Congo",
            0.00014651472156401724
          ],
          [
            "Kuwait",
            0.00014517668751068413
          ],
          [
            "Guam",
            0.0001374025596305728
          ],
          [
            "Nigeria",
            0.0001334324333583936
          ],
          [
            "Malawi",
            0.00012832660286221653
          ],
          [
            "Saudi Arabia",
            0.00012603309005498886
          ],
          [
            "Myanmar",
            0.00012204298400320113
          ],
          [
            "Samoa",
            0.00012014446110697463
          ],
          [
            "Croatia",
            0.00011948675819439813
          ],
          [
            "Senegal",
            0.0001164193672593683
          ],
          [
            "Nicaragua",
            0.00011365052341716364
          ],
          [
            "Congo",
            0.00011299429752398282
          ],
          [
            "Western Sahara",
            0.00011087539314758033
          ],
          [
            "Belgium",
            0.0001082635935745202
          ],
          [
            "Mozambique",
            0.00010514162568142638
          ],
          [
            "Bahamas",
            9.93385910987854e-05
          ],
          [
            "New Zealand",
            9.897716518025845e-05
          ],
          [
            "United States of America",
            9.378730464959517e-05
          ],
          [
            "Serbia",
            9.280326776206493e-05
          ],
          [
            "Greenland",
            9.169268741970882e-05
          ],
          [
            "Djibouti",
            9.111250255955383e-05
          ],
          [
            "Jordan",
            8.87936694198288e-05
          ],
          [
            "Benin",
            8.804790559224784e-05
          ],
          [
            "Angola",
            8.782599616097286e-05
          ],
          [
            "Pakistan",
            8.721053745830432e-05
          ],
          [
            "Japan",
            8.660005551064387e-05
          ],
          [
            "Thailand",
            7.34271525288932e-05
          ],
          [
            "Mayotte",
            7.269985508173704e-05
          ],
          [
            "Algeria",
            7.210177136585116e-05
          ],
          [
            "Paraguay",
            7.02129109413363e-05
          ],
          [
            "Iran",
            6.929331721039489e-05
          ],
          [
            "Isle of Man",
            6.624726665904745e-05
          ],
          [
            "South Georgia Islands",
            6.574903090950102e-05
          ],
          [
            "Ireland",
            6.483792822109535e-05
          ],
          [
            "Trinidad and Tobago",
            6.478230352513492e-05
          ],
          [
            "Guinea",
            6.392104114638641e-05
          ],
          [
            "Norway",
            6.311708420980722e-05
          ],
          [
            "Venezuela",
            6.249274156289175e-05
          ],
          [
            "Belize",
            6.192451110109687e-05
          ],
          [
            "Armenia",
            6.145444785943255e-05
          ],
          [
            "Comoros",
            5.8749279560288414e-05
          ],
          [
            "Israel",
            5.792357842437923e-05
          ],
          [
            "Tunisia",
            5.781110667157918e-05
          ],
          [
            "Taiwan",
            5.7075936638284475e-05
          ],
          [
            "Iraq",
            5.6111053709173575e-05
          ],
          [
            "Oman",
            5.4855172493262216e-05
          ],
          [
            "Lebanon",
            5.4073672799859196e-05
          ],
          [
            "France",
            5.274293289403431e-05
          ],
          [
            "Cape Verde",
            5.068505561212078e-05
          ],
          [
            "Moldova",
            5.033034904045053e-05
          ],
          [
            "Botswana",
            4.9389076593797654e-05
          ],
          [
            "Sweden",
            4.820984395337291e-05
          ],
          [
            "Belarus",
            4.585218266583979e-05
          ],
          [
            "Brazil",
            4.564581468002871e-05
          ],
          [
            "Mauritania",
            4.502453884924762e-05
          ],
          [
            "Ethiopia",
            4.46255253336858e-05
          ],
          [
            "Guyana",
            4.407131200423464e-05
          ],
          [
            "Eritrea",
            4.322870881878771e-05
          ],
          [
            "Uganda",
            4.290424476494081e-05
          ],
          [
            "Togo",
            4.187281592749059e-05
          ],
          [
            "Philippines",
            3.998795000370592e-05
          ],
          [
            "Australia",
            3.947852746932767e-05
          ],
          [
            "Vanuatu",
            3.866491169901565e-05
          ],
          [
            "Albania",
            3.798315447056666e-05
          ],
          [
            "Cameroon",
            3.7401056033559144e-05
          ],
          [
            "Italy",
            3.7155539757804945e-05
          ],
          [
            "Chile",
            3.61497477570083e-05
          ],
          [
            "Guatemala",
            3.592696521081962e-05
          ],
          [
            "Portugal",
            3.577768802642822e-05
          ],
          [
            "Argentina",
            3.368967736605555e-05
          ],
          [
            "Costa Rica",
            3.2763640774646774e-05
          ],
          [
            "North Macedonia",
            3.237069176975638e-05
          ],
          [
            "Sierra Leone",
            3.177420876454562e-05
          ],
          [
            "Faroe Islands",
            3.169394767610356e-05
          ],
          [
            "Peru",
            3.143879075651057e-05
          ],
          [
            "Lesotho",
            3.117289816145785e-05
          ],
          [
            "United Kingdom",
            2.9387068934738636e-05
          ],
          [
            "Bosnia & Herzegovina",
            2.9068474759696983e-05
          ],
          [
            "Namibia",
            2.789559766824823e-05
          ],
          [
            "Martinique",
            2.7882935683010146e-05
          ],
          [
            "Liberia",
            2.777979534585029e-05
          ],
          [
            "Saint Lucia",
            2.7198559109820053e-05
          ],
          [
            "Equatorial Guinea",
            2.6929003070108593e-05
          ],
          [
            "Palau",
            2.617661448311992e-05
          ],
          [
            "Germany",
            2.5235771317966282e-05
          ],
          [
            "Qatar",
            2.4826145818224177e-05
          ],
          [
            "Cambodia",
            2.3717260773992166e-05
          ],
          [
            "Greece",
            2.3640706785954535e-05
          ],
          [
            "Madagascar",
            2.3542614144389518e-05
          ],
          [
            "Bolivia",
            2.2580203221878037e-05
          ],
          [
            "Kenya",
            2.1411848138086498e-05
          ],
          [
            "Egypt",
            2.1287647541612387e-05
          ],
          [
            "Suriname",
            2.025605681410525e-05
          ],
          [
            "Libya",
            1.9974639144493267e-05
          ],
          [
            "Sao Tome and Principe",
            1.9921677449019626e-05
          ],
          [
            "Bahrain",
            1.9577948478399776e-05
          ],
          [
            "Sudan",
            1.8778186131385155e-05
          ],
          [
            "French Guiana",
            1.8266902770847082e-05
          ],
          [
            "Tanzania",
            1.7186404875246808e-05
          ],
          [
            "Vietnam",
            1.679987872194033e-05
          ],
          [
            "Sri Lanka",
            1.6298441551043652e-05
          ],
          [
            "Laos",
            1.6237596355495043e-05
          ],
          [
            "Dominica",
            1.6016740119084716e-05
          ],
          [
            "Zimbabwe",
            1.5797020751051605e-05
          ],
          [
            "Uruguay",
            1.5717678252258338e-05
          ],
          [
            "Haiti",
            1.5364739738288336e-05
          ],
          [
            "Luxembourg",
            1.5301773601095192e-05
          ],
          [
            "Eswatini",
            1.5249533134920057e-05
          ],
          [
            "Ghana",
            1.4643894246546552e-05
          ],
          [
            "Barbados",
            1.426037215424003e-05
          ],
          [
            "Poland",
            1.2823233191738836e-05
          ],
          [
            "Reunion",
            1.1998158697679173e-05
          ],
          [
            "West Bank",
            1.1071662811446004e-05
          ],
          [
            "Antigua & Barbuda",
            1.0636675142450258e-05
          ],
          [
            "Denmark",
            1.0270578059135005e-05
          ],
          [
            "Côte d'Ivoire",
            9.459155080548953e-06
          ],
          [
            "Finland",
            8.09763696452137e-06
          ],
          [
            "Chad",
            7.75286116549978e-06
          ],
          [
            "Kiribati",
            7.242937044793507e-06
          ],
          [
            "United States Virgin Islands",
            3.7049437651148764e-06
          ]
        ]
      },
      "geometry": {
        "type": "MultiLineString",
        "coordinates": [
          [
            [
              17.974440894568716,
              30.8178913738019
            ],
            [
              17.910543130990447,
              30.626198083067038
            ],
            [
              17.718849840255587,
              30.562300319488713
            ],
            [
              17.527156549520782,
              30.498402555910502
            ],
            [
              17.33546325878598,
              30.434504792332177
            ],
            [
              17.07987220447285,
              30.434504792332177
            ],
            [
              16.888178913738045,
              30.562300319488713
            ],
            [
              16.696485623003184,
              30.753993610223574
            ],
            [
              16.440894568690112,
              30.753993610223574
            ],
            [
              16.121405750798715,
              30.753993610223574
            ],
            [
              15.865814696485643,
              30.753993610223574
            ],
            [
              15.610223642172514,
              30.753993610223574
            ],
            [
              15.354632587859442,
              30.753993610223574
            ],
            [
              15.099041533546313,
              30.753993610223574
            ],
            [
              15.035143769968045,
              30.562300319488713
            ],
            [
              14.907348242811508,
              30.370607028753966
            ],
            [
              14.779552715654972,
              30.178913738019105
            ],
            [
              14.587859424920111,
              30.05111821086257
            ],
            [
              14.396166134185307,
              29.923322683706033
            ],
            [
              14.140575079872235,
              29.923322683706033
            ],
            [
              13.948881789137374,
              29.987220447284244
            ],
            [
              13.75718849840257,
              30.115015974440894
            ],
            [
              13.565495207667766,
              30.178913738019105
            ],
            [
              13.373801916932905,
              30.115015974440894
            ],
            [
              13.1821086261981,
              30.05111821086257
            ],
            [
              12.990415335463297,
              29.987220447284244
            ],
            [
              12.734824281150168,
              29.987220447284244
            ],
            [
              12.543130990415364,
              29.923322683706033
            ],
            [
              12.287539936102235,
              29.923322683706033
            ],
            [
              12.223642172523967,
              30.115015974440894
            ],
            [
              12.159744408945699,
              30.30670926517564
            ],
            [
              12.09584664536743,
              30.562300319488713
            ],
            [
              12.031948881789162,
              30.753993610223574
            ],
            [
              11.840255591054301,
              30.8178913738019
            ],
            [
              11.776357827476033,
              30.626198083067038
            ],
            [
              11.648562300319497,
              30.434504792332177
            ],
            [
              11.520766773162961,
              30.24281150159743
            ],
            [
              11.392971246006425,
              30.05111821086257
            ],
            [
              11.3290734824281,
              29.859424920127708
            ],
            [
              11.265175718849832,
              29.603833865814636
            ],
            [
              11.265175718849832,
              29.348242811501564
            ],
            [
              11.201277955271564,
              29.156549520766703
            ],
            [
              11.201277955271564,
              28.90095846645363
            ],
            [
              11.137380191693296,
              28.70926517571877
            ],
            [
              11.137380191693296,
              28.453674121405697
            ],
            [
              11.073482428115028,
              28.198083067092625
            ],
            [
              11.073482428115028,
              27.942492012779553
            ],
            [
              11.073482428115028,
              27.686900958466367
            ],
            [
              11.073482428115028,
              27.431309904153295
            ],
            [
              11.073482428115028,
              27.175718849840223
            ],
            [
              11.073482428115028,
              26.92012779552715
            ],
            [
              11.073482428115028,
              26.664536741213965
            ],
            [
              11.073482428115028,
              26.408945686900893
            ],
            [
              11.073482428115028,
              26.089456869009496
            ],
            [
              11.073482428115028,
              25.833865814696424
            ],
            [
              11.073482428115028,
              25.514376996805026
            ],
            [
              11.137380191693296,
              25.32268370607028
            ],
            [
              11.137380191693296,
              25.067092651757093
            ],
            [
              11.137380191693296,
              24.81150159744402
            ],
            [
              11.137380191693296,
              24.55591054313095
            ],
            [
              11.137380191693296,
              24.300319488817877
            ],
            [
              11.137380191693296,
              23.98083067092648
            ],
            [
              11.137380191693296,
              23.661341853035083
            ],
            [
              11.137380191693296,
              23.40575079872201
            ],
            [
              11.137380191693296,
              23.15015974440894
            ],
            [
              11.137380191693296,
              22.894568690095753
            ],
            [
              11.073482428115028,
              22.702875399361005
            ],
            [
              11.00958466453676,
              22.511182108626144
            ],
            [
              11.00958466453676,
              22.255591054313072
            ],
            [
              10.945686900958492,
              22.06389776357821
            ],
            [
              10.945686900958492,
              21.80830670926514
            ],
            [
              10.881789137380224,
              21.616613418530278
            ],
            [
              10.690095846645363,
              21.488817891373742
            ],
            [
              10.690095846645363,
              21.23322683706067
            ],
            [
              10.753993610223631,
              21.04153354632581
            ],
            [
              10.817891373801956,
              20.84984025559106
            ],
            [
              11.00958466453676,
              20.722044728434412
            ],
            [
              11.265175718849832,
              20.722044728434412
            ],
            [
              11.456869009584693,
              20.785942492012737
            ],
            [
              11.712460063897765,
              20.785942492012737
            ],
            [
              11.968051118210894,
              20.785942492012737
            ],
            [
              12.159744408945699,
              20.722044728434412
            ],
            [
              12.41533546325877,
              20.722044728434412
            ],
            [
              12.607028753993632,
              20.84984025559106
            ],
            [
              12.734824281150168,
              21.04153354632581
            ],
            [
              12.926517571884972,
              21.169329073482345
            ],
            [
              12.990415335463297,
              21.361022364217206
            ],
            [
              13.1821086261981,
              21.42492012779553
            ],
            [
              13.373801916932905,
              21.29712460063888
            ],
            [
              13.565495207667766,
              21.169329073482345
            ],
            [
              13.75718849840257,
              20.977635782747598
            ],
            [
              13.948881789137374,
              20.913738019169273
            ],
            [
              14.140575079872235,
              21.04153354632581
            ],
            [
              14.33226837060704,
              21.169329073482345
            ],
            [
              14.587859424920111,
              21.169329073482345
            ],
            [
              14.779552715654972,
              21.23322683706067
            ],
            [
              14.971246006389777,
              21.29712460063888
            ],
            [
              15.162939297124638,
              21.361022364217206
            ],
            [
              15.41853035143771,
              21.29712460063888
            ],
            [
              15.674121405750839,
              21.23322683706067
            ],
            [
              15.865814696485643,
              21.169329073482345
            ],
            [
              16.121405750798715,
              21.169329073482345
            ],
            [
              16.313099041533576,
              21.105431309904134
            ],
            [
              16.50479233226838,
              21.04153354632581
            ],
            [
              16.824281150159777,
              21.105431309904134
            ],
            [
              17.01597444089458,
              21.169329073482345
            ],
            [
              17.207667731629385,
              21.23322683706067
            ],
            [
              17.463258785942514,
              21.23322683706067
            ],
            [
              17.718849840255587,
              21.23322683706067
            ],
            [
              17.974440894568716,
              21.23322683706067
            ],
            [
              18.230031948881788,
              21.23322683706067
            ],
            [
              18.485623003194917,
              21.23322683706067
            ],
            [
              18.67731629392972,
              21.169329073482345
            ],
            [
              18.869009584664525,
              21.04153354632581
            ],
            [
              19.124600638977654,
              20.913738019169273
            ],
            [
              19.316293929712458,
              20.722044728434412
            ],
            [
              19.50798722044732,
              20.594249201277876
            ],
            [
              19.699680511182123,
              20.785942492012737
            ],
            [
              19.76357827476039,
              20.977635782747598
            ],
            [
              19.955271565495195,
              21.169329073482345
            ],
            [
              20.08306709265179,
              21.361022364217206
            ],
            [
              20.274760383386592,
              21.42492012779553
            ],
            [
              20.466453674121396,
              21.29712460063888
            ],
            [
              20.59424920127799,
              21.105431309904134
            ],
            [
              20.658146964856257,
              20.913738019169273
            ],
            [
              20.785942492012794,
              20.722044728434412
            ],
            [
              20.84984025559106,
              20.530351437699665
            ],
            [
              20.91373801916933,
              20.338658146964804
            ],
            [
              21.041533546325866,
              20.146964856229943
            ],
            [
              21.233226837060727,
              20.019169329073407
            ],
            [
              21.361022364217263,
              19.82747603833866
            ],
            [
              21.552715654952067,
              19.763578274760334
            ],
            [
              21.744408945686928,
              19.571884984025473
            ],
            [
              21.936102236421732,
              19.444089456868937
            ],
            [
              22.127795527156536,
              19.3162939297124
            ],
            [
              22.319488817891397,
              19.188498402555865
            ],
            [
              22.447284345047933,
              18.996805111821004
            ],
            [
              22.638977635782737,
              18.932907348242793
            ],
            [
              22.76677316293933,
              18.741214057507932
            ],
            [
              22.958466453674134,
              18.67731629392972
            ],
            [
              23.15015974440894,
              18.741214057507932
            ],
            [
              23.3418530351438,
              18.805111821086257
            ],
            [
              23.533546325878604,
              18.932907348242793
            ],
            [
              23.725239616613408,
              19.06070287539933
            ],
            [
              23.91693290734827,
              18.996805111821004
            ],
            [
              24.108626198083073,
              18.805111821086257
            ],
            [
              24.300319488817877,
              18.869009584664468
            ],
            [
              24.3642172523962,
              19.06070287539933
            ],
            [
              24.42811501597447,
              19.25239616613419
            ],
            [
              24.555910543131006,
              19.444089456868937
            ],
            [
              24.619808306709274,
              19.6357827476038
            ],
            [
              24.74760383386581,
              19.82747603833866
            ],
            [
              24.875399361022403,
              20.019169329073407
            ],
            [
              25.00319488817894,
              20.210862619808267
            ],
            [
              25.067092651757207,
              20.40255591054313
            ],
            [
              25.25878594249201,
              20.46645367412134
            ],
            [
              25.32268370607028,
              20.6581469648562
            ],
            [
              25.51437699680514,
              20.722044728434412
            ],
            [
              25.706070287539944,
              20.785942492012737
            ],
            [
              25.89776357827475,
              20.722044728434412
            ],
            [
              26.025559105431284,
              20.913738019169273
            ],
            [
              26.217252396166145,
              20.977635782747598
            ],
            [
              26.408945686901006,
              20.913738019169273
            ],
            [
              26.600638977635754,
              20.785942492012737
            ],
            [
              26.792332268370615,
              20.722044728434412
            ],
            [
              26.984025559105476,
              20.6581469648562
            ],
            [
              27.175718849840223,
              20.594249201277876
            ],
            [
              27.367412140575084,
              20.46645367412134
            ],
            [
              27.559105431309945,
              20.40255591054313
            ],
            [
              27.68690095846648,
              20.210862619808267
            ],
            [
              27.68690095846648,
              19.955271565495195
            ],
            [
              27.750798722044692,
              19.763578274760334
            ],
            [
              27.814696485623017,
              19.571884984025473
            ],
            [
              27.878594249201342,
              19.380191693290726
            ],
            [
              28.07028753993609,
              19.25239616613419
            ],
            [
              28.26198083067095,
              19.12460063897754
            ],
            [
              28.45367412140581,
              18.996805111821004
            ],
            [
              28.64536741214056,
              18.805111821086257
            ],
            [
              28.773162939297094,
              18.613418530351396
            ],
            [
              28.709265175718883,
              18.421725239616535
            ],
            [
              28.773162939297094,
              18.230031948881788
            ],
            [
              28.964856230031955,
              18.038338658146927
            ],
            [
              29.156549520766816,
              17.91054313099039
            ],
            [
              29.284345047923352,
              17.71884984025553
            ],
            [
              29.476038338658213,
              17.65495207667732
            ],
            [
              29.731629392971286,
              17.71884984025553
            ],
            [
              29.923322683706033,
              17.846645367412066
            ],
            [
              30.115015974440894,
              17.974440894568602
            ],
            [
              30.370607028753966,
              17.974440894568602
            ],
            [
              30.626198083067152,
              17.974440894568602
            ],
            [
              30.8178913738019,
              18.038338658146927
            ],
            [
              31.00958466453676,
              18.102236421725138
            ],
            [
              31.20127795527162,
              18.166134185303463
            ],
            [
              31.39297124600637,
              18.230031948881788
            ],
            [
              31.58466453674123,
              18.29392971246
            ],
            [
              31.8402555910543,
              18.29392971246
            ],
            [
              32.03194888178916,
              18.357827476038324
            ],
            [
              32.287539936102235,
              18.357827476038324
            ],
            [
              32.479233226837096,
              18.421725239616535
            ],
            [
              32.73482428115017,
              18.421725239616535
            ],
            [
              32.99041533546324,
              18.357827476038324
            ],
            [
              33.24600638977631,
              18.357827476038324
            ],
            [
              33.30990415335464,
              18.54952076677307
            ],
            [
              33.5015974440895,
              18.741214057507932
            ],
            [
              33.693290734824245,
              18.869009584664468
            ],
            [
              33.884984025559106,
              18.932907348242793
            ],
            [
              34.07667731629397,
              19.06070287539933
            ],
            [
              34.33226837060704,
              19.06070287539933
            ],
            [
              34.58785942492011,
              19.06070287539933
            ],
            [
              34.8434504792333,
              19.06070287539933
            ],
            [
              35.09904153354637,
              19.06070287539933
            ],
            [
              35.29073482428112,
              19.12460063897754
            ],
            [
              35.41853035143777,
              19.3162939297124
            ],
            [
              35.5463258785943,
              19.507987220447262
            ],
            [
              35.67412140575084,
              19.699680511182123
            ],
            [
              35.73801916932905,
              19.89137380191687
            ],
            [
              35.801916932907375,
              20.08306709265173
            ],
            [
              35.865814696485586,
              20.274760383386592
            ],
            [
              35.801916932907375,
              20.46645367412134
            ],
            [
              35.67412140575084,
              20.6581469648562
            ],
            [
              35.5463258785943,
              20.84984025559106
            ],
            [
              35.41853035143777,
              21.04153354632581
            ],
            [
              35.48242811501598,
              21.23322683706067
            ],
            [
              35.610223642172514,
              21.42492012779553
            ],
            [
              35.73801916932905,
              21.616613418530278
            ],
            [
              35.92971246006391,
              21.744408945686814
            ],
            [
              35.993610223642236,
              21.936102236421675
            ],
            [
              36.18530351437698,
              22.127795527156536
            ],
            [
              36.376996805111844,
              22.255591054313072
            ],
            [
              36.50479233226838,
              22.44728434504782
            ],
            [
              36.69648562300324,
              22.63897763578268
            ],
            [
              36.76038338658145,
              22.83067092651754
            ],
            [
              36.88817891373799,
              23.022364217252402
            ],
            [
              37.07987220447285,
              23.086261980830614
            ],
            [
              37.27156549520771,
              23.15015974440894
            ],
            [
              37.46325878594246,
              23.21405750798715
            ],
            [
              37.65495207667732,
              23.341853035143686
            ],
            [
              37.84664536741218,
              23.40575079872201
            ],
            [
              38.03833865814693,
              23.533546325878547
            ],
            [
              38.23003194888179,
              23.661341853035083
            ],
            [
              38.42172523961665,
              23.59744408945687
            ],
            [
              38.61341853035151,
              23.469648562300335
            ],
            [
              38.80511182108626,
              23.40575079872201
            ],
            [
              38.99680511182112,
              23.341853035143686
            ],
            [
              39.124600638977654,
              23.533546325878547
            ],
            [
              39.18849840255598,
              23.725239616613408
            ],
            [
              39.25239616613419,
              23.916932907348155
            ],
            [
              39.380191693290726,
              24.108626198083016
            ],
            [
              39.57188498402559,
              24.17252396166134
            ],
            [
              39.76357827476045,
              24.300319488817877
            ],
            [
              39.76357827476045,
              24.55591054313095
            ],
            [
              39.82747603833866,
              24.74760383386581
            ],
            [
              39.82747603833866,
              25.003194888178882
            ],
            [
              39.76357827476045,
              25.194888178913743
            ],
            [
              39.6357827476038,
              25.38658146964849
            ],
            [
              39.44408945686905,
              25.450479233226815
            ],
            [
              39.25239616613419,
              25.514376996805026
            ],
            [
              39.124600638977654,
              25.706070287539887
            ],
            [
              38.99680511182112,
              25.89776357827475
            ],
            [
              39.06070287539933,
              26.089456869009496
            ],
            [
              39.316293929712515,
              26.15335463258782
            ],
            [
              39.57188498402559,
              26.089456869009496
            ],
            [
              39.76357827476045,
              26.025559105431284
            ],
            [
              39.955271565495195,
              25.96166134185296
            ],
            [
              40.146964856230056,
              25.89776357827475
            ],
            [
              40.40255591054313,
              25.89776357827475
            ],
            [
              40.6581469648562,
              25.89776357827475
            ],
            [
              40.91373801916939,
              25.89776357827475
            ],
            [
              41.105431309904134,
              25.833865814696424
            ],
            [
              41.361022364217206,
              25.833865814696424
            ],
            [
              41.55271565495207,
              25.96166134185296
            ],
            [
              41.74440894568693,
              26.089456869009496
            ],
            [
              41.93610223642179,
              26.281150159744357
            ],
            [
              42.127795527156536,
              26.408945686900893
            ],
            [
              42.25559105431307,
              26.600638977635754
            ],
            [
              42.38338658146961,
              26.792332268370615
            ],
            [
              42.57507987220447,
              26.92012779552715
            ],
            [
              42.76677316293933,
              26.984025559105362
            ],
            [
              42.95846645367419,
              27.111821086261898
            ],
            [
              43.15015974440894,
              27.239616613418434
            ],
            [
              43.3418530351438,
              27.431309904153295
            ],
            [
              43.469648562300335,
              27.623003194888156
            ],
            [
              43.59744408945687,
              27.814696485623017
            ],
            [
              43.78913738019173,
              27.878594249201228
            ],
            [
              44.044728434504805,
              27.878594249201228
            ],
            [
              44.236421725239666,
              27.686900958466367
            ],
            [
              44.3642172523962,
              27.49520766773162
            ],
            [
              44.42811501597441,
              27.30351437699676
            ],
            [
              44.619808306709274,
              27.175718849840223
            ],
            [
              44.811501597444135,
              27.111821086261898
            ],
            [
              45.00319488817888,
              27.047923322683687
            ],
            [
              45.19488817891374,
              26.984025559105362
            ],
            [
              45.386581469648604,
              26.92012779552715
            ],
            [
              45.57827476038335,
              26.792332268370615
            ],
            [
              45.70607028753989,
              26.600638977635754
            ],
            [
              45.76996805111821,
              26.408945686900893
            ],
            [
              45.83386581469654,
              26.21725239616603
            ],
            [
              45.89776357827475,
              26.025559105431284
            ],
            [
              45.96166134185307,
              25.833865814696424
            ],
            [
              45.96166134185307,
              25.57827476038335
            ],
            [
              45.89776357827475,
              25.38658146964849
            ],
            [
              45.89776357827475,
              25.130990415335418
            ],
            [
              45.96166134185307,
              24.939297124600557
            ],
            [
              46.08945686900961,
              24.74760383386581
            ],
            [
              46.217252396166145,
              24.55591054313095
            ],
            [
              46.408945686901006,
              24.364217252396088
            ],
            [
              46.47284345047922,
              24.17252396166134
            ],
            [
              46.408945686901006,
              23.98083067092648
            ],
            [
              46.408945686901006,
              23.725239616613408
            ],
            [
              46.53674121405754,
              23.533546325878547
            ],
            [
              46.66453674121408,
              23.725239616613408
            ],
            [
              46.85623003194894,
              23.853035143769944
            ],
            [
              47.04792332268369,
              24.044728434504805
            ],
            [
              47.17571884984022,
              24.236421725239552
            ],
            [
              47.30351437699687,
              24.428115015974413
            ],
            [
              47.43130990415341,
              24.619808306709274
            ],
            [
              47.559105431309945,
              24.81150159744402
            ],
            [
              47.75079872204469,
              25.003194888178882
            ],
            [
              47.87859424920134,
              25.194888178913743
            ],
            [
              48.07028753993609,
              25.32268370607028
            ],
            [
              48.198083067092625,
              25.514376996805026
            ],
            [
              48.389776357827486,
              25.706070287539887
            ],
            [
              48.45367412140581,
              25.89776357827475
            ],
            [
              48.58146964856235,
              26.089456869009496
            ],
            [
              48.70926517571888,
              26.281150159744357
            ],
            [
              48.83706070287542,
              26.472843450479218
            ],
            [
              49.02875399361028,
              26.600638977635754
            ],
            [
              49.348242811501564,
              26.600638977635754
            ],
            [
              49.60383386581475,
              26.664536741213965
            ],
            [
              49.85942492012782,
              26.664536741213965
            ],
            [
              49.92332268370603,
              26.856230031948826
            ],
            [
              49.85942492012782,
              27.047923322683687
            ],
            [
              49.66773162939296,
              27.175718849840223
            ],
            [
              49.66773162939296,
              27.431309904153295
            ],
            [
              49.7955271565495,
              27.623003194888156
            ],
            [
              49.92332268370603,
              27.814696485623017
            ],
            [
              50.115015974440894,
              28.006389776357764
            ],
            [
              50.306709265175755,
              28.1341853035143
            ],
            [
              50.43450479233229,
              28.32587859424916
            ],
            [
              50.62619808306715,
              28.389776357827486
            ],
            [
              50.8178913738019,
              28.453674121405697
            ],
            [
              51.00958466453676,
              28.581469648562233
            ],
            [
              51.20127795527162,
              28.64536741214056
            ],
            [
              51.39297124600637,
              28.70926517571877
            ],
            [
              51.58466453674123,
              28.837060702875306
            ],
            [
              51.77635782747609,
              29.028753993610167
            ],
            [
              51.96805111821084,
              29.156549520766703
            ],
            [
              52.1597444089457,
              29.28434504792324
            ],
            [
              52.287539936102235,
              29.4760383386581
            ],
            [
              52.41533546325877,
              29.66773162939296
            ],
            [
              52.41533546325877,
              29.923322683706033
            ],
            [
              52.41533546325877,
              30.178913738019105
            ],
            [
              52.54313099041531,
              30.370607028753966
            ],
            [
              52.73482428115017,
              30.498402555910502
            ],
            [
              52.92651757188503,
              30.690095846645363
            ],
            [
              53.118210862619776,
              30.8178913738019
            ],
            [
              53.24600638977631,
              31.009584664536646
            ],
            [
              53.37380191693296,
              31.201277955271507
            ],
            [
              53.56549520766771,
              31.39297124600637
            ],
            [
              53.75718849840257,
              31.58466453674123
            ],
            [
              53.94888178913743,
              31.776357827475977
            ],
            [
              54.14057507987218,
              31.8402555910543
            ],
            [
              54.33226837060704,
              31.904153354632513
            ],
            [
              54.396166134185364,
              32.095846645367374
            ],
            [
              54.58785942492011,
              32.287539936102235
            ],
            [
              54.651757188498436,
              32.47923322683698
            ],
            [
              54.71565495207665,
              32.67092651757184
            ],
            [
              54.71565495207665,
              32.926517571884915
            ],
            [
              54.77955271565497,
              33.118210862619776
            ],
            [
              54.8434504792333,
              33.30990415335464
            ],
            [
              54.90734824281151,
              33.501597444089384
            ],
            [
              54.97124600638983,
              33.693290734824245
            ],
            [
              55.16293929712458,
              33.884984025559106
            ],
            [
              55.35463258785944,
              34.07667731629385
            ],
            [
              55.48242811501598,
              34.268370607028714
            ],
            [
              55.67412140575084,
              34.460063897763575
            ],
            [
              55.865814696485586,
              34.65175718849832
            ],
            [
              56.05750798722045,
              34.77955271565486
            ],
            [
              56.24920127795531,
              34.97124600638972
            ],
            [
              56.376996805111844,
              35.16293929712458
            ],
            [
              56.568690095846705,
              35.22683706070279
            ],
            [
              56.76038338658145,
              35.29073482428112
            ],
            [
              56.95207667731631,
              35.35463258785933
            ],
            [
              57.207667731629385,
              35.35463258785933
            ],
            [
              57.46325878594246,
              35.35463258785933
            ],
            [
              57.65495207667732,
              35.29073482428112
            ],
            [
              57.84664536741218,
              35.22683706070279
            ],
            [
              58.03833865814693,
              35.16293929712458
            ],
            [
              58.16613418530358,
              35.35463258785933
            ],
            [
              58.29392971246011,
              35.54632587859419
            ],
            [
              58.42172523961665,
              35.73801916932905
            ],
            [
              58.48562300319486,
              35.92971246006391
            ],
            [
              58.549520766773185,
              36.12140575079866
            ],
            [
              58.613418530351396,
              36.31309904153352
            ],
            [
              58.741214057508046,
              36.50479233226838
            ],
            [
              58.86900958466458,
              36.69648562300313
            ],
            [
              59.06070287539933,
              36.88817891373799
            ],
            [
              59.18849840255598,
              37.07987220447285
            ],
            [
              59.316293929712515,
              37.2715654952076
            ],
            [
              59.380191693290726,
              37.46325878594246
            ],
            [
              59.18849840255598,
              37.65495207667732
            ],
            [
              59.25239616613419,
              37.846645367412066
            ],
            [
              59.380191693290726,
              38.03833865814693
            ],
            [
              59.57188498402559,
              38.16613418530346
            ],
            [
              59.69968051118212,
              38.357827476038324
            ],
            [
              59.891373801916984,
              38.48562300319486
            ],
            [
              60.01916932907352,
              38.67731629392972
            ],
            [
              60.21086261980827,
              38.80511182108626
            ],
            [
              60.40255591054313,
              38.93290734824279
            ],
            [
              60.530351437699665,
              39.12460063897754
            ],
            [
              60.722044728434525,
              39.3162939297124
            ],
            [
              60.91373801916939,
              39.44408945686894
            ],
            [
              61.105431309904134,
              39.50798722044726
            ],
            [
              61.297124600638995,
              39.6357827476038
            ],
            [
              61.488817891373856,
              39.763578274760334
            ],
            [
              61.6805111821086,
              39.82747603833866
            ],
            [
              61.872204472843464,
              39.89137380191687
            ],
            [
              61.93610223642179,
              40.08306709265173
            ],
            [
              62.0,
              40.27476038338659
            ],
            [
              62.0,
              40.530351437699665
            ],
            [
              61.93610223642179,
              40.78594249201274
            ],
            [
              61.872204472843464,
              40.9776357827476
            ],
            [
              61.74440894568693,
              41.169329073482345
            ],
            [
              61.55271565495207,
              41.23322683706067
            ],
            [
              61.361022364217206,
              41.29712460063888
            ],
            [
              61.105431309904134,
              41.29712460063888
            ],
            [
              60.91373801916939,
              41.361022364217206
            ],
            [
              60.78594249201274,
              41.55271565495207
            ],
            [
              60.722044728434525,
              41.744408945686814
            ],
            [
              60.59424920127799,
              41.936102236421675
            ],
            [
              60.59424920127799,
              42.19169329073475
            ],
            [
              60.59424920127799,
              42.44728434504793
            ],
            [
              60.40255591054313,
              42.63897763578268
            ],
            [
              60.21086261980827,
              42.702875399361005
            ],
            [
              60.01916932907352,
              42.76677316293922
            ],
            [
              59.76357827476045,
              42.76677316293922
            ],
            [
              59.50798722044726,
              42.76677316293922
            ],
            [
              59.25239616613419,
              42.76677316293922
            ],
            [
              58.99680511182112,
              42.702875399361005
            ],
            [
              58.741214057508046,
              42.63897763578268
            ],
            [
              58.48562300319486,
              42.57507987220447
            ],
            [
              58.29392971246011,
              42.511182108626144
            ],
            [
              57.974440894568716,
              42.511182108626144
            ],
            [
              57.65495207667732,
              42.511182108626144
            ],
            [
              57.399361022364246,
              42.57507987220447
            ],
            [
              57.207667731629385,
              42.63897763578268
            ],
            [
              57.015974440894524,
              42.702875399361005
            ],
            [
              56.82428115015978,
              42.76677316293922
            ],
            [
              56.632587859424916,
              42.89456869009575
            ],
            [
              56.440894568690055,
              43.0223642172524
            ],
            [
              56.24920127795531,
              43.15015974440894
            ],
            [
              56.05750798722045,
              43.341853035143686
            ],
            [
              55.865814696485586,
              43.46964856230022
            ],
            [
              55.67412140575084,
              43.53354632587855
            ],
            [
              55.48242811501598,
              43.59744408945687
            ],
            [
              55.226837060702906,
              43.59744408945687
            ],
            [
              54.97124600638983,
              43.59744408945687
            ],
            [
              54.71565495207665,
              43.59744408945687
            ],
            [
              54.460063897763575,
              43.59744408945687
            ],
            [
              54.2044728434505,
              43.59744408945687
            ],
            [
              54.01277955271564,
              43.66134185303508
            ],
            [
              53.82108626198078,
              43.72523961661341
            ],
            [
              53.629392971246034,
              43.78913738019162
            ],
            [
              53.43769968051117,
              43.916932907348155
            ],
            [
              53.24600638977631,
              44.044728434504805
            ],
            [
              53.054313099041565,
              44.108626198083016
            ],
            [
              52.862619808306704,
              44.17252396166134
            ],
            [
              52.73482428115017,
              43.98083067092648
            ],
            [
              52.60702875399363,
              43.78913738019162
            ],
            [
              52.41533546325877,
              43.66134185303508
            ],
            [
              52.22364217252402,
              43.53354632587855
            ],
            [
              52.03194888178916,
              43.46964856230022
            ],
            [
              51.8402555910543,
              43.40575079872201
            ],
            [
              51.648562300319554,
              43.341853035143686
            ],
            [
              51.39297124600637,
              43.341853035143686
            ],
            [
              51.137380191693296,
              43.341853035143686
            ],
            [
              50.881789137380224,
              43.341853035143686
            ],
            [
              50.62619808306715,
              43.341853035143686
            ],
            [
              50.43450479233229,
              43.277955271565475
            ],
            [
              50.17891373801922,
              43.277955271565475
            ],
            [
              49.92332268370603,
              43.277955271565475
            ],
            [
              49.66773162939296,
              43.277955271565475
            ],
            [
              49.4760383386581,
              43.21405750798715
            ],
            [
              49.28434504792335,
              43.15015974440894
            ],
            [
              49.09265175718849,
              43.0223642172524
            ],
            [
              48.90095846645363,
              42.95846645367408
            ],
            [
              48.64536741214056,
              42.95846645367408
            ],
            [
              48.389776357827486,
              42.95846645367408
            ],
            [
              48.134185303514414,
              42.95846645367408
            ],
            [
              47.87859424920134,
              42.95846645367408
            ],
            [
              47.68690095846648,
              43.0223642172524
            ],
            [
              47.49520766773162,
              43.08626198083061
            ],
            [
              47.30351437699687,
              43.15015974440894
            ],
            [
              47.11182108626201,
              43.21405750798715
            ],
            [
              46.85623003194894,
              43.21405750798715
            ],
            [
              46.600638977635754,
              43.21405750798715
            ],
            [
              46.34504792332268,
              43.21405750798715
            ],
            [
              46.15335463258782,
              43.15015974440894
            ],
            [
              45.96166134185307,
              43.0223642172524
            ],
            [
              45.76996805111821,
              42.95846645367408
            ],
            [
              45.57827476038335,
              42.89456869009575
            ],
            [
              45.386581469648604,
              42.83067092651754
            ],
            [
              45.13099041533542,
              42.83067092651754
            ],
            [
              44.93929712460067,
              42.89456869009575
            ],
            [
              44.74760383386581,
              42.95846645367408
            ],
            [
              44.49201277955274,
              42.95846645367408
            ],
            [
              44.236421725239666,
              42.95846645367408
            ],
            [
              43.98083067092648,
              42.95846645367408
            ],
            [
              43.72523961661341,
              42.95846645367408
            ],
            [
              43.40575079872201,
              42.95846645367408
            ],
            [
              43.21405750798726,
              42.89456869009575
            ],
            [
              42.95846645367419,
              42.83067092651754
            ],
            [
              42.702875399361005,
              42.83067092651754
            ],
            [
              42.44728434504793,
              42.83067092651754
            ],
            [
              42.19169329073486,
              42.83067092651754
            ],
            [
              42.0,
              42.89456869009575
            ],
            [
              41.80830670926514,
              42.95846645367408
            ],
            [
              41.55271565495207,
              42.95846645367408
            ],
            [
              41.361022364217206,
              43.0223642172524
            ],
            [
              41.105431309904134,
              43.0223642172524
            ],
            [
              40.91373801916939,
              43.08626198083061
            ],
            [
              40.6581469648562,
              43.08626198083061
            ],
            [
              40.46645367412145,
              43.15015974440894
            ],
            [
              40.27476038338659,
              43.21405750798715
            ],
            [
              40.08306709265173,
              43.277955271565475
            ],
            [
              39.891373801916984,
              43.40575079872201
            ],
            [
              39.69968051118212,
              43.46964856230022
            ],
            [
              39.50798722044726,
              43.53354632587855
            ],
            [
              39.316293929712515,
              43.59744408945687
            ],
            [
              39.06070287539933,
              43.59744408945687
            ],
            [
              38.86900958466458,
              43.53354632587855
            ],
            [
              38.741214057508046,
              43.341853035143686
            ],
            [
              38.48562300319486,
              43.277955271565475
            ],
            [
              38.357827476038324,
              43.08626198083061
            ],
            [
              38.16613418530358,
              42.95846645367408
            ],
            [
              37.974440894568716,
              42.89456869009575
            ],
            [
              37.782747603833855,
              42.83067092651754
            ],
            [
              37.591054313098994,
              42.76677316293922
            ],
            [
              37.399361022364246,
              42.702875399361005
            ],
            [
              37.143769968051174,
              42.702875399361005
            ],
            [
              36.88817891373799,
              42.702875399361005
            ],
            [
              36.69648562300324,
              42.76677316293922
            ],
            [
              36.50479233226838,
              42.83067092651754
            ],
            [
              36.31309904153352,
              42.95846645367408
            ],
            [
              36.12140575079877,
              43.08626198083061
            ],
            [
              35.92971246006391,
              43.277955271565475
            ],
            [
              35.73801916932905,
              43.40575079872201
            ],
            [
              35.610223642172514,
              43.59744408945687
            ],
            [
              35.41853035143777,
              43.66134185303508
            ],
            [
              35.29073482428112,
              43.853035143769944
            ],
            [
              35.09904153354637,
              43.916932907348155
            ],
            [
              35.035143769968045,
              44.108626198083016
            ],
            [
              34.90734824281151,
              44.30031948881788
            ],
            [
              34.77955271565497,
              44.492012779552624
            ],
            [
              34.71565495207665,
              44.683706070287485
            ],
            [
              34.5239616613419,
              44.875399361022346
            ],
            [
              34.33226837060704,
              45.06709265175709
            ],
            [
              34.14057507987218,
              45.19488817891374
            ],
            [
              33.94888178913743,
              45.32268370607028
            ],
            [
              33.75718849840257,
              45.38658146964849
            ],
            [
              33.629392971246034,
              45.57827476038335
            ],
            [
              33.56549520766771,
              45.76996805111821
            ],
            [
              33.37380191693296,
              45.89776357827475
            ],
            [
              33.1821086261981,
              46.089456869009496
            ],
            [
              32.99041533546324,
              46.21725239616603
            ],
            [
              32.79872204472849,
              46.28115015974436
            ],
            [
              32.60702875399363,
              46.34504792332268
            ],
            [
              32.35143769968056,
              46.34504792332268
            ],
            [
              32.095846645367374,
              46.34504792332268
            ],
            [
              31.8402555910543,
              46.34504792332268
            ],
            [
              31.648562300319554,
              46.28115015974436
            ],
            [
              31.648562300319554,
              46.025559105431284
            ],
            [
              31.712460063897765,
              45.83386581469642
            ],
            [
              31.77635782747609,
              45.64217252396156
            ],
            [
              31.58466453674123,
              45.51437699680503
            ],
            [
              31.39297124600637,
              45.450479233226815
            ],
            [
              31.20127795527162,
              45.32268370607028
            ],
            [
              30.945686900958435,
              45.32268370607028
            ],
            [
              30.753993610223688,
              45.258785942491954
            ],
            [
              30.498402555910502,
              45.258785942491954
            ],
            [
              30.24281150159743,
              45.258785942491954
            ],
            [
              29.987220447284358,
              45.258785942491954
            ],
            [
              29.731629392971286,
              45.258785942491954
            ],
            [
              29.476038338658213,
              45.258785942491954
            ],
            [
              29.284345047923352,
              45.13099041533542
            ],
            [
              29.02875399361028,
              45.06709265175709
            ],
            [
              28.83706070287542,
              45.00319488817888
            ],
            [
              28.581469648562347,
              44.93929712460056
            ],
            [
              28.389776357827486,
              44.875399361022346
            ],
            [
              28.198083067092625,
              44.74760383386581
            ],
            [
              28.006389776357878,
              44.619808306709274
            ],
            [
              27.814696485623017,
              44.492012779552624
            ],
            [
              27.68690095846648,
              44.30031948881788
            ],
            [
              27.559105431309945,
              44.108626198083016
            ],
            [
              27.559105431309945,
              43.853035143769944
            ],
            [
              27.49520766773162,
              43.66134185303508
            ],
            [
              27.303514376996873,
              43.53354632587855
            ],
            [
              27.175718849840223,
              43.341853035143686
            ],
            [
              27.11182108626201,
              43.15015974440894
            ],
            [
              27.047923322683687,
              42.95846645367408
            ],
            [
              26.92012779552715,
              42.76677316293922
            ],
            [
              26.85623003194894,
              42.57507987220447
            ],
            [
              26.85623003194894,
              42.31948881789128
            ],
            [
              26.85623003194894,
              42.06389776357821
            ],
            [
              26.85623003194894,
              41.80830670926514
            ],
            [
              26.85623003194894,
              41.55271565495207
            ],
            [
              26.85623003194894,
              41.29712460063888
            ],
            [
              26.85623003194894,
              41.04153354632581
            ],
            [
              26.66453674121408,
              40.91373801916927
            ],
            [
              26.408945686901006,
              40.91373801916927
            ],
            [
              26.217252396166145,
              40.9776357827476
            ],
            [
              26.08945686900961,
              41.169329073482345
            ],
            [
              25.89776357827475,
              41.23322683706067
            ],
            [
              25.706070287539944,
              41.29712460063888
            ],
            [
              25.450479233226872,
              41.361022364217206
            ],
            [
              25.194888178913743,
              41.361022364217206
            ],
            [
              25.00319488817894,
              41.42492012779553
            ],
            [
              24.811501597444078,
              41.48881789137374
            ],
            [
              24.619808306709274,
              41.55271565495207
            ],
            [
              24.3642172523962,
              41.55271565495207
            ],
            [
              24.108626198083073,
              41.55271565495207
            ],
            [
              23.85303514377,
              41.55271565495207
            ],
            [
              23.59744408945687,
              41.61661341853028
            ],
            [
              23.469648562300335,
              41.80830670926514
            ],
            [
              23.27795527156553,
              41.936102236421675
            ],
            [
              23.15015974440894,
              42.127795527156536
            ],
            [
              22.958466453674134,
              42.25559105431307
            ],
            [
              22.830670926517598,
              42.44728434504793
            ],
            [
              22.638977635782737,
              42.57507987220447
            ],
            [
              22.447284345047933,
              42.702875399361005
            ],
            [
              22.25559105431313,
              42.83067092651754
            ],
            [
              22.063897763578268,
              42.89456869009575
            ],
            [
              21.872204472843464,
              42.95846645367408
            ],
            [
              21.68051118210866,
              43.0223642172524
            ],
            [
              21.42492012779553,
              43.0223642172524
            ],
            [
              21.233226837060727,
              43.08626198083061
            ],
            [
              21.041533546325866,
              43.15015974440894
            ],
            [
              20.84984025559106,
              43.21405750798715
            ],
            [
              20.658146964856257,
              43.341853035143686
            ],
            [
              20.466453674121396,
              43.40575079872201
            ],
            [
              20.274760383386592,
              43.46964856230022
            ],
            [
              20.08306709265179,
              43.53354632587855
            ],
            [
              19.891373801916927,
              43.59744408945687
            ],
            [
              19.699680511182123,
              43.66134185303508
            ],
            [
              19.50798722044732,
              43.72523961661341
            ],
            [
              19.316293929712458,
              43.78913738019162
            ],
            [
              19.124600638977654,
              43.853035143769944
            ],
            [
              18.93290734824285,
              43.916932907348155
            ],
            [
              18.74121405750799,
              43.98083067092648
            ],
            [
              18.549520766773185,
              44.044728434504805
            ],
            [
              18.357827476038324,
              44.108626198083016
            ],
            [
              18.16613418530352,
              44.17252396166134
            ],
            [
              17.974440894568716,
              44.23642172523955
            ],
            [
              17.782747603833855,
              44.30031948881788
            ],
            [
              17.59105431309905,
              44.36421725239609
            ],
            [
              17.33546325878598,
              44.42811501597441
            ],
            [
              17.07987220447285,
              44.42811501597441
            ],
            [
              16.888178913738045,
              44.492012779552624
            ],
            [
              16.632587859424916,
              44.492012779552624
            ],
            [
              16.440894568690112,
              44.55591054313095
            ],
            [
              16.185303514376983,
              44.55591054313095
            ],
            [
              15.92971246006391,
              44.619808306709274
            ],
            [
              15.674121405750839,
              44.619808306709274
            ],
            [
              15.41853035143771,
              44.619808306709274
            ],
            [
              15.162939297124638,
              44.619808306709274
            ],
            [
              14.907348242811508,
              44.619808306709274
            ],
            [
              14.651757188498436,
              44.619808306709274
            ],
            [
              14.396166134185307,
              44.619808306709274
            ],
            [
              14.140575079872235,
              44.619808306709274
            ],
            [
              13.884984025559106,
              44.619808306709274
            ],
            [
              13.629392971246034,
              44.619808306709274
            ],
            [
              13.437699680511173,
              44.683706070287485
            ],
            [
              13.246006389776369,
              44.74760383386581
            ],
            [
              12.990415335463297,
              44.74760383386581
            ],
            [
              12.798722044728436,
              44.81150159744402
            ],
            [
              12.607028753993632,
              44.74760383386581
            ],
            [
              12.543130990415364,
              44.55591054313095
            ],
            [
              12.41533546325877,
              44.36421725239609
            ],
            [
              12.351437699680503,
              44.17252396166134
            ],
            [
              12.159744408945699,
              44.044728434504805
            ],
            [
              12.031948881789162,
              43.853035143769944
            ],
            [
              11.840255591054301,
              43.72523961661341
            ],
            [
              11.712460063897765,
              43.53354632587855
            ],
            [
              11.520766773162961,
              43.40575079872201
            ],
            [
              11.392971246006425,
              43.21405750798715
            ],
            [
              11.265175718849832,
              43.0223642172524
            ],
            [
              11.137380191693296,
              42.83067092651754
            ],
            [
              10.945686900958492,
              42.702875399361005
            ],
            [
              10.817891373801956,
              42.511182108626144
            ],
            [
              10.817891373801956,
              42.25559105431307
            ],
            [
              11.00958466453676,
              42.19169329073475
            ],
            [
              11.137380191693296,
              42.0
            ],
            [
              11.3290734824281,
              41.936102236421675
            ],
            [
              11.520766773162961,
              41.80830670926514
            ],
            [
              11.712460063897765,
              41.6805111821086
            ],
            [
              11.904153354632626,
              41.61661341853028
            ],
            [
              12.09584664536743,
              41.55271565495207
            ],
            [
              12.351437699680503,
              41.48881789137374
            ],
            [
              12.607028753993632,
              41.48881789137374
            ],
            [
              12.862619808306704,
              41.48881789137374
            ],
            [
              13.118210862619833,
              41.48881789137374
            ],
            [
              13.309904153354637,
              41.55271565495207
            ],
            [
              13.565495207667766,
              41.55271565495207
            ],
            [
              13.75718849840257,
              41.61661341853028
            ],
            [
              14.012779552715642,
              41.61661341853028
            ],
            [
              14.268370607028771,
              41.61661341853028
            ],
            [
              14.523961661341843,
              41.61661341853028
            ],
            [
              14.779552715654972,
              41.61661341853028
            ],
            [
              15.035143769968045,
              41.61661341853028
            ],
            [
              15.226837060702906,
              41.48881789137374
            ],
            [
              15.41853035143771,
              41.42492012779553
            ],
            [
              15.546325878594246,
              41.23322683706067
            ],
            [
              15.546325878594246,
              40.9776357827476
            ],
            [
              15.482428115015978,
              40.78594249201274
            ],
            [
              15.290734824281174,
              40.594249201277876
            ],
            [
              15.099041533546313,
              40.46645367412134
            ],
            [
              14.971246006389777,
              40.27476038338659
            ],
            [
              14.84345047923324,
              40.08306709265173
            ],
            [
              14.971246006389777,
              39.89137380191687
            ],
            [
              15.035143769968045,
              39.69968051118201
            ],
            [
              14.971246006389777,
              39.50798722044726
            ],
            [
              14.907348242811508,
              39.3162939297124
            ],
            [
              14.907348242811508,
              39.06070287539933
            ],
            [
              14.84345047923324,
              38.86900958466447
            ],
            [
              14.651757188498436,
              38.74121405750793
            ],
            [
              14.460063897763575,
              38.613418530351396
            ],
            [
              14.268370607028771,
              38.48562300319486
            ],
            [
              14.140575079872235,
              38.29392971246
            ],
            [
              14.012779552715642,
              38.10223642172514
            ],
            [
              13.948881789137374,
              37.91054313099039
            ],
            [
              13.821086261980838,
              37.71884984025553
            ],
            [
              13.821086261980838,
              37.46325878594246
            ],
            [
              13.821086261980838,
              37.207667731629385
            ],
            [
              13.821086261980838,
              36.9520766773162
            ],
            [
              13.821086261980838,
              36.69648562300313
            ],
            [
              13.884984025559106,
              36.50479233226838
            ],
            [
              13.948881789137374,
              36.31309904153352
            ],
            [
              13.75718849840257,
              36.18530351437698
            ],
            [
              13.629392971246034,
              35.99361022364212
            ],
            [
              13.501597444089498,
              35.80191693290726
            ],
            [
              13.309904153354637,
              35.674121405750725
            ],
            [
              13.118210862619833,
              35.610223642172514
            ],
            [
              13.054313099041565,
              35.41853035143765
            ],
            [
              13.118210862619833,
              35.22683706070279
            ],
            [
              13.1821086261981,
              35.035143769968045
            ],
            [
              13.373801916932905,
              34.90734824281151
            ],
            [
              13.629392971246034,
              34.90734824281151
            ],
            [
              13.821086261980838,
              34.843450479233184
            ],
            [
              14.012779552715642,
              34.77955271565486
            ],
            [
              14.204472843450503,
              34.71565495207665
            ],
            [
              14.396166134185307,
              34.65175718849832
            ],
            [
              14.587859424920111,
              34.58785942492011
            ],
            [
              14.779552715654972,
              34.52396166134179
            ],
            [
              14.971246006389777,
              34.460063897763575
            ],
            [
              15.162939297124638,
              34.39616613418525
            ],
            [
              15.354632587859442,
              34.332268370606926
            ],
            [
              15.546325878594246,
              34.268370607028714
            ],
            [
              15.801916932907375,
              34.20447284345039
            ],
            [
              16.057507987220447,
              34.20447284345039
            ],
            [
              16.249201277955308,
              34.14057507987218
            ],
            [
              16.440894568690112,
              34.07667731629385
            ],
            [
              16.632587859424916,
              33.94888178913732
            ],
            [
              16.824281150159777,
              33.82108626198078
            ],
            [
              17.01597444089458,
              33.693290734824245
            ],
            [
              17.207667731629385,
              33.62939297124592
            ],
            [
              17.399361022364246,
              33.56549520766771
            ],
            [
              17.59105431309905,
              33.43769968051117
            ],
            [
              17.84664536741218,
              33.37380191693285
            ],
            [
              18.038338658146984,
              33.30990415335464
            ],
            [
              18.293929712460056,
              33.24600638977631
            ],
            [
              18.485623003194917,
              33.18210862619799
            ],
            [
              18.67731629392972,
              33.05431309904145
            ],
            [
              18.93290734824285,
              32.926517571884915
            ],
            [
              19.124600638977654,
              32.79872204472838
            ],
            [
              19.380191693290726,
              32.73482428115017
            ],
            [
              19.571884984025587,
              32.60702875399352
            ],
            [
              19.82747603833866,
              32.60702875399352
            ],
            [
              20.01916932907352,
              32.67092651757184
            ],
            [
              20.274760383386592,
              32.79872204472838
            ],
            [
              20.658146964856257,
              32.79872204472838
            ],
            [
              20.91373801916933,
              32.79872204472838
            ],
            [
              21.16932907348246,
              32.79872204472838
            ],
            [
              21.361022364217263,
              32.73482428115017
            ],
            [
              21.552715654952067,
              32.60702875399352
            ],
            [
              21.744408945686928,
              32.47923322683698
            ],
            [
              21.808306709265196,
              32.287539936102235
            ],
            [
              21.808306709265196,
              32.03194888178905
            ],
            [
              21.872204472843464,
              31.776357827475977
            ],
            [
              22.0,
              31.58466453674123
            ],
            [
              22.127795527156536,
              31.39297124600637
            ],
            [
              22.25559105431313,
              31.201277955271507
            ],
            [
              22.319488817891397,
              31.009584664536646
            ],
            [
              22.25559105431313,
              30.8178913738019
            ],
            [
              22.063897763578268,
              30.753993610223574
            ],
            [
              21.872204472843464,
              30.690095846645363
            ],
            [
              21.68051118210866,
              30.626198083067038
            ],
            [
              21.4888178913738,
              30.562300319488713
            ],
            [
              21.297124600638995,
              30.498402555910502
            ],
            [
              21.041533546325866,
              30.498402555910502
            ],
            [
              20.84984025559106,
              30.434504792332177
            ],
            [
              20.59424920127799,
              30.434504792332177
            ],
            [
              20.40255591054313,
              30.370607028753966
            ],
            [
              20.146964856230056,
              30.370607028753966
            ],
            [
              19.891373801916927,
              30.370607028753966
            ],
            [
              19.635782747603855,
              30.370607028753966
            ],
            [
              19.380191693290726,
              30.370607028753966
            ],
            [
              19.124600638977654,
              30.370607028753966
            ],
            [
              18.93290734824285,
              30.434504792332177
            ],
            [
              18.67731629392972,
              30.434504792332177
            ],
            [
              18.42172523961665,
              30.434504792332177
            ],
            [
              18.16613418530352,
              30.434504792332177
            ],
            [
              17.974440894568716,
              30.370607028753966
            ],
            [
              17.782747603833855,
              30.30670926517564
            ],
            [
              17.59105431309905,
              30.178913738019105
            ],
            [
              17.399361022364246,
              30.115015974440894
            ],
            [
              17.143769968051117,
              30.115015974440894
            ],
            [
              16.888178913738045,
              30.115015974440894
            ],
            [
              16.632587859424916,
              30.115015974440894
            ],
            [
              16.440894568690112,
              30.178913738019105
            ],
            [
              16.185303514376983,
              30.178913738019105
            ],
            [
              15.993610223642179,
              30.115015974440894
            ]
          ],
          [
            [
              11.840255591054301,
              29.859424920127708
            ],
            [
              11.776357827476033,
              30.05111821086257
            ],
            [
              11.58466453674123,
              29.923322683706033
            ],
            [
              11.456869009584693,
              29.731629392971172
            ],
            [
              11.265175718849832,
              29.66773162939296
            ],
            [
              11.073482428115028,
              29.603833865814636
            ],
            [
              10.817891373801956,
              29.603833865814636
            ],
            [
              10.562300319488827,
              29.603833865814636
            ],
            [
              10.24281150159743,
              29.603833865814636
            ],
            [
              9.987220447284358,
              29.603833865814636
            ],
            [
              9.731629392971286,
              29.603833865814636
            ],
            [
              9.476038338658157,
              29.603833865814636
            ],
            [
              9.284345047923352,
              29.539936102236425
            ],
            [
              9.028753993610223,
              29.539936102236425
            ],
            [
              8.83706070287542,
              29.4760383386581
            ],
            [
              8.645367412140615,
              29.412140575079775
            ],
            [
              8.645367412140615,
              29.156549520766703
            ],
            [
              8.58146964856229,
              28.964856230031955
            ],
            [
              8.453674121405754,
              28.773162939297094
            ],
            [
              8.198083067092682,
              28.773162939297094
            ],
            [
              7.942492012779553,
              28.773162939297094
            ],
            [
              7.750798722044749,
              28.90095846645363
            ],
            [
              7.559105431309945,
              28.964856230031955
            ],
            [
              7.367412140575084,
              29.028753993610167
            ],
            [
              7.17571884984028,
              29.09265175718849
            ],
            [
              6.984025559105419,
              29.028753993610167
            ],
            [
              6.792332268370615,
              28.90095846645363
            ],
            [
              6.664536741214079,
              28.70926517571877
            ],
            [
              6.664536741214079,
              28.453674121405697
            ],
            [
              6.472843450479218,
              28.389776357827486
            ],
            [
              6.2811501597444135,
              28.32587859424916
            ],
            [
              6.089456869009609,
              28.261980830670836
            ],
            [
              5.83386581469648,
              28.198083067092625
            ],
            [
              5.642172523961676,
              28.1341853035143
            ],
            [
              5.450479233226872,
              28.07028753993609
            ],
            [
              5.194888178913743,
              28.07028753993609
            ],
            [
              5.003194888178939,
              28.006389776357764
            ],
            [
              4.811501597444078,
              27.942492012779553
            ],
            [
              4.683706070287542,
              27.750798722044692
            ],
            [
              4.492012779552738,
              27.623003194888156
            ],
            [
              4.492012779552738,
              27.367412140575084
            ],
            [
              4.42811501597447,
              27.175718849840223
            ],
            [
              4.364217252396202,
              26.984025559105362
            ],
            [
              4.300319488817877,
              26.792332268370615
            ],
            [
              4.172523961661341,
              26.600638977635754
            ],
            [
              3.9808306709265366,
              26.472843450479218
            ],
            [
              3.7891373801917325,
              26.408945686900893
            ],
            [
              3.5974440894568716,
              26.281150159744357
            ],
            [
              3.5335463258786035,
              26.089456869009496
            ],
            [
              3.5335463258786035,
              25.833865814696424
            ],
            [
              3.5335463258786035,
              25.57827476038335
            ],
            [
              3.5335463258786035,
              25.32268370607028
            ],
            [
              3.3418530351437994,
              25.130990415335418
            ],
            [
              3.1501597444089384,
              25.067092651757093
            ],
            [
              2.9584664536741343,
              24.939297124600557
            ],
            [
              2.830670926517598,
              24.74760383386581
            ],
            [
              2.6389776357827373,
              24.55591054313095
            ],
            [
              2.447284345047933,
              24.428115015974413
            ],
            [
              2.383386581469665,
              24.236421725239552
            ],
            [
              2.319488817891397,
              24.044728434504805
            ],
            [
              2.191693290734861,
              23.853035143769944
            ],
            [
              2.0,
              23.725239616613408
            ],
            [
              2.0,
              23.469648562300335
            ],
            [
              2.0,
              23.21405750798715
            ],
            [
              2.0,
              22.958466453674077
            ],
            [
              2.0,
              22.702875399361005
            ],
            [
              2.063897763578268,
              22.44728434504782
            ],
            [
              2.063897763578268,
              22.191693290734747
            ],
            [
              2.063897763578268,
              21.936102236421675
            ],
            [
              2.063897763578268,
              21.680511182108603
            ],
            [
              2.063897763578268,
              21.42492012779553
            ],
            [
              2.063897763578268,
              21.169329073482345
            ],
            [
              2.127795527156536,
              20.977635782747598
            ],
            [
              2.063897763578268,
              20.785942492012737
            ],
            [
              2.127795527156536,
              20.594249201277876
            ],
            [
              2.319488817891397,
              20.40255591054313
            ],
            [
              2.447284345047933,
              20.210862619808267
            ],
            [
              2.6389776357827373,
              20.019169329073407
            ],
            [
              2.76677316293933,
              19.82747603833866
            ],
            [
              2.9584664536741343,
              19.763578274760334
            ],
            [
              3.1501597444089384,
              19.699680511182123
            ],
            [
              3.3418530351437994,
              19.6357827476038
            ],
            [
              3.5335463258786035,
              19.699680511182123
            ],
            [
              3.6613418530351396,
              19.89137380191687
            ],
            [
              3.8530351437700006,
              20.08306709265173
            ],
            [
              3.9808306709265366,
              20.338658146964804
            ],
            [
              4.108626198083073,
              20.530351437699665
            ],
            [
              4.364217252396202,
              20.722044728434412
            ],
            [
              4.555910543131006,
              20.84984025559106
            ],
            [
              4.74760383386581,
              20.977635782747598
            ],
            [
              5.067092651757207,
              21.04153354632581
            ],
            [
              5.322683706070279,
              21.04153354632581
            ],
            [
              5.642172523961676,
              20.977635782747598
            ],
            [
              5.961661341853073,
              20.913738019169273
            ],
            [
              6.153354632587877,
              20.84984025559106
            ],
            [
              6.3450479233226815,
              20.785942492012737
            ],
            [
              6.6006389776358105,
              20.722044728434412
            ],
            [
              6.792332268370615,
              20.6581469648562
            ],
            [
              6.984025559105419,
              20.594249201277876
            ],
            [
              7.239616613418548,
              20.530351437699665
            ],
            [
              7.431309904153352,
              20.46645367412134
            ],
            [
              7.686900958466481,
              20.46645367412134
            ],
            [
              7.942492012779553,
              20.46645367412134
            ],
            [
              8.134185303514414,
              20.530351437699665
            ],
            [
              8.389776357827486,
              20.594249201277876
            ],
            [
              8.58146964856229,
              20.6581469648562
            ],
            [
              8.83706070287542,
              20.6581469648562
            ],
            [
              9.028753993610223,
              20.722044728434412
            ],
            [
              9.284345047923352,
              20.722044728434412
            ],
            [
              9.539936102236425,
              20.722044728434412
            ],
            [
              9.731629392971286,
              20.6581469648562
            ],
            [
              9.92332268370609,
              20.594249201277876
            ],
            [
              10.178913738019162,
              20.530351437699665
            ],
            [
              10.434504792332291,
              20.530351437699665
            ],
            [
              10.626198083067095,
              20.722044728434412
            ],
            [
              10.881789137380224,
              20.722044728434412
            ],
            [
              11.073482428115028,
              20.6581469648562
            ],
            [
              11.265175718849832,
              20.594249201277876
            ],
            [
              11.520766773162961,
              20.530351437699665
            ],
            [
              11.776357827476033,
              20.46645367412134
            ],
            [
              12.09584664536743,
              20.46645367412134
            ],
            [
              12.287539936102235,
              20.40255591054313
            ],
            [
              12.607028753993632,
              20.40255591054313
            ]
          ]
        ]
      }
    }
  ]
}