{
  "type": "FeatureCollection",
  "crs": {
    "type": "name",
    "properties": {
      "name": "urn:ogc:def:crs:OGC:1.3:CRS84"
    }
  },
  "features": [
    {
      "type": "Feature",
      "properties": {
        "timestamp": "2026-04-02T13:23:14.640623",
        "country_name": "Other",
        "author": "",
        "author_id": "ca111b46-117f-4e45-bde2-716438a2d018",
        "validated": false,
        "ranking": [
          [
            "Vietnam",
            0.05995219573378563
          ],
          [
            "Faroe Islands",
            0.049087945371866226
          ],
          [
            "Somalia",
            0.046254713088274
          ],
          [
            "Togo",
            0.04231290519237518
          ],
          [
            "Peru",
            0.03841458261013031
          ],
          [
            "Spain",
            0.035382188856601715
          ],
          [
            "Finland",
            0.028787193819880486
          ],
          [
            "Svalbard",
            0.028575459495186806
          ],
          [
            "Benin",
            0.027689868584275246
          ],
          [
            "Guyana",
            0.02764878235757351
          ],
          [
            "Belize",
            0.027228331193327904
          ],
          [
            "Malawi",
            0.025827867910265923
          ],
          [
            "Mozambique",
            0.023902665823698044
          ],
          [
            "Greenland",
            0.02014586329460144
          ],
          [
            "Thailand",
            0.019947726279497147
          ],
          [
            "Tunisia",
            0.019565297290682793
          ],
          [
            "Portugal",
            0.016600260511040688
          ],
          [
            "Namibia",
            0.015639226883649826
          ],
          [
            "Vanuatu",
            0.015113930217921734
          ],
          [
            "Qatar",
            0.013278295285999775
          ],
          [
            "Cape Verde",
            0.011992555111646652
          ],
          [
            "Antigua & Barbuda",
            0.01175371278077364
          ],
          [
            "Argentina",
            0.011574357748031616
          ],
          [
            "Bahrain",
            0.011558076366782188
          ],
          [
            "Albania",
            0.010938084684312344
          ],
          [
            "Bangladesh",
            0.010818036273121834
          ],
          [
            "Fiji",
            0.010764233767986298
          ],
          [
            "Guadeloupe",
            0.010369984433054924
          ],
          [
            "Myanmar",
            0.010217550210654736
          ],
          [
            "Sweden",
            0.009673192165791988
          ],
          [
            "Moldova",
            0.009600148536264896
          ],
          [
            "Dominica",
            0.009185684844851494
          ],
          [
            "Croatia",
            0.008827722631394863
          ],
          [
            "West Bank",
            0.008803964592516422
          ],
          [
            "Libya",
            0.008420388214290142
          ],
          [
            "Syria",
            0.008324891328811646
          ],
          [
            "Israel",
            0.008319415152072906
          ],
          [
            "Jordan",
            0.00831195991486311
          ],
          [
            "Martinique",
            0.007538548670709133
          ],
          [
            "Congo",
            0.006385630927979946
          ],
          [
            "South Korea",
            0.0062422072514891624
          ],
          [
            "Egypt",
            0.005781020037829876
          ],
          [
            "Greece",
            0.005661792121827602
          ],
          [
            "New Zealand",
            0.005226633045822382
          ],
          [
            "South Georgia Islands",
            0.005087807774543762
          ],
          [
            "Iran",
            0.004947202745825052
          ],
          [
            "United Kingdom",
            0.004901368170976639
          ],
          [
            "Rwanda",
            0.004681148566305637
          ],
          [
            "Mayotte",
            0.0046137189492583275
          ],
          [
            "United States Virgin Islands",
            0.004594075959175825
          ],
          [
            "Lithuania",
            0.004500117152929306
          ],
          [
            "Saudi Arabia",
            0.004479982424527407
          ],
          [
            "Serbia",
            0.004380855709314346
          ],
          [
            "Norway",
            0.00426711468026042
          ],
          [
            "India",
            0.004239265341311693
          ],
          [
            "Australia",
            0.004220765084028244
          ],
          [
            "Sri Lanka",
            0.0039046495221555233
          ],
          [
            "Laos",
            0.0038922319654375315
          ],
          [
            "Canada",
            0.003667134325951338
          ],
          [
            "Saint Lucia",
            0.003661473048850894
          ],
          [
            "Bahamas",
            0.003410525619983673
          ],
          [
            "Burundi",
            0.0032227325718849897
          ],
          [
            "Chile",
            0.003113022306933999
          ],
          [
            "Taiwan",
            0.0030666657257825136
          ],
          [
            "Brazil",
            0.0029862020164728165
          ],
          [
            "Japan",
            0.0028613158501684666
          ],
          [
            "Romania",
            0.0028292646165937185
          ],
          [
            "Philippines",
            0.0027052597142755985
          ],
          [
            "North Macedonia",
            0.002409455832093954
          ],
          [
            "Venezuela",
            0.0023399260826408863
          ],
          [
            "Cambodia",
            0.002221647184342146
          ],
          [
            "Mauritania",
            0.0021819453686475754
          ],
          [
            "Guinea",
            0.0021396123338490725
          ],
          [
            "Guam",
            0.0020957805681973696
          ],
          [
            "Nigeria",
            0.002076122211292386
          ],
          [
            "France",
            0.0020502563565969467
          ],
          [
            "Belgium",
            0.0020345300436019897
          ],
          [
            "Suriname",
            0.00192457961384207
          ],
          [
            "Reunion",
            0.0018317102221772075
          ],
          [
            "Gabon",
            0.0018142692279070616
          ],
          [
            "Palau",
            0.0017444163095206022
          ],
          [
            "Colombia",
            0.0017441202653571963
          ],
          [
            "Costa Rica",
            0.0017353896982967854
          ],
          [
            "Sao Tome and Principe",
            0.0016684624133631587
          ],
          [
            "Cameroon",
            0.001608135411515832
          ],
          [
            "Brunei",
            0.0015912383096292615
          ],
          [
            "Ukraine",
            0.0015502972528338432
          ],
          [
            "Kenya",
            0.0015221397625282407
          ],
          [
            "Armenia",
            0.00146911118645221
          ],
          [
            "Italy",
            0.0014465857530012727
          ],
          [
            "Turkmenistan",
            0.0013917224714532495
          ],
          [
            "Equatorial Guinea",
            0.0013819143641740084
          ],
          [
            "Switzerland",
            0.0013576667988672853
          ],
          [
            "Afghanistan",
            0.001345206517726183
          ],
          [
            "Eritrea",
            0.0013220872497186065
          ],
          [
            "Angola",
            0.0013066919054836035
          ],
          [
            "Papua New Guinea",
            0.001295712310820818
          ],
          [
            "Bosnia & Herzegovina",
            0.001254140748642385
          ],
          [
            "Heard and McDonald Islands",
            0.001223148312419653
          ],
          [
            "Netherlands",
            0.001215364784002304
          ],
          [
            "Ireland",
            0.0011789473937824368
          ],
          [
            "Germany",
            0.0011760209454223514
          ],
          [
            "Mexico",
            0.0011631117668002844
          ],
          [
            "Azerbaijan",
            0.0011374171590432525
          ],
          [
            "Sudan",
            0.001129157724790275
          ],
          [
            "Solomon Islands",
            0.0011145647149533033
          ],
          [
            "Chad",
            0.001113689155317843
          ],
          [
            "North Korea",
            0.0010966657428070903
          ],
          [
            "Oman",
            0.0010920109925791621
          ],
          [
            "Madagascar",
            0.0010506956605240703
          ],
          [
            "Western Sahara",
            0.0010309296194463968
          ],
          [
            "Ecuador",
            0.0010227820603176951
          ],
          [
            "Iraq",
            0.0009717642678879201
          ],
          [
            "Kuwait",
            0.0009475222323089838
          ],
          [
            "Yemen",
            0.0009452622616663575
          ],
          [
            "Uganda",
            0.0009409092017449439
          ],
          [
            "Poland",
            0.0009278283105231822
          ],
          [
            "Côte d'Ivoire",
            0.000903609674423933
          ],
          [
            "Uzbekistan",
            0.0008719948236830533
          ],
          [
            "Paraguay",
            0.0008662210893817246
          ],
          [
            "Montenegro",
            0.0008508159662596881
          ],
          [
            "Trinidad and Tobago",
            0.0008504168945364654
          ],
          [
            "Mali",
            0.0008373185992240906
          ],
          [
            "Botswana",
            0.0008257045992650092
          ],
          [
            "Czech Republic",
            0.0008143527084030211
          ],
          [
            "South Sudan",
            0.0008136618416756392
          ],
          [
            "Guatemala",
            0.000805485702585429
          ],
          [
            "Burkina Faso",
            0.0008030144381336868
          ],
          [
            "Lesotho",
            0.0007843602797947824
          ],
          [
            "Eswatini",
            0.0007531905430369079
          ],
          [
            "French Guiana",
            0.0007370083476416767
          ],
          [
            "Liberia",
            0.0007279177661985159
          ],
          [
            "Estonia",
            0.0006713533657602966
          ],
          [
            "Algeria",
            0.000666180916596204
          ],
          [
            "Latvia",
            0.0006519726011902094
          ],
          [
            "Bolivia",
            0.0006444136961363256
          ],
          [
            "Ethiopia",
            0.000643590756226331
          ],
          [
            "United States of America",
            0.0006421830621547997
          ],
          [
            "South Africa",
            0.0006187734543345869
          ],
          [
            "Zimbabwe",
            0.000609576643910259
          ],
          [
            "Lebanon",
            0.0006080009043216705
          ],
          [
            "Belarus",
            0.0006048524519428611
          ],
          [
            "Djibouti",
            0.0005845582345500588
          ],
          [
            "Comoros",
            0.000578901672270149
          ],
          [
            "Ghana",
            0.0005581224104389548
          ],
          [
            "New Caledonia",
            0.0005474568461067975
          ],
          [
            "Nicaragua",
            0.0005435384809970856
          ],
          [
            "Tajikistan",
            0.0005248698289506137
          ],
          [
            "Iceland",
            0.0005244255298748612
          ],
          [
            "Senegal",
            0.0005206303321756423
          ],
          [
            "Turkey",
            0.0005165807087905705
          ],
          [
            "Niger",
            0.000512904895003885
          ],
          [
            "Slovakia",
            0.00048082886496558785
          ],
          [
            "El Salvador",
            0.00046567278332076967
          ],
          [
            "Zambia",
            0.0004501410585362464
          ],
          [
            "Timor-Leste",
            0.00042430084431543946
          ],
          [
            "Dominican Republic",
            0.00039973578532226384
          ],
          [
            "Isle of Man",
            0.00039166040369309485
          ],
          [
            "Uruguay",
            0.00038822798524051905
          ],
          [
            "Bhutan",
            0.0003689013246912509
          ],
          [
            "DR Congo",
            0.0003464297915343195
          ],
          [
            "Falkland Islands",
            0.00034431193489581347
          ],
          [
            "Guinea-Bissau",
            0.00033572581014595926
          ],
          [
            "China",
            0.00032763296621851623
          ],
          [
            "Honduras",
            0.0003248812281526625
          ],
          [
            "Georgia",
            0.00031816144473850727
          ],
          [
            "Slovenia",
            0.0003169295086991042
          ],
          [
            "Tanzania",
            0.00031068813404999673
          ],
          [
            "Hungary",
            0.0003042218741029501
          ],
          [
            "Barbados",
            0.0003032428212463856
          ],
          [
            "Luxembourg",
            0.00029727380024269223
          ],
          [
            "Cuba",
            0.00026989448815584183
          ],
          [
            "Sierra Leone",
            0.00026781356427818537
          ],
          [
            "Russia",
            0.0002646116481628269
          ],
          [
            "Hong Kong",
            0.0002594322431832552
          ],
          [
            "Puerto Rico",
            0.0002519251429475844
          ],
          [
            "Kazakhstan",
            0.00024687580298632383
          ],
          [
            "Bulgaria",
            0.0002452107728458941
          ],
          [
            "Indonesia",
            0.00024110589583870023
          ],
          [
            "Cyprus",
            0.00023741228505969048
          ],
          [
            "Mongolia",
            0.00023501092800870538
          ],
          [
            "Turks and Caicos Islands",
            0.00022847091895528138
          ],
          [
            "Central African Republic",
            0.00021922188170719892
          ],
          [
            "Nepal",
            0.00021285070397425443
          ],
          [
            "Denmark",
            0.00020284300262574106
          ],
          [
            "United Arab Emirates",
            0.00020090510952286422
          ],
          [
            "Kyrgyzstan",
            0.00017606977780815214
          ],
          [
            "Haiti",
            0.00015747880388516933
          ],
          [
            "Pakistan",
            0.0001229113549925387
          ],
          [
            "Morocco",
            0.00011693572014337406
          ],
          [
            "Samoa",
            0.00011251906107645482
          ],
          [
            "Jamaica",
            0.00010773260873975232
          ],
          [
            "Panama",
            0.0001013272994896397
          ],
          [
            "Malaysia",
            9.686253179097548e-05
          ],
          [
            "Netherlands Antilles",
            8.098711259663105e-05
          ],
          [
            "Kiribati",
            7.866671512601897e-05
          ],
          [
            "Madeira Islands",
            5.567304106079973e-05
          ],
          [
            "Austria",
            5.138495544088073e-05
          ],
          [
            "Gambia",
            2.9309218007256277e-05
          ]
        ]
      },
      "geometry": {
        "type": "MultiLineString",
        "coordinates": [
          [
            [
              21.0366972477064,
              51.26605504587155
            ],
            [
              21.22018348623851,
              50.89908256880733
            ],
            [
              21.403669724770623,
              50.53211009174311
            ],
            [
              21.587155963302735,
              50.25688073394497
            ],
            [
              21.86238532110093,
              50.073394495412856
            ],
            [
              22.13761467889907,
              49.889908256880744
            ],
            [
              22.32110091743118,
              49.61467889908255
            ],
            [
              22.504587155963293,
              49.33944954128441
            ],
            [
              22.688073394495405,
              49.06422018348621
            ],
            [
              22.871559633027516,
              48.788990825688074
            ],
            [
              22.59633027522932,
              48.8807339449541
            ],
            [
              22.41284403669721,
              49.1559633027523
            ],
            [
              22.32110091743118,
              49.43119266055044
            ],
            [
              22.229357798165097,
              49.70642201834863
            ],
            [
              22.045871559633042,
              50.073394495412856
            ],
            [
              21.954128440366958,
              50.348623853210995
            ],
            [
              21.770642201834846,
              50.62385321100919
            ],
            [
              21.587155963302735,
              50.89908256880733
            ],
            [
              21.311926605504595,
              51.174311926605526
            ],
            [
              21.22018348623851,
              51.449541284403665
            ],
            [
              20.944954128440372,
              51.63302752293578
            ],
            [
              20.853211009174288,
              51.908256880733916
            ],
            [
              20.76146788990826,
              52.18348623853211
            ],
            [
              20.57798165137615,
              52.45871559633025
            ],
            [
              20.394495412844037,
              52.73394495412845
            ],
            [
              20.11926605504584,
              53.009174311926586
            ]
          ],
          [
            [
              22.871559633027516,
              48.60550458715596
            ],
            [
              23.055045871559628,
              48.330275229357824
            ],
            [
              23.330275229357767,
              48.23853211009174
            ],
            [
              23.605504587155963,
              48.14678899082571
            ],
            [
              23.880733944954102,
              48.05504587155963
            ],
            [
              24.155963302752298,
              47.9633027522936
            ],
            [
              24.52293577981652,
              48.05504587155963
            ],
            [
              24.79816513761466,
              48.14678899082571
            ],
            [
              25.073394495412856,
              48.330275229357824
            ],
            [
              25.348623853210995,
              48.60550458715596
            ],
            [
              25.440366972477023,
              48.8807339449541
            ],
            [
              25.440366972477023,
              49.247706422018325
            ],
            [
              25.532110091743107,
              49.52293577981652
            ],
            [
              25.532110091743107,
              49.889908256880744
            ],
            [
              25.532110091743107,
              50.25688073394497
            ],
            [
              25.532110091743107,
              50.62385321100919
            ],
            [
              25.532110091743107,
              50.990825688073414
            ],
            [
              25.62385321100919,
              51.35779816513764
            ],
            [
              25.62385321100919,
              51.72477064220186
            ],
            [
              25.62385321100919,
              52.09174311926603
            ],
            [
              25.62385321100919,
              52.45871559633025
            ],
            [
              25.62385321100919,
              52.825688073394474
            ],
            [
              25.62385321100919,
              53.28440366972478
            ],
            [
              25.71559633027522,
              53.55963302752292
            ],
            [
              25.990825688073357,
              53.83486238532112
            ],
            [
              26.08256880733944,
              54.110091743119256
            ],
            [
              26.17431192660547,
              54.38532110091745
            ],
            [
              26.17431192660547,
              54.752293577981675
            ],
            [
              26.17431192660547,
              55.1192660550459
            ]
          ],
          [
            [
              25.348623853210995,
              47.9633027522936
            ],
            [
              25.71559633027522,
              47.9633027522936
            ],
            [
              26.17431192660547,
              47.9633027522936
            ],
            [
              26.633027522935777,
              47.9633027522936
            ],
            [
              27.0,
              48.05504587155963
            ],
            [
              27.366972477064223,
              48.23853211009174
            ],
            [
              27.642201834862362,
              48.42201834862385
            ],
            [
              27.91743119266056,
              48.69724770642199
            ],
            [
              28.192660550458697,
              48.972477064220186
            ],
            [
              28.37614678899081,
              49.247706422018325
            ],
            [
              28.743119266055032,
              49.43119266055044
            ],
            [
              29.110091743119256,
              49.79816513761466
            ],
            [
              29.385321100917395,
              49.98165137614677
            ],
            [
              29.568807339449506,
              50.25688073394497
            ],
            [
              29.844036697247702,
              50.53211009174311
            ],
            [
              30.11926605504584,
              50.71559633027522
            ],
            [
              30.394495412844037,
              50.990825688073414
            ],
            [
              30.669724770642176,
              51.08256880733944
            ],
            [
              30.944954128440372,
              51.174311926605526
            ]
          ],
          [
            [
              25.532110091743107,
              47.412844036697265
            ],
            [
              25.532110091743107,
              47.77981651376149
            ],
            [
              25.532110091743107,
              48.14678899082571
            ],
            [
              25.532110091743107,
              48.513761467889935
            ],
            [
              25.440366972477023,
              48.788990825688074
            ],
            [
              25.440366972477023,
              49.1559633027523
            ],
            [
              25.348623853210995,
              49.43119266055044
            ],
            [
              25.348623853210995,
              49.79816513761466
            ],
            [
              25.256880733944968,
              50.073394495412856
            ],
            [
              24.981651376146772,
              50.25688073394497
            ],
            [
              24.61467889908255,
              50.348623853210995
            ],
            [
              24.33944954128441,
              50.44036697247708
            ],
            [
              23.972477064220186,
              50.62385321100919
            ],
            [
              23.69724770642199,
              50.71559633027522
            ],
            [
              23.42201834862385,
              50.8073394495413
            ],
            [
              23.146788990825655,
              50.89908256880733
            ],
            [
              22.871559633027516,
              51.08256880733944
            ],
            [
              22.871559633027516,
              51.449541284403665
            ],
            [
              22.871559633027516,
              51.908256880733916
            ],
            [
              22.871559633027516,
              52.36697247706422
            ],
            [
              22.779816513761432,
              52.64220183486236
            ]
          ],
          [
            [
              25.990825688073357,
              47.688073394495405
            ],
            [
              26.35779816513758,
              47.77981651376149
            ],
            [
              26.541284403669692,
              48.05504587155963
            ],
            [
              26.81651376146789,
              48.23853211009174
            ],
            [
              27.091743119266027,
              48.513761467889935
            ],
            [
              27.27522935779814,
              48.788990825688074
            ],
            [
              27.45871559633025,
              49.06422018348621
            ],
            [
              27.733944954128447,
              49.33944954128441
            ],
            [
              28.009174311926586,
              49.70642201834863
            ],
            [
              28.28440366972478,
              49.889908256880744
            ],
            [
              28.37614678899081,
              50.16513761467888
            ],
            [
              28.651376146788948,
              50.53211009174311
            ],
            [
              28.743119266055032,
              50.8073394495413
            ],
            [
              28.834862385321117,
              51.08256880733944
            ],
            [
              28.834862385321117,
              51.449541284403665
            ],
            [
              28.926605504587144,
              51.72477064220186
            ],
            [
              28.926605504587144,
              52.09174311926603
            ],
            [
              29.110091743119256,
              52.36697247706422
            ]
          ],
          [
            [
              25.807339449541246,
              47.871559633027516
            ],
            [
              25.71559633027522,
              47.50458715596329
            ],
            [
              25.62385321100919,
              47.229357798165154
            ],
            [
              25.62385321100919,
              46.86238532110093
            ],
            [
              25.532110091743107,
              46.587155963302735
            ],
            [
              25.440366972477023,
              46.311926605504595
            ],
            [
              25.440366972477023,
              45.94495412844037
            ],
            [
              25.256880733944968,
              45.486238532110065
            ],
            [
              25.256880733944968,
              45.11926605504584
            ],
            [
              25.165137614678883,
              44.752293577981675
            ],
            [
              25.073394495412856,
              44.38532110091745
            ],
            [
              25.073394495412856,
              44.01834862385323
            ],
            [
              24.981651376146772,
              43.74311926605503
            ],
            [
              24.889908256880744,
              43.37614678899081
            ],
            [
              24.79816513761466,
              43.10091743119267
            ],
            [
              24.706422018348633,
              42.73394495412845
            ],
            [
              24.61467889908255,
              42.27522935779814
            ],
            [
              24.61467889908255,
              41.81651376146789
            ],
            [
              24.52293577981652,
              41.54128440366975
            ],
            [
              24.52293577981652,
              41.174311926605526
            ],
            [
              24.52293577981652,
              40.8073394495413
            ],
            [
              24.52293577981652,
              40.44036697247708
            ],
            [
              24.52293577981652,
              40.073394495412856
            ],
            [
              24.431192660550437,
              39.79816513761466
            ],
            [
              24.431192660550437,
              39.43119266055044
            ],
            [
              24.33944954128441,
              39.1559633027523
            ],
            [
              24.247706422018325,
              38.788990825688074
            ],
            [
              24.247706422018325,
              38.42201834862385
            ],
            [
              24.247706422018325,
              38.05504587155963
            ],
            [
              24.155963302752298,
              37.77981651376149
            ],
            [
              24.155963302752298,
              37.412844036697265
            ],
            [
              24.064220183486214,
              36.86238532110093
            ],
            [
              23.972477064220186,
              36.49541284403671
            ],
            [
              23.880733944954102,
              36.128440366972484
            ],
            [
              23.788990825688074,
              35.85321100917429
            ],
            [
              23.788990825688074,
              35.486238532110065
            ],
            [
              23.69724770642199,
              35.11926605504584
            ],
            [
              23.69724770642199,
              34.752293577981675
            ],
            [
              23.69724770642199,
              34.29357798165137
            ],
            [
              23.69724770642199,
              33.926605504587144
            ],
            [
              23.69724770642199,
              33.37614678899081
            ],
            [
              23.69724770642199,
              33.009174311926586
            ],
            [
              23.69724770642199,
              32.550458715596335
            ],
            [
              23.605504587155963,
              32.27522935779814
            ],
            [
              23.51376146788988,
              31.54128440366975
            ],
            [
              23.51376146788988,
              30.807339449541303
            ],
            [
              23.51376146788988,
              30.165137614678883
            ],
            [
              23.51376146788988,
              29.706422018348633
            ],
            [
              23.51376146788988,
              29.33944954128441
            ],
            [
              23.51376146788988,
              28.972477064220186
            ],
            [
              23.51376146788988,
              28.605504587155963
            ],
            [
              23.42201834862385,
              28.23853211009174
            ],
            [
              23.42201834862385,
              27.871559633027516
            ],
            [
              23.330275229357767,
              27.412844036697265
            ],
            [
              23.23853211009174,
              27.045871559633042
            ],
            [
              23.23853211009174,
              26.67889908256882
            ],
            [
              23.23853211009174,
              26.311926605504595
            ],
            [
              23.23853211009174,
              25.944954128440372
            ],
            [
              23.23853211009174,
              25.57798165137615
            ],
            [
              23.330275229357767,
              25.211009174311926
            ],
            [
              23.42201834862385,
              24.935779816513786
            ],
            [
              23.605504587155963,
              24.293577981651367
            ],
            [
              23.69724770642199,
              24.018348623853228
            ],
            [
              23.69724770642199,
              23.651376146789005
            ],
            [
              23.880733944954102,
              23.37614678899081
            ],
            [
              24.155963302752298,
              23.192660550458697
            ],
            [
              24.33944954128441,
              22.91743119266056
            ],
            [
              24.61467889908255,
              22.642201834862362
            ],
            [
              24.79816513761466,
              22.366972477064223
            ],
            [
              25.073394495412856,
              22.18348623853211
            ],
            [
              25.348623853210995,
              21.908256880733916
            ],
            [
              25.62385321100919,
              21.633027522935777
            ],
            [
              25.990825688073357,
              21.357798165137638
            ],
            [
              26.266055045871553,
              21.266055045871553
            ],
            [
              26.449541284403665,
              20.990825688073414
            ],
            [
              26.541284403669692,
              20.71559633027522
            ],
            [
              26.724770642201804,
              20.44036697247708
            ],
            [
              26.724770642201804,
              20.073394495412856
            ],
            [
              26.81651376146789,
              19.79816513761466
            ],
            [
              26.81651376146789,
              19.33944954128441
            ],
            [
              26.908256880733916,
              18.972477064220186
            ],
            [
              26.908256880733916,
              18.605504587155963
            ],
            [
              26.908256880733916,
              18.23853211009174
            ],
            [
              26.908256880733916,
              17.871559633027516
            ],
            [
              26.908256880733916,
              17.504587155963293
            ],
            [
              26.908256880733916,
              17.045871559633042
            ],
            [
              26.908256880733916,
              16.67889908256882
            ],
            [
              26.908256880733916,
              16.128440366972484
            ],
            [
              26.724770642201804,
              15.853211009174288
            ],
            [
              26.633027522935777,
              15.486238532110065
            ],
            [
              26.449541284403665,
              15.119266055045841
            ],
            [
              26.35779816513758,
              14.844036697247702
            ],
            [
              26.17431192660547,
              14.568807339449563
            ],
            [
              26.08256880733944,
              14.293577981651367
            ],
            [
              25.990825688073357,
              14.018348623853228
            ],
            [
              25.71559633027522,
              13.743119266055032
            ],
            [
              25.532110091743107,
              13.467889908256893
            ],
            [
              25.256880733944968,
              13.10091743119267
            ],
            [
              24.981651376146772,
              12.917431192660558
            ],
            [
              24.889908256880744,
              12.642201834862362
            ],
            [
              24.61467889908255,
              12.366972477064223
            ],
            [
              24.431192660550437,
              12.091743119266084
            ],
            [
              24.155963302752298,
              11.724770642201861
            ],
            [
              23.972477064220186,
              11.357798165137638
            ],
            [
              23.69724770642199,
              11.082568807339442
            ],
            [
              23.51376146788988,
              10.807339449541303
            ],
            [
              23.330275229357767,
              10.532110091743107
            ],
            [
              23.146788990825655,
              10.256880733944968
            ],
            [
              23.055045871559628,
              9.981651376146772
            ],
            [
              22.871559633027516,
              9.614678899082548
            ],
            [
              22.688073394495405,
              9.33944954128441
            ],
            [
              22.504587155963293,
              9.064220183486214
            ],
            [
              22.41284403669721,
              8.788990825688074
            ],
            [
              22.229357798165097,
              8.513761467889935
            ],
            [
              22.045871559633042,
              8.23853211009174
            ],
            [
              21.954128440366958,
              7.963302752293544
            ],
            [
              21.67889908256882,
              7.596330275229377
            ],
            [
              21.587155963302735,
              7.321100917431181
            ],
            [
              21.403669724770623,
              7.045871559633042
            ],
            [
              21.311926605504595,
              6.678899082568819
            ],
            [
              21.311926605504595,
              6.3119266055045955
            ],
            [
              21.311926605504595,
              5.944954128440372
            ],
            [
              21.311926605504595,
              5.577981651376149
            ],
            [
              21.403669724770623,
              5.30275229357801
            ],
            [
              21.403669724770623,
              4.9357798165137865
            ],
            [
              21.403669724770623,
              4.568807339449563
            ],
            [
              21.403669724770623,
              4.20183486238534
            ],
            [
              21.403669724770623,
              3.8348623853211166
            ],
            [
              21.403669724770623,
              3.4678899082568932
            ],
            [
              21.495412844036707,
              3.1926605504586973
            ],
            [
              21.67889908256882,
              2.9174311926605583
            ],
            [
              21.86238532110093,
              2.6422018348623624
            ],
            [
              22.045871559633042,
              2.3669724770642233
            ],
            [
              22.045871559633042,
              2.0
            ]
          ],
          [
            [
              2.1376146788990695,
              55.30275229357801
            ],
            [
              2.4128440366972086,
              55.211009174311926
            ],
            [
              2.779816513761432,
              55.1192660550459
            ],
            [
              3.055045871559628,
              55.027522935779814
            ],
            [
              3.330275229357767,
              54.93577981651379
            ],
            [
              3.69724770642199,
              54.752293577981675
            ],
            [
              4.155963302752298,
              54.752293577981675
            ],
            [
              4.431192660550437,
              54.66055045871559
            ],
            [
              4.79816513761466,
              54.66055045871559
            ],
            [
              5.073394495412856,
              54.56880733944956
            ],
            [
              5.348623853210995,
              54.47706422018348
            ],
            [
              5.715596330275218,
              54.38532110091745
            ],
            [
              6.082568807339442,
              54.38532110091745
            ],
            [
              6.449541284403665,
              54.29357798165137
            ],
            [
              6.724770642201804,
              54.20183486238534
            ],
            [
              7.091743119266027,
              54.20183486238534
            ],
            [
              7.458715596330251,
              54.20183486238534
            ],
            [
              7.825688073394474,
              54.20183486238534
            ],
            [
              8.376146788990809,
              54.20183486238534
            ],
            [
              8.83486238532106,
              54.20183486238534
            ],
            [
              9.201834862385283,
              54.20183486238534
            ],
            [
              9.568807339449506,
              54.20183486238534
            ],
            [
              9.93577981651373,
              54.29357798165137
            ],
            [
              10.302752293577953,
              54.29357798165137
            ],
            [
              10.669724770642176,
              54.29357798165137
            ],
            [
              11.0366972477064,
              54.29357798165137
            ],
            [
              11.403669724770623,
              54.38532110091745
            ],
            [
              11.770642201834846,
              54.38532110091745
            ],
            [
              12.13761467889907,
              54.38532110091745
            ],
            [
              12.504587155963293,
              54.38532110091745
            ],
            [
              12.963302752293544,
              54.38532110091745
            ],
            [
              13.422018348623851,
              54.38532110091745
            ],
            [
              13.788990825688074,
              54.38532110091745
            ],
            [
              14.33944954128441,
              54.29357798165137
            ],
            [
              14.706422018348633,
              54.29357798165137
            ],
            [
              15.073394495412856,
              54.29357798165137
            ],
            [
              15.440366972477023,
              54.29357798165137
            ],
            [
              15.89908256880733,
              54.29357798165137
            ],
            [
              16.17431192660547,
              54.20183486238534
            ],
            [
              16.541284403669692,
              54.110091743119256
            ],
            [
              16.908256880733916,
              54.110091743119256
            ],
            [
              17.27522935779814,
              53.926605504587144
            ],
            [
              17.550458715596335,
              53.74311926605503
            ],
            [
              17.825688073394474,
              53.651376146789005
            ],
            [
              18.10091743119267,
              53.55963302752292
            ],
            [
              18.37614678899081,
              53.46788990825689
            ],
            [
              18.651376146788948,
              53.37614678899081
            ],
            [
              19.01834862385317,
              53.28440366972478
            ],
            [
              19.293577981651367,
              53.1926605504587
            ],
            [
              19.66055045871559,
              53.1926605504587
            ],
            [
              19.93577981651373,
              53.28440366972478
            ],
            [
              20.211009174311926,
              53.46788990825689
            ],
            [
              20.486238532110065,
              53.55963302752292
            ],
            [
              20.853211009174288,
              53.74311926605503
            ],
            [
              21.128440366972484,
              53.83486238532112
            ],
            [
              21.403669724770623,
              54.01834862385323
            ],
            [
              21.770642201834846,
              54.20183486238534
            ],
            [
              22.32110091743118,
              54.29357798165137
            ],
            [
              22.688073394495405,
              54.38532110091745
            ],
            [
              23.055045871559628,
              54.47706422018348
            ],
            [
              23.42201834862385,
              54.47706422018348
            ],
            [
              23.880733944954102,
              54.47706422018348
            ],
            [
              24.247706422018325,
              54.47706422018348
            ],
            [
              24.61467889908255,
              54.47706422018348
            ],
            [
              24.981651376146772,
              54.38532110091745
            ],
            [
              25.440366972477023,
              54.38532110091745
            ],
            [
              25.71559633027522,
              54.29357798165137
            ],
            [
              25.990825688073357,
              54.20183486238534
            ],
            [
              26.35779816513758,
              54.20183486238534
            ],
            [
              26.724770642201804,
              54.20183486238534
            ],
            [
              27.091743119266027,
              54.20183486238534
            ],
            [
              27.550458715596335,
              54.20183486238534
            ],
            [
              27.91743119266056,
              54.20183486238534
            ],
            [
              28.28440366972478,
              54.20183486238534
            ],
            [
              28.55963302752292,
              54.01834862385323
            ],
            [
              28.834862385321117,
              53.926605504587144
            ],
            [
              29.110091743119256,
              53.55963302752292
            ],
            [
              29.66055045871559,
              53.28440366972478
            ],
            [
              30.211009174311926,
              53.009174311926586
            ],
            [
              30.669724770642176,
              52.73394495412845
            ],
            [
              30.944954128440372,
              52.64220183486236
            ],
            [
              31.311926605504595,
              52.45871559633025
            ],
            [
              31.587155963302735,
              52.36697247706422
            ],
            [
              31.954128440366958,
              52.18348623853211
            ],
            [
              32.2293577981651,
              52.09174311926603
            ],
            [
              32.50458715596329,
              52.0
            ],
            [
              32.77981651376143,
              51.81651376146789
            ],
            [
              33.05504587155963,
              51.63302752293578
            ],
            [
              33.33027522935777,
              51.35779816513764
            ],
            [
              33.60550458715596,
              51.26605504587155
            ],
            [
              33.8807339449541,
              51.08256880733944
            ],
            [
              34.1559633027523,
              50.990825688073414
            ],
            [
              34.33944954128441,
              50.71559633027522
            ],
            [
              34.52293577981652,
              50.44036697247708
            ],
            [
              34.70642201834863,
              50.16513761467888
            ],
            [
              34.43119266055044,
              50.073394495412856
            ],
            [
              34.06422018348621,
              50.073394495412856
            ],
            [
              33.788990825688074,
              49.98165137614677
            ],
            [
              33.8807339449541,
              49.70642201834863
            ],
            [
              34.06422018348621,
              49.247706422018325
            ],
            [
              34.06422018348621,
              48.788990825688074
            ],
            [
              34.06422018348621,
              48.23853211009174
            ],
            [
              34.1559633027523,
              47.77981651376149
            ],
            [
              34.247706422018325,
              47.412844036697265
            ],
            [
              34.33944954128441,
              47.13761467889907
            ],
            [
              34.33944954128441,
              46.770642201834846
            ],
            [
              34.43119266055044,
              46.49541284403671
            ],
            [
              34.52293577981652,
              46.22018348623851
            ],
            [
              34.61467889908255,
              45.76146788990826
            ],
            [
              34.70642201834863,
              45.486238532110065
            ],
            [
              34.79816513761466,
              45.211009174311926
            ],
            [
              34.889908256880744,
              44.93577981651379
            ],
            [
              34.98165137614677,
              44.66055045871559
            ],
            [
              34.98165137614677,
              44.110091743119256
            ],
            [
              35.073394495412856,
              43.83486238532112
            ],
            [
              35.16513761467888,
              43.28440366972478
            ],
            [
              35.25688073394497,
              42.91743119266056
            ],
            [
              35.348623853210995,
              42.45871559633025
            ],
            [
              35.44036697247702,
              42.18348623853211
            ],
            [
              35.53211009174311,
              41.908256880733916
            ],
            [
              35.71559633027522,
              41.63302752293578
            ],
            [
              35.807339449541246,
              41.26605504587155
            ],
            [
              35.89908256880733,
              40.8073394495413
            ],
            [
              35.99082568807336,
              40.53211009174311
            ],
            [
              35.99082568807336,
              40.16513761467888
            ],
            [
              36.08256880733944,
              39.889908256880744
            ],
            [
              36.35779816513758,
              39.43119266055044
            ],
            [
              36.54128440366969,
              39.1559633027523
            ],
            [
              36.724770642201804,
              38.8807339449541
            ],
            [
              36.81651376146789,
              38.60550458715596
            ],
            [
              37.0,
              38.33027522935777
            ],
            [
              37.09174311926603,
              38.05504587155963
            ],
            [
              37.18348623853211,
              37.688073394495405
            ],
            [
              37.18348623853211,
              37.32110091743118
            ],
            [
              37.27522935779814,
              37.04587155963304
            ],
            [
              37.27522935779814,
              36.67889908256882
            ],
            [
              37.27522935779814,
              36.22018348623851
            ],
            [
              37.27522935779814,
              35.85321100917429
            ],
            [
              37.27522935779814,
              35.39449541284404
            ],
            [
              37.27522935779814,
              34.93577981651379
            ],
            [
              37.27522935779814,
              34.56880733944956
            ],
            [
              37.18348623853211,
              34.110091743119256
            ],
            [
              37.18348623853211,
              33.651376146789005
            ],
            [
              37.18348623853211,
              33.1926605504587
            ],
            [
              37.18348623853211,
              32.73394495412845
            ],
            [
              37.18348623853211,
              32.36697247706422
            ],
            [
              37.18348623853211,
              32.0
            ],
            [
              37.18348623853211,
              31.54128440366975
            ],
            [
              37.27522935779814,
              30.89908256880733
            ],
            [
              37.27522935779814,
              30.532110091743107
            ],
            [
              37.27522935779814,
              29.981651376146772
            ],
            [
              37.27522935779814,
              29.61467889908255
            ],
            [
              37.27522935779814,
              29.247706422018325
            ],
            [
              37.27522935779814,
              28.880733944954102
            ],
            [
              37.27522935779814,
              28.42201834862385
            ],
            [
              37.27522935779814,
              27.9633027522936
            ],
            [
              37.27522935779814,
              27.504587155963293
            ],
            [
              37.36697247706422,
              27.229357798165154
            ],
            [
              37.36697247706422,
              26.67889908256882
            ],
            [
              37.550458715596335,
              26.22018348623851
            ],
            [
              37.64220183486236,
              25.944954128440372
            ],
            [
              37.73394495412845,
              25.394495412844037
            ],
            [
              37.73394495412845,
              24.935779816513786
            ],
            [
              37.825688073394474,
              24.66055045871559
            ],
            [
              37.91743119266056,
              24.20183486238534
            ],
            [
              38.009174311926586,
              23.651376146789005
            ],
            [
              38.009174311926586,
              23.28440366972478
            ],
            [
              38.10091743119267,
              22.91743119266056
            ],
            [
              38.1926605504587,
              22.45871559633025
            ],
            [
              38.1926605504587,
              22.091743119266084
            ],
            [
              38.1926605504587,
              21.72477064220186
            ],
            [
              38.1926605504587,
              21.266055045871553
            ],
            [
              38.1926605504587,
              20.71559633027522
            ],
            [
              38.1926605504587,
              20.165137614678883
            ],
            [
              38.1926605504587,
              19.61467889908255
            ],
            [
              38.1926605504587,
              18.972477064220186
            ],
            [
              38.1926605504587,
              18.42201834862385
            ],
            [
              38.1926605504587,
              17.871559633027516
            ],
            [
              38.10091743119267,
              17.596330275229377
            ],
            [
              38.009174311926586,
              17.045871559633042
            ],
            [
              37.91743119266056,
              16.587155963302735
            ],
            [
              37.825688073394474,
              16.311926605504595
            ],
            [
              37.73394495412845,
              16.0366972477064
            ],
            [
              37.64220183486236,
              15.76146788990826
            ],
            [
              37.64220183486236,
              15.30275229357801
            ],
            [
              37.550458715596335,
              14.935779816513786
            ],
            [
              37.45871559633025,
              14.568807339449563
            ],
            [
              37.36697247706422,
              14.20183486238534
            ],
            [
              37.27522935779814,
              13.834862385321117
            ],
            [
              37.18348623853211,
              13.55963302752292
            ],
            [
              37.18348623853211,
              13.192660550458697
            ],
            [
              37.18348623853211,
              12.642201834862362
            ],
            [
              37.18348623853211,
              12.275229357798139
            ],
            [
              37.09174311926603,
              11.908256880733916
            ],
            [
              37.09174311926603,
              11.541284403669692
            ],
            [
              37.09174311926603,
              11.174311926605526
            ],
            [
              37.09174311926603,
              10.715596330275218
            ],
            [
              37.0,
              10.348623853210995
            ],
            [
              37.0,
              9.79816513761466
            ],
            [
              36.908256880733916,
              9.33944954128441
            ],
            [
              36.908256880733916,
              8.972477064220186
            ],
            [
              36.908256880733916,
              8.513761467889935
            ],
            [
              36.908256880733916,
              8.055045871559628
            ],
            [
              36.908256880733916,
              7.596330275229377
            ],
            [
              36.908256880733916,
              7.229357798165154
            ],
            [
              36.908256880733916,
              6.770642201834846
            ],
            [
              36.908256880733916,
              6.403669724770623
            ],
            [
              36.908256880733916,
              6.0366972477064
            ],
            [
              36.908256880733916,
              5.669724770642176
            ],
            [
              36.908256880733916,
              5.30275229357801
            ],
            [
              37.0,
              5.027522935779814
            ],
            [
              37.0,
              4.568807339449563
            ],
            [
              37.0,
              4.110091743119256
            ],
            [
              37.0,
              3.7431192660550323
            ],
            [
              37.09174311926603,
              3.4678899082568932
            ],
            [
              37.09174311926603,
              3.10091743119267
            ],
            [
              37.18348623853211,
              2.825688073394474
            ],
            [
              37.45871559633025,
              2.7339449541284466
            ],
            [
              37.550458715596335,
              2.4587155963302507
            ],
            [
              37.64220183486236,
              2.1834862385321117
            ]
          ],
          [
            [
              34.33944954128441,
              52.64220183486236
            ],
            [
              34.70642201834863,
              52.45871559633025
            ],
            [
              34.98165137614677,
              52.27522935779814
            ],
            [
              35.25688073394497,
              52.18348623853211
            ],
            [
              35.53211009174311,
              51.908256880733916
            ],
            [
              35.807339449541246,
              51.63302752293578
            ],
            [
              35.99082568807336,
              51.26605504587155
            ],
            [
              36.08256880733944,
              50.990825688073414
            ],
            [
              36.17431192660547,
              50.71559633027522
            ],
            [
              36.35779816513758,
              50.44036697247708
            ],
            [
              36.449541284403665,
              50.16513761467888
            ],
            [
              36.724770642201804,
              49.98165137614677
            ],
            [
              36.81651376146789,
              49.70642201834863
            ],
            [
              37.0,
              49.43119266055044
            ],
            [
              37.18348623853211,
              49.1559633027523
            ],
            [
              37.36697247706422,
              48.8807339449541
            ],
            [
              37.45871559633025,
              48.60550458715596
            ],
            [
              37.64220183486236,
              48.330275229357824
            ],
            [
              37.825688073394474,
              48.05504587155963
            ],
            [
              37.91743119266056,
              47.688073394495405
            ],
            [
              38.10091743119267,
              47.32110091743118
            ],
            [
              38.37614678899081,
              47.04587155963304
            ],
            [
              38.65137614678895,
              46.86238532110093
            ],
            [
              38.926605504587144,
              46.67889908256882
            ],
            [
              39.20183486238534,
              46.587155963302735
            ],
            [
              39.568807339449506,
              46.587155963302735
            ],
            [
              39.8440366972477,
              46.49541284403671
            ],
            [
              40.211009174311926,
              46.49541284403671
            ],
            [
              40.57798165137615,
              46.49541284403671
            ],
            [
              40.85321100917429,
              46.587155963302735
            ],
            [
              41.128440366972484,
              46.86238532110093
            ],
            [
              41.22018348623851,
              47.13761467889907
            ],
            [
              41.40366972477062,
              47.412844036697265
            ],
            [
              41.49541284403671,
              47.688073394495405
            ],
            [
              41.67889908256882,
              47.9633027522936
            ],
            [
              41.67889908256882,
              48.330275229357824
            ],
            [
              41.67889908256882,
              48.69724770642199
            ],
            [
              41.67889908256882,
              49.247706422018325
            ],
            [
              41.67889908256882,
              49.61467889908255
            ],
            [
              41.67889908256882,
              49.98165137614677
            ],
            [
              41.587155963302735,
              50.25688073394497
            ],
            [
              41.587155963302735,
              50.62385321100919
            ],
            [
              41.67889908256882,
              50.89908256880733
            ],
            [
              41.770642201834846,
              51.174311926605526
            ],
            [
              41.862385321100874,
              51.449541284403665
            ],
            [
              42.04587155963304,
              51.81651376146789
            ],
            [
              42.13761467889907,
              52.18348623853211
            ],
            [
              42.2293577981651,
              52.45871559633025
            ],
            [
              42.32110091743118,
              52.73394495412845
            ],
            [
              42.50458715596329,
              53.009174311926586
            ],
            [
              42.688073394495405,
              53.28440366972478
            ],
            [
              42.871559633027516,
              53.55963302752292
            ],
            [
              42.871559633027516,
              54.01834862385323
            ],
            [
              42.871559633027516,
              54.38532110091745
            ],
            [
              42.871559633027516,
              54.752293577981675
            ],
            [
              42.688073394495405,
              55.027522935779814
            ],
            [
              42.688073394495405,
              55.39449541284404
            ],
            [
              42.59633027522932,
              55.669724770642176
            ],
            [
              42.59633027522932,
              56.0366972477064
            ],
            [
              42.412844036697265,
              56.311926605504595
            ],
            [
              42.32110091743118,
              56.67889908256882
            ],
            [
              42.04587155963304,
              56.770642201834846
            ],
            [
              41.770642201834846,
              57.04587155963304
            ],
            [
              41.49541284403671,
              57.229357798165154
            ],
            [
              41.22018348623851,
              57.32110091743118
            ],
            [
              40.94495412844037,
              57.412844036697265
            ],
            [
              40.669724770642176,
              57.50458715596329
            ],
            [
              40.30275229357795,
              57.688073394495405
            ],
            [
              39.93577981651373,
              57.871559633027516
            ],
            [
              39.568807339449506,
              57.871559633027516
            ],
            [
              39.29357798165137,
              57.9633027522936
            ],
            [
              39.01834862385317,
              58.14678899082571
            ],
            [
              38.74311926605503,
              58.23853211009174
            ],
            [
              38.46788990825689,
              58.330275229357824
            ],
            [
              38.1926605504587,
              58.513761467889935
            ],
            [
              37.91743119266056,
              58.60550458715596
            ],
            [
              37.64220183486236,
              58.69724770642199
            ],
            [
              37.36697247706422,
              58.788990825688074
            ],
            [
              37.09174311926603,
              58.8807339449541
            ],
            [
              36.81651376146789,
              58.972477064220186
            ],
            [
              36.54128440366969,
              59.1559633027523
            ],
            [
              36.26605504587155,
              59.247706422018325
            ],
            [
              35.99082568807336,
              59.33944954128441
            ],
            [
              35.71559633027522,
              59.43119266055044
            ],
            [
              35.44036697247702,
              59.52293577981652
            ],
            [
              35.073394495412856,
              59.52293577981652
            ],
            [
              34.889908256880744,
              59.247706422018325
            ],
            [
              34.79816513761466,
              58.8807339449541
            ],
            [
              34.70642201834863,
              58.60550458715596
            ],
            [
              34.61467889908255,
              58.330275229357824
            ],
            [
              34.43119266055044,
              57.77981651376149
            ],
            [
              34.33944954128441,
              57.412844036697265
            ],
            [
              34.247706422018325,
              57.13761467889907
            ],
            [
              33.972477064220186,
              57.04587155963304
            ],
            [
              33.972477064220186,
              56.67889908256882
            ],
            [
              33.972477064220186,
              56.311926605504595
            ],
            [
              33.972477064220186,
              55.94495412844037
            ],
            [
              33.972477064220186,
              55.57798165137615
            ],
            [
              33.972477064220186,
              55.211009174311926
            ],
            [
              33.972477064220186,
              54.8440366972477
            ],
            [
              33.972477064220186,
              54.47706422018348
            ],
            [
              34.06422018348621,
              54.20183486238534
            ],
            [
              34.33944954128441,
              54.01834862385323
            ],
            [
              34.33944954128441,
              53.651376146789005
            ],
            [
              34.247706422018325,
              53.37614678899081
            ],
            [
              33.972477064220186,
              53.10091743119267
            ],
            [
              33.788990825688074,
              52.825688073394474
            ],
            [
              34.06422018348621,
              52.64220183486236
            ],
            [
              34.33944954128441,
              52.45871559633025
            ],
            [
              34.61467889908255,
              52.36697247706422
            ],
            [
              34.889908256880744,
              52.27522935779814
            ]
          ],
          [
            [
              42.13761467889907,
              49.70642201834863
            ],
            [
              42.59633027522932,
              49.70642201834863
            ],
            [
              42.871559633027516,
              49.61467889908255
            ],
            [
              43.33027522935777,
              49.61467889908255
            ],
            [
              43.69724770642199,
              49.61467889908255
            ],
            [
              44.06422018348621,
              49.889908256880744
            ],
            [
              44.43119266055044,
              50.16513761467888
            ],
            [
              44.70642201834863,
              50.25688073394497
            ],
            [
              44.98165137614677,
              50.44036697247708
            ],
            [
              45.44036697247702,
              50.62385321100919
            ],
            [
              45.71559633027522,
              50.71559633027522
            ],
            [
              46.08256880733944,
              51.08256880733944
            ],
            [
              46.449541284403665,
              51.35779816513764
            ],
            [
              46.81651376146789,
              51.72477064220186
            ],
            [
              47.18348623853211,
              52.0
            ],
            [
              47.45871559633025,
              52.27522935779814
            ],
            [
              47.825688073394474,
              52.550458715596335
            ],
            [
              48.10091743119267,
              52.64220183486236
            ],
            [
              48.37614678899081,
              52.825688073394474
            ],
            [
              48.65137614678895,
              53.009174311926586
            ],
            [
              49.01834862385317,
              53.1926605504587
            ],
            [
              49.385321100917395,
              53.37614678899081
            ],
            [
              49.66055045871559,
              53.55963302752292
            ],
            [
              49.93577981651373,
              53.651376146789005
            ],
            [
              50.211009174311926,
              53.83486238532112
            ],
            [
              50.486238532110065,
              53.926605504587144
            ],
            [
              50.76146788990826,
              54.20183486238534
            ],
            [
              51.0366972477064,
              54.29357798165137
            ],
            [
              51.311926605504595,
              54.38532110091745
            ],
            [
              51.311926605504595,
              54.752293577981675
            ],
            [
              51.22018348623851,
              55.027522935779814
            ],
            [
              51.0366972477064,
              55.30275229357801
            ],
            [
              51.0366972477064,
              55.76146788990826
            ],
            [
              51.0366972477064,
              56.22018348623851
            ],
            [
              51.128440366972484,
              56.49541284403671
            ],
            [
              51.311926605504595,
              56.770642201834846
            ],
            [
              51.49541284403671,
              57.04587155963304
            ],
            [
              51.67889908256882,
              57.32110091743118
            ],
            [
              51.95412844036696,
              57.50458715596329
            ],
            [
              52.2293577981651,
              57.688073394495405
            ],
            [
              52.50458715596329,
              57.871559633027516
            ],
            [
              52.77981651376143,
              58.05504587155963
            ],
            [
              53.146788990825655,
              58.23853211009174
            ],
            [
              53.51376146788988,
              58.42201834862385
            ],
            [
              53.788990825688074,
              58.60550458715596
            ],
            [
              54.06422018348621,
              58.788990825688074
            ],
            [
              54.247706422018325,
              59.06422018348621
            ],
            [
              54.43119266055044,
              59.33944954128441
            ],
            [
              54.52293577981652,
              59.61467889908255
            ],
            [
              54.52293577981652,
              59.98165137614677
            ],
            [
              54.52293577981652,
              60.348623853210995
            ],
            [
              54.52293577981652,
              60.71559633027522
            ],
            [
              54.1559633027523,
              60.8073394495413
            ],
            [
              53.8807339449541,
              60.990825688073414
            ],
            [
              53.60550458715596,
              61.08256880733944
            ],
            [
              53.33027522935777,
              61.174311926605526
            ],
            [
              53.05504587155963,
              61.26605504587155
            ],
            [
              52.688073394495405,
              61.35779816513764
            ],
            [
              52.32110091743118,
              61.54128440366975
            ],
            [
              51.862385321100874,
              61.54128440366975
            ],
            [
              51.49541284403671,
              61.72477064220186
            ],
            [
              50.94495412844037,
              61.72477064220186
            ],
            [
              50.57798165137615,
              61.81651376146789
            ],
            [
              50.11926605504584,
              61.81651376146789
            ],
            [
              49.75229357798162,
              61.81651376146789
            ],
            [
              49.385321100917395,
              61.81651376146789
            ],
            [
              49.01834862385317,
              61.81651376146789
            ],
            [
              48.65137614678895,
              61.81651376146789
            ],
            [
              48.1926605504587,
              61.81651376146789
            ],
            [
              47.73394495412845,
              61.81651376146789
            ],
            [
              47.36697247706422,
              61.81651376146789
            ],
            [
              47.0,
              61.81651376146789
            ],
            [
              46.724770642201804,
              61.72477064220186
            ],
            [
              46.26605504587155,
              61.72477064220186
            ],
            [
              45.990825688073414,
              61.63302752293578
            ],
            [
              45.53211009174311,
              61.63302752293578
            ],
            [
              45.25688073394497,
              61.449541284403665
            ],
            [
              45.16513761467888,
              61.174311926605526
            ],
            [
              44.98165137614677,
              60.89908256880733
            ],
            [
              44.79816513761466,
              60.62385321100919
            ],
            [
              44.70642201834863,
              60.348623853210995
            ],
            [
              44.52293577981652,
              60.073394495412856
            ],
            [
              44.43119266055044,
              59.79816513761466
            ],
            [
              44.33944954128441,
              59.52293577981652
            ],
            [
              44.247706422018325,
              59.247706422018325
            ],
            [
              43.972477064220186,
              58.972477064220186
            ],
            [
              43.60550458715596,
              58.69724770642199
            ],
            [
              43.33027522935777,
              58.513761467889935
            ],
            [
              43.05504587155963,
              58.330275229357824
            ],
            [
              42.688073394495405,
              58.23853211009174
            ],
            [
              42.412844036697265,
              58.14678899082571
            ],
            [
              42.13761467889907,
              57.9633027522936
            ],
            [
              41.862385321100874,
              57.871559633027516
            ],
            [
              41.587155963302735,
              57.77981651376149
            ],
            [
              41.311926605504595,
              57.688073394495405
            ],
            [
              41.0366972477064,
              57.59633027522938
            ],
            [
              40.76146788990826,
              57.50458715596329
            ]
          ],
          [
            [
              35.44036697247702,
              61.35779816513764
            ],
            [
              35.44036697247702,
              60.990825688073414
            ],
            [
              35.348623853210995,
              60.71559633027522
            ],
            [
              35.348623853210995,
              60.348623853210995
            ],
            [
              35.348623853210995,
              59.98165137614677
            ],
            [
              35.348623853210995,
              59.52293577981652
            ],
            [
              35.71559633027522,
              59.52293577981652
            ],
            [
              35.89908256880733,
              59.79816513761466
            ],
            [
              36.17431192660547,
              60.073394495412856
            ],
            [
              36.449541284403665,
              60.348623853210995
            ],
            [
              36.724770642201804,
              60.62385321100919
            ],
            [
              37.0,
              60.8073394495413
            ],
            [
              37.27522935779814,
              61.08256880733944
            ],
            [
              37.550458715596335,
              61.174311926605526
            ],
            [
              37.825688073394474,
              61.449541284403665
            ],
            [
              38.10091743119267,
              61.63302752293578
            ],
            [
              38.37614678899081,
              61.81651376146789
            ],
            [
              38.65137614678895,
              61.90825688073397
            ],
            [
              38.926605504587144,
              62.0
            ]
          ],
          [
            [
              24.889908256880744,
              61.81651376146789
            ],
            [
              25.256880733944968,
              61.81651376146789
            ],
            [
              25.532110091743107,
              61.63302752293578
            ],
            [
              25.807339449541246,
              61.449541284403665
            ],
            [
              26.08256880733944,
              61.26605504587155
            ],
            [
              26.35779816513758,
              61.174311926605526
            ],
            [
              26.633027522935777,
              61.08256880733944
            ],
            [
              26.908256880733916,
              60.990825688073414
            ],
            [
              27.18348623853211,
              60.89908256880733
            ],
            [
              27.45871559633025,
              60.8073394495413
            ],
            [
              27.733944954128447,
              60.71559633027522
            ],
            [
              28.10091743119267,
              60.71559633027522
            ],
            [
              28.467889908256893,
              60.71559633027522
            ],
            [
              28.834862385321117,
              60.71559633027522
            ],
            [
              29.110091743119256,
              60.8073394495413
            ],
            [
              29.201834862385283,
              61.08256880733944
            ],
            [
              29.385321100917395,
              61.35779816513764
            ],
            [
              29.568807339449506,
              61.63302752293578
            ],
            [
              29.752293577981618,
              61.90825688073397
            ]
          ],
          [
            [
              41.0366972477064,
              46.49541284403671
            ],
            [
              41.0366972477064,
              46.0366972477064
            ],
            [
              41.0366972477064,
              45.669724770642176
            ],
            [
              41.22018348623851,
              45.30275229357801
            ],
            [
              41.49541284403671,
              45.11926605504584
            ],
            [
              41.770642201834846,
              45.027522935779814
            ],
            [
              42.13761467889907,
              44.752293577981675
            ],
            [
              42.412844036697265,
              44.66055045871559
            ],
            [
              42.688073394495405,
              44.47706422018348
            ],
            [
              42.963302752293544,
              44.38532110091745
            ],
            [
              43.33027522935777,
              44.110091743119256
            ],
            [
              43.51376146788988,
              43.83486238532112
            ],
            [
              43.788990825688074,
              43.651376146789005
            ],
            [
              43.972477064220186,
              43.37614678899081
            ],
            [
              44.247706422018325,
              43.1926605504587
            ],
            [
              44.43119266055044,
              42.91743119266056
            ],
            [
              44.70642201834863,
              42.73394495412845
            ],
            [
              44.98165137614677,
              42.550458715596335
            ],
            [
              45.25688073394497,
              42.27522935779814
            ],
            [
              45.53211009174311,
              42.0
            ],
            [
              45.62385321100919,
              41.72477064220186
            ],
            [
              45.71559633027522,
              41.449541284403665
            ],
            [
              45.89908256880733,
              40.990825688073414
            ],
            [
              45.990825688073414,
              40.71559633027522
            ],
            [
              46.17431192660547,
              40.25688073394497
            ],
            [
              46.17431192660547,
              39.889908256880744
            ],
            [
              46.26605504587155,
              39.52293577981652
            ],
            [
              46.35779816513758,
              39.1559633027523
            ],
            [
              46.35779816513758,
              38.69724770642199
            ],
            [
              46.35779816513758,
              38.23853211009174
            ],
            [
              46.35779816513758,
              37.871559633027516
            ],
            [
              46.35779816513758,
              37.412844036697265
            ],
            [
              46.35779816513758,
              37.04587155963304
            ],
            [
              46.35779816513758,
              36.587155963302735
            ],
            [
              46.35779816513758,
              36.22018348623851
            ],
            [
              46.26605504587155,
              35.94495412844037
            ],
            [
              46.17431192660547,
              35.669724770642176
            ],
            [
              45.990825688073414,
              35.39449541284404
            ],
            [
              45.807339449541246,
              35.027522935779814
            ],
            [
              45.71559633027522,
              34.752293577981675
            ],
            [
              45.62385321100919,
              34.29357798165137
            ],
            [
              45.62385321100919,
              33.74311926605503
            ],
            [
              45.53211009174311,
              33.28440366972478
            ],
            [
              45.53211009174311,
              32.73394495412845
            ],
            [
              45.53211009174311,
              32.36697247706422
            ],
            [
              45.53211009174311,
              32.0
            ],
            [
              45.53211009174311,
              31.633027522935777
            ],
            [
              45.53211009174311,
              31.08256880733944
            ],
            [
              45.44036697247702,
              30.71559633027522
            ],
            [
              45.44036697247702,
              30.348623853210995
            ],
            [
              45.44036697247702,
              29.889908256880744
            ],
            [
              45.44036697247702,
              29.52293577981652
            ],
            [
              45.44036697247702,
              29.064220183486214
            ],
            [
              45.53211009174311,
              28.788990825688074
            ],
            [
              45.53211009174311,
              28.330275229357767
            ],
            [
              45.53211009174311,
              27.77981651376149
            ],
            [
              45.53211009174311,
              27.13761467889907
            ],
            [
              45.53211009174311,
              26.495412844036707
            ],
            [
              45.44036697247702,
              26.128440366972484
            ],
            [
              45.348623853210995,
              25.486238532110065
            ],
            [
              45.25688073394497,
              25.11926605504584
            ],
            [
              45.16513761467888,
              24.844036697247702
            ],
            [
              45.16513761467888,
              24.47706422018348
            ],
            [
              45.16513761467888,
              24.110091743119256
            ],
            [
              45.16513761467888,
              23.743119266055032
            ],
            [
              45.16513761467888,
              23.37614678899081
            ],
            [
              45.073394495412856,
              23.009174311926586
            ],
            [
              44.889908256880744,
              22.642201834862362
            ],
            [
              44.70642201834863,
              22.27522935779814
            ],
            [
              44.61467889908255,
              22.0
            ],
            [
              44.43119266055044,
              21.72477064220186
            ],
            [
              44.33944954128441,
              21.449541284403665
            ],
            [
              44.247706422018325,
              21.174311926605526
            ],
            [
              44.06422018348621,
              20.807339449541303
            ],
            [
              43.972477064220186,
              20.44036697247708
            ],
            [
              43.8807339449541,
              20.165137614678883
            ],
            [
              43.788990825688074,
              19.889908256880744
            ],
            [
              43.60550458715596,
              19.431192660550437
            ],
            [
              43.51376146788988,
              18.972477064220186
            ],
            [
              43.51376146788988,
              18.513761467889935
            ],
            [
              43.42201834862385,
              18.23853211009174
            ],
            [
              43.33027522935777,
              17.77981651376149
            ],
            [
              43.23853211009174,
              17.32110091743118
            ],
            [
              43.23853211009174,
              16.86238532110093
            ],
            [
              43.23853211009174,
              16.311926605504595
            ],
            [
              43.23853211009174,
              15.853211009174288
            ],
            [
              43.146788990825655,
              15.211009174311926
            ],
            [
              43.146788990825655,
              14.66055045871559
            ],
            [
              43.146788990825655,
              14.293577981651367
            ],
            [
              43.146788990825655,
              13.926605504587144
            ],
            [
              43.146788990825655,
              13.467889908256893
            ],
            [
              43.146788990825655,
              13.10091743119267
            ],
            [
              43.146788990825655,
              12.733944954128447
            ],
            [
              43.146788990825655,
              12.275229357798139
            ],
            [
              43.23853211009174,
              11.724770642201861
            ],
            [
              43.33027522935777,
              11.266055045871553
            ],
            [
              43.51376146788988,
              10.89908256880733
            ],
            [
              43.60550458715596,
              10.623853211009191
            ],
            [
              43.788990825688074,
              10.348623853210995
            ],
            [
              43.8807339449541,
              10.073394495412856
            ],
            [
              43.972477064220186,
              9.79816513761466
            ],
            [
              44.06422018348621,
              9.522935779816521
            ],
            [
              44.1559633027523,
              9.155963302752298
            ],
            [
              44.33944954128441,
              8.880733944954102
            ],
            [
              44.52293577981652,
              8.605504587155963
            ],
            [
              44.61467889908255,
              8.330275229357767
            ],
            [
              44.79816513761466,
              8.055045871559628
            ],
            [
              44.889908256880744,
              7.6880733944954045
            ],
            [
              45.073394495412856,
              7.412844036697265
            ],
            [
              45.25688073394497,
              7.1376146788990695
            ],
            [
              45.53211009174311,
              6.954128440366958
            ],
            [
              45.807339449541246,
              6.770642201834846
            ],
            [
              46.08256880733944,
              6.678899082568819
            ],
            [
              46.35779816513758,
              6.587155963302735
            ],
            [
              46.724770642201804,
              6.587155963302735
            ],
            [
              47.09174311926603,
              6.587155963302735
            ],
            [
              47.45871559633025,
              6.678899082568819
            ],
            [
              47.73394495412845,
              6.954128440366958
            ],
            [
              48.10091743119267,
              7.321100917431181
            ],
            [
              48.46788990825689,
              7.6880733944954045
            ],
            [
              48.74311926605503,
              7.963302752293544
            ],
            [
              49.01834862385317,
              8.23853211009174
            ],
            [
              49.20183486238534,
              8.513761467889935
            ],
            [
              49.47706422018348,
              8.69724770642199
            ],
            [
              49.75229357798162,
              8.880733944954102
            ],
            [
              50.11926605504584,
              8.880733944954102
            ],
            [
              50.57798165137615,
              8.972477064220186
            ],
            [
              50.94495412844037,
              8.972477064220186
            ],
            [
              51.40366972477062,
              8.972477064220186
            ],
            [
              51.67889908256882,
              9.064220183486214
            ],
            [
              52.32110091743118,
              9.064220183486214
            ],
            [
              52.871559633027516,
              9.064220183486214
            ],
            [
              53.23853211009174,
              9.155963302752298
            ],
            [
              53.51376146788988,
              9.247706422018325
            ],
            [
              53.8807339449541,
              9.33944954128441
            ],
            [
              54.247706422018325,
              9.33944954128441
            ],
            [
              54.52293577981652,
              9.247706422018325
            ],
            [
              54.889908256880744,
              9.064220183486214
            ],
            [
              55.073394495412856,
              8.788990825688074
            ],
            [
              55.348623853210995,
              8.513761467889935
            ],
            [
              55.62385321100919,
              8.330275229357767
            ],
            [
              55.89908256880733,
              8.146788990825712
            ],
            [
              56.17431192660547,
              8.055045871559628
            ],
            [
              56.449541284403665,
              7.963302752293544
            ],
            [
              56.724770642201804,
              7.871559633027516
            ],
            [
              57.0,
              7.596330275229377
            ],
            [
              57.18348623853211,
              7.321100917431181
            ],
            [
              57.36697247706422,
              7.045871559633042
            ],
            [
              57.64220183486236,
              6.954128440366958
            ],
            [
              58.28440366972478,
              6.8623853211009305
            ],
            [
              58.65137614678895,
              6.8623853211009305
            ],
            [
              59.20183486238534,
              7.045871559633042
            ],
            [
              59.66055045871559,
              7.229357798165154
            ],
            [
              60.211009174311926,
              7.412844036697265
            ],
            [
              60.76146788990826,
              7.6880733944954045
            ],
            [
              61.22018348623851,
              7.779816513761489
            ],
            [
              61.49541284403671,
              7.871559633027516
            ],
            [
              61.86238532110093,
              7.871559633027516
            ]
          ],
          [
            [
              52.13761467889907,
              54.01834862385323
            ],
            [
              52.59633027522932,
              54.01834862385323
            ],
            [
              53.05504587155963,
              54.01834862385323
            ],
            [
              53.33027522935777,
              53.926605504587144
            ],
            [
              53.788990825688074,
              53.83486238532112
            ],
            [
              54.1559633027523,
              53.83486238532112
            ],
            [
              54.52293577981652,
              53.83486238532112
            ],
            [
              54.889908256880744,
              53.83486238532112
            ],
            [
              55.16513761467888,
              53.74311926605503
            ],
            [
              55.44036697247702,
              53.651376146789005
            ],
            [
              55.71559633027522,
              53.55963302752292
            ],
            [
              56.08256880733944,
              53.46788990825689
            ],
            [
              56.35779816513758,
              53.37614678899081
            ],
            [
              56.63302752293578,
              53.28440366972478
            ],
            [
              56.908256880733916,
              53.1926605504587
            ],
            [
              57.27522935779814,
              53.009174311926586
            ],
            [
              57.550458715596335,
              52.825688073394474
            ],
            [
              57.825688073394474,
              52.550458715596335
            ],
            [
              58.10091743119267,
              52.36697247706422
            ],
            [
              58.37614678899081,
              52.18348623853211
            ],
            [
              58.65137614678895,
              52.0
            ],
            [
              59.01834862385317,
              51.81651376146789
            ],
            [
              59.20183486238534,
              51.54128440366975
            ],
            [
              59.47706422018348,
              51.35779816513764
            ],
            [
              59.75229357798162,
              50.990825688073414
            ],
            [
              60.027522935779814,
              50.8073394495413
            ],
            [
              60.30275229357795,
              50.62385321100919
            ],
            [
              60.57798165137615,
              50.44036697247708
            ],
            [
              60.85321100917429,
              50.348623853210995
            ],
            [
              61.128440366972484,
              50.073394495412856
            ],
            [
              61.40366972477062,
              49.889908256880744
            ],
            [
              61.67889908256882,
              49.79816513761466
            ]
          ]
        ]
      }
    }
  ]
}