{
  "type": "FeatureCollection",
  "crs": {
    "type": "name",
    "properties": {
      "name": "urn:ogc:def:crs:OGC:1.3:CRS84"
    }
  },
  "features": [
    {
      "type": "Feature",
      "properties": {
        "timestamp": "2026-04-16T21:59:04.849785",
        "country_name": "Russia",
        "author": "",
        "author_id": "51eb6bfd-d431-4c5b-a499-bbb61a797463",
        "validated": false,
        "ranking": [
          [
            "Russia",
            0.08798032999038696
          ],
          [
            "Kazakhstan",
            0.06336991488933563
          ],
          [
            "Turkey",
            0.04987898841500282
          ],
          [
            "China",
            0.048353731632232666
          ],
          [
            "Mongolia",
            0.04222739487886429
          ],
          [
            "Kyrgyzstan",
            0.04054359719157219
          ],
          [
            "Cyprus",
            0.037928856909275055
          ],
          [
            "Slovakia",
            0.03284977003931999
          ],
          [
            "Hong Kong",
            0.0322708860039711
          ],
          [
            "Puerto Rico",
            0.030941341072320938
          ],
          [
            "Falkland Islands",
            0.025619586929678917
          ],
          [
            "Indonesia",
            0.02553647942841053
          ],
          [
            "Panama",
            0.02372264303267002
          ],
          [
            "Iceland",
            0.021676043048501015
          ],
          [
            "Guinea-Bissau",
            0.021472517400979996
          ],
          [
            "Switzerland",
            0.02003055065870285
          ],
          [
            "Tajikistan",
            0.018316829577088356
          ],
          [
            "United Arab Emirates",
            0.01811816357076168
          ],
          [
            "Cuba",
            0.01662105694413185
          ],
          [
            "South Africa",
            0.0155095299705863
          ],
          [
            "Georgia",
            0.015284344553947449
          ],
          [
            "Central African Republic",
            0.014566894620656967
          ],
          [
            "Slovenia",
            0.014530903659760952
          ],
          [
            "Honduras",
            0.013287262059748173
          ],
          [
            "Timor-Leste",
            0.012894961051642895
          ],
          [
            "Uzbekistan",
            0.012183824554085732
          ],
          [
            "Papua New Guinea",
            0.010782746598124504
          ],
          [
            "Austria",
            0.010421556420624256
          ],
          [
            "Jamaica",
            0.010250644758343697
          ],
          [
            "Hungary",
            0.009945248253643513
          ],
          [
            "Bulgaria",
            0.009172394871711731
          ],
          [
            "Bhutan",
            0.008324461057782173
          ],
          [
            "Zambia",
            0.008296215906739235
          ],
          [
            "Estonia",
            0.008197138085961342
          ],
          [
            "Burkina Faso",
            0.00697156460955739
          ],
          [
            "South Sudan",
            0.006166211795061827
          ],
          [
            "Malaysia",
            0.005804852582514286
          ],
          [
            "Yemen",
            0.005694150924682617
          ],
          [
            "Niger",
            0.005659189540892839
          ],
          [
            "Ecuador",
            0.00562744727358222
          ],
          [
            "Latvia",
            0.005410552024841309
          ],
          [
            "Czech Republic",
            0.005227489862591028
          ],
          [
            "Rwanda",
            0.0051923817954957485
          ],
          [
            "Gambia",
            0.004735036287456751
          ],
          [
            "Brunei",
            0.004354139789938927
          ],
          [
            "Ukraine",
            0.00419650599360466
          ],
          [
            "Turkmenistan",
            0.003958867397159338
          ],
          [
            "Madeira Islands",
            0.003431372344493866
          ],
          [
            "Heard and McDonald Islands",
            0.003336614230647683
          ],
          [
            "Fiji",
            0.0031596876215189695
          ],
          [
            "Gabon",
            0.002952864160761237
          ],
          [
            "El Salvador",
            0.002923024818301201
          ],
          [
            "New Caledonia",
            0.0027258165646344423
          ],
          [
            "Guadeloupe",
            0.002598597202450037
          ],
          [
            "Netherlands",
            0.0022633271291851997
          ],
          [
            "Pakistan",
            0.0020817008335143328
          ],
          [
            "North Korea",
            0.002046208828687668
          ],
          [
            "Dominican Republic",
            0.0020002652890980244
          ],
          [
            "Azerbaijan",
            0.0019400439923629165
          ],
          [
            "Netherlands Antilles",
            0.001863936660811305
          ],
          [
            "Bangladesh",
            0.001837511663325131
          ],
          [
            "Canada",
            0.001756666461005807
          ],
          [
            "Lithuania",
            0.0017170208739116788
          ],
          [
            "Romania",
            0.0016129580326378345
          ],
          [
            "Mali",
            0.0015829588519409299
          ],
          [
            "Nepal",
            0.0013535891193896532
          ],
          [
            "Turks and Caicos Islands",
            0.00135290517937392
          ],
          [
            "Trinidad and Tobago",
            0.001287628780119121
          ],
          [
            "Belarus",
            0.00118350051343441
          ],
          [
            "Solomon Islands",
            0.0011727504897862673
          ],
          [
            "Burundi",
            0.0011229099472984672
          ],
          [
            "Congo",
            0.0011091292835772038
          ],
          [
            "France",
            0.001085726311430335
          ],
          [
            "Colombia",
            0.0010612878249958158
          ],
          [
            "Guatemala",
            0.001051232684403658
          ],
          [
            "Morocco",
            0.0010272747604176402
          ],
          [
            "Nigeria",
            0.0010027202079072595
          ],
          [
            "Samoa",
            0.0009732648031786084
          ],
          [
            "Mauritania",
            0.0009681916562840343
          ],
          [
            "Croatia",
            0.000954598537646234
          ],
          [
            "Syria",
            0.0009252427844330668
          ],
          [
            "Mexico",
            0.0009097157744690776
          ],
          [
            "Spain",
            0.000885780667886138
          ],
          [
            "North Macedonia",
            0.0008418504148721695
          ],
          [
            "Botswana",
            0.0008144100429490209
          ],
          [
            "United States of America",
            0.0008097447571344674
          ],
          [
            "Guam",
            0.0007986716227605939
          ],
          [
            "Venezuela",
            0.0007771363016217947
          ],
          [
            "Jordan",
            0.0007770340307615697
          ],
          [
            "Bosnia & Herzegovina",
            0.0007529562572017312
          ],
          [
            "Afghanistan",
            0.0007509970455430448
          ],
          [
            "Brazil",
            0.0007382350158877671
          ],
          [
            "Nicaragua",
            0.000727723294403404
          ],
          [
            "India",
            0.0007252180948853493
          ],
          [
            "Saudi Arabia",
            0.0007196279475465417
          ],
          [
            "Sudan",
            0.0007117787026800215
          ],
          [
            "Sierra Leone",
            0.0007083130767568946
          ],
          [
            "Somalia",
            0.0007035626913420856
          ],
          [
            "Kuwait",
            0.0006657603080384433
          ],
          [
            "Japan",
            0.0006444197497330606
          ],
          [
            "Senegal",
            0.0006282886606641114
          ],
          [
            "Italy",
            0.0006275904597714543
          ],
          [
            "Uganda",
            0.0006167925894260406
          ],
          [
            "Lesotho",
            0.0006044395267963409
          ],
          [
            "Isle of Man",
            0.0005763467052020133
          ],
          [
            "Oman",
            0.0005668087978847325
          ],
          [
            "Djibouti",
            0.0005597289418801665
          ],
          [
            "Ireland",
            0.0005468566669151187
          ],
          [
            "Cape Verde",
            0.000537144485861063
          ],
          [
            "Comoros",
            0.0005276642623357475
          ],
          [
            "Belgium",
            0.0005179441068321466
          ],
          [
            "Cambodia",
            0.0005113448714837432
          ],
          [
            "DR Congo",
            0.0004960210062563419
          ],
          [
            "Algeria",
            0.000489186670165509
          ],
          [
            "Iran",
            0.00048772027366794646
          ],
          [
            "Montenegro",
            0.0004874487058259547
          ],
          [
            "Serbia",
            0.00048615067498758435
          ],
          [
            "Philippines",
            0.00048172654351219535
          ],
          [
            "Cameroon",
            0.00046526253572665155
          ],
          [
            "Guinea",
            0.00045173391117714345
          ],
          [
            "Angola",
            0.00044561430695466697
          ],
          [
            "South Korea",
            0.000436733738752082
          ],
          [
            "Greenland",
            0.00042965455213561654
          ],
          [
            "Mozambique",
            0.0004290902870707214
          ],
          [
            "Ethiopia",
            0.00042574864346534014
          ],
          [
            "Bahamas",
            0.0004173379857093096
          ],
          [
            "Costa Rica",
            0.00041140333632938564
          ],
          [
            "Moldova",
            0.00040773567161522806
          ],
          [
            "Bolivia",
            0.000365831539966166
          ],
          [
            "Malawi",
            0.00036182889016345143
          ],
          [
            "Suriname",
            0.00033105898182839155
          ],
          [
            "New Zealand",
            0.0003281989775132388
          ],
          [
            "Armenia",
            0.0003251409507356584
          ],
          [
            "Western Sahara",
            0.00031872870749793947
          ],
          [
            "Svalbard",
            0.0003143593785353005
          ],
          [
            "South Georgia Islands",
            0.00027708854759112
          ],
          [
            "Kenya",
            0.00027659640181809664
          ],
          [
            "Paraguay",
            0.00027204136131331325
          ],
          [
            "Ghana",
            0.0002605593763291836
          ],
          [
            "Iraq",
            0.00026004057144746184
          ],
          [
            "Norway",
            0.0002537881664466113
          ],
          [
            "Eritrea",
            0.00025169935543090105
          ],
          [
            "Egypt",
            0.0002416758652543649
          ],
          [
            "Benin",
            0.00023872680321801454
          ],
          [
            "Peru",
            0.0002279355248901993
          ],
          [
            "Australia",
            0.00021905466564930975
          ],
          [
            "Lebanon",
            0.00021743203978985548
          ],
          [
            "French Guiana",
            0.00021019681298639625
          ],
          [
            "United Kingdom",
            0.00020935057546012104
          ],
          [
            "Greece",
            0.0002067569294013083
          ],
          [
            "Côte d'Ivoire",
            0.00020103424321860075
          ],
          [
            "Haiti",
            0.00019612425239756703
          ],
          [
            "Thailand",
            0.000192564693861641
          ],
          [
            "Israel",
            0.00019030818657483906
          ],
          [
            "Albania",
            0.00018955465930048376
          ],
          [
            "Myanmar",
            0.0001777609868440777
          ],
          [
            "Sweden",
            0.00017688298248685896
          ],
          [
            "Eswatini",
            0.00017479655798524618
          ],
          [
            "Namibia",
            0.00017370675050187856
          ],
          [
            "Denmark",
            0.00017084415594581515
          ],
          [
            "Barbados",
            0.00017023329564835876
          ],
          [
            "Belize",
            0.00016933366714511067
          ],
          [
            "Equatorial Guinea",
            0.00016562320524826646
          ],
          [
            "Togo",
            0.0001605507859494537
          ],
          [
            "Tunisia",
            0.00015783784328959882
          ],
          [
            "Martinique",
            0.00015433099179062992
          ],
          [
            "Luxembourg",
            0.00015317350334953517
          ],
          [
            "Qatar",
            0.00015273356984835118
          ],
          [
            "Germany",
            0.0001476695470046252
          ],
          [
            "Zimbabwe",
            0.0001470307179260999
          ],
          [
            "Guyana",
            0.0001422588393324986
          ],
          [
            "Poland",
            0.0001391204132232815
          ],
          [
            "Uruguay",
            0.00012300796515773982
          ],
          [
            "Saint Lucia",
            0.00011796213948400691
          ],
          [
            "Vanuatu",
            0.00011603013263083994
          ],
          [
            "Mayotte",
            0.00011583045852603391
          ],
          [
            "Chile",
            0.00011240321327932179
          ],
          [
            "Argentina",
            0.00010573432518867776
          ],
          [
            "Vietnam",
            9.957746078725904e-05
          ],
          [
            "Liberia",
            9.835148375714198e-05
          ],
          [
            "Portugal",
            9.759653767105192e-05
          ],
          [
            "Chad",
            9.722122922539711e-05
          ],
          [
            "Taiwan",
            9.161790512735024e-05
          ],
          [
            "Tanzania",
            9.091984247788787e-05
          ],
          [
            "Laos",
            9.088446677196771e-05
          ],
          [
            "Libya",
            8.767689723754302e-05
          ],
          [
            "Palau",
            8.550696657039225e-05
          ],
          [
            "West Bank",
            7.639952673343942e-05
          ],
          [
            "Bahrain",
            7.605219434481114e-05
          ],
          [
            "Sri Lanka",
            7.4758667324204e-05
          ],
          [
            "Sao Tome and Principe",
            7.319869473576546e-05
          ],
          [
            "Reunion",
            7.211857882793993e-05
          ],
          [
            "Finland",
            6.929321534698829e-05
          ],
          [
            "Madagascar",
            6.123473576735705e-05
          ],
          [
            "Faroe Islands",
            5.348317790776491e-05
          ],
          [
            "Dominica",
            5.1937233365606517e-05
          ],
          [
            "Antigua & Barbuda",
            3.8447833503596485e-05
          ],
          [
            "Kiribati",
            2.717176357691642e-05
          ],
          [
            "United States Virgin Islands",
            2.3783861252013594e-05
          ]
        ]
      },
      "geometry": {
        "type": "MultiLineString",
        "coordinates": [
          [
            [
              5.212598425196859,
              32.56692913385828
            ],
            [
              4.740157480314963,
              32.472440944881896
            ],
            [
              4.456692913385837,
              32.283464566929126
            ],
            [
              4.17322834645671,
              32.18897637795277
            ],
            [
              3.7952755905512277,
              31.81102362204726
            ],
            [
              3.7952755905512277,
              31.433070866141748
            ],
            [
              3.7007874015748143,
              31.149606299212593
            ],
            [
              3.7007874015748143,
              30.77165354330708
            ],
            [
              3.5118110236220446,
              30.39370078740157
            ],
            [
              3.5118110236220446,
              30.01574803149606
            ],
            [
              3.5118110236220446,
              29.63779527559055
            ],
            [
              3.5118110236220446,
              29.259842519685037
            ],
            [
              3.606299212598458,
              28.881889763779526
            ],
            [
              3.7952755905512277,
              28.5984251968504
            ],
            [
              3.9842519685039406,
              28.314960629921273
            ],
            [
              3.7007874015748143,
              28.125984251968504
            ],
            [
              3.606299212598458,
              27.842519685039377
            ],
            [
              3.5118110236220446,
              27.55905511811025
            ],
            [
              3.2283464566929183,
              27.086614173228355
            ],
            [
              3.0393700787402054,
              26.8031496062992
            ],
            [
              2.7559055118110223,
              26.708661417322844
            ],
            [
              2.7559055118110223,
              26.236220472440948
            ],
            [
              2.8503937007874356,
              25.763779527559052
            ],
            [
              2.944881889763792,
              25.291338582677156
            ],
            [
              3.0393700787402054,
              25.00787401574803
            ],
            [
              3.133858267716562,
              24.724409448818903
            ],
            [
              3.417322834645688,
              24.346456692913392
            ],
            [
              3.7007874015748143,
              24.062992125984266
            ],
            [
              3.7952755905512277,
              23.77952755905511
            ],
            [
              3.9842519685039406,
              23.4015748031496
            ],
            [
              4.078740157480354,
              23.02362204724409
            ],
            [
              4.36220472440948,
              22.645669291338578
            ],
            [
              4.740157480314963,
              22.456692913385837
            ],
            [
              4.929133858267733,
              22.17322834645671
            ],
            [
              5.118110236220502,
              21.889763779527556
            ],
            [
              4.834645669291376,
              21.700787401574814
            ],
            [
              4.55118110236225,
              21.60629921259843
            ],
            [
              4.17322834645671,
              21.60629921259843
            ],
            [
              3.7952755905512277,
              21.60629921259843
            ],
            [
              3.417322834645688,
              21.60629921259843
            ],
            [
              3.0393700787402054,
              21.60629921259843
            ],
            [
              2.661417322834666,
              21.60629921259843
            ],
            [
              2.3779527559055396,
              21.511811023622045
            ],
            [
              2.0,
              21.511811023622045
            ],
            [
              2.0,
              21.133858267716533
            ],
            [
              2.0944881889764133,
              20.850393700787407
            ],
            [
              2.18897637795277,
              20.56692913385828
            ],
            [
              2.18897637795277,
              20.18897637795277
            ],
            [
              2.3779527559055396,
              19.905511811023615
            ],
            [
              2.472440944881896,
              19.433070866141748
            ],
            [
              2.472440944881896,
              19.055118110236208
            ],
            [
              2.5669291338583093,
              18.77165354330708
            ],
            [
              2.8503937007874356,
              18.488188976377955
            ],
            [
              3.133858267716562,
              18.39370078740157
            ],
            [
              3.417322834645688,
              18.299212598425186
            ],
            [
              3.7952755905512277,
              18.299212598425186
            ],
            [
              4.17322834645671,
              18.299212598425186
            ],
            [
              4.55118110236225,
              18.110236220472444
            ],
            [
              4.645669291338606,
              17.826771653543318
            ],
            [
              4.740157480314963,
              17.543307086614163
            ],
            [
              4.929133858267733,
              17.259842519685037
            ],
            [
              5.118110236220502,
              16.97637795275591
            ],
            [
              5.401574803149629,
              16.692913385826785
            ],
            [
              5.5905511811023985,
              16.40944881889766
            ],
            [
              5.685039370078755,
              16.125984251968504
            ],
            [
              5.685039370078755,
              15.748031496062993
            ],
            [
              5.685039370078755,
              15.275590551181097
            ],
            [
              5.685039370078755,
              14.897637795275585
            ],
            [
              5.685039370078755,
              14.330708661417333
            ],
            [
              5.685039370078755,
              13.952755905511822
            ],
            [
              5.685039370078755,
              13.574803149606282
            ],
            [
              6.0629921259842945,
              13.480314960629926
            ],
            [
              6.346456692913421,
              13.291338582677156
            ],
            [
              6.7244094488189035,
              13.38582677165357
            ],
            [
              7.00787401574803,
              13.669291338582696
            ],
            [
              7.1968503937007995,
              13.952755905511822
            ],
            [
              7.385826771653569,
              14.236220472440948
            ],
            [
              7.6692913385826955,
              14.425196850393718
            ],
            [
              7.6692913385826955,
              14.8031496062992
            ],
            [
              7.6692913385826955,
              15.18110236220474
            ],
            [
              7.574803149606339,
              15.559055118110223
            ],
            [
              7.385826771653569,
              15.842519685039377
            ],
            [
              7.385826771653569,
              16.314960629921273
            ],
            [
              7.480314960629926,
              16.5984251968504
            ],
            [
              7.858267716535465,
              16.692913385826785
            ],
            [
              8.236220472440948,
              16.881889763779526
            ],
            [
              8.614173228346488,
              16.881889763779526
            ],
            [
              8.99212598425197,
              16.881889763779526
            ],
            [
              9.37007874015751,
              16.881889763779526
            ],
            [
              9.842519685039406,
              17.070866141732296
            ],
            [
              10.220472440944889,
              17.16535433070868
            ],
            [
              10.503937007874015,
              17.354330708661422
            ],
            [
              10.787401574803198,
              17.543307086614163
            ],
            [
              10.881889763779554,
              18.110236220472444
            ],
            [
              10.881889763779554,
              18.58267716535434
            ],
            [
              10.692913385826785,
              19.055118110236208
            ],
            [
              10.503937007874015,
              19.716535433070874
            ],
            [
              10.409448818897658,
              20.0
            ],
            [
              10.220472440944889,
              20.283464566929126
            ],
            [
              10.125984251968532,
              20.755905511811022
            ],
            [
              10.125984251968532,
              21.22834645669292
            ],
            [
              10.409448818897658,
              21.700787401574814
            ],
            [
              10.881889763779554,
              21.511811023622045
            ],
            [
              11.16535433070868,
              21.417322834645688
            ],
            [
              11.448818897637807,
              21.133858267716533
            ],
            [
              11.732283464566933,
              21.03937007874015
            ],
            [
              12.20472440944883,
              20.944881889763792
            ],
            [
              12.677165354330725,
              20.944881889763792
            ],
            [
              13.055118110236265,
              20.944881889763792
            ],
            [
              13.244094488188978,
              20.661417322834666
            ],
            [
              13.338582677165391,
              20.37795275590551
            ],
            [
              13.52755905511816,
              20.094488188976385
            ],
            [
              13.905511811023644,
              19.905511811023615
            ],
            [
              14.283464566929183,
              19.81102362204723
            ],
            [
              14.755905511811022,
              19.433070866141748
            ],
            [
              15.039370078740205,
              19.055118110236208
            ],
            [
              15.133858267716562,
              18.77165354330708
            ],
            [
              15.417322834645688,
              18.39370078740157
            ],
            [
              15.606299212598458,
              18.110236220472444
            ],
            [
              15.98425196850394,
              17.921259842519703
            ],
            [
              16.456692913385837,
              17.826771653543318
            ],
            [
              16.929133858267733,
              17.63779527559055
            ],
            [
              17.307086614173272,
              17.63779527559055
            ],
            [
              17.5905511811024,
              17.826771653543318
            ],
            [
              17.5905511811024,
              18.488188976377955
            ],
            [
              17.5905511811024,
              19.055118110236208
            ],
            [
              17.685039370078755,
              19.433070866141748
            ],
            [
              17.77952755905517,
              19.81102362204723
            ],
            [
              17.874015748031525,
              20.094488188976385
            ],
            [
              18.251968503937007,
              20.094488188976385
            ],
            [
              18.724409448818903,
              20.094488188976385
            ],
            [
              19.00787401574803,
              19.905511811023615
            ],
            [
              19.291338582677213,
              19.62204724409449
            ],
            [
              19.669291338582696,
              19.433070866141748
            ],
            [
              19.95275590551182,
              19.244094488188978
            ],
            [
              20.236220472440948,
              19.055118110236208
            ],
            [
              20.519685039370074,
              18.866141732283467
            ],
            [
              20.897637795275614,
              18.866141732283467
            ],
            [
              21.37007874015751,
              18.866141732283467
            ],
            [
              21.842519685039406,
              18.96062992125985
            ],
            [
              22.314960629921302,
              19.055118110236208
            ],
            [
              22.598425196850428,
              19.149606299212593
            ],
            [
              22.881889763779554,
              19.244094488188978
            ],
            [
              23.16535433070868,
              19.338582677165363
            ],
            [
              23.448818897637807,
              19.527559055118104
            ],
            [
              23.921259842519703,
              19.62204724409449
            ],
            [
              24.20472440944883,
              19.716535433070874
            ],
            [
              24.3937007874016,
              20.0
            ],
            [
              24.866141732283495,
              20.0
            ],
            [
              25.244094488188978,
              20.0
            ],
            [
              25.622047244094517,
              20.0
            ],
            [
              26.18897637795277,
              19.905511811023615
            ],
            [
              26.755905511811022,
              19.905511811023615
            ],
            [
              27.039370078740205,
              19.81102362204723
            ],
            [
              27.133858267716562,
              19.433070866141748
            ],
            [
              27.417322834645688,
              19.244094488188978
            ],
            [
              27.511811023622045,
              18.866141732283467
            ],
            [
              27.511811023622045,
              18.39370078740157
            ],
            [
              27.511811023622045,
              18.01574803149606
            ],
            [
              27.889763779527584,
              17.732283464566933
            ],
            [
              28.17322834645671,
              17.63779527559055
            ],
            [
              28.456692913385837,
              17.448818897637807
            ],
            [
              28.834645669291376,
              17.259842519685037
            ],
            [
              29.02362204724409,
              16.881889763779526
            ],
            [
              29.02362204724409,
              16.503937007874015
            ],
            [
              29.02362204724409,
              16.03149606299212
            ],
            [
              28.834645669291376,
              15.748031496062993
            ],
            [
              28.834645669291376,
              15.275590551181097
            ],
            [
              28.834645669291376,
              14.897637795275585
            ],
            [
              29.02362204724409,
              14.61417322834646
            ],
            [
              29.118110236220502,
              14.330708661417333
            ],
            [
              29.307086614173272,
              14.047244094488178
            ],
            [
              29.5905511811024,
              13.763779527559052
            ],
            [
              29.874015748031525,
              13.38582677165357
            ],
            [
              30.15748031496065,
              13.291338582677156
            ],
            [
              30.629921259842547,
              12.913385826771673
            ],
            [
              30.913385826771673,
              12.81889763779526
            ],
            [
              31.102362204724443,
              12.535433070866134
            ],
            [
              31.1968503937008,
              12.251968503937007
            ],
            [
              31.38582677165357,
              11.685039370078755
            ],
            [
              31.480314960629926,
              11.307086614173215
            ],
            [
              31.669291338582696,
              10.929133858267733
            ],
            [
              31.95275590551182,
              10.740157480314963
            ],
            [
              32.33070866141736,
              10.645669291338606
            ],
            [
              32.708661417322844,
              10.645669291338606
            ],
            [
              32.99212598425197,
              10.740157480314963
            ],
            [
              33.37007874015751,
              11.02362204724409
            ],
            [
              33.55905511811028,
              11.307086614173215
            ],
            [
              33.842519685039406,
              11.590551181102342
            ],
            [
              34.12598425196853,
              11.779527559055111
            ],
            [
              34.503937007874015,
              11.968503937007881
            ],
            [
              34.7874015748032,
              12.062992125984238
            ],
            [
              35.16535433070868,
              12.062992125984238
            ],
            [
              35.44881889763781,
              12.157480314960651
            ],
            [
              35.82677165354335,
              12.157480314960651
            ],
            [
              36.11023622047247,
              12.251968503937007
            ],
            [
              36.11023622047247,
              12.629921259842547
            ],
            [
              36.29921259842524,
              13.00787401574803
            ],
            [
              36.29921259842524,
              13.480314960629926
            ],
            [
              36.3937007874016,
              13.763779527559052
            ],
            [
              36.3937007874016,
              14.141732283464563
            ],
            [
              36.3937007874016,
              14.61417322834646
            ],
            [
              36.677165354330725,
              14.99212598425197
            ],
            [
              36.96062992125985,
              15.18110236220474
            ],
            [
              37.43307086614175,
              15.086614173228355
            ],
            [
              37.81102362204729,
              15.086614173228355
            ],
            [
              38.18897637795277,
              14.99212598425197
            ],
            [
              38.56692913385831,
              14.99212598425197
            ],
            [
              38.94488188976379,
              15.086614173228355
            ],
            [
              39.22834645669292,
              15.18110236220474
            ],
            [
              39.41732283464569,
              15.464566929133866
            ],
            [
              39.700787401574814,
              15.748031496062993
            ],
            [
              39.98425196850394,
              15.842519685039377
            ],
            [
              40.267716535433124,
              15.937007874015762
            ],
            [
              40.645669291338606,
              15.937007874015762
            ],
            [
              41.02362204724409,
              15.937007874015762
            ],
            [
              41.30708661417327,
              15.842519685039377
            ],
            [
              40.92913385826773,
              16.22047244094489
            ],
            [
              40.74015748031496,
              16.5984251968504
            ],
            [
              40.55118110236225,
              16.97637795275591
            ],
            [
              40.45669291338584,
              17.259842519685037
            ],
            [
              40.55118110236225,
              17.63779527559055
            ],
            [
              40.92913385826773,
              17.448818897637807
            ],
            [
              41.21259842519686,
              17.259842519685037
            ],
            [
              41.496062992125985,
              16.97637795275591
            ],
            [
              41.77952755905517,
              16.881889763779526
            ],
            [
              42.25196850393701,
              16.692913385826785
            ],
            [
              42.535433070866134,
              16.5984251968504
            ],
            [
              43.1968503937008,
              16.5984251968504
            ],
            [
              43.76377952755911,
              16.692913385826785
            ],
            [
              44.23622047244095,
              16.881889763779526
            ],
            [
              44.708661417322844,
              16.97637795275591
            ],
            [
              44.99212598425197,
              17.16535433070868
            ],
            [
              45.37007874015751,
              17.354330708661422
            ],
            [
              45.653543307086636,
              17.448818897637807
            ],
            [
              46.12598425196853,
              17.448818897637807
            ],
            [
              46.59842519685043,
              17.448818897637807
            ],
            [
              47.16535433070868,
              17.448818897637807
            ],
            [
              47.63779527559058,
              17.448818897637807
            ],
            [
              47.9212598425197,
              17.543307086614163
            ],
            [
              48.20472440944883,
              17.732283464566933
            ],
            [
              48.3937007874016,
              18.01574803149606
            ],
            [
              48.677165354330725,
              18.299212598425186
            ],
            [
              48.77165354330714,
              18.58267716535434
            ],
            [
              48.77165354330714,
              18.96062992125985
            ],
            [
              48.77165354330714,
              19.527559055118104
            ],
            [
              48.677165354330725,
              19.905511811023615
            ],
            [
              48.488188976377955,
              20.283464566929126
            ],
            [
              48.3937007874016,
              20.56692913385828
            ],
            [
              48.20472440944883,
              20.850393700787407
            ],
            [
              47.9212598425197,
              21.133858267716533
            ],
            [
              47.54330708661422,
              21.22834645669292
            ],
            [
              47.070866141732324,
              21.22834645669292
            ],
            [
              46.503937007874015,
              21.22834645669292
            ],
            [
              46.22047244094489,
              21.133858267716533
            ],
            [
              45.93700787401576,
              21.22834645669292
            ],
            [
              45.93700787401576,
              21.60629921259843
            ],
            [
              46.22047244094489,
              21.98425196850394
            ],
            [
              46.503937007874015,
              22.267716535433067
            ],
            [
              46.7874015748032,
              22.456692913385837
            ],
            [
              47.16535433070868,
              22.645669291338578
            ],
            [
              47.63779527559058,
              22.929133858267733
            ],
            [
              48.01574803149606,
              23.4015748031496
            ],
            [
              48.3937007874016,
              23.685039370078755
            ],
            [
              48.77165354330714,
              24.062992125984266
            ],
            [
              49.055118110236265,
              24.251968503937007
            ],
            [
              49.33858267716539,
              24.535433070866134
            ],
            [
              49.716535433070874,
              24.62992125984252
            ],
            [
              50.09448818897641,
              24.62992125984252
            ],
            [
              50.472440944881896,
              24.62992125984252
            ],
            [
              50.75590551181102,
              24.440944881889777
            ],
            [
              51.039370078740205,
              24.251968503937007
            ],
            [
              51.22834645669292,
              23.96850393700788
            ],
            [
              51.41732283464569,
              23.685039370078755
            ],
            [
              51.700787401574814,
              23.496062992125985
            ],
            [
              51.98425196850394,
              23.21259842519686
            ],
            [
              52.267716535433124,
              23.118110236220474
            ],
            [
              52.834645669291376,
              23.02362204724409
            ],
            [
              53.21259842519686,
              22.929133858267733
            ],
            [
              53.5905511811024,
              22.929133858267733
            ],
            [
              53.96850393700788,
              22.929133858267733
            ],
            [
              54.25196850393701,
              23.02362204724409
            ],
            [
              54.81889763779532,
              23.02362204724409
            ],
            [
              55.29133858267721,
              23.02362204724409
            ],
            [
              55.480314960629926,
              23.307086614173244
            ],
            [
              55.669291338582696,
              23.59055118110237
            ],
            [
              55.95275590551182,
              23.874015748031496
            ],
            [
              56.047244094488235,
              24.251968503937007
            ],
            [
              56.047244094488235,
              24.62992125984252
            ],
            [
              56.14173228346459,
              24.913385826771645
            ],
            [
              56.708661417322844,
              24.62992125984252
            ],
            [
              56.897637795275614,
              24.346456692913392
            ],
            [
              57.086614173228384,
              24.062992125984266
            ],
            [
              57.37007874015751,
              23.685039370078755
            ],
            [
              57.37007874015751,
              23.307086614173244
            ],
            [
              57.37007874015751,
              22.834645669291348
            ],
            [
              57.464566929133866,
              22.551181102362193
            ],
            [
              57.55905511811028,
              22.267716535433067
            ],
            [
              57.653543307086636,
              21.98425196850394
            ],
            [
              57.74803149606299,
              21.700787401574814
            ],
            [
              57.842519685039406,
              21.322834645669303
            ],
            [
              57.842519685039406,
              20.850393700787407
            ],
            [
              57.842519685039406,
              20.472440944881896
            ],
            [
              57.842519685039406,
              19.905511811023615
            ],
            [
              57.74803149606299,
              19.527559055118104
            ],
            [
              57.74803149606299,
              19.149606299212593
            ],
            [
              57.653543307086636,
              18.866141732283467
            ],
            [
              57.37007874015751,
              18.58267716535434
            ],
            [
              57.27559055118115,
              18.20472440944883
            ],
            [
              56.99212598425197,
              18.01574803149606
            ],
            [
              56.61417322834649,
              17.826771653543318
            ],
            [
              56.33070866141736,
              17.732283464566933
            ],
            [
              55.76377952755911,
              17.826771653543318
            ],
            [
              55.480314960629926,
              17.921259842519703
            ],
            [
              55.1968503937008,
              18.110236220472444
            ],
            [
              55.29133858267721,
              17.732283464566933
            ],
            [
              55.29133858267721,
              17.354330708661422
            ],
            [
              55.480314960629926,
              17.070866141732296
            ],
            [
              55.669291338582696,
              16.5984251968504
            ],
            [
              55.858267716535465,
              16.314960629921273
            ],
            [
              55.95275590551182,
              16.03149606299212
            ],
            [
              56.047244094488235,
              15.748031496062993
            ],
            [
              56.23622047244095,
              15.464566929133866
            ],
            [
              56.519685039370074,
              15.275590551181097
            ],
            [
              56.80314960629926,
              15.18110236220474
            ],
            [
              57.18110236220474,
              14.897637795275585
            ],
            [
              57.55905511811028,
              15.370078740157481
            ],
            [
              57.74803149606299,
              15.653543307086608
            ],
            [
              58.12598425196853,
              15.842519685039377
            ],
            [
              58.503937007874015,
              16.22047244094489
            ],
            [
              58.7874015748032,
              16.314960629921273
            ],
            [
              59.16535433070868,
              16.503937007874015
            ],
            [
              59.44881889763781,
              16.881889763779526
            ],
            [
              59.73228346456693,
              17.070866141732296
            ],
            [
              59.82677165354335,
              17.448818897637807
            ],
            [
              59.9212598425197,
              17.826771653543318
            ],
            [
              60.11023622047247,
              18.110236220472444
            ],
            [
              60.20472440944883,
              18.39370078740157
            ],
            [
              60.20472440944883,
              18.96062992125985
            ],
            [
              60.29921259842524,
              19.338582677165363
            ],
            [
              60.3937007874016,
              19.81102362204723
            ],
            [
              60.488188976377955,
              20.18897637795277
            ],
            [
              60.488188976377955,
              20.56692913385828
            ],
            [
              60.488188976377955,
              20.944881889763792
            ],
            [
              60.488188976377955,
              21.322834645669303
            ],
            [
              60.3937007874016,
              21.700787401574814
            ],
            [
              60.3937007874016,
              22.078740157480325
            ],
            [
              60.20472440944883,
              22.36220472440945
            ],
            [
              60.20472440944883,
              22.740157480314963
            ],
            [
              60.11023622047247,
              23.02362204724409
            ],
            [
              60.11023622047247,
              23.4015748031496
            ],
            [
              60.11023622047247,
              23.77952755905511
            ],
            [
              60.11023622047247,
              24.346456692913392
            ],
            [
              60.11023622047247,
              24.724409448818903
            ],
            [
              60.01574803149606,
              25.00787401574803
            ],
            [
              60.01574803149606,
              25.38582677165354
            ],
            [
              59.9212598425197,
              25.763779527559052
            ],
            [
              59.82677165354335,
              26.236220472440948
            ],
            [
              59.73228346456693,
              26.61417322834646
            ],
            [
              59.44881889763781,
              26.897637795275585
            ],
            [
              59.16535433070868,
              27.086614173228355
            ],
            [
              58.7874015748032,
              27.37007874015748
            ],
            [
              58.40944881889766,
              27.653543307086608
            ],
            [
              58.12598425196853,
              27.842519685039377
            ],
            [
              57.842519685039406,
              28.125984251968504
            ],
            [
              57.55905511811028,
              28.40944881889763
            ],
            [
              57.37007874015751,
              28.692913385826785
            ],
            [
              57.18110236220474,
              28.97637795275591
            ],
            [
              56.99212598425197,
              29.259842519685037
            ],
            [
              56.897637795275614,
              29.63779527559055
            ],
            [
              56.61417322834649,
              29.732283464566933
            ],
            [
              56.047244094488235,
              29.448818897637807
            ],
            [
              55.76377952755911,
              29.354330708661422
            ],
            [
              55.1968503937008,
              29.259842519685037
            ],
            [
              54.7244094488189,
              29.259842519685037
            ],
            [
              54.34645669291342,
              29.259842519685037
            ],
            [
              53.685039370078755,
              29.165354330708652
            ],
            [
              53.40157480314963,
              29.070866141732296
            ],
            [
              53.02362204724409,
              28.78740157480314
            ],
            [
              52.74015748031496,
              28.5984251968504
            ],
            [
              52.36220472440948,
              28.40944881889763
            ],
            [
              52.078740157480354,
              28.314960629921273
            ],
            [
              51.889763779527584,
              28.5984251968504
            ],
            [
              52.078740157480354,
              28.97637795275591
            ],
            [
              52.267716535433124,
              29.448818897637807
            ],
            [
              52.45669291338584,
              29.732283464566933
            ],
            [
              52.55118110236225,
              30.110236220472444
            ],
            [
              52.645669291338606,
              30.39370078740157
            ],
            [
              52.74015748031496,
              30.77165354330708
            ],
            [
              52.834645669291376,
              31.149606299212593
            ],
            [
              52.834645669291376,
              31.62204724409449
            ],
            [
              52.834645669291376,
              32.094488188976385
            ],
            [
              52.92913385826773,
              32.37795275590551
            ],
            [
              53.02362204724409,
              32.75590551181102
            ],
            [
              53.1181102362205,
              33.03937007874015
            ],
            [
              53.1181102362205,
              33.511811023622045
            ],
            [
              53.21259842519686,
              33.79527559055117
            ],
            [
              53.21259842519686,
              34.17322834645671
            ],
            [
              53.21259842519686,
              34.55118110236219
            ],
            [
              53.21259842519686,
              34.92913385826773
            ],
            [
              53.21259842519686,
              35.4015748031496
            ],
            [
              53.496062992125985,
              35.59055118110237
            ],
            [
              53.874015748031525,
              35.96850393700788
            ],
            [
              54.15748031496065,
              36.15748031496062
            ],
            [
              54.44094488188978,
              36.62992125984252
            ],
            [
              54.62992125984255,
              36.913385826771645
            ],
            [
              55.00787401574803,
              37.291338582677156
            ],
            [
              55.29133858267721,
              37.480314960629926
            ],
            [
              55.480314960629926,
              37.85826771653544
            ],
            [
              55.76377952755911,
              38.23622047244095
            ],
            [
              55.858267716535465,
              38.519685039370074
            ],
            [
              55.95275590551182,
              38.8031496062992
            ],
            [
              55.95275590551182,
              39.2755905511811
            ],
            [
              55.95275590551182,
              39.65354330708661
            ],
            [
              55.95275590551182,
              40.03149606299212
            ],
            [
              55.95275590551182,
              40.40944881889763
            ],
            [
              55.858267716535465,
              40.692913385826785
            ],
            [
              55.669291338582696,
              41.070866141732296
            ],
            [
              55.57480314960634,
              41.35433070866142
            ],
            [
              55.38582677165357,
              41.73228346456693
            ],
            [
              55.29133858267721,
              42.01574803149606
            ],
            [
              55.1968503937008,
              42.299212598425186
            ],
            [
              55.29133858267721,
              42.58267716535434
            ],
            [
              55.29133858267721,
              42.20472440944883
            ],
            [
              55.38582677165357,
              41.63779527559055
            ],
            [
              55.57480314960634,
              41.35433070866142
            ],
            [
              55.95275590551182,
              41.44881889763781
            ],
            [
              56.23622047244095,
              41.9212598425197
            ],
            [
              56.33070866141736,
              42.20472440944883
            ],
            [
              56.42519685039372,
              42.488188976377955
            ],
            [
              56.519685039370074,
              42.77165354330708
            ]
          ],
          [
            [
              5.401574803149629,
              32.66141732283464
            ],
            [
              5.5905511811023985,
              32.94488188976379
            ],
            [
              5.5905511811023985,
              33.3228346456693
            ],
            [
              5.5905511811023985,
              33.79527559055117
            ],
            [
              5.401574803149629,
              34.26771653543307
            ],
            [
              5.212598425196859,
              34.55118110236219
            ],
            [
              5.212598425196859,
              34.92913385826773
            ],
            [
              5.307086614173272,
              35.21259842519686
            ],
            [
              5.5905511811023985,
              35.307086614173215
            ],
            [
              5.874015748031525,
              35.496062992125985
            ],
            [
              6.440944881889777,
              35.77952755905511
            ],
            [
              7.1968503937007995,
              35.96850393700788
            ],
            [
              7.6692913385826955,
              36.34645669291339
            ],
            [
              7.952755905511822,
              36.535433070866134
            ],
            [
              8.330708661417361,
              36.62992125984252
            ],
            [
              8.803149606299257,
              36.913385826771645
            ],
            [
              9.275590551181153,
              37.1968503937008
            ],
            [
              9.653543307086636,
              37.38582677165354
            ],
            [
              10.031496062992176,
              37.480314960629926
            ],
            [
              10.220472440944889,
              37.95275590551182
            ],
            [
              10.314960629921302,
              38.23622047244095
            ],
            [
              10.314960629921302,
              38.61417322834646
            ],
            [
              10.314960629921302,
              38.99212598425197
            ],
            [
              10.314960629921302,
              39.37007874015748
            ],
            [
              10.314960629921302,
              39.74803149606299
            ],
            [
              10.409448818897658,
              40.125984251968504
            ],
            [
              10.409448818897658,
              40.503937007874015
            ],
            [
              10.503937007874015,
              40.78740157480314
            ],
            [
              10.787401574803198,
              41.070866141732296
            ],
            [
              11.070866141732324,
              41.25984251968504
            ],
            [
              11.35433070866145,
              41.63779527559055
            ],
            [
              11.637795275590577,
              41.73228346456693
            ],
            [
              11.732283464566933,
              41.44881889763781
            ],
            [
              12.01574803149606,
              41.16535433070865
            ],
            [
              12.20472440944883,
              40.881889763779526
            ],
            [
              12.488188976377955,
              40.5984251968504
            ],
            [
              12.771653543307139,
              40.31496062992127
            ],
            [
              12.960629921259851,
              40.03149606299212
            ],
            [
              13.338582677165391,
              39.74803149606299
            ],
            [
              13.622047244094517,
              39.464566929133866
            ],
            [
              13.905511811023644,
              39.2755905511811
            ],
            [
              14.18897637795277,
              38.99212598425197
            ],
            [
              14.472440944881896,
              38.8031496062992
            ],
            [
              14.755905511811022,
              38.519685039370074
            ],
            [
              14.944881889763792,
              38.23622047244095
            ],
            [
              15.228346456692918,
              37.85826771653544
            ],
            [
              15.322834645669332,
              37.57480314960631
            ],
            [
              15.417322834645688,
              37.291338582677156
            ],
            [
              15.417322834645688,
              36.81889763779529
            ],
            [
              15.417322834645688,
              36.44094488188978
            ],
            [
              15.133858267716562,
              36.25196850393701
            ],
            [
              14.661417322834666,
              36.25196850393701
            ],
            [
              14.37795275590554,
              36.062992125984266
            ],
            [
              13.905511811023644,
              36.25196850393701
            ],
            [
              13.622047244094517,
              36.44094488188978
            ],
            [
              13.338582677165391,
              36.62992125984252
            ],
            [
              13.055118110236265,
              36.913385826771645
            ],
            [
              12.582677165354369,
              37.291338582677156
            ],
            [
              12.299212598425243,
              37.480314960629926
            ],
            [
              12.01574803149606,
              37.38582677165354
            ],
            [
              11.921259842519703,
              37.102362204724415
            ],
            [
              11.637795275590577,
              36.81889763779529
            ],
            [
              11.448818897637807,
              36.535433070866134
            ],
            [
              11.16535433070868,
              36.25196850393701
            ],
            [
              10.97637795275591,
              35.96850393700788
            ],
            [
              10.881889763779554,
              35.685039370078755
            ],
            [
              10.881889763779554,
              35.307086614173215
            ],
            [
              10.881889763779554,
              34.83464566929135
            ],
            [
              10.598425196850428,
              34.64566929133858
            ],
            [
              10.314960629921302,
              34.55118110236219
            ],
            [
              10.031496062992176,
              34.36220472440945
            ],
            [
              10.314960629921302,
              34.26771653543307
            ],
            [
              10.692913385826785,
              33.98425196850394
            ],
            [
              10.97637795275591,
              33.700787401574814
            ],
            [
              11.259842519685037,
              33.511811023622045
            ],
            [
              11.637795275590577,
              33.41732283464569
            ],
            [
              12.01574803149606,
              33.22834645669292
            ],
            [
              12.393700787401599,
              33.13385826771653
            ],
            [
              12.771653543307139,
              33.13385826771653
            ],
            [
              13.244094488188978,
              33.22834645669292
            ],
            [
              13.622047244094517,
              33.511811023622045
            ],
            [
              14.0,
              33.700787401574814
            ],
            [
              14.283464566929183,
              33.98425196850394
            ],
            [
              14.56692913385831,
              34.17322834645671
            ],
            [
              14.850393700787436,
              34.36220472440945
            ],
            [
              15.133858267716562,
              34.74015748031496
            ],
            [
              15.511811023622045,
              34.92913385826773
            ],
            [
              15.889763779527584,
              34.74015748031496
            ],
            [
              16.078740157480354,
              34.26771653543307
            ],
            [
              16.267716535433124,
              33.889763779527556
            ],
            [
              16.36220472440948,
              33.60629921259843
            ],
            [
              16.645669291338606,
              33.41732283464569
            ],
            [
              16.929133858267733,
              33.700787401574814
            ],
            [
              17.21259842519686,
              33.98425196850394
            ],
            [
              17.307086614173272,
              34.26771653543307
            ],
            [
              17.496062992125985,
              34.64566929133858
            ],
            [
              17.5905511811024,
              34.92913385826773
            ],
            [
              17.77952755905517,
              35.307086614173215
            ],
            [
              18.15748031496065,
              35.685039370078755
            ],
            [
              18.440944881889777,
              35.4015748031496
            ],
            [
              18.53543307086619,
              35.02362204724409
            ],
            [
              18.629921259842547,
              34.45669291338584
            ],
            [
              18.818897637795317,
              34.17322834645671
            ],
            [
              19.102362204724443,
              33.889763779527556
            ],
            [
              19.38582677165357,
              33.79527559055117
            ],
            [
              19.669291338582696,
              33.98425196850394
            ],
            [
              19.95275590551182,
              34.078740157480325
            ],
            [
              20.14173228346459,
              34.36220472440945
            ],
            [
              20.425196850393718,
              34.55118110236219
            ],
            [
              20.519685039370074,
              34.83464566929135
            ],
            [
              20.708661417322844,
              35.21259842519686
            ],
            [
              20.99212598425197,
              35.307086614173215
            ],
            [
              21.37007874015751,
              35.496062992125985
            ],
            [
              21.653543307086636,
              35.59055118110237
            ],
            [
              21.842519685039406,
              35.21259842519686
            ],
            [
              21.937007874015762,
              34.92913385826773
            ],
            [
              22.031496062992176,
              34.55118110236219
            ],
            [
              22.125984251968532,
              34.26771653543307
            ],
            [
              22.125984251968532,
              33.700787401574814
            ],
            [
              22.031496062992176,
              33.03937007874015
            ],
            [
              21.748031496062993,
              32.56692913385828
            ],
            [
              21.653543307086636,
              32.283464566929126
            ],
            [
              21.55905511811028,
              32.0
            ],
            [
              21.937007874015762,
              32.0
            ],
            [
              22.22047244094489,
              32.18897637795277
            ],
            [
              22.503937007874015,
              32.283464566929126
            ],
            [
              22.787401574803198,
              32.56692913385828
            ],
            [
              23.54330708661422,
              32.56692913385828
            ],
            [
              24.488188976377955,
              32.75590551181102
            ],
            [
              24.866141732283495,
              32.94488188976379
            ],
            [
              25.055118110236265,
              33.22834645669292
            ],
            [
              25.055118110236265,
              33.60629921259843
            ],
            [
              24.96062992125985,
              34.078740157480325
            ],
            [
              24.96062992125985,
              34.55118110236219
            ],
            [
              24.96062992125985,
              34.92913385826773
            ],
            [
              25.055118110236265,
              35.307086614173215
            ],
            [
              25.244094488188978,
              35.77952755905511
            ],
            [
              25.433070866141748,
              36.15748031496062
            ],
            [
              25.527559055118104,
              36.44094488188978
            ],
            [
              25.716535433070874,
              36.7244094488189
            ],
            [
              26.0,
              37.00787401574803
            ],
            [
              26.283464566929183,
              37.291338582677156
            ],
            [
              26.850393700787436,
              37.76377952755905
            ],
            [
              27.039370078740205,
              38.04724409448818
            ],
            [
              27.32283464566933,
              38.33070866141733
            ],
            [
              27.606299212598458,
              38.519685039370074
            ],
            [
              27.889763779527584,
              38.708661417322844
            ],
            [
              28.17322834645671,
              38.99212598425197
            ],
            [
              28.645669291338606,
              39.464566929133866
            ],
            [
              28.834645669291376,
              39.74803149606299
            ],
            [
              28.929133858267733,
              39.464566929133866
            ],
            [
              29.118110236220502,
              39.086614173228355
            ],
            [
              29.307086614173272,
              38.8031496062992
            ],
            [
              29.40157480314963,
              38.42519685039372
            ],
            [
              29.496062992125985,
              38.14173228346456
            ],
            [
              29.5905511811024,
              37.669291338582696
            ],
            [
              29.496062992125985,
              37.1968503937008
            ],
            [
              29.21259842519686,
              36.81889763779529
            ],
            [
              28.740157480314963,
              36.44094488188978
            ],
            [
              28.55118110236225,
              36.15748031496062
            ],
            [
              28.17322834645671,
              35.874015748031496
            ],
            [
              28.078740157480354,
              35.59055118110237
            ],
            [
              27.795275590551228,
              35.21259842519686
            ],
            [
              27.511811023622045,
              34.92913385826773
            ],
            [
              27.32283464566933,
              34.64566929133858
            ],
            [
              27.133858267716562,
              34.26771653543307
            ],
            [
              26.944881889763792,
              33.98425196850394
            ],
            [
              26.944881889763792,
              33.60629921259843
            ],
            [
              26.944881889763792,
              33.13385826771653
            ],
            [
              26.944881889763792,
              32.75590551181102
            ],
            [
              26.944881889763792,
              32.283464566929126
            ],
            [
              26.944881889763792,
              31.905511811023615
            ],
            [
              26.755905511811022,
              31.62204724409449
            ],
            [
              26.472440944881896,
              31.338582677165363
            ],
            [
              26.850393700787436,
              31.244094488188978
            ],
            [
              27.417322834645688,
              31.338582677165363
            ],
            [
              27.98425196850394,
              31.244094488188978
            ],
            [
              28.267716535433124,
              31.055118110236208
            ],
            [
              28.55118110236225,
              30.96062992125985
            ],
            [
              28.929133858267733,
              30.96062992125985
            ],
            [
              29.307086614173272,
              30.96062992125985
            ],
            [
              29.77952755905517,
              31.055118110236208
            ],
            [
              30.062992125984294,
              31.338582677165363
            ],
            [
              30.34645669291342,
              31.62204724409449
            ],
            [
              30.53543307086619,
              31.905511811023615
            ],
            [
              30.724409448818903,
              32.18897637795277
            ],
            [
              31.00787401574803,
              32.66141732283464
            ],
            [
              31.102362204724443,
              33.22834645669292
            ],
            [
              31.102362204724443,
              33.79527559055117
            ],
            [
              31.38582677165357,
              33.700787401574814
            ],
            [
              31.57480314960634,
              33.3228346456693
            ],
            [
              31.57480314960634,
              32.37795275590551
            ],
            [
              31.57480314960634,
              32.0
            ],
            [
              31.858267716535465,
              32.094488188976385
            ],
            [
              31.95275590551182,
              32.37795275590551
            ],
            [
              32.047244094488235,
              32.66141732283464
            ],
            [
              32.14173228346459,
              32.94488188976379
            ],
            [
              32.23622047244095,
              33.3228346456693
            ],
            [
              32.23622047244095,
              33.700787401574814
            ],
            [
              32.14173228346459,
              34.17322834645671
            ],
            [
              32.047244094488235,
              34.55118110236219
            ],
            [
              31.95275590551182,
              34.83464566929135
            ],
            [
              31.858267716535465,
              35.118110236220474
            ],
            [
              31.858267716535465,
              35.77952755905511
            ],
            [
              31.858267716535465,
              36.25196850393701
            ],
            [
              32.14173228346459,
              36.535433070866134
            ],
            [
              32.42519685039372,
              36.7244094488189
            ],
            [
              32.708661417322844,
              37.00787401574803
            ],
            [
              33.27559055118115,
              37.38582677165354
            ],
            [
              33.55905511811028,
              37.669291338582696
            ],
            [
              33.842519685039406,
              37.95275590551182
            ],
            [
              34.3149606299213,
              38.519685039370074
            ],
            [
              34.503937007874015,
              38.8031496062992
            ],
            [
              34.7874015748032,
              38.42519685039372
            ],
            [
              34.881889763779554,
              37.95275590551182
            ],
            [
              35.070866141732324,
              37.669291338582696
            ],
            [
              35.35433070866145,
              37.38582677165354
            ],
            [
              35.63779527559058,
              37.102362204724415
            ],
            [
              35.9212598425197,
              36.81889763779529
            ],
            [
              36.20472440944883,
              36.7244094488189
            ],
            [
              36.3937007874016,
              36.44094488188978
            ],
            [
              36.677165354330725,
              36.25196850393701
            ],
            [
              36.96062992125985,
              36.062992125984266
            ],
            [
              37.14960629921262,
              35.77952755905511
            ],
            [
              36.866141732283495,
              35.307086614173215
            ],
            [
              36.77165354330714,
              35.02362204724409
            ],
            [
              36.677165354330725,
              34.74015748031496
            ],
            [
              36.677165354330725,
              34.36220472440945
            ],
            [
              36.96062992125985,
              34.55118110236219
            ],
            [
              37.14960629921262,
              34.92913385826773
            ],
            [
              37.33858267716539,
              35.307086614173215
            ],
            [
              37.33858267716539,
              35.685039370078755
            ],
            [
              37.33858267716539,
              36.15748031496062
            ],
            [
              37.14960629921262,
              36.62992125984252
            ],
            [
              37.055118110236265,
              36.913385826771645
            ],
            [
              36.866141732283495,
              37.1968503937008
            ],
            [
              36.58267716535437,
              37.480314960629926
            ],
            [
              36.3937007874016,
              37.76377952755905
            ],
            [
              36.29921259842524,
              38.04724409448818
            ],
            [
              36.20472440944883,
              38.519685039370074
            ],
            [
              36.29921259842524,
              38.8031496062992
            ],
            [
              36.58267716535437,
              39.18110236220474
            ],
            [
              36.96062992125985,
              39.55905511811025
            ],
            [
              37.33858267716539,
              39.84251968503938
            ],
            [
              37.62204724409452,
              40.125984251968504
            ],
            [
              37.90551181102364,
              40.22047244094489
            ],
            [
              38.18897637795277,
              39.93700787401576
            ],
            [
              38.56692913385831,
              39.74803149606299
            ],
            [
              38.661417322834666,
              39.464566929133866
            ],
            [
              38.661417322834666,
              38.897637795275585
            ],
            [
              38.56692913385831,
              38.61417322834646
            ],
            [
              38.56692913385831,
              38.14173228346456
            ],
            [
              38.850393700787436,
              37.95275590551182
            ],
            [
              39.13385826771656,
              37.85826771653544
            ],
            [
              39.511811023622045,
              37.85826771653544
            ],
            [
              39.889763779527584,
              37.85826771653544
            ],
            [
              40.36220472440948,
              37.85826771653544
            ],
            [
              40.74015748031496,
              37.85826771653544
            ],
            [
              41.21259842519686,
              37.85826771653544
            ],
            [
              41.77952755905517,
              37.76377952755905
            ],
            [
              42.062992125984294,
              37.669291338582696
            ],
            [
              42.62992125984255,
              37.38582677165354
            ],
            [
              43.10236220472444,
              37.1968503937008
            ],
            [
              43.669291338582696,
              37.1968503937008
            ],
            [
              44.047244094488235,
              37.1968503937008
            ],
            [
              44.23622047244095,
              37.480314960629926
            ],
            [
              44.23622047244095,
              38.04724409448818
            ],
            [
              44.23622047244095,
              38.519685039370074
            ],
            [
              44.33070866141736,
              38.8031496062992
            ],
            [
              44.61417322834649,
              39.086614173228355
            ],
            [
              44.897637795275614,
              39.37007874015748
            ],
            [
              45.37007874015751,
              39.84251968503938
            ],
            [
              45.55905511811028,
              40.125984251968504
            ],
            [
              45.93700787401576,
              40.5984251968504
            ],
            [
              46.3149606299213,
              40.78740157480314
            ],
            [
              46.692913385826785,
              40.692913385826785
            ],
            [
              47.54330708661422,
              40.692913385826785
            ],
            [
              48.677165354330725,
              40.881889763779526
            ],
            [
              49.055118110236265,
              41.070866141732296
            ],
            [
              49.43307086614175,
              41.44881889763781
            ],
            [
              49.62204724409452,
              41.73228346456693
            ],
            [
              49.81102362204729,
              42.01574803149606
            ],
            [
              50.0,
              42.39370078740157
            ],
            [
              50.18897637795277,
              42.677165354330725
            ],
            [
              50.28346456692918,
              43.14960629921259
            ],
            [
              50.37795275590554,
              43.527559055118104
            ],
            [
              50.37795275590554,
              43.905511811023615
            ],
            [
              50.472440944881896,
              44.18897637795277
            ],
            [
              50.56692913385831,
              44.472440944881896
            ],
            [
              50.75590551181102,
              44.75590551181102
            ],
            [
              50.94488188976379,
              45.13385826771653
            ],
            [
              51.41732283464569,
              45.22834645669292
            ],
            [
              51.700787401574814,
              45.13385826771653
            ],
            [
              51.98425196850394,
              45.03937007874015
            ],
            [
              52.45669291338584,
              45.13385826771653
            ],
            [
              52.74015748031496,
              45.22834645669292
            ],
            [
              53.1181102362205,
              45.60629921259843
            ],
            [
              53.30708661417327,
              46.078740157480325
            ],
            [
              53.40157480314963,
              46.45669291338584
            ],
            [
              53.5905511811024,
              46.74015748031496
            ],
            [
              53.5905511811024,
              47.21259842519686
            ],
            [
              53.5905511811024,
              47.685039370078755
            ],
            [
              53.40157480314963,
              47.96850393700788
            ],
            [
              53.02362204724409,
              48.15748031496062
            ],
            [
              52.645669291338606,
              48.15748031496062
            ],
            [
              52.267716535433124,
              48.25196850393701
            ],
            [
              51.98425196850394,
              48.535433070866134
            ],
            [
              51.889763779527584,
              48.81889763779529
            ],
            [
              52.17322834645671,
              49.00787401574803
            ],
            [
              52.45669291338584,
              49.1968503937008
            ],
            [
              52.74015748031496,
              49.480314960629926
            ],
            [
              53.1181102362205,
              49.57480314960631
            ],
            [
              53.496062992125985,
              49.85826771653544
            ],
            [
              53.77952755905517,
              50.14173228346456
            ],
            [
              54.15748031496065,
              50.42519685039372
            ],
            [
              54.535433070866134,
              50.61417322834646
            ],
            [
              54.81889763779532,
              50.897637795275585
            ],
            [
              55.10236220472444,
              51.086614173228355
            ],
            [
              55.38582677165357,
              51.18110236220474
            ],
            [
              55.858267716535465,
              51.18110236220474
            ],
            [
              56.42519685039372,
              51.37007874015748
            ],
            [
              56.80314960629926,
              51.37007874015748
            ],
            [
              57.27559055118115,
              51.37007874015748
            ],
            [
              57.74803149606299,
              51.37007874015748
            ],
            [
              58.12598425196853,
              51.37007874015748
            ],
            [
              58.503937007874015,
              51.2755905511811
            ],
            [
              58.692913385826785,
              51.55905511811025
            ],
            [
              58.692913385826785,
              51.93700787401576
            ],
            [
              58.3149606299213,
              51.93700787401576
            ],
            [
              58.12598425196853,
              52.22047244094489
            ],
            [
              58.03149606299212,
              52.503937007874015
            ],
            [
              58.3149606299213,
              52.692913385826785
            ],
            [
              58.692913385826785,
              52.78740157480314
            ],
            [
              59.070866141732324,
              52.97637795275591
            ],
            [
              59.44881889763781,
              53.070866141732296
            ],
            [
              59.73228346456693,
              53.16535433070865
            ],
            [
              60.11023622047247,
              53.25984251968504
            ],
            [
              60.3937007874016,
              53.35433070866142
            ],
            [
              60.77165354330714,
              53.35433070866142
            ],
            [
              60.77165354330714,
              52.78740157480314
            ],
            [
              60.77165354330714,
              52.40944881889763
            ],
            [
              60.96062992125985,
              51.93700787401576
            ],
            [
              61.24409448818898,
              51.55905511811025
            ],
            [
              61.33858267716539,
              51.2755905511811
            ],
            [
              60.96062992125985,
              51.086614173228355
            ],
            [
              60.677165354330725,
              50.708661417322844
            ],
            [
              60.677165354330725,
              50.04724409448818
            ],
            [
              60.866141732283495,
              49.76377952755905
            ],
            [
              61.055118110236265,
              49.480314960629926
            ],
            [
              61.24409448818898,
              49.1968503937008
            ],
            [
              60.58267716535437,
              49.00787401574803
            ],
            [
              60.20472440944883,
              49.00787401574803
            ],
            [
              59.82677165354335,
              48.81889763779529
            ],
            [
              59.259842519685094,
              48.62992125984252
            ],
            [
              58.97637795275591,
              48.535433070866134
            ],
            [
              58.692913385826785,
              48.34645669291339
            ],
            [
              58.40944881889766,
              47.96850393700788
            ],
            [
              58.12598425196853,
              47.685039370078755
            ],
            [
              57.842519685039406,
              47.4015748031496
            ],
            [
              57.55905511811028,
              47.21259842519686
            ],
            [
              57.27559055118115,
              46.92913385826773
            ],
            [
              57.086614173228384,
              46.64566929133858
            ],
            [
              56.80314960629926,
              46.36220472440945
            ],
            [
              56.708661417322844,
              46.078740157480325
            ],
            [
              56.708661417322844,
              45.700787401574814
            ],
            [
              56.897637795275614,
              45.3228346456693
            ],
            [
              56.897637795275614,
              44.94488188976379
            ],
            [
              56.99212598425197,
              44.66141732283464
            ],
            [
              56.99212598425197,
              44.18897637795277
            ],
            [
              56.99212598425197,
              43.81102362204726
            ],
            [
              56.99212598425197,
              43.43307086614175
            ],
            [
              56.99212598425197,
              42.96062992125985
            ],
            [
              56.708661417322844,
              42.58267716535434
            ],
            [
              56.519685039370074,
              42.20472440944883
            ],
            [
              56.42519685039372,
              41.9212598425197
            ],
            [
              56.14173228346459,
              41.63779527559055
            ],
            [
              55.95275590551182,
              41.35433070866142
            ]
          ],
          [
            [
              57.37007874015751,
              43.055118110236236
            ],
            [
              57.37007874015751,
              42.488188976377955
            ],
            [
              57.37007874015751,
              42.110236220472444
            ],
            [
              57.653543307086636,
              41.54330708661416
            ],
            [
              57.842519685039406,
              41.25984251968504
            ],
            [
              58.03149606299212,
              40.97637795275591
            ],
            [
              58.3149606299213,
              40.503937007874015
            ],
            [
              58.40944881889766,
              40.22047244094489
            ],
            [
              58.503937007874015,
              39.93700787401576
            ],
            [
              58.7874015748032,
              39.74803149606299
            ],
            [
              59.070866141732324,
              39.37007874015748
            ],
            [
              59.44881889763781,
              39.18110236220474
            ],
            [
              59.73228346456693,
              38.8031496062992
            ],
            [
              60.01574803149606,
              38.519685039370074
            ],
            [
              60.29921259842524,
              38.33070866141733
            ],
            [
              60.488188976377955,
              38.04724409448818
            ],
            [
              60.488188976377955,
              37.480314960629926
            ],
            [
              60.488188976377955,
              37.00787401574803
            ],
            [
              60.488188976377955,
              36.62992125984252
            ],
            [
              60.58267716535437,
              36.34645669291339
            ],
            [
              60.866141732283495,
              35.874015748031496
            ],
            [
              61.055118110236265,
              35.59055118110237
            ],
            [
              61.24409448818898,
              35.307086614173215
            ],
            [
              61.33858267716539,
              35.02362204724409
            ],
            [
              61.43307086614175,
              34.74015748031496
            ],
            [
              61.33858267716539,
              34.26771653543307
            ],
            [
              61.43307086614175,
              33.79527559055117
            ],
            [
              61.055118110236265,
              34.17322834645671
            ],
            [
              60.77165354330714,
              34.45669291338584
            ],
            [
              60.488188976377955,
              34.64566929133858
            ],
            [
              60.29921259842524,
              34.92913385826773
            ],
            [
              60.01574803149606,
              35.21259842519686
            ],
            [
              59.73228346456693,
              35.59055118110237
            ],
            [
              59.16535433070868,
              37.00787401574803
            ],
            [
              58.7874015748032,
              38.14173228346456
            ]
          ],
          [
            [
              57.842519685039406,
              41.25984251968504
            ],
            [
              57.842519685039406,
              40.5984251968504
            ],
            [
              57.842519685039406,
              40.125984251968504
            ],
            [
              58.03149606299212,
              39.84251968503938
            ],
            [
              58.03149606299212,
              39.37007874015748
            ],
            [
              58.03149606299212,
              38.8031496062992
            ],
            [
              58.03149606299212,
              38.23622047244095
            ],
            [
              58.03149606299212,
              37.85826771653544
            ],
            [
              57.93700787401576,
              37.480314960629926
            ],
            [
              57.93700787401576,
              36.913385826771645
            ],
            [
              58.03149606299212,
              36.34645669291339
            ],
            [
              58.22047244094489,
              35.96850393700788
            ],
            [
              58.503937007874015,
              35.685039370078755
            ],
            [
              58.692913385826785,
              35.4015748031496
            ],
            [
              58.7874015748032,
              35.118110236220474
            ],
            [
              58.7874015748032,
              34.74015748031496
            ],
            [
              58.97637795275591,
              34.26771653543307
            ],
            [
              59.070866141732324,
              33.98425196850394
            ],
            [
              59.16535433070868,
              33.511811023622045
            ],
            [
              59.35433070866145,
              33.22834645669292
            ],
            [
              59.73228346456693,
              32.85039370078741
            ],
            [
              60.11023622047247,
              32.472440944881896
            ],
            [
              60.3937007874016,
              32.094488188976385
            ],
            [
              60.677165354330725,
              31.716535433070874
            ],
            [
              60.96062992125985,
              31.433070866141748
            ],
            [
              61.14960629921262,
              31.149606299212593
            ],
            [
              61.43307086614175,
              31.338582677165363
            ],
            [
              61.62204724409452,
              31.81102362204726
            ],
            [
              61.81102362204729,
              32.283464566929126
            ],
            [
              61.81102362204729,
              32.66141732283464
            ],
            [
              62.0,
              32.283464566929126
            ]
          ],
          [
            [
              21.748031496062993,
              40.97637795275591
            ],
            [
              21.464566929133866,
              40.881889763779526
            ],
            [
              20.99212598425197,
              41.16535433070865
            ],
            [
              20.803149606299257,
              41.44881889763781
            ],
            [
              20.708661417322844,
              41.73228346456693
            ],
            [
              20.803149606299257,
              42.110236220472444
            ],
            [
              21.086614173228384,
              42.20472440944883
            ],
            [
              21.464566929133866,
              42.39370078740157
            ],
            [
              21.937007874015762,
              42.488188976377955
            ],
            [
              22.40944881889766,
              42.58267716535434
            ],
            [
              23.448818897637807,
              42.77165354330708
            ],
            [
              24.110236220472473,
              42.86614173228347
            ],
            [
              24.677165354330725,
              42.86614173228347
            ],
            [
              25.244094488188978,
              42.96062992125985
            ],
            [
              25.622047244094517,
              43.14960629921259
            ],
            [
              26.0,
              43.24409448818898
            ],
            [
              26.56692913385831,
              43.43307086614175
            ],
            [
              26.850393700787436,
              43.527559055118104
            ],
            [
              27.133858267716562,
              43.716535433070874
            ],
            [
              27.32283464566933,
              44.0
            ],
            [
              27.700787401574814,
              44.283464566929126
            ],
            [
              27.889763779527584,
              43.81102362204726
            ],
            [
              27.98425196850394,
              43.43307086614175
            ],
            [
              27.98425196850394,
              42.96062992125985
            ],
            [
              27.795275590551228,
              42.677165354330725
            ],
            [
              27.511811023622045,
              42.488188976377955
            ],
            [
              26.944881889763792,
              42.488188976377955
            ],
            [
              26.37795275590554,
              42.488188976377955
            ],
            [
              25.905511811023644,
              42.488188976377955
            ],
            [
              25.622047244094517,
              42.299212598425186
            ],
            [
              25.14960629921262,
              42.20472440944883
            ],
            [
              24.866141732283495,
              42.110236220472444
            ],
            [
              24.299212598425243,
              41.9212598425197
            ],
            [
              23.826771653543346,
              41.82677165354332
            ],
            [
              23.35433070866145,
              41.54330708661416
            ],
            [
              22.881889763779554,
              41.16535433070865
            ],
            [
              22.503937007874015,
              40.881889763779526
            ],
            [
              22.22047244094489,
              40.692913385826785
            ],
            [
              21.937007874015762,
              40.5984251968504
            ]
          ],
          [
            [
              20.99212598425197,
              40.5984251968504
            ],
            [
              20.519685039370074,
              40.5984251968504
            ],
            [
              20.14173228346459,
              40.40944881889763
            ],
            [
              19.858267716535465,
              40.31496062992127
            ],
            [
              19.57480314960634,
              40.125984251968504
            ],
            [
              19.38582677165357,
              39.84251968503938
            ],
            [
              19.102362204724443,
              39.74803149606299
            ],
            [
              18.724409448818903,
              39.55905511811025
            ],
            [
              18.440944881889777,
              39.2755905511811
            ],
            [
              18.34645669291342,
              38.99212598425197
            ],
            [
              18.34645669291342,
              38.519685039370074
            ],
            [
              18.34645669291342,
              37.95275590551182
            ],
            [
              18.724409448818903,
              37.38582677165354
            ],
            [
              19.102362204724443,
              37.00787401574803
            ],
            [
              19.38582677165357,
              36.7244094488189
            ],
            [
              19.480314960629926,
              37.1968503937008
            ],
            [
              19.480314960629926,
              37.57480314960631
            ],
            [
              19.480314960629926,
              38.04724409448818
            ],
            [
              19.57480314960634,
              38.42519685039372
            ],
            [
              19.95275590551182,
              38.42519685039372
            ],
            [
              20.803149606299257,
              38.42519685039372
            ],
            [
              21.275590551181153,
              38.42519685039372
            ],
            [
              21.464566929133866,
              38.708661417322844
            ],
            [
              21.464566929133866,
              39.086614173228355
            ],
            [
              21.37007874015751,
              39.55905511811025
            ],
            [
              21.18110236220474,
              39.93700787401576
            ],
            [
              21.086614173228384,
              40.22047244094489
            ],
            [
              20.99212598425197,
              40.503937007874015
            ]
          ]
        ]
      }
    }
  ]
}