{
  "type": "FeatureCollection",
  "crs": {
    "type": "name",
    "properties": {
      "name": "urn:ogc:def:crs:OGC:1.3:CRS84"
    }
  },
  "features": [
    {
      "type": "Feature",
      "properties": {
        "timestamp": "2026-04-08T16:34:49.498423",
        "country_name": "Russia",
        "author": "",
        "author_id": "2d77f0c8-b217-46b0-8a7c-12fd24a37ab5",
        "validated": false,
        "ranking": [
          [
            "Russia",
            0.15468798577785492
          ],
          [
            "Falkland Islands",
            0.07074882090091705
          ],
          [
            "Tajikistan",
            0.0472792312502861
          ],
          [
            "Canada",
            0.04497827962040901
          ],
          [
            "Svalbard",
            0.0365634523332119
          ],
          [
            "Guinea-Bissau",
            0.026780232787132263
          ],
          [
            "Switzerland",
            0.025898829102516174
          ],
          [
            "Hong Kong",
            0.017411844804883003
          ],
          [
            "Papua New Guinea",
            0.01665044203400612
          ],
          [
            "South Georgia Islands",
            0.01637842319905758
          ],
          [
            "Cuba",
            0.015576589852571487
          ],
          [
            "Greece",
            0.014794133603572845
          ],
          [
            "Iceland",
            0.014477996155619621
          ],
          [
            "Uzbekistan",
            0.013659806922078133
          ],
          [
            "Ireland",
            0.012697224505245686
          ],
          [
            "Netherlands",
            0.011732109822332859
          ],
          [
            "Mozambique",
            0.011356108821928501
          ],
          [
            "Burkina Faso",
            0.011266639456152916
          ],
          [
            "Bangladesh",
            0.010943353176116943
          ],
          [
            "Kyrgyzstan",
            0.010274115018546581
          ],
          [
            "Central African Republic",
            0.010122974403202534
          ],
          [
            "Denmark",
            0.009836181998252869
          ],
          [
            "Indonesia",
            0.00981419999152422
          ],
          [
            "Turkmenistan",
            0.009614614769816399
          ],
          [
            "Kazakhstan",
            0.008500872179865837
          ],
          [
            "South Africa",
            0.008460933342576027
          ],
          [
            "Italy",
            0.008437485434114933
          ],
          [
            "Somalia",
            0.008163444697856903
          ],
          [
            "Guadeloupe",
            0.008091223426163197
          ],
          [
            "Rwanda",
            0.007209988310933113
          ],
          [
            "Honduras",
            0.007170190569013357
          ],
          [
            "Ukraine",
            0.007050926331430674
          ],
          [
            "Slovakia",
            0.006783655378967524
          ],
          [
            "Gabon",
            0.006697108503431082
          ],
          [
            "Zambia",
            0.006623188965022564
          ],
          [
            "North Korea",
            0.006371390540152788
          ],
          [
            "Burundi",
            0.006277351174503565
          ],
          [
            "Brunei",
            0.005882791709154844
          ],
          [
            "South Korea",
            0.005580923520028591
          ],
          [
            "Turkey",
            0.0055580418556928635
          ],
          [
            "Senegal",
            0.005481639411300421
          ],
          [
            "Fiji",
            0.005460768472403288
          ],
          [
            "Congo",
            0.00542331812903285
          ],
          [
            "Estonia",
            0.005138387903571129
          ],
          [
            "Panama",
            0.004906012210994959
          ],
          [
            "Philippines",
            0.004834098741412163
          ],
          [
            "Jamaica",
            0.004669533111155033
          ],
          [
            "Jordan",
            0.004580369684845209
          ],
          [
            "Thailand",
            0.0045476206578314304
          ],
          [
            "Mongolia",
            0.004536731168627739
          ],
          [
            "Peru",
            0.004534836392849684
          ],
          [
            "France",
            0.004488231614232063
          ],
          [
            "Belarus",
            0.004439675249159336
          ],
          [
            "Romania",
            0.004308813251554966
          ],
          [
            "Czech Republic",
            0.0040862541645765305
          ],
          [
            "Faroe Islands",
            0.004018784034997225
          ],
          [
            "Dominican Republic",
            0.004007715731859207
          ],
          [
            "Croatia",
            0.003976003732532263
          ],
          [
            "Ethiopia",
            0.003810362657532096
          ],
          [
            "Guatemala",
            0.0035865160170942545
          ],
          [
            "Benin",
            0.0035818947944790125
          ],
          [
            "Azerbaijan",
            0.0034646859858185053
          ],
          [
            "Heard and McDonald Islands",
            0.0034527191892266273
          ],
          [
            "Georgia",
            0.0034079926554113626
          ],
          [
            "Myanmar",
            0.0033775654155761003
          ],
          [
            "Bhutan",
            0.0033540113363415003
          ],
          [
            "Saudi Arabia",
            0.0033114980906248093
          ],
          [
            "Mexico",
            0.0033027869649231434
          ],
          [
            "Tunisia",
            0.0032935773488134146
          ],
          [
            "Spain",
            0.003253554692491889
          ],
          [
            "Greenland",
            0.0032412351574748755
          ],
          [
            "United States of America",
            0.0031477988231927156
          ],
          [
            "Belize",
            0.0030402448028326035
          ],
          [
            "Latvia",
            0.003004005877301097
          ],
          [
            "Angola",
            0.0029315201099961996
          ],
          [
            "North Macedonia",
            0.0028769972268491983
          ],
          [
            "El Salvador",
            0.0028526594396680593
          ],
          [
            "Montenegro",
            0.0026913508772850037
          ],
          [
            "United Kingdom",
            0.0026169787161052227
          ],
          [
            "Gambia",
            0.0025862236507236958
          ],
          [
            "Moldova",
            0.0025454580318182707
          ],
          [
            "Slovenia",
            0.002506405347958207
          ],
          [
            "Syria",
            0.002443562727421522
          ],
          [
            "China",
            0.0023826409596949816
          ],
          [
            "Mauritania",
            0.002291101263836026
          ],
          [
            "Turks and Caicos Islands",
            0.002270290395244956
          ],
          [
            "Bulgaria",
            0.0022344107273966074
          ],
          [
            "Bolivia",
            0.0021850166376680136
          ],
          [
            "Sweden",
            0.002136453753337264
          ],
          [
            "Vietnam",
            0.002118081785738468
          ],
          [
            "Malawi",
            0.0020728122908622026
          ],
          [
            "India",
            0.0020659209694713354
          ],
          [
            "Nepal",
            0.0020472295582294464
          ],
          [
            "Guam",
            0.0020309998653829098
          ],
          [
            "Norway",
            0.0019236346706748009
          ],
          [
            "Yemen",
            0.0019001432228833437
          ],
          [
            "Puerto Rico",
            0.0017956770025193691
          ],
          [
            "Costa Rica",
            0.0017720643663778901
          ],
          [
            "Bahamas",
            0.0016518590273335576
          ],
          [
            "Lesotho",
            0.0016492741415277123
          ],
          [
            "Laos",
            0.0015663279918953776
          ],
          [
            "Guyana",
            0.0015404538717120886
          ],
          [
            "South Sudan",
            0.001480759121477604
          ],
          [
            "Colombia",
            0.0014739962061867118
          ],
          [
            "Mali",
            0.0014259809395298362
          ],
          [
            "Belgium",
            0.0014072135090827942
          ],
          [
            "Cyprus",
            0.0013811567332595587
          ],
          [
            "New Caledonia",
            0.0013668140163645148
          ],
          [
            "Western Sahara",
            0.0013434590073302388
          ],
          [
            "Togo",
            0.0013430056860670447
          ],
          [
            "Timor-Leste",
            0.001341009046882391
          ],
          [
            "Qatar",
            0.0012918193824589252
          ],
          [
            "Serbia",
            0.0012791898334398866
          ],
          [
            "Afghanistan",
            0.0012509094085544348
          ],
          [
            "Djibouti",
            0.0012207278050482273
          ],
          [
            "Lithuania",
            0.0011983138974756002
          ],
          [
            "Albania",
            0.0011903431732207537
          ],
          [
            "Nicaragua",
            0.0011751274578273296
          ],
          [
            "Cambodia",
            0.0011609605280682445
          ],
          [
            "Mayotte",
            0.0010863820789381862
          ],
          [
            "Argentina",
            0.001029523671604693
          ],
          [
            "Oman",
            0.0009995324071496725
          ],
          [
            "Nigeria",
            0.0009923538891598582
          ],
          [
            "Finland",
            0.0009770378237590194
          ],
          [
            "Guinea",
            0.0009680615621618927
          ],
          [
            "Algeria",
            0.0009529822855256498
          ],
          [
            "Vanuatu",
            0.0009481884771957994
          ],
          [
            "Luxembourg",
            0.0009399109403602779
          ],
          [
            "Uganda",
            0.0009139812900684774
          ],
          [
            "Israel",
            0.0008909801836125553
          ],
          [
            "New Zealand",
            0.0008868584991432726
          ],
          [
            "Armenia",
            0.0008792841690592468
          ],
          [
            "Portugal",
            0.0008750496199354529
          ],
          [
            "Samoa",
            0.0008478457457385957
          ],
          [
            "Isle of Man",
            0.0008300240151584148
          ],
          [
            "Sri Lanka",
            0.0008204728947021067
          ],
          [
            "Germany",
            0.0007905339007265866
          ],
          [
            "Niger",
            0.0007843056228011847
          ],
          [
            "Namibia",
            0.000775708060245961
          ],
          [
            "Hungary",
            0.0007461789646185935
          ],
          [
            "Venezuela",
            0.0007326766499318182
          ],
          [
            "Taiwan",
            0.0007122045499272645
          ],
          [
            "Iran",
            0.0007112569292075932
          ],
          [
            "Australia",
            0.0006731541361659765
          ],
          [
            "Haiti",
            0.0006695176125504076
          ],
          [
            "Ecuador",
            0.0006675552576780319
          ],
          [
            "Saint Lucia",
            0.0006532378029078245
          ],
          [
            "Iraq",
            0.0006531705730594695
          ],
          [
            "Pakistan",
            0.0006491453386843204
          ],
          [
            "Trinidad and Tobago",
            0.0006333753117360175
          ],
          [
            "Malaysia",
            0.0006124732899479568
          ],
          [
            "Paraguay",
            0.0006052223034203053
          ],
          [
            "Madeira Islands",
            0.0006015957915224135
          ],
          [
            "Eritrea",
            0.0005990138160996139
          ],
          [
            "Brazil",
            0.0005787686095573008
          ],
          [
            "Solomon Islands",
            0.0005755673046223819
          ],
          [
            "Botswana",
            0.0005607842467725277
          ],
          [
            "French Guiana",
            0.0005569032509811223
          ],
          [
            "Madagascar",
            0.0005385762196965516
          ],
          [
            "Uruguay",
            0.0005241800099611282
          ],
          [
            "Ghana",
            0.0004874808364547789
          ],
          [
            "Kuwait",
            0.0004836364823859185
          ],
          [
            "Lebanon",
            0.0004833303391933441
          ],
          [
            "Morocco",
            0.00047230604104697704
          ],
          [
            "Sierra Leone",
            0.0004571926547214389
          ],
          [
            "Cape Verde",
            0.0004463991499505937
          ],
          [
            "Sudan",
            0.0004420550831127912
          ],
          [
            "Cameroon",
            0.00042722877697087824
          ],
          [
            "Kiribati",
            0.00040266235009767115
          ],
          [
            "Chad",
            0.00037628310383297503
          ],
          [
            "Liberia",
            0.0003657607885543257
          ],
          [
            "Martinique",
            0.000350827380316332
          ],
          [
            "Austria",
            0.0003374472726136446
          ],
          [
            "Japan",
            0.0003313151537440717
          ],
          [
            "Barbados",
            0.00030103191966190934
          ],
          [
            "United Arab Emirates",
            0.0002932905626948923
          ],
          [
            "Eswatini",
            0.0002889727184083313
          ],
          [
            "Egypt",
            0.00028661946998909116
          ],
          [
            "Reunion",
            0.00027263330412097275
          ],
          [
            "Suriname",
            0.00026515856734476984
          ],
          [
            "Bahrain",
            0.00025819442817009985
          ],
          [
            "Dominica",
            0.0002534551313146949
          ],
          [
            "Côte d'Ivoire",
            0.00025196908973157406
          ],
          [
            "Chile",
            0.00024718561326153576
          ],
          [
            "West Bank",
            0.00024274097813759
          ],
          [
            "Antigua & Barbuda",
            0.00022814409749116749
          ],
          [
            "Kenya",
            0.00021366441796999425
          ],
          [
            "Comoros",
            0.00020872642926406115
          ],
          [
            "Netherlands Antilles",
            0.00019776978297159076
          ],
          [
            "Zimbabwe",
            0.0001895020977826789
          ],
          [
            "DR Congo",
            0.00018269690917804837
          ],
          [
            "Libya",
            0.00017237223801203072
          ],
          [
            "Palau",
            0.00017232030222658068
          ],
          [
            "Equatorial Guinea",
            0.00016961732762865722
          ],
          [
            "Bosnia & Herzegovina",
            0.00016917017637751997
          ],
          [
            "Tanzania",
            0.00016308175690937787
          ],
          [
            "Poland",
            8.075658843154088e-05
          ],
          [
            "Sao Tome and Principe",
            5.35941326234024e-05
          ],
          [
            "United States Virgin Islands",
            4.121072561247274e-05
          ]
        ]
      },
      "geometry": {
        "type": "MultiLineString",
        "coordinates": [
          [
            [
              15.716951788491428,
              45.11041990668741
            ],
            [
              16.090202177293918,
              43.8040435458787
            ],
            [
              16.743390357698274,
              40.444790046656294
            ],
            [
              17.209953343701386,
              34.84603421461895
            ],
            [
              17.583203732503875,
              28.687402799377935
            ],
            [
              18.423017107309477,
              21.035769828926902
            ],
            [
              19.542768273716945,
              14.410575427682716
            ],
            [
              20.755832037325035,
              10.024883359253522
            ],
            [
              22.06220839813375,
              8.905132192846054
            ],
            [
              23.27527216174184,
              10.118195956454144
            ],
            [
              25.32814930015553,
              16.55676516329703
            ],
            [
              27.381026438569222,
              25.981337480559887
            ],
            [
              29.340590979782235,
              36.152410575427666
            ],
            [
              29.99377916018659,
              44.083981337480566
            ],
            [
              28.687402799377878,
              48.74961119751168
            ],
            [
              25.608087091757398,
              50.70917573872475
            ],
            [
              20.56920684292379,
              50.14930015552102
            ],
            [
              12.451010886469646,
              45.57698289269052
            ],
            [
              6.012441679626761,
              38.67185069984447
            ],
            [
              2.4665629860031117,
              31.30015552099536
            ],
            [
              2.6531881804043564,
              26.16796267496113
            ],
            [
              6.012441679626761,
              23.74183514774495
            ],
            [
              10.958009331259689,
              24.58164852255055
            ],
            [
              17.863141524105743,
              28.594090202177313
            ],
            [
              26.354587869362376,
              34.3794712286159
            ],
            [
              31.95334370139966,
              38.858475894245714
            ],
            [
              32.41990668740277,
              40.16485225505443
            ],
            [
              30.553654743390325,
              39.97822706065318
            ],
            [
              19.449455676516322,
              35.77916018662518
            ],
            [
              3.3996889580093352,
              29.060653188180424
            ]
          ],
          [
            [
              25.048211508553663,
              45.57698289269052
            ],
            [
              24.768273716951796,
              44.457231726283055
            ],
            [
              24.021772939346818,
              41.56454121306376
            ],
            [
              21.968895800933126,
              35.685847589424554
            ],
            [
              20.382581648522546,
              27.66096423017109
            ],
            [
              20.10264385692068,
              17.583203732503875
            ],
            [
              22.06220839813375,
              8.71850699844481
            ],
            [
              25.514774494556775,
              3.306376360808713
            ],
            [
              27.847589424572334,
              2.0
            ],
            [
              30.273716951788458,
              4.519440124416803
            ],
            [
              34.28615863141522,
              13.010886469673437
            ],
            [
              38.858475894245714,
              25.141524105754286
            ],
            [
              43.33748055987559,
              37.08553654743389
            ],
            [
              45.57698289269052,
              45.11041990668741
            ],
            [
              43.617418351477454,
              48.74961119751168
            ],
            [
              38.858475894245714,
              49.02954898911355
            ],
            [
              31.020217729393437,
              44.17729393468119
            ],
            [
              20.849144634525658,
              35.59253499222393
            ],
            [
              11.331259720062178,
              26.07465007776051
            ],
            [
              8.065318818040396,
              18.60964230171072
            ],
            [
              12.451010886469646,
              14.31726283048215
            ],
            [
              21.875583203732504,
              13.477449455676492
            ],
            [
              36.24572317262829,
              16.836702954898897
            ],
            [
              50.89580093312594,
              22.15552099533437
            ],
            [
              60.600311041990665,
              26.821150855365488
            ],
            [
              61.53343701399689,
              28.594090202177313
            ],
            [
              56.49455676516328,
              30.08709175738727
            ],
            [
              43.52410575427683,
              29.153965785381047
            ],
            [
              25.608087091757398,
              25.608087091757398
            ],
            [
              15.437013996889561,
              22.342146189735615
            ],
            [
              14.223950233281471,
              21.502332814930014
            ],
            [
              17.02332814930014,
              20.755832037325035
            ],
            [
              23.088646967340594,
              21.409020217729392
            ],
            [
              31.766718506998416,
              23.74183514774495
            ],
            [
              38.95178849144634,
              25.981337480559887
            ],
            [
              40.63141524105754,
              26.54121306376362
            ],
            [
              36.152410575427666,
              24.95489891135304
            ],
            [
              25.794712286158642,
              20.94245723172628
            ],
            [
              19.076205287713833,
              18.14307931570761
            ],
            [
              18.60964230171072,
              17.676516329704498
            ],
            [
              21.222395023328147,
              18.049766718506987
            ],
            [
              26.821150855365488,
              20.755832037325035
            ],
            [
              34.37947122861584,
              24.86158631415242
            ],
            [
              40.63141524105754,
              28.687402799377935
            ],
            [
              42.77760497667185,
              30.740279937791627
            ],
            [
              41.84447900466563,
              32.13996889580096
            ],
            [
              38.95178849144634,
              32.97978227060656
            ],
            [
              34.566096423017086,
              32.32659409020221
            ],
            [
              28.127527216174144,
              29.900466562986026
            ],
            [
              20.1959564541213,
              26.91446345256611
            ],
            [
              14.690513219284583,
              24.86158631415242
            ],
            [
              15.903576982892673,
              25.32814930015553
            ],
            [
              20.289269051321924,
              28.1275272161742
            ],
            [
              27.101088646967355,
              32.79315707620532
            ],
            [
              35.0326594090202,
              37.83203732503887
            ],
            [
              40.72472783825816,
              40.818040435458784
            ],
            [
              41.284603421461895,
              41.284603421461895
            ],
            [
              34.472783825816464,
              39.325038880248826
            ],
            [
              27.9409020217729,
              37.36547433903576
            ],
            [
              13.01088646967338,
              32.79315707620532
            ],
            [
              4.052877138413692,
              29.24727838258167
            ],
            [
              8.34525660964232,
              29.62052877138416
            ],
            [
              17.116640746500764,
              32.13996889580096
            ],
            [
              28.874027993779123,
              36.43234836702953
            ],
            [
              39.231726283048204,
              39.41835147744945
            ],
            [
              41.37791601866252,
              39.79160186625194
            ],
            [
              39.60497667185069,
              38.67185069984447
            ],
            [
              33.16640746500775,
              36.43234836702953
            ],
            [
              27.007776049766733,
              34.75272161741839
            ],
            [
              25.32814930015553,
              34.099533437013974
            ],
            [
              25.888024883359265,
              34.3794712286159
            ],
            [
              29.433903576982857,
              36.33903576982891
            ],
            [
              34.00622083981335,
              37.92534992223949
            ],
            [
              36.059097978227044,
              38.3919129082426
            ],
            [
              34.1928460342146,
              36.80559875583202
            ],
            [
              34.099533437013974,
              36.43234836702953
            ],
            [
              34.566096423017086,
              35.96578538102642
            ],
            [
              35.40590979782269,
              35.49922239502331
            ],
            [
              35.685847589424554,
              35.40590979782269
            ],
            [
              36.898911353032645,
              35.40590979782269
            ],
            [
              37.45878693623638,
              35.40590979782269
            ],
            [
              37.08553654743389,
              34.56609642301714
            ],
            [
              36.7122861586314,
              33.91290824261279
            ],
            [
              34.84603421461895,
              31.860031104199095
            ],
            [
              30.74027993779157,
              27.474339035769844
            ],
            [
              30.087091757387213,
              26.634525660964243
            ],
            [
              29.713841368584724,
              25.141524105754286
            ],
            [
              29.90046656298597,
              24.674961119751174
            ],
            [
              30.180404354587836,
              24.48833592534993
            ],
            [
              30.74027993779157,
              24.674961119751174
            ],
            [
              32.513219284603394,
              26.07465007776051
            ],
            [
              35.312597200622065,
              28.220839813374823
            ],
            [
              37.83203732503887,
              30.08709175738727
            ],
            [
              39.13841368584758,
              31.113530326594116
            ],
            [
              38.57853810264385,
              31.20684292379474
            ],
            [
              35.312597200622065,
              29.993779160186648
            ],
            [
              30.553654743390325,
              27.847589424572334
            ],
            [
              26.447900466563,
              25.608087091757398
            ],
            [
              24.021772939346818,
              23.835147744945573
            ],
            [
              23.835147744945573,
              22.622083981337482
            ],
            [
              24.768273716951796,
              22.248833592534993
            ],
            [
              27.381026438569222,
              22.715396578538105
            ],
            [
              32.41990668740277,
              24.86158631415242
            ],
            [
              37.552099533437,
              27.2877138413686
            ],
            [
              41.37791601866252,
              29.34059097978229
            ],
            [
              42.31104199066874,
              30.08709175738727
            ],
            [
              40.818040435458784,
              29.993779160186648
            ],
            [
              37.552099533437,
              29.34059097978229
            ],
            [
              30.833592534992192,
              28.220839813374823
            ],
            [
              23.74183514774495,
              26.447900466563
            ],
            [
              20.009331259720057,
              25.141524105754286
            ],
            [
              20.47589424572317,
              24.86158631415242
            ],
            [
              23.088646967340594,
              24.768273716951796
            ],
            [
              29.340590979782235,
              26.07465007776051
            ],
            [
              37.272161741835134,
              28.1275272161742
            ],
            [
              44.36391912908243,
              30.08709175738727
            ],
            [
              47.06998444790048,
              30.83359253499225
            ],
            [
              46.3234836702955,
              30.83359253499225
            ],
            [
              41.56454121306376,
              29.900466562986026
            ],
            [
              32.139968895800905,
              27.847589424572334
            ],
            [
              22.435458786936238,
              25.32814930015553
            ],
            [
              17.956454121306365,
              23.74183514774495
            ],
            [
              19.3561430793157,
              23.648522550544328
            ],
            [
              23.36858475894246,
              24.86158631415242
            ],
            [
              29.340590979782235,
              27.101088646967355
            ],
            [
              34.75272161741833,
              29.24727838258167
            ],
            [
              38.111975116640735,
              30.83359253499225
            ],
            [
              35.59253499222393,
              30.83359253499225
            ],
            [
              26.447900466563,
              29.153965785381047
            ],
            [
              14.410575427682716,
              26.354587869362376
            ],
            [
              7.785381026438586,
              24.301710730948685
            ],
            [
              7.318818040435474,
              23.648522550544328
            ],
            [
              10.864696734059066,
              23.74183514774495
            ],
            [
              18.98289269051321,
              25.608087091757398
            ],
            [
              29.90046656298597,
              28.780715396578557
            ],
            [
              39.88491446345256,
              31.766718506998473
            ],
            [
              46.043545878693635,
              33.72628304821154
            ],
            [
              46.69673405909799,
              34.00622083981341
            ],
            [
              43.99066874027994,
              33.72628304821154
            ],
            [
              36.152410575427666,
              32.41990668740283
            ],
            [
              27.9409020217729,
              30.646967340591004
            ],
            [
              24.95489891135304,
              29.71384136858478
            ],
            [
              20.94245723172628,
              27.940902021772956
            ],
            [
              21.875583203732504,
              27.381026438569222
            ],
            [
              22.52877138413686,
              27.194401244167977
            ],
            [
              30.460342146189703,
              28.1275272161742
            ],
            [
              34.28615863141522,
              29.060653188180424
            ],
            [
              42.1244167962675,
              31.113530326594116
            ],
            [
              49.96267496111972,
              33.5396578538103
            ],
            [
              50.242612752721584,
              33.63297045101092
            ],
            [
              46.60342146189737,
              33.16640746500781
            ],
            [
              36.898911353032645,
              31.486780715396606
            ],
            [
              30.833592534992192,
              30.273716951788515
            ],
            [
              17.30326594090201,
              26.261275272161754
            ],
            [
              15.903576982892673,
              25.514774494556775
            ],
            [
              16.090202177293918,
              24.48833592534993
            ],
            [
              20.755832037325035,
              23.835147744945573
            ],
            [
              23.648522550544328,
              24.301710730948685
            ],
            [
              31.020217729393437,
              26.261275272161754
            ],
            [
              38.111975116640735,
              28.50077760497669
            ],
            [
              41.84447900466563,
              29.993779160186648
            ],
            [
              41.75116640746501,
              30.367029548989137
            ],
            [
              39.04510108864696,
              30.180404354587893
            ],
            [
              32.23328149300153,
              29.060653188180424
            ],
            [
              24.11508553654744,
              27.2877138413686
            ],
            [
              18.98289269051321,
              25.514774494556775
            ],
            [
              18.60964230171072,
              24.768273716951796
            ],
            [
              19.822706065318812,
              23.928460342146195
            ],
            [
              22.15552099533437,
              23.648522550544328
            ],
            [
              27.101088646967355,
              24.395023328149307
            ],
            [
              33.63297045101086,
              25.981337480559887
            ],
            [
              40.444790046656294,
              27.847589424572334
            ],
            [
              44.457231726283055,
              28.967340590979802
            ],
            [
              43.89735614307932,
              29.060653188180424
            ],
            [
              40.444790046656294,
              28.594090202177313
            ],
            [
              32.139968895800905,
              27.101088646967355
            ],
            [
              23.27527216174184,
              25.048211508553663
            ],
            [
              18.14307931570761,
              23.36858475894246
            ],
            [
              17.863141524105743,
              22.52877138413686
            ],
            [
              19.822706065318812,
              21.968895800933126
            ],
            [
              25.421461897356153,
              22.342146189735615
            ],
            [
              33.91290824261273,
              24.301710730948685
            ],
            [
              42.77760497667185,
              26.54121306376362
            ],
            [
              48.09642301710733,
              28.03421461897358
            ],
            [
              47.72317262830484,
              28.1275272161742
            ],
            [
              44.27060653188181,
              27.66096423017109
            ],
            [
              35.0326594090202,
              26.07465007776051
            ],
            [
              24.86158631415242,
              23.835147744945573
            ],
            [
              18.60964230171072,
              21.875583203732504
            ],
            [
              18.236391912908232,
              21.31570762052877
            ],
            [
              20.10264385692068,
              21.035769828926902
            ],
            [
              24.301710730948685,
              21.595645412130636
            ],
            [
              29.807153965785346,
              23.181959564541216
            ],
            [
              34.84603421461895,
              24.86158631415242
            ],
            [
              36.33903576982891,
              25.514774494556775
            ],
            [
              35.77916018662518,
              25.608087091757398
            ],
            [
              34.1928460342146,
              25.608087091757398
            ],
            [
              31.020217729393437,
              25.234836702954908
            ],
            [
              26.07465007776051,
              24.11508553654744
            ],
            [
              23.74183514774495,
              23.27527216174184
            ],
            [
              24.11508553654744,
              22.90202177293935
            ],
            [
              25.421461897356153,
              22.52877138413686
            ],
            [
              27.66096423017109,
              22.808709175738727
            ],
            [
              31.95334370139966,
              24.11508553654744
            ],
            [
              36.99222395023327,
              25.981337480559887
            ],
            [
              41.84447900466563,
              27.75427682737171
            ],
            [
              43.33748055987559,
              28.50077760497669
            ],
            [
              42.21772939346812,
              28.594090202177313
            ],
            [
              37.645412130637624,
              27.940902021772956
            ],
            [
              29.340590979782235,
              25.981337480559887
            ],
            [
              20.662519440124413,
              23.648522550544328
            ],
            [
              17.02332814930014,
              22.342146189735615
            ],
            [
              14.130637636080849,
              20.1959564541213
            ],
            [
              15.81026438569205,
              19.449455676516322
            ],
            [
              19.72939346811819,
              19.822706065318812
            ],
            [
              27.101088646967355,
              21.68895800933126
            ],
            [
              35.21928460342144,
              24.208398133748062
            ],
            [
              41.657853810264385,
              26.447900466563
            ],
            [
              43.05754276827372,
              27.194401244167977
            ],
            [
              41.657853810264385,
              27.194401244167977
            ],
            [
              37.738724727838246,
              26.727838258164866
            ],
            [
              30.74027993779157,
              25.141524105754286
            ],
            [
              27.567651632970467,
              24.11508553654744
            ],
            [
              24.301710730948685,
              22.06220839813375
            ],
            [
              24.768273716951796,
              21.68895800933126
            ],
            [
              26.54121306376362,
              20.94245723172628
            ],
            [
              30.087091757387213,
              21.035769828926902
            ],
            [
              35.312597200622065,
              22.342146189735615
            ],
            [
              41.56454121306376,
              24.48833592534993
            ],
            [
              46.97667185069986,
              26.447900466563
            ],
            [
              49.30948678071536,
              27.474339035769844
            ],
            [
              48.37636080870914,
              27.474339035769844
            ],
            [
              46.416796267496125,
              27.2877138413686
            ],
            [
              39.88491446345256,
              26.261275272161754
            ],
            [
              33.07309486780713,
              24.86158631415242
            ],
            [
              28.500777604976633,
              23.36858475894246
            ],
            [
              27.9409020217729,
              22.52877138413686
            ],
            [
              29.060653188180368,
              21.968895800933126
            ],
            [
              30.553654743390325,
              21.78227060653188
            ],
            [
              33.63297045101086,
              22.435458786936238
            ],
            [
              38.01866251944011,
              24.11508553654744
            ],
            [
              42.59097978227061,
              26.07465007776051
            ],
            [
              45.4836702954899,
              27.66096423017109
            ],
            [
              45.39035769828928,
              27.940902021772956
            ],
            [
              43.710730948678076,
              27.940902021772956
            ],
            [
              38.76516329704509,
              27.474339035769844
            ],
            [
              30.926905132192815,
              25.794712286158642
            ],
            [
              25.608087091757398,
              23.928460342146195
            ],
            [
              25.048211508553663,
              23.088646967340594
            ],
            [
              26.354587869362376,
              22.342146189735615
            ],
            [
              28.220839813374823,
              22.06220839813375
            ],
            [
              31.58009331259717,
              22.52877138413686
            ],
            [
              36.43234836702953,
              23.928460342146195
            ],
            [
              41.00466562986003,
              25.70139968895802
            ],
            [
              44.17729393468119,
              27.194401244167977
            ],
            [
              43.99066874027994,
              27.474339035769844
            ],
            [
              42.9642301710731,
              27.474339035769844
            ],
            [
              40.16485225505443,
              27.2877138413686
            ],
            [
              35.0326594090202,
              26.16796267496113
            ],
            [
              30.926905132192815,
              24.674961119751174
            ],
            [
              30.180404354587836,
              23.835147744945573
            ],
            [
              30.833592534992192,
              22.99533437013997
            ],
            [
              32.60653188180402,
              22.342146189735615
            ],
            [
              36.99222395023327,
              22.808709175738727
            ],
            [
              43.244167962674965,
              24.48833592534993
            ],
            [
              49.869362363919095,
              26.447900466563
            ],
            [
              51.17573872472781,
              27.101088646967355
            ],
            [
              50.14930015552096,
              27.101088646967355
            ],
            [
              46.97667185069986,
              27.101088646967355
            ],
            [
              42.31104199066874,
              26.447900466563
            ],
            [
              36.61897356143078,
              25.234836702954908
            ],
            [
              31.48678071539655,
              23.648522550544328
            ],
            [
              29.713841368584724,
              22.715396578538105
            ],
            [
              30.553654743390325,
              22.248833592534993
            ],
            [
              33.726283048211485,
              22.435458786936238
            ],
            [
              40.071539657853805,
              24.11508553654744
            ],
            [
              46.790046656298614,
              26.447900466563
            ],
            [
              52.57542768273714,
              28.967340590979802
            ],
            [
              53.97511664074648,
              29.807153965785403
            ],
            [
              52.668740279937765,
              30.08709175738727
            ],
            [
              48.00311041990665,
              29.993779160186648
            ],
            [
              38.95178849144634,
              28.687402799377935
            ],
            [
              29.15396578538099,
              26.54121306376362
            ],
            [
              25.048211508553663,
              25.048211508553663
            ],
            [
              25.514774494556775,
              24.58164852255055
            ],
            [
              28.03421461897358,
              24.11508553654744
            ],
            [
              30.087091757387213,
              24.11508553654744
            ],
            [
              37.645412130637624,
              25.608087091757398
            ],
            [
              42.031104199066874,
              27.101088646967355
            ],
            [
              45.76360808709177,
              28.687402799377935
            ],
            [
              46.3234836702955,
              29.153965785381047
            ],
            [
              44.830482115085545,
              29.153965785381047
            ],
            [
              39.698289269051315,
              28.220839813374823
            ],
            [
              30.926905132192815,
              26.07465007776051
            ],
            [
              26.821150855365488,
              24.86158631415242
            ],
            [
              23.27527216174184,
              22.99533437013997
            ],
            [
              24.208398133748062,
              22.248833592534993
            ],
            [
              24.768273716951796,
              22.15552099533437
            ],
            [
              29.247278382581612,
              22.52877138413686
            ],
            [
              31.48678071539655,
              23.27527216174184
            ],
            [
              35.59253499222393,
              24.86158631415242
            ],
            [
              38.01866251944011,
              25.981337480559887
            ],
            [
              38.67185069984447,
              26.447900466563
            ],
            [
              36.43234836702953,
              26.447900466563
            ],
            [
              34.472783825816464,
              26.16796267496113
            ],
            [
              29.060653188180368,
              24.95489891135304
            ],
            [
              25.514774494556775,
              23.648522550544328
            ],
            [
              25.421461897356153,
              23.088646967340594
            ],
            [
              26.821150855365488,
              22.435458786936238
            ],
            [
              28.687402799377878,
              22.248833592534993
            ],
            [
              32.04665629860028,
              22.715396578538105
            ],
            [
              36.33903576982891,
              24.021772939346818
            ],
            [
              41.75116640746501,
              25.70139968895802
            ],
            [
              45.85692068429239,
              27.194401244167977
            ],
            [
              46.69673405909799,
              27.66096423017109
            ],
            [
              45.39035769828928,
              27.66096423017109
            ],
            [
              41.19129082426127,
              26.821150855365488
            ],
            [
              33.91290824261273,
              24.95489891135304
            ],
            [
              28.03421461897358,
              22.99533437013997
            ],
            [
              26.261275272161754,
              21.875583203732504
            ],
            [
              26.727838258164866,
              21.222395023328147
            ],
            [
              27.9409020217729,
              20.849144634525658
            ],
            [
              29.90046656298597,
              21.129082426127525
            ],
            [
              33.53965785381024,
              22.52877138413686
            ],
            [
              37.92534992223949,
              24.395023328149307
            ],
            [
              41.84447900466563,
              26.354587869362376
            ],
            [
              43.43079315707621,
              27.474339035769844
            ],
            [
              42.68429237947123,
              27.474339035769844
            ],
            [
              41.284603421461895,
              27.474339035769844
            ],
            [
              36.24572317262829,
              26.54121306376362
            ],
            [
              32.513219284603394,
              25.32814930015553
            ],
            [
              31.48678071539655,
              24.48833592534993
            ],
            [
              32.04665629860028,
              23.648522550544328
            ],
            [
              33.16640746500775,
              22.99533437013997
            ],
            [
              34.65940902021771,
              22.715396578538105
            ],
            [
              38.67185069984447,
              23.555209953343706
            ],
            [
              46.60342146189737,
              25.794712286158642
            ],
            [
              55.7480559875583,
              28.407465007776068
            ],
            [
              60.600311041990665,
              29.993779160186648
            ],
            [
              60.78693623639191,
              30.273716951788515
            ],
            [
              58.640746500777595,
              30.273716951788515
            ],
            [
              53.2286158631415,
              29.433903576982914
            ],
            [
              44.36391912908243,
              27.381026438569222
            ],
            [
              35.21928460342144,
              24.768273716951796
            ],
            [
              30.833592534992192,
              22.90202177293935
            ],
            [
              30.553654743390325,
              21.968895800933126
            ],
            [
              32.32659409020215,
              21.502332814930014
            ],
            [
              36.33903576982891,
              22.15552099533437
            ],
            [
              41.284603421461895,
              23.928460342146195
            ],
            [
              45.95023328149301,
              25.981337480559887
            ],
            [
              50.335925349922206,
              28.314152410575446
            ],
            [
              53.508553654743366,
              30.180404354587893
            ],
            [
              53.69517884914461,
              30.646967340591004
            ],
            [
              52.85536547433901,
              30.646967340591004
            ],
            [
              49.30948678071536,
              30.180404354587893
            ],
            [
              42.31104199066874,
              28.407465007776068
            ],
            [
              35.59253499222393,
              26.16796267496113
            ],
            [
              32.69984447900464,
              24.208398133748062
            ],
            [
              32.23328149300153,
              22.622083981337482
            ],
            [
              33.07309486780713,
              21.68895800933126
            ],
            [
              34.1928460342146,
              21.31570762052877
            ],
            [
              36.80559875583202,
              21.875583203732504
            ],
            [
              40.911353032659406,
              23.74183514774495
            ],
            [
              45.11041990668741,
              25.981337480559887
            ],
            [
              48.842923794712306,
              28.220839813374823
            ],
            [
              49.30948678071536,
              28.967340590979802
            ],
            [
              47.72317262830484,
              29.153965785381047
            ],
            [
              42.9642301710731,
              28.687402799377935
            ],
            [
              33.91290824261273,
              26.634525660964243
            ],
            [
              29.340590979782235,
              25.421461897356153
            ],
            [
              20.755832037325035,
              21.502332814930014
            ],
            [
              20.94245723172628,
              20.289269051321924
            ],
            [
              21.502332814930014,
              19.72939346811819
            ],
            [
              25.141524105754286,
              19.3561430793157
            ],
            [
              27.9409020217729,
              20.009331259720057
            ],
            [
              35.96578538102642,
              22.435458786936238
            ],
            [
              49.40279937791604,
              27.2877138413686
            ],
            [
              52.85536547433901,
              28.594090202177313
            ],
            [
              54.628304821150834,
              29.433903576982914
            ],
            [
              52.85536547433901,
              29.433903576982914
            ],
            [
              46.3234836702955,
              28.594090202177313
            ],
            [
              36.525660964230156,
              26.16796267496113
            ],
            [
              28.780715396578557,
              23.555209953343706
            ],
            [
              25.888024883359265,
              21.68895800933126
            ],
            [
              25.608087091757398,
              20.1959564541213
            ],
            [
              27.007776049766733,
              19.3561430793157
            ],
            [
              30.180404354587836,
              19.3561430793157
            ],
            [
              36.99222395023327,
              21.129082426127525
            ],
            [
              45.76360808709177,
              23.74183514774495
            ],
            [
              53.32192846034212,
              26.261275272161754
            ],
            [
              55.37480559875581,
              27.194401244167977
            ],
            [
              53.13530326594088,
              27.381026438569222
            ],
            [
              44.17729393468119,
              26.07465007776051
            ],
            [
              31.95334370139966,
              23.555209953343706
            ],
            [
              22.15552099533437,
              20.849144634525658
            ],
            [
              19.636080870917567,
              19.449455676516322
            ],
            [
              20.56920684292379,
              18.88958009331259
            ],
            [
              24.48833592534993,
              18.796267496111966
            ],
            [
              29.713841368584724,
              19.916018662519434
            ],
            [
              34.75272161741833,
              21.595645412130636
            ],
            [
              38.20528771384136,
              23.088646967340594
            ],
            [
              39.325038880248826,
              23.835147744945573
            ],
            [
              38.858475894245714,
              24.48833592534993
            ],
            [
              38.57853810264385,
              24.95489891135304
            ],
            [
              38.485225505443225,
              25.234836702954908
            ],
            [
              37.36547433903576,
              24.395023328149307
            ],
            [
              35.77916018662518,
              23.648522550544328
            ],
            [
              31.58009331259717,
              21.78227060653188
            ],
            [
              30.74027993779157,
              21.222395023328147
            ],
            [
              31.11353032659406,
              21.129082426127525
            ],
            [
              31.673405909797793,
              21.78227060653188
            ],
            [
              33.353032659408996,
              23.088646967340594
            ],
            [
              36.7122861586314,
              24.768273716951796
            ],
            [
              38.95178849144634,
              25.70139968895802
            ],
            [
              38.485225505443225,
              25.888024883359265
            ],
            [
              36.525660964230156,
              25.514774494556775
            ],
            [
              32.79315707620526,
              24.301710730948685
            ],
            [
              29.060653188180368,
              22.715396578538105
            ],
            [
              26.16796267496113,
              21.129082426127525
            ],
            [
              24.674961119751174,
              19.72939346811819
            ],
            [
              25.141524105754286,
              19.076205287713833
            ],
            [
              26.91446345256611,
              18.702954898911344
            ],
            [
              30.833592534992192,
              19.72939346811819
            ],
            [
              36.7122861586314,
              22.06220839813375
            ],
            [
              42.77760497667185,
              24.86158631415242
            ],
            [
              45.670295489891146,
              26.821150855365488
            ],
            [
              45.57698289269052,
              27.847589424572334
            ],
            [
              43.617418351477454,
              28.50077760497669
            ],
            [
              39.698289269051315,
              28.407465007776068
            ],
            [
              34.472783825816464,
              27.194401244167977
            ],
            [
              29.99377916018659,
              25.32814930015553
            ],
            [
              27.66096423017109,
              23.555209953343706
            ],
            [
              27.66096423017109,
              22.342146189735615
            ],
            [
              28.594090202177313,
              21.502332814930014
            ],
            [
              29.807153965785346,
              21.035769828926902
            ],
            [
              33.07309486780713,
              22.808709175738727
            ],
            [
              37.17884914463451,
              25.234836702954908
            ],
            [
              41.657853810264385,
              27.66096423017109
            ],
            [
              44.6438569206843,
              29.527216174183536
            ],
            [
              45.11041990668741,
              29.993779160186648
            ],
            [
              44.457231726283055,
              30.273716951788515
            ],
            [
              42.1244167962675,
              29.900466562986026
            ],
            [
              39.97822706065318,
              29.153965785381047
            ],
            [
              29.433903576982857,
              24.768273716951796
            ],
            [
              24.95489891135304,
              21.595645412130636
            ],
            [
              24.395023328149307,
              20.849144634525658
            ],
            [
              25.234836702954908,
              19.076205287713833
            ],
            [
              25.794712286158642,
              18.796267496111966
            ],
            [
              26.16796267496113,
              18.796267496111966
            ],
            [
              28.500777604976633,
              20.755832037325035
            ],
            [
              30.087091757387213,
              21.968895800933126
            ],
            [
              33.25972006220837,
              24.58164852255055
            ],
            [
              35.0326594090202,
              26.261275272161754
            ],
            [
              34.84603421461895,
              26.91446345256611
            ],
            [
              33.53965785381024,
              27.007776049766733
            ],
            [
              29.060653188180368,
              25.888024883359265
            ],
            [
              23.088646967340594,
              23.648522550544328
            ],
            [
              19.822706065318812,
              21.78227060653188
            ],
            [
              19.262830482115078,
              19.822706065318812
            ],
            [
              20.382581648522546,
              18.423017107309477
            ],
            [
              21.409020217729392,
              17.76982892690512
            ],
            [
              22.435458786936238,
              17.489891135303253
            ],
            [
              23.088646967340594,
              17.676516329704498
            ],
            [
              25.32814930015553,
              18.88958009331259
            ],
            [
              27.381026438569222,
              20.009331259720057
            ],
            [
              29.340590979782235,
              21.129082426127525
            ],
            [
              29.6205287713841,
              21.502332814930014
            ],
            [
              29.340590979782235,
              21.595645412130636
            ],
            [
              29.713841368584724,
              21.502332814930014
            ],
            [
              30.646967340590948,
              21.129082426127525
            ],
            [
              31.766718506998416,
              20.56920684292379
            ],
            [
              32.69984447900464,
              20.10264385692068
            ],
            [
              33.53965785381024,
              19.822706065318812
            ],
            [
              33.81959564541211,
              19.72939346811819
            ],
            [
              33.44634525660962,
              20.56920684292379
            ],
            [
              32.979782270606506,
              21.31570762052877
            ],
            [
              32.79315707620526,
              21.78227060653188
            ],
            [
              32.60653188180402,
              22.622083981337482
            ],
            [
              32.23328149300153,
              23.648522550544328
            ],
            [
              31.58009331259717,
              24.395023328149307
            ],
            [
              30.36702954898908,
              25.608087091757398
            ],
            [
              29.6205287713841,
              26.261275272161754
            ],
            [
              29.340590979782235,
              26.447900466563
            ],
            [
              28.967340590979802,
              26.54121306376362
            ],
            [
              27.381026438569222,
              24.208398133748062
            ],
            [
              26.447900466563,
              22.15552099533437
            ],
            [
              26.16796267496113,
              21.68895800933126
            ],
            [
              25.794712286158642,
              21.129082426127525
            ],
            [
              26.821150855365488,
              21.129082426127525
            ],
            [
              28.500777604976633,
              21.502332814930014
            ],
            [
              30.273716951788458,
              21.968895800933126
            ],
            [
              31.58009331259717,
              23.928460342146195
            ],
            [
              30.926905132192815,
              26.54121306376362
            ],
            [
              28.874027993779123,
              28.687402799377935
            ],
            [
              25.70139968895802,
              30.367029548989137
            ],
            [
              22.06220839813375,
              30.92690513219287
            ],
            [
              17.863141524105743,
              30.273716951788515
            ],
            [
              14.503888024883338,
              28.594090202177313
            ],
            [
              13.104199066874003,
              26.727838258164866
            ],
            [
              13.570762052877114,
              24.48833592534993
            ],
            [
              15.250388802488317,
              22.622083981337482
            ],
            [
              18.236391912908232,
              20.94245723172628
            ],
            [
              22.52877138413686,
              20.382581648522546
            ],
            [
              28.03421461897358,
              21.035769828926902
            ],
            [
              32.886469673405884,
              22.622083981337482
            ],
            [
              35.77916018662518,
              24.11508553654744
            ],
            [
              36.43234836702953,
              24.86158631415242
            ],
            [
              35.685847589424554,
              25.32814930015553
            ],
            [
              32.69984447900464,
              26.07465007776051
            ],
            [
              28.220839813374823,
              25.981337480559887
            ],
            [
              23.088646967340594,
              24.86158631415242
            ],
            [
              18.88958009331259,
              23.27527216174184
            ],
            [
              17.863141524105743,
              22.248833592534993
            ],
            [
              18.14307931570761,
              21.502332814930014
            ],
            [
              19.076205287713833,
              20.755832037325035
            ],
            [
              20.1959564541213,
              20.1959564541213
            ],
            [
              21.31570762052877,
              20.1959564541213
            ],
            [
              23.928460342146195,
              20.94245723172628
            ],
            [
              27.567651632970467,
              22.15552099533437
            ],
            [
              29.52721617418348,
              22.90202177293935
            ],
            [
              29.807153965785346,
              23.088646967340594
            ],
            [
              28.780715396578557,
              23.088646967340594
            ],
            [
              25.048211508553663,
              22.06220839813375
            ],
            [
              20.009331259720057,
              20.47589424572317
            ],
            [
              16.55676516329703,
              18.796267496111966
            ],
            [
              15.623639191290806,
              17.956454121306365
            ],
            [
              16.090202177293918,
              17.39657853810263
            ],
            [
              17.863141524105743,
              17.02332814930014
            ],
            [
              21.409020217729392,
              17.583203732503875
            ],
            [
              25.421461897356153,
              18.98289269051321
            ],
            [
              29.060653188180368,
              20.382581648522546
            ],
            [
              30.553654743390325,
              21.129082426127525
            ],
            [
              30.087091757387213,
              21.31570762052877
            ],
            [
              27.75427682737171,
              21.502332814930014
            ],
            [
              25.981337480559887,
              21.409020217729392
            ],
            [
              21.409020217729392,
              20.382581648522546
            ],
            [
              21.222395023328147,
              20.10264385692068
            ],
            [
              21.875583203732504,
              19.72939346811819
            ],
            [
              24.768273716951796,
              19.3561430793157
            ],
            [
              29.15396578538099,
              19.916018662519434
            ],
            [
              33.63297045101086,
              20.94245723172628
            ],
            [
              38.3919129082426,
              22.342146189735615
            ],
            [
              37.738724727838246,
              22.52877138413686
            ],
            [
              33.25972006220837,
              22.808709175738727
            ],
            [
              30.553654743390325,
              22.808709175738727
            ],
            [
              25.141524105754286,
              22.435458786936238
            ],
            [
              18.98289269051321,
              21.595645412130636
            ],
            [
              13.664074650077737,
              20.382581648522546
            ],
            [
              12.17107309486778,
              19.542768273716945
            ],
            [
              12.544323483670269,
              19.169517884914455
            ],
            [
              14.317262830482093,
              18.329704510108854
            ],
            [
              17.956454121306365,
              18.423017107309477
            ],
            [
              23.27527216174184,
              19.636080870917567
            ],
            [
              29.340590979782235,
              21.035769828926902
            ],
            [
              33.16640746500775,
              22.06220839813375
            ],
            [
              34.65940902021771,
              22.622083981337482
            ],
            [
              34.1928460342146,
              22.622083981337482
            ],
            [
              32.60653188180402,
              22.622083981337482
            ],
            [
              28.127527216174144,
              21.968895800933126
            ],
            [
              23.928460342146195,
              20.755832037325035
            ],
            [
              22.435458786936238,
              19.916018662519434
            ],
            [
              22.622083981337482,
              19.449455676516322
            ],
            [
              24.021772939346818,
              18.702954898911344
            ],
            [
              25.234836702954908,
              18.329704510108854
            ],
            [
              27.567651632970467,
              18.702954898911344
            ],
            [
              29.713841368584724,
              19.542768273716945
            ],
            [
              31.766718506998416,
              20.755832037325035
            ],
            [
              33.44634525660962,
              21.78227060653188
            ],
            [
              34.75272161741833,
              22.52877138413686
            ],
            [
              34.566096423017086,
              22.808709175738727
            ],
            [
              33.353032659408996,
              22.99533437013997
            ],
            [
              30.087091757387213,
              23.088646967340594
            ],
            [
              27.381026438569222,
              22.715396578538105
            ],
            [
              19.822706065318812,
              21.129082426127525
            ],
            [
              18.236391912908232,
              20.382581648522546
            ],
            [
              17.676516329704498,
              19.822706065318812
            ],
            [
              18.88958009331259,
              18.98289269051321
            ],
            [
              19.449455676516322,
              18.796267496111966
            ],
            [
              20.662519440124413,
              18.796267496111966
            ],
            [
              23.461897356143083,
              20.289269051321924
            ],
            [
              27.194401244167977,
              22.06220839813375
            ],
            [
              30.553654743390325,
              23.555209953343706
            ],
            [
              32.04665629860028,
              24.301710730948685
            ],
            [
              31.58009331259717,
              24.395023328149307
            ],
            [
              30.180404354587836,
              24.301710730948685
            ],
            [
              27.2877138413686,
              23.74183514774495
            ],
            [
              22.808709175738727,
              22.52877138413686
            ],
            [
              18.049766718506987,
              21.035769828926902
            ],
            [
              15.81026438569205,
              19.636080870917567
            ],
            [
              15.81026438569205,
              19.076205287713833
            ],
            [
              17.583203732503875,
              17.956454121306365
            ],
            [
              21.222395023328147,
              17.863141524105743
            ],
            [
              26.16796267496113,
              18.702954898911344
            ],
            [
              32.04665629860028,
              20.1959564541213
            ],
            [
              35.96578538102642,
              21.68895800933126
            ],
            [
              37.83203732503887,
              22.622083981337482
            ],
            [
              37.738724727838246,
              22.99533437013997
            ],
            [
              36.152410575427666,
              23.27527216174184
            ],
            [
              32.513219284603394,
              23.181959564541216
            ],
            [
              25.514774494556775,
              22.248833592534993
            ],
            [
              16.836702954898897,
              20.56920684292379
            ],
            [
              12.264385692068402,
              18.796267496111966
            ],
            [
              12.17107309486778,
              18.049766718506987
            ],
            [
              14.037325038880226,
              16.836702954898897
            ],
            [
              17.30326594090201,
              16.743390357698274
            ],
            [
              22.248833592534993,
              17.956454121306365
            ],
            [
              24.395023328149307,
              18.702954898911344
            ],
            [
              31.11353032659406,
              21.129082426127525
            ],
            [
              32.979782270606506,
              22.15552099533437
            ],
            [
              32.79315707620526,
              22.52877138413686
            ],
            [
              31.860031104199038,
              22.622083981337482
            ],
            [
              31.020217729393437,
              22.622083981337482
            ],
            [
              26.54121306376362,
              21.968895800933126
            ],
            [
              24.301710730948685,
              21.409020217729392
            ],
            [
              22.06220839813375,
              20.382581648522546
            ],
            [
              22.435458786936238,
              19.262830482115078
            ],
            [
              23.181959564541216,
              18.796267496111966
            ],
            [
              26.261275272161754,
              18.236391912908232
            ],
            [
              35.0326594090202,
              19.262830482115078
            ],
            [
              38.67185069984447,
              20.10264385692068
            ],
            [
              45.11041990668741,
              21.595645412130636
            ],
            [
              49.122861586314116,
              22.99533437013997
            ],
            [
              49.30948678071536,
              23.27527216174184
            ],
            [
              47.53654743390359,
              23.555209953343706
            ],
            [
              43.244167962674965,
              23.648522550544328
            ],
            [
              36.33903576982891,
              22.90202177293935
            ],
            [
              28.31415241057539,
              21.595645412130636
            ],
            [
              22.90202177293935,
              20.10264385692068
            ],
            [
              21.502332814930014,
              19.3561430793157
            ],
            [
              21.875583203732504,
              18.88958009331259
            ],
            [
              22.622083981337482,
              18.60964230171072
            ],
            [
              23.181959564541216,
              18.88958009331259
            ],
            [
              24.11508553654744,
              20.1959564541213
            ],
            [
              25.421461897356153,
              21.31570762052877
            ],
            [
              26.354587869362376,
              22.248833592534993
            ],
            [
              26.354587869362376,
              22.622083981337482
            ],
            [
              25.981337480559887,
              22.808709175738727
            ],
            [
              25.70139968895802,
              22.715396578538105
            ]
          ],
          [
            [
              29.247278382581612,
              27.567651632970467
            ],
            [
              26.261275272161754,
              25.141524105754286
            ],
            [
              24.021772939346818,
              22.52877138413686
            ],
            [
              22.808709175738727,
              20.849144634525658
            ],
            [
              22.52877138413686,
              20.289269051321924
            ],
            [
              22.52877138413686,
              19.822706065318812
            ],
            [
              22.435458786936238,
              19.262830482115078
            ],
            [
              23.181959564541216,
              18.702954898911344
            ],
            [
              24.48833592534993,
              18.60964230171072
            ],
            [
              25.421461897356153,
              18.88958009331259
            ],
            [
              29.340590979782235,
              21.968895800933126
            ],
            [
              31.860031104199038,
              24.674961119751174
            ],
            [
              32.886469673405884,
              25.981337480559887
            ],
            [
              34.099533437013974,
              28.50077760497669
            ],
            [
              34.099533437013974,
              28.967340590979802
            ],
            [
              32.979782270606506,
              29.71384136858478
            ],
            [
              29.99377916018659,
              29.62052877138416
            ],
            [
              28.31415241057539,
              29.060653188180424
            ],
            [
              24.48833592534993,
              26.821150855365488
            ],
            [
              21.035769828926902,
              23.461897356143083
            ],
            [
              19.169517884914455,
              20.009331259720057
            ],
            [
              19.076205287713833,
              18.236391912908232
            ],
            [
              19.636080870917567,
              17.583203732503875
            ],
            [
              20.289269051321924,
              17.489891135303253
            ],
            [
              21.222395023328147,
              17.956454121306365
            ],
            [
              22.342146189735615,
              19.449455676516322
            ],
            [
              23.555209953343706,
              21.875583203732504
            ],
            [
              24.48833592534993,
              24.674961119751174
            ],
            [
              24.768273716951796,
              26.261275272161754
            ],
            [
              24.395023328149307,
              26.727838258164866
            ],
            [
              22.435458786936238,
              26.821150855365488
            ],
            [
              18.423017107309477,
              25.608087091757398
            ],
            [
              13.38413685847587,
              22.99533437013997
            ],
            [
              10.304821150855332,
              19.449455676516322
            ],
            [
              9.185069984447864,
              16.463452566096407
            ],
            [
              9.278382581648486,
              13.197511664074682
            ],
            [
              10.21150855365471,
              11.611197511664102
            ],
            [
              11.611197511664045,
              10.7713841368585
            ],
            [
              13.850699844478982,
              11.051321928460368
            ],
            [
              16.370139968895785,
              13.290824261275247
            ],
            [
              18.796267496111966,
              16.370139968895785
            ],
            [
              21.035769828926902,
              20.289269051321924
            ],
            [
              21.875583203732504,
              23.461897356143083
            ],
            [
              21.68895800933126,
              25.32814930015553
            ],
            [
              20.289269051321924,
              26.54121306376362
            ],
            [
              18.5163297045101,
              27.007776049766733
            ],
            [
              16.93001555209952,
              26.821150855365488
            ],
            [
              15.437013996889561,
              25.70139968895802
            ],
            [
              14.783825816485205,
              23.648522550544328
            ],
            [
              15.343701399688939,
              21.502332814930014
            ],
            [
              17.489891135303253,
              19.72939346811819
            ],
            [
              20.662519440124413,
              19.076205287713833
            ],
            [
              25.514774494556775,
              19.636080870917567
            ],
            [
              29.807153965785346,
              20.94245723172628
            ],
            [
              33.63297045101086,
              22.90202177293935
            ],
            [
              35.8724727838258,
              24.86158631415242
            ],
            [
              36.33903576982891,
              26.261275272161754
            ],
            [
              35.8724727838258,
              27.474339035769844
            ],
            [
              34.566096423017086,
              28.50077760497669
            ],
            [
              32.79315707620526,
              28.967340590979802
            ],
            [
              30.36702954898908,
              28.87402799377918
            ],
            [
              28.127527216174144,
              28.03421461897358
            ],
            [
              26.821150855365488,
              26.821150855365488
            ],
            [
              26.261275272161754,
              25.608087091757398
            ],
            [
              26.16796267496113,
              24.768273716951796
            ],
            [
              26.261275272161754,
              26.07465007776051
            ],
            [
              26.07465007776051,
              27.101088646967355
            ],
            [
              25.70139968895802,
              28.03421461897358
            ],
            [
              25.234836702954908,
              28.687402799377935
            ],
            [
              25.141524105754286,
              28.407465007776068
            ],
            [
              25.048211508553663,
              28.1275272161742
            ],
            [
              24.95489891135304,
              27.847589424572334
            ],
            [
              24.95489891135304,
              28.780715396578557
            ],
            [
              24.95489891135304,
              30.180404354587893
            ],
            [
              24.86158631415242,
              32.32659409020221
            ],
            [
              24.86158631415242,
              34.75272161741839
            ],
            [
              24.86158631415242,
              37.17884914463451
            ],
            [
              24.95489891135304,
              39.13841368584758
            ],
            [
              24.95489891135304,
              40.63141524105754
            ],
            [
              24.95489891135304,
              41.84447900466563
            ],
            [
              24.768273716951796,
              42.1244167962675
            ],
            [
              24.48833592534993,
              42.031104199066874
            ],
            [
              24.11508553654744,
              41.84447900466563
            ],
            [
              22.622083981337482,
              40.911353032659406
            ],
            [
              20.009331259720057,
              39.41835147744945
            ],
            [
              16.370139968895785,
              36.99222395023327
            ],
            [
              15.81026438569205,
              36.525660964230156
            ],
            [
              14.410575427682716,
              34.472783825816464
            ],
            [
              14.317262830482093,
              34.192846034214654
            ],
            [
              14.503888024883338,
              33.91290824261279
            ],
            [
              14.97045101088645,
              33.91290824261279
            ],
            [
              15.530326594090184,
              34.28615863141522
            ],
            [
              17.489891135303253,
              36.80559875583202
            ],
            [
              20.009331259720057,
              39.698289269051315
            ],
            [
              22.622083981337482,
              42.497667185069986
            ],
            [
              25.70139968895802,
              45.85692068429239
            ],
            [
              27.2877138413686,
              47.72317262830484
            ],
            [
              27.381026438569222,
              48.18973561430795
            ],
            [
              26.354587869362376,
              48.09642301710733
            ],
            [
              24.208398133748062,
              46.883359253499236
            ],
            [
              22.06220839813375,
              45.203732503888034
            ],
            [
              20.755832037325035,
              43.244167962674965
            ],
            [
              20.662519440124413,
              41.657853810264385
            ],
            [
              21.222395023328147,
              40.35147744945567
            ],
            [
              22.06220839813375,
              39.698289269051315
            ],
            [
              22.90202177293935,
              39.51166407465007
            ],
            [
              24.021772939346818,
              39.97822706065318
            ],
            [
              25.608087091757398,
              41.00466562986003
            ],
            [
              27.194401244167977,
              42.1244167962675
            ],
            [
              28.220839813374823,
              43.05754276827372
            ],
            [
              28.594090202177313,
              43.52410575427683
            ],
            [
              28.03421461897358,
              43.33748055987559
            ],
            [
              26.07465007776051,
              42.40435458786936
            ],
            [
              23.461897356143083,
              41.00466562986003
            ],
            [
              21.409020217729392,
              39.698289269051315
            ],
            [
              20.10264385692068,
              38.20528771384136
            ],
            [
              19.916018662519434,
              37.36547433903576
            ],
            [
              19.916018662519434,
              36.898911353032645
            ],
            [
              20.56920684292379,
              37.552099533437
            ],
            [
              21.129082426127525,
              38.01866251944011
            ],
            [
              22.435458786936238,
              39.04510108864696
            ],
            [
              24.021772939346818,
              39.97822706065318
            ],
            [
              25.32814930015553,
              40.63141524105754
            ],
            [
              26.354587869362376,
              41.19129082426127
            ],
            [
              25.608087091757398,
              40.72472783825816
            ],
            [
              23.648522550544328,
              39.325038880248826
            ],
            [
              21.222395023328147,
              37.83203732503887
            ],
            [
              19.636080870917567,
              36.61897356143078
            ],
            [
              18.702954898911344,
              35.0326594090202
            ],
            [
              18.60964230171072,
              33.91290824261279
            ],
            [
              18.98289269051321,
              33.35303265940905
            ],
            [
              19.822706065318812,
              32.97978227060656
            ],
            [
              21.31570762052877,
              33.25972006220843
            ],
            [
              23.555209953343706,
              34.56609642301714
            ],
            [
              25.141524105754286,
              35.59253499222393
            ],
            [
              29.90046656298597,
              38.95178849144634
            ],
            [
              31.11353032659406,
              39.97822706065318
            ],
            [
              30.180404354587836,
              40.35147744945567
            ],
            [
              29.52721617418348,
              40.35147744945567
            ],
            [
              27.101088646967355,
              39.97822706065318
            ],
            [
              22.435458786936238,
              37.92534992223949
            ],
            [
              21.31570762052877,
              36.99222395023327
            ],
            [
              20.289269051321924,
              35.0326594090202
            ],
            [
              20.289269051321924,
              33.35303265940905
            ],
            [
              21.035769828926902,
              32.13996889580096
            ],
            [
              21.968895800933126,
              31.580093312597228
            ],
            [
              23.088646967340594,
              31.766718506998473
            ],
            [
              25.32814930015553,
              32.97978227060656
            ],
            [
              27.75427682737171,
              34.75272161741839
            ],
            [
              29.99377916018659,
              36.7122861586314
            ],
            [
              30.646967340590948,
              37.645412130637624
            ],
            [
              30.180404354587836,
              38.01866251944011
            ],
            [
              28.407465007776068,
              38.111975116640735
            ],
            [
              24.48833592534993,
              37.552099533437
            ],
            [
              19.636080870917567,
              36.24572317262829
            ],
            [
              16.836702954898897,
              34.472783825816464
            ],
            [
              16.55676516329703,
              31.953343701399717
            ],
            [
              19.3561430793157,
              29.900466562986026
            ],
            [
              24.395023328149307,
              28.594090202177313
            ],
            [
              30.74027993779157,
              28.1275272161742
            ],
            [
              36.43234836702953,
              28.50077760497669
            ],
            [
              40.818040435458784,
              29.62052877138416
            ],
            [
              41.93779160186625,
              30.08709175738727
            ],
            [
              41.00466562986003,
              30.46034214618976
            ],
            [
              36.61897356143078,
              31.113530326594116
            ],
            [
              29.807153965785346,
              31.486780715396606
            ],
            [
              24.301710730948685,
              31.393468118195983
            ],
            [
              23.36858475894246,
              31.020217729393494
            ],
            [
              24.301710730948685,
              30.367029548989137
            ],
            [
              27.9409020217729,
              29.71384136858478
            ],
            [
              34.099533437013974,
              29.153965785381047
            ],
            [
              41.75116640746501,
              29.060653188180424
            ],
            [
              47.256609642301726,
              29.060653188180424
            ],
            [
              48.28304821150857,
              29.153965785381047
            ],
            [
              46.69673405909799,
              29.153965785381047
            ],
            [
              40.818040435458784,
              29.153965785381047
            ],
            [
              31.11353032659406,
              29.527216174183536
            ],
            [
              22.715396578538105,
              29.900466562986026
            ],
            [
              19.916018662519434,
              29.807153965785403
            ],
            [
              21.31570762052877,
              29.62052877138416
            ],
            [
              23.835147744945573,
              29.433903576982914
            ],
            [
              31.58009331259717,
              29.153965785381047
            ],
            [
              45.670295489891146,
              29.060653188180424
            ],
            [
              48.749611197511626,
              28.87402799377918
            ],
            [
              49.96267496111972,
              28.50077760497669
            ],
            [
              46.043545878693635,
              28.50077760497669
            ],
            [
              42.77760497667185,
              28.50077760497669
            ],
            [
              28.31415241057539,
              28.687402799377935
            ],
            [
              24.208398133748062,
              28.780715396578557
            ],
            [
              21.129082426127525,
              28.687402799377935
            ],
            [
              21.78227060653188,
              28.314152410575446
            ],
            [
              25.608087091757398,
              28.03421461897358
            ],
            [
              31.860031104199038,
              27.940902021772956
            ],
            [
              39.04510108864696,
              27.847589424572334
            ],
            [
              43.89735614307932,
              27.847589424572334
            ],
            [
              44.92379471228617,
              27.847589424572334
            ],
            [
              43.05754276827372,
              27.66096423017109
            ],
            [
              38.01866251944011,
              27.474339035769844
            ],
            [
              29.340590979782235,
              27.381026438569222
            ],
            [
              24.674961119751174,
              26.91446345256611
            ],
            [
              24.395023328149307,
              26.54121306376362
            ],
            [
              25.608087091757398,
              25.981337480559887
            ],
            [
              28.594090202177313,
              25.70139968895802
            ],
            [
              32.79315707620526,
              25.608087091757398
            ],
            [
              36.80559875583202,
              25.888024883359265
            ],
            [
              38.3919129082426,
              26.07465007776051
            ],
            [
              40.16485225505443,
              26.261275272161754
            ],
            [
              39.13841368584758,
              26.16796267496113
            ],
            [
              34.1928460342146,
              25.981337480559887
            ],
            [
              25.981337480559887,
              26.07465007776051
            ],
            [
              19.449455676516322,
              26.07465007776051
            ],
            [
              17.39657853810263,
              25.70139968895802
            ],
            [
              17.676516329704498,
              25.421461897356153
            ],
            [
              19.822706065318812,
              24.95489891135304
            ],
            [
              25.048211508553663,
              24.674961119751174
            ],
            [
              27.9409020217729,
              24.674961119751174
            ],
            [
              34.37947122861584,
              24.674961119751174
            ],
            [
              41.56454121306376,
              24.86158631415242
            ],
            [
              42.31104199066874,
              24.86158631415242
            ],
            [
              41.56454121306376,
              24.86158631415242
            ],
            [
              39.79160186625194,
              24.674961119751174
            ],
            [
              33.53965785381024,
              24.208398133748062
            ],
            [
              21.875583203732504,
              23.648522550544328
            ],
            [
              20.10264385692068,
              23.27527216174184
            ],
            [
              19.636080870917567,
              22.715396578538105
            ],
            [
              20.382581648522546,
              22.06220839813375
            ],
            [
              21.68895800933126,
              21.595645412130636
            ],
            [
              25.234836702954908,
              21.502332814930014
            ],
            [
              29.6205287713841,
              22.06220839813375
            ],
            [
              34.472783825816464,
              22.90202177293935
            ],
            [
              38.858475894245714,
              23.835147744945573
            ],
            [
              40.25816485225505,
              24.208398133748062
            ],
            [
              39.13841368584758,
              24.208398133748062
            ],
            [
              34.28615863141522,
              23.928460342146195
            ],
            [
              26.261275272161754,
              23.835147744945573
            ],
            [
              19.822706065318812,
              23.461897356143083
            ],
            [
              18.049766718506987,
              22.90202177293935
            ],
            [
              18.5163297045101,
              22.342146189735615
            ],
            [
              20.94245723172628,
              21.409020217729392
            ],
            [
              25.421461897356153,
              20.94245723172628
            ],
            [
              31.020217729393437,
              20.849144634525658
            ],
            [
              35.685847589424554,
              21.129082426127525
            ],
            [
              37.17884914463451,
              21.409020217729392
            ],
            [
              34.472783825816464,
              21.409020217729392
            ],
            [
              28.500777604976633,
              21.502332814930014
            ],
            [
              21.035769828926902,
              21.78227060653188
            ],
            [
              17.02332814930014,
              21.595645412130636
            ],
            [
              17.583203732503875,
              21.035769828926902
            ],
            [
              19.076205287713833,
              20.662519440124413
            ],
            [
              21.68895800933126,
              20.662519440124413
            ],
            [
              25.048211508553663,
              20.94245723172628
            ],
            [
              27.474339035769844,
              21.31570762052877
            ],
            [
              28.500777604976633,
              21.502332814930014
            ],
            [
              28.127527216174144,
              21.502332814930014
            ],
            [
              26.634525660964243,
              21.502332814930014
            ],
            [
              22.435458786936238,
              21.502332814930014
            ],
            [
              15.716951788491428,
              21.409020217729392
            ],
            [
              11.144634525660933,
              20.662519440124413
            ],
            [
              10.304821150855332,
              20.1959564541213
            ],
            [
              10.491446345256577,
              19.636080870917567
            ],
            [
              11.144634525660933,
              19.3561430793157
            ],
            [
              12.264385692068402,
              19.542768273716945
            ],
            [
              14.037325038880226,
              20.289269051321924
            ],
            [
              15.996889580093296,
              21.595645412130636
            ],
            [
              18.049766718506987,
              22.90202177293935
            ],
            [
              19.169517884914455,
              23.648522550544328
            ],
            [
              18.88958009331259,
              24.11508553654744
            ],
            [
              17.76982892690512,
              24.301710730948685
            ],
            [
              16.18351477449454,
              24.301710730948685
            ],
            [
              13.01088646967338,
              24.11508553654744
            ],
            [
              9.83825816485222,
              23.36858475894246
            ],
            [
              8.34525660964232,
              22.435458786936238
            ],
            [
              8.34525660964232,
              21.035769828926902
            ],
            [
              9.744945567651598,
              19.542768273716945
            ],
            [
              11.4245723172628,
              18.236391912908232
            ],
            [
              13.290824261275247,
              17.489891135303253
            ],
            [
              16.18351477449454,
              17.209953343701386
            ],
            [
              18.5163297045101,
              17.489891135303253
            ],
            [
              20.94245723172628,
              18.329704510108854
            ],
            [
              23.181959564541216,
              19.3561430793157
            ],
            [
              25.048211508553663,
              20.47589424572317
            ],
            [
              26.07465007776051,
              21.222395023328147
            ],
            [
              26.54121306376362,
              21.68895800933126
            ],
            [
              26.821150855365488,
              21.78227060653188
            ],
            [
              27.381026438569222,
              21.68895800933126
            ],
            [
              27.9409020217729,
              21.502332814930014
            ],
            [
              28.407465007776068,
              21.222395023328147
            ],
            [
              29.060653188180368,
              20.849144634525658
            ],
            [
              29.433903576982857,
              20.662519440124413
            ],
            [
              29.90046656298597,
              20.382581648522546
            ],
            [
              30.180404354587836,
              20.10264385692068
            ],
            [
              30.553654743390325,
              20.10264385692068
            ],
            [
              30.833592534992192,
              20.009331259720057
            ],
            [
              31.11353032659406,
              19.916018662519434
            ],
            [
              31.393468118195926,
              19.822706065318812
            ],
            [
              31.673405909797793,
              19.72939346811819
            ],
            [
              31.95334370139966,
              19.916018662519434
            ]
          ],
          [
            [
              19.076205287713833,
              22.715396578538105
            ],
            [
              18.98289269051321,
              23.74183514774495
            ],
            [
              18.98289269051321,
              24.208398133748062
            ],
            [
              19.636080870917567,
              25.888024883359265
            ],
            [
              21.968895800933126,
              29.24727838258167
            ],
            [
              24.48833592534993,
              32.233281493001584
            ],
            [
              26.727838258164866,
              35.77916018662518
            ],
            [
              27.007776049766733,
              36.61897356143078
            ],
            [
              27.007776049766733,
              36.99222395023327
            ],
            [
              26.16796267496113,
              36.525660964230156
            ],
            [
              23.36858475894246,
              33.25972006220843
            ],
            [
              20.009331259720057,
              29.060653188180424
            ],
            [
              18.796267496111966,
              25.608087091757398
            ],
            [
              19.169517884914455,
              23.181959564541216
            ],
            [
              20.10264385692068,
              21.68895800933126
            ],
            [
              20.662519440124413,
              21.502332814930014
            ],
            [
              21.595645412130636,
              21.968895800933126
            ],
            [
              23.36858475894246,
              23.74183514774495
            ],
            [
              25.421461897356153,
              27.007776049766733
            ],
            [
              26.634525660964243,
              30.740279937791627
            ],
            [
              27.101088646967355,
              33.72628304821154
            ],
            [
              27.007776049766733,
              35.21928460342144
            ],
            [
              26.07465007776051,
              34.192846034214654
            ],
            [
              23.461897356143083,
              31.30015552099536
            ],
            [
              20.94245723172628,
              27.847589424572334
            ],
            [
              20.662519440124413,
              25.514774494556775
            ],
            [
              20.94245723172628,
              24.58164852255055
            ],
            [
              22.622083981337482,
              23.461897356143083
            ],
            [
              24.48833592534993,
              23.835147744945573
            ],
            [
              26.354587869362376,
              24.48833592534993
            ],
            [
              34.939346811819576,
              27.567651632970467
            ],
            [
              37.45878693623638,
              28.780715396578557
            ],
            [
              40.35147744945567,
              31.486780715396606
            ],
            [
              39.51166407465007,
              33.16640746500781
            ],
            [
              39.04510108864696,
              33.25972006220843
            ],
            [
              35.77916018662518,
              32.51321928460345
            ],
            [
              29.433903576982857,
              30.180404354587893
            ],
            [
              23.36858475894246,
              27.381026438569222
            ],
            [
              19.916018662519434,
              23.648522550544328
            ],
            [
              19.916018662519434,
              23.181959564541216
            ],
            [
              20.755832037325035,
              21.968895800933126
            ],
            [
              21.875583203732504,
              21.409020217729392
            ],
            [
              23.928460342146195,
              21.409020217729392
            ],
            [
              26.447900466563,
              22.06220839813375
            ],
            [
              29.15396578538099,
              22.99533437013997
            ],
            [
              31.20684292379468,
              24.208398133748062
            ],
            [
              31.58009331259717,
              24.86158631415242
            ],
            [
              30.926905132192815,
              25.048211508553663
            ],
            [
              30.273716951788458,
              24.95489891135304
            ],
            [
              28.874027993779123,
              24.11508553654744
            ],
            [
              26.354587869362376,
              22.622083981337482
            ],
            [
              24.395023328149307,
              21.409020217729392
            ],
            [
              23.461897356143083,
              20.289269051321924
            ],
            [
              23.835147744945573,
              19.822706065318812
            ],
            [
              24.768273716951796,
              19.542768273716945
            ],
            [
              26.91446345256611,
              20.009331259720057
            ],
            [
              30.553654743390325,
              21.222395023328147
            ],
            [
              34.37947122861584,
              22.808709175738727
            ],
            [
              37.552099533437,
              25.048211508553663
            ],
            [
              39.04510108864696,
              26.727838258164866
            ],
            [
              38.95178849144634,
              27.381026438569222
            ],
            [
              38.01866251944011,
              27.66096423017109
            ],
            [
              36.61897356143078,
              27.66096423017109
            ],
            [
              32.60653188180402,
              26.91446345256611
            ],
            [
              27.194401244167977,
              25.608087091757398
            ],
            [
              22.90202177293935,
              24.11508553654744
            ],
            [
              20.755832037325035,
              22.52877138413686
            ],
            [
              20.382581648522546,
              21.502332814930014
            ],
            [
              20.382581648522546,
              21.035769828926902
            ],
            [
              20.849144634525658,
              20.755832037325035
            ],
            [
              22.99533437013997,
              20.94245723172628
            ],
            [
              27.474339035769844,
              21.595645412130636
            ],
            [
              32.79315707620526,
              22.808709175738727
            ],
            [
              36.525660964230156,
              24.11508553654744
            ],
            [
              38.01866251944011,
              25.048211508553663
            ],
            [
              37.08553654743389,
              25.141524105754286
            ],
            [
              35.12597200622082,
              24.95489891135304
            ],
            [
              31.48678071539655,
              24.208398133748062
            ],
            [
              27.66096423017109,
              23.088646967340594
            ],
            [
              25.888024883359265,
              21.968895800933126
            ],
            [
              24.86158631415242,
              20.94245723172628
            ],
            [
              24.768273716951796,
              20.47589424572317
            ],
            [
              27.007776049766733,
              21.409020217729392
            ],
            [
              30.74027993779157,
              22.622083981337482
            ],
            [
              34.472783825816464,
              24.021772939346818
            ],
            [
              37.45878693623638,
              25.234836702954908
            ],
            [
              38.29860031104198,
              25.608087091757398
            ],
            [
              36.33903576982891,
              25.234836702954908
            ],
            [
              33.25972006220837,
              24.395023328149307
            ],
            [
              29.247278382581612,
              22.99533437013997
            ],
            [
              27.194401244167977,
              21.68895800933126
            ],
            [
              26.07465007776051,
              20.755832037325035
            ],
            [
              25.981337480559887,
              20.47589424572317
            ],
            [
              26.447900466563,
              21.035769828926902
            ],
            [
              27.101088646967355,
              21.409020217729392
            ],
            [
              29.99377916018659,
              22.808709175738727
            ],
            [
              36.61897356143078,
              25.32814930015553
            ],
            [
              38.29860031104198,
              25.888024883359265
            ],
            [
              39.97822706065318,
              26.727838258164866
            ],
            [
              39.13841368584758,
              26.727838258164866
            ],
            [
              36.7122861586314,
              26.354587869362376
            ],
            [
              32.41990668740277,
              25.421461897356153
            ],
            [
              28.500777604976633,
              24.395023328149307
            ],
            [
              26.727838258164866,
              23.555209953343706
            ],
            [
              25.981337480559887,
              22.90202177293935
            ],
            [
              25.70139968895802,
              22.715396578538105
            ],
            [
              27.847589424572334,
              23.648522550544328
            ],
            [
              32.04665629860028,
              24.395023328149307
            ],
            [
              36.24572317262829,
              25.234836702954908
            ],
            [
              39.231726283048204,
              25.794712286158642
            ],
            [
              39.97822706065318,
              25.981337480559887
            ],
            [
              39.231726283048204,
              25.888024883359265
            ],
            [
              36.525660964230156,
              25.234836702954908
            ],
            [
              32.79315707620526,
              24.208398133748062
            ],
            [
              29.90046656298597,
              22.99533437013997
            ],
            [
              27.9409020217729,
              21.968895800933126
            ],
            [
              26.447900466563,
              21.129082426127525
            ],
            [
              25.981337480559887,
              20.849144634525658
            ],
            [
              27.75427682737171,
              21.78227060653188
            ],
            [
              30.833592534992192,
              22.90202177293935
            ],
            [
              35.21928460342144,
              24.208398133748062
            ],
            [
              39.60497667185069,
              25.70139968895802
            ],
            [
              42.031104199066874,
              26.634525660964243
            ],
            [
              42.40435458786936,
              26.821150855365488
            ],
            [
              41.37791601866252,
              26.821150855365488
            ],
            [
              38.95178849144634,
              26.54121306376362
            ],
            [
              34.099533437013974,
              25.981337480559887
            ],
            [
              28.594090202177313,
              24.86158631415242
            ],
            [
              24.58164852255055,
              23.555209953343706
            ],
            [
              22.248833592534993,
              22.622083981337482
            ],
            [
              23.555209953343706,
              23.36858475894246
            ],
            [
              27.007776049766733,
              24.86158631415242
            ],
            [
              32.79315707620526,
              26.727838258164866
            ],
            [
              38.95178849144634,
              28.220839813374823
            ],
            [
              43.89735614307932,
              29.433903576982914
            ],
            [
              45.4836702954899,
              29.807153965785403
            ],
            [
              44.73716951788492,
              29.62052877138416
            ],
            [
              43.710730948678076,
              29.24727838258167
            ],
            [
              37.08553654743389,
              27.194401244167977
            ],
            [
              31.11353032659406,
              25.421461897356153
            ],
            [
              28.407465007776068,
              24.58164852255055
            ],
            [
              22.99533437013997,
              22.715396578538105
            ],
            [
              22.342146189735615,
              22.435458786936238
            ],
            [
              22.06220839813375,
              22.342146189735615
            ],
            [
              22.622083981337482,
              22.622083981337482
            ],
            [
              25.048211508553663,
              23.648522550544328
            ],
            [
              29.15396578538099,
              24.86158631415242
            ],
            [
              34.28615863141522,
              25.981337480559887
            ],
            [
              38.858475894245714,
              26.821150855365488
            ],
            [
              40.818040435458784,
              27.007776049766733
            ],
            [
              38.20528771384136,
              26.07465007776051
            ],
            [
              34.37947122861584,
              24.674961119751174
            ],
            [
              30.74027993779157,
              23.181959564541216
            ],
            [
              28.03421461897358,
              21.78227060653188
            ],
            [
              25.421461897356153,
              20.47589424572317
            ],
            [
              23.928460342146195,
              19.636080870917567
            ],
            [
              24.95489891135304,
              20.10264385692068
            ],
            [
              28.220839813374823,
              21.409020217729392
            ],
            [
              32.139968895800905,
              22.90202177293935
            ],
            [
              35.21928460342144,
              24.021772939346818
            ],
            [
              36.61897356143078,
              24.58164852255055
            ],
            [
              35.40590979782269,
              24.58164852255055
            ],
            [
              31.393468118195926,
              24.021772939346818
            ],
            [
              24.86158631415242,
              22.90202177293935
            ],
            [
              18.88958009331259,
              21.78227060653188
            ],
            [
              15.250388802488317,
              20.56920684292379
            ],
            [
              14.410575427682716,
              20.10264385692068
            ],
            [
              15.530326594090184,
              20.56920684292379
            ],
            [
              18.796267496111966,
              21.875583203732504
            ],
            [
              23.181959564541216,
              23.181959564541216
            ],
            [
              32.886469673405884,
              25.421461897356153
            ],
            [
              35.685847589424554,
              25.981337480559887
            ],
            [
              40.72472783825816,
              27.194401244167977
            ],
            [
              41.93779160186625,
              27.567651632970467
            ],
            [
              41.56454121306376,
              27.474339035769844
            ],
            [
              39.698289269051315,
              26.91446345256611
            ],
            [
              34.939346811819576,
              25.794712286158642
            ],
            [
              28.500777604976633,
              24.58164852255055
            ],
            [
              22.06220839813375,
              23.181959564541216
            ],
            [
              17.676516329704498,
              21.875583203732504
            ],
            [
              16.370139968895785,
              21.409020217729392
            ],
            [
              18.796267496111966,
              22.248833592534993
            ],
            [
              23.835147744945573,
              23.461897356143083
            ],
            [
              30.460342146189703,
              24.58164852255055
            ],
            [
              36.43234836702953,
              25.514774494556775
            ],
            [
              40.25816485225505,
              26.354587869362376
            ],
            [
              40.53810264385692,
              26.447900466563
            ],
            [
              40.071539657853805,
              26.447900466563
            ],
            [
              37.738724727838246,
              25.794712286158642
            ],
            [
              33.44634525660962,
              24.58164852255055
            ],
            [
              29.15396578538099,
              23.088646967340594
            ],
            [
              25.794712286158642,
              21.595645412130636
            ],
            [
              24.301710730948685,
              20.662519440124413
            ],
            [
              23.74183514774495,
              20.289269051321924
            ],
            [
              24.768273716951796,
              20.755832037325035
            ],
            [
              27.66096423017109,
              21.78227060653188
            ],
            [
              32.32659409020215,
              23.088646967340594
            ],
            [
              36.43234836702953,
              24.208398133748062
            ],
            [
              39.231726283048204,
              24.95489891135304
            ],
            [
              37.552099533437,
              24.674961119751174
            ],
            [
              33.53965785381024,
              23.74183514774495
            ],
            [
              27.474339035769844,
              22.52877138413686
            ],
            [
              20.662519440124413,
              21.129082426127525
            ],
            [
              14.783825816485205,
              19.636080870917567
            ],
            [
              13.104199066874003,
              18.88958009331259
            ],
            [
              13.570762052877114,
              18.796267496111966
            ],
            [
              15.157076205287694,
              18.88958009331259
            ],
            [
              17.39657853810263,
              19.449455676516322
            ],
            [
              21.222395023328147,
              20.56920684292379
            ],
            [
              25.32814930015553,
              21.68895800933126
            ],
            [
              30.087091757387213,
              23.181959564541216
            ],
            [
              33.81959564541211,
              24.021772939346818
            ],
            [
              35.77916018662518,
              24.301710730948685
            ],
            [
              34.472783825816464,
              23.555209953343706
            ],
            [
              32.04665629860028,
              22.52877138413686
            ],
            [
              29.15396578538099,
              21.31570762052877
            ],
            [
              27.474339035769844,
              20.47589424572317
            ],
            [
              26.16796267496113,
              19.72939346811819
            ],
            [
              26.447900466563,
              19.822706065318812
            ],
            [
              27.75427682737171,
              21.129082426127525
            ],
            [
              29.99377916018659,
              22.622083981337482
            ],
            [
              34.099533437013974,
              24.48833592534993
            ],
            [
              37.45878693623638,
              25.888024883359265
            ],
            [
              39.04510108864696,
              26.727838258164866
            ],
            [
              38.485225505443225,
              26.821150855365488
            ],
            [
              36.61897356143078,
              26.261275272161754
            ],
            [
              32.32659409020215,
              25.141524105754286
            ],
            [
              26.821150855365488,
              23.648522550544328
            ],
            [
              22.808709175738727,
              22.15552099533437
            ],
            [
              20.1959564541213,
              20.56920684292379
            ],
            [
              19.542768273716945,
              19.72939346811819
            ],
            [
              19.449455676516322,
              19.449455676516322
            ],
            [
              19.72939346811819,
              19.262830482115078
            ],
            [
              20.289269051321924,
              19.262830482115078
            ],
            [
              22.342146189735615,
              19.916018662519434
            ],
            [
              26.07465007776051,
              21.409020217729392
            ],
            [
              31.020217729393437,
              23.088646967340594
            ],
            [
              35.96578538102642,
              24.95489891135304
            ],
            [
              38.858475894245714,
              26.07465007776051
            ],
            [
              38.3919129082426,
              26.07465007776051
            ],
            [
              37.36547433903576,
              25.70139968895802
            ],
            [
              31.58009331259717,
              23.928460342146195
            ],
            [
              27.194401244167977,
              22.435458786936238
            ],
            [
              23.648522550544328,
              20.849144634525658
            ],
            [
              21.968895800933126,
              19.822706065318812
            ],
            [
              21.78227060653188,
              19.542768273716945
            ],
            [
              21.502332814930014,
              19.3561430793157
            ],
            [
              22.622083981337482,
              20.382581648522546
            ],
            [
              25.794712286158642,
              21.968895800933126
            ],
            [
              30.36702954898908,
              23.27527216174184
            ],
            [
              34.00622083981335,
              24.301710730948685
            ],
            [
              35.685847589424554,
              24.768273716951796
            ],
            [
              33.726283048211485,
              24.58164852255055
            ],
            [
              30.833592534992192,
              24.11508553654744
            ],
            [
              27.2877138413686,
              23.181959564541216
            ],
            [
              25.70139968895802,
              22.622083981337482
            ],
            [
              25.421461897356153,
              22.342146189735615
            ],
            [
              25.608087091757398,
              22.808709175738727
            ],
            [
              27.66096423017109,
              24.11508553654744
            ],
            [
              31.48678071539655,
              25.794712286158642
            ],
            [
              36.33903576982891,
              27.847589424572334
            ],
            [
              40.53810264385692,
              29.807153965785403
            ],
            [
              42.870917573872475,
              30.92690513219287
            ],
            [
              41.37791601866252,
              30.553654743390382
            ],
            [
              36.152410575427666,
              29.060653188180424
            ],
            [
              29.52721617418348,
              27.474339035769844
            ],
            [
              24.395023328149307,
              25.608087091757398
            ],
            [
              22.52877138413686,
              24.301710730948685
            ],
            [
              22.435458786936238,
              23.835147744945573
            ],
            [
              22.622083981337482,
              23.555209953343706
            ],
            [
              23.36858475894246,
              23.928460342146195
            ],
            [
              26.07465007776051,
              25.70139968895802
            ],
            [
              30.087091757387213,
              27.847589424572334
            ],
            [
              33.63297045101086,
              29.527216174183536
            ],
            [
              36.33903576982891,
              30.83359253499225
            ],
            [
              37.36547433903576,
              31.30015552099536
            ],
            [
              36.43234836702953,
              31.113530326594116
            ],
            [
              32.69984447900464,
              29.993779160186648
            ],
            [
              27.2877138413686,
              28.594090202177313
            ],
            [
              22.90202177293935,
              27.2877138413686
            ],
            [
              21.222395023328147,
              26.54121306376362
            ],
            [
              21.595645412130636,
              26.16796267496113
            ],
            [
              21.222395023328147,
              26.447900466563
            ],
            [
              20.662519440124413,
              27.194401244167977
            ],
            [
              20.10264385692068,
              28.03421461897358
            ],
            [
              20.10264385692068,
              28.780715396578557
            ],
            [
              21.222395023328147,
              30.08709175738727
            ],
            [
              23.835147744945573,
              31.30015552099536
            ],
            [
              26.447900466563,
              31.953343701399717
            ],
            [
              28.31415241057539,
              32.04665629860034
            ],
            [
              29.52721617418348,
              32.13996889580096
            ],
            [
              29.247278382581612,
              32.04665629860034
            ],
            [
              27.2877138413686,
              31.020217729393494
            ],
            [
              24.768273716951796,
              29.807153965785403
            ],
            [
              22.99533437013997,
              28.780715396578557
            ],
            [
              22.52877138413686,
              28.314152410575446
            ],
            [
              22.342146189735615,
              27.75427682737171
            ],
            [
              22.342146189735615,
              27.194401244167977
            ],
            [
              22.622083981337482,
              26.727838258164866
            ],
            [
              23.555209953343706,
              26.261275272161754
            ],
            [
              26.16796267496113,
              26.261275272161754
            ],
            [
              30.36702954898908,
              26.821150855365488
            ],
            [
              35.96578538102642,
              27.940902021772956
            ],
            [
              39.79160186625194,
              28.780715396578557
            ],
            [
              40.444790046656294,
              28.967340590979802
            ],
            [
              39.13841368584758,
              28.87402799377918
            ],
            [
              35.685847589424554,
              28.220839813374823
            ],
            [
              30.460342146189703,
              27.007776049766733
            ],
            [
              25.421461897356153,
              25.608087091757398
            ],
            [
              22.622083981337482,
              24.48833592534993
            ],
            [
              20.755832037325035,
              23.648522550544328
            ],
            [
              20.009331259720057,
              23.181959564541216
            ],
            [
              20.56920684292379,
              23.27527216174184
            ],
            [
              23.835147744945573,
              24.395023328149307
            ],
            [
              29.90046656298597,
              25.888024883359265
            ],
            [
              36.43234836702953,
              27.101088646967355
            ],
            [
              41.93779160186625,
              27.940902021772956
            ],
            [
              43.52410575427683,
              28.03421461897358
            ],
            [
              42.77760497667185,
              27.847589424572334
            ],
            [
              39.79160186625194,
              26.821150855365488
            ],
            [
              34.566096423017086,
              25.32814930015553
            ],
            [
              28.31415241057539,
              23.555209953343706
            ],
            [
              23.648522550544328,
              22.15552099533437
            ],
            [
              21.129082426127525,
              21.31570762052877
            ],
            [
              20.289269051321924,
              21.035769828926902
            ],
            [
              21.68895800933126,
              21.968895800933126
            ],
            [
              25.981337480559887,
              23.555209953343706
            ],
            [
              33.353032659408996,
              25.32814930015553
            ],
            [
              41.19129082426127,
              27.007776049766733
            ],
            [
              45.76360808709177,
              28.03421461897358
            ],
            [
              46.416796267496125,
              28.1275272161742
            ],
            [
              45.95023328149301,
              28.1275272161742
            ],
            [
              43.43079315707621,
              27.381026438569222
            ],
            [
              39.04510108864696,
              26.354587869362376
            ],
            [
              33.726283048211485,
              25.141524105754286
            ],
            [
              29.52721617418348,
              24.021772939346818
            ],
            [
              26.91446345256611,
              22.99533437013997
            ],
            [
              26.447900466563,
              22.622083981337482
            ],
            [
              27.194401244167977,
              23.36858475894246
            ],
            [
              29.6205287713841,
              25.141524105754286
            ],
            [
              32.32659409020215,
              26.447900466563
            ],
            [
              35.96578538102642,
              27.940902021772956
            ],
            [
              39.231726283048204,
              28.87402799377918
            ],
            [
              39.79160186625194,
              29.060653188180424
            ],
            [
              37.645412130637624,
              28.50077760497669
            ],
            [
              34.939346811819576,
              28.03421461897358
            ],
            [
              27.101088646967355,
              25.981337480559887
            ],
            [
              25.514774494556775,
              25.234836702954908
            ],
            [
              24.021772939346818,
              24.48833592534993
            ],
            [
              23.555209953343706,
              24.021772939346818
            ],
            [
              24.48833592534993,
              24.86158631415242
            ],
            [
              27.194401244167977,
              26.447900466563
            ],
            [
              31.300155520995304,
              28.03421461897358
            ],
            [
              35.59253499222393,
              29.153965785381047
            ],
            [
              37.645412130637624,
              29.62052877138416
            ],
            [
              35.59253499222393,
              28.687402799377935
            ],
            [
              30.74027993779157,
              26.821150855365488
            ],
            [
              24.674961119751174,
              24.674961119751174
            ],
            [
              20.10264385692068,
              22.715396578538105
            ],
            [
              18.88958009331259,
              21.68895800933126
            ],
            [
              19.169517884914455,
              21.409020217729392
            ],
            [
              19.916018662519434,
              21.129082426127525
            ],
            [
              21.502332814930014,
              21.129082426127525
            ],
            [
              23.74183514774495,
              22.06220839813375
            ],
            [
              26.634525660964243,
              23.461897356143083
            ],
            [
              29.807153965785346,
              24.95489891135304
            ],
            [
              32.513219284603394,
              26.16796267496113
            ],
            [
              33.53965785381024,
              26.634525660964243
            ],
            [
              32.60653188180402,
              26.447900466563
            ],
            [
              30.36702954898908,
              25.70139968895802
            ],
            [
              27.381026438569222,
              24.58164852255055
            ],
            [
              24.11508553654744,
              23.74183514774495
            ],
            [
              21.409020217729392,
              23.088646967340594
            ],
            [
              20.47589424572317,
              22.808709175738727
            ],
            [
              22.248833592534993,
              23.74183514774495
            ],
            [
              26.261275272161754,
              25.421461897356153
            ],
            [
              31.673405909797793,
              27.194401244167977
            ],
            [
              35.312597200622065,
              28.50077760497669
            ],
            [
              36.80559875583202,
              29.153965785381047
            ],
            [
              36.24572317262829,
              29.153965785381047
            ],
            [
              32.513219284603394,
              28.50077760497669
            ],
            [
              25.141524105754286,
              27.474339035769844
            ],
            [
              17.956454121306365,
              26.354587869362376
            ],
            [
              14.130637636080849,
              25.32814930015553
            ],
            [
              13.75738724727836,
              25.048211508553663
            ],
            [
              14.503888024883338,
              24.86158631415242
            ],
            [
              15.623639191290806,
              25.141524105754286
            ],
            [
              19.542768273716945,
              27.474339035769844
            ],
            [
              21.502332814930014,
              28.594090202177313
            ],
            [
              26.261275272161754,
              30.740279937791627
            ],
            [
              30.646967340590948,
              32.41990668740283
            ],
            [
              32.886469673405884,
              33.16640746500781
            ],
            [
              33.25972006220837,
              33.25972006220843
            ],
            [
              32.32659409020215,
              32.79315707620532
            ],
            [
              29.340590979782235,
              31.486780715396606
            ],
            [
              24.208398133748062,
              29.993779160186648
            ],
            [
              18.60964230171072,
              28.1275272161742
            ],
            [
              15.903576982892673,
              26.447900466563
            ],
            [
              15.437013996889561,
              25.32814930015553
            ],
            [
              15.623639191290806,
              24.674961119751174
            ],
            [
              15.903576982892673,
              24.301710730948685
            ],
            [
              16.276827371695163,
              24.395023328149307
            ],
            [
              19.076205287713833,
              25.70139968895802
            ],
            [
              24.208398133748062,
              27.101088646967355
            ],
            [
              29.15396578538099,
              28.220839813374823
            ],
            [
              32.60653188180402,
              28.967340590979802
            ],
            [
              31.673405909797793,
              28.967340590979802
            ],
            [
              27.2877138413686,
              28.1275272161742
            ],
            [
              22.808709175738727,
              27.007776049766733
            ],
            [
              19.72939346811819,
              25.70139968895802
            ],
            [
              17.583203732503875,
              24.48833592534993
            ],
            [
              16.370139968895785,
              23.461897356143083
            ],
            [
              16.090202177293918,
              23.181959564541216
            ],
            [
              16.463452566096407,
              23.461897356143083
            ],
            [
              18.236391912908232,
              24.58164852255055
            ],
            [
              20.94245723172628,
              25.981337480559887
            ],
            [
              23.835147744945573,
              27.194401244167977
            ],
            [
              26.354587869362376,
              27.75427682737171
            ],
            [
              27.75427682737171,
              27.847589424572334
            ],
            [
              27.007776049766733,
              27.194401244167977
            ],
            [
              24.58164852255055,
              26.16796267496113
            ],
            [
              20.382581648522546,
              24.674961119751174
            ],
            [
              18.88958009331259,
              23.74183514774495
            ],
            [
              18.796267496111966,
              23.27527216174184
            ],
            [
              18.98289269051321,
              22.99533437013997
            ],
            [
              19.542768273716945,
              22.99533437013997
            ],
            [
              22.622083981337482,
              24.11508553654744
            ],
            [
              26.821150855365488,
              25.141524105754286
            ],
            [
              31.20684292379468,
              26.07465007776051
            ],
            [
              34.75272161741833,
              26.727838258164866
            ],
            [
              37.552099533437,
              27.007776049766733
            ],
            [
              37.92534992223949,
              27.007776049766733
            ],
            [
              37.552099533437,
              26.91446345256611
            ],
            [
              33.16640746500775,
              25.514774494556775
            ],
            [
              30.553654743390325,
              24.95489891135304
            ],
            [
              25.888024883359265,
              23.74183514774495
            ],
            [
              21.502332814930014,
              22.06220839813375
            ],
            [
              20.849144634525658,
              21.68895800933126
            ],
            [
              20.47589424572317,
              21.502332814930014
            ],
            [
              22.622083981337482,
              23.461897356143083
            ],
            [
              27.194401244167977,
              25.141524105754286
            ],
            [
              34.1928460342146,
              26.821150855365488
            ],
            [
              40.63141524105754,
              28.1275272161742
            ],
            [
              44.083981337480566,
              29.24727838258167
            ],
            [
              43.710730948678076,
              29.24727838258167
            ],
            [
              41.37791601866252,
              28.780715396578557
            ],
            [
              37.08553654743389,
              27.66096423017109
            ],
            [
              30.926905132192815,
              26.54121306376362
            ],
            [
              24.11508553654744,
              25.421461897356153
            ],
            [
              18.88958009331259,
              23.928460342146195
            ],
            [
              16.743390357698274,
              22.90202177293935
            ],
            [
              17.863141524105743,
              24.208398133748062
            ],
            [
              21.035769828926902,
              26.354587869362376
            ],
            [
              27.007776049766733,
              28.50077760497669
            ],
            [
              34.472783825816464,
              30.273716951788515
            ],
            [
              40.63141524105754,
              31.30015552099536
            ],
            [
              43.244167962674965,
              31.766718506998473
            ],
            [
              39.325038880248826,
              29.62052877138416
            ],
            [
              36.898911353032645,
              28.687402799377935
            ],
            [
              31.11353032659406,
              26.727838258164866
            ],
            [
              25.608087091757398,
              24.768273716951796
            ],
            [
              21.78227060653188,
              22.99533437013997
            ],
            [
              20.289269051321924,
              22.248833592534993
            ],
            [
              19.449455676516322,
              21.68895800933126
            ],
            [
              21.78227060653188,
              22.90202177293935
            ],
            [
              25.70139968895802,
              24.208398133748062
            ],
            [
              30.36702954898908,
              25.32814930015553
            ],
            [
              34.37947122861584,
              25.981337480559887
            ],
            [
              36.152410575427666,
              26.07465007776051
            ],
            [
              35.8724727838258,
              26.16796267496113
            ],
            [
              32.69984447900464,
              25.234836702954908
            ],
            [
              30.553654743390325,
              24.58164852255055
            ],
            [
              26.54121306376362,
              22.99533437013997
            ],
            [
              21.409020217729392,
              20.94245723172628
            ],
            [
              20.009331259720057,
              20.56920684292379
            ],
            [
              15.716951788491428,
              19.636080870917567
            ],
            [
              14.503888024883338,
              19.636080870917567
            ],
            [
              13.104199066874003,
              20.009331259720057
            ],
            [
              13.477449455676492,
              21.035769828926902
            ],
            [
              15.343701399688939,
              22.99533437013997
            ],
            [
              18.329704510108854,
              24.768273716951796
            ],
            [
              22.248833592534993,
              26.16796267496113
            ],
            [
              27.75427682737171,
              27.2877138413686
            ],
            [
              33.44634525660962,
              27.75427682737171
            ],
            [
              38.485225505443225,
              27.847589424572334
            ],
            [
              41.284603421461895,
              27.847589424572334
            ],
            [
              41.84447900466563,
              27.75427682737171
            ],
            [
              41.37791601866252,
              27.567651632970467
            ],
            [
              39.60497667185069,
              26.91446345256611
            ],
            [
              38.111975116640735,
              26.447900466563
            ],
            [
              34.00622083981335,
              25.421461897356153
            ],
            [
              29.713841368584724,
              24.48833592534993
            ],
            [
              25.888024883359265,
              23.555209953343706
            ],
            [
              21.78227060653188,
              22.715396578538105
            ],
            [
              17.956454121306365,
              22.435458786936238
            ],
            [
              14.317262830482093,
              22.435458786936238
            ],
            [
              12.544323483670269,
              22.435458786936238
            ],
            [
              12.824261275272136,
              22.715396578538105
            ],
            [
              14.223950233281471,
              24.021772939346818
            ],
            [
              17.39657853810263,
              25.608087091757398
            ],
            [
              21.68895800933126,
              27.101088646967355
            ],
            [
              26.07465007776051,
              28.220839813374823
            ],
            [
              31.020217729393437,
              29.060653188180424
            ],
            [
              35.40590979782269,
              29.433903576982914
            ],
            [
              37.17884914463451,
              29.433903576982914
            ],
            [
              35.312597200622065,
              28.687402799377935
            ],
            [
              31.20684292379468,
              27.567651632970467
            ],
            [
              29.6205287713841,
              27.194401244167977
            ],
            [
              26.07465007776051,
              26.261275272161754
            ],
            [
              23.928460342146195,
              25.70139968895802
            ],
            [
              22.715396578538105,
              25.421461897356153
            ],
            [
              22.435458786936238,
              25.32814930015553
            ],
            [
              22.99533437013997,
              26.727838258164866
            ],
            [
              24.58164852255055,
              28.220839813374823
            ],
            [
              28.687402799377878,
              29.900466562986026
            ],
            [
              32.513219284603394,
              30.92690513219287
            ],
            [
              34.28615863141522,
              31.20684292379474
            ],
            [
              33.16640746500775,
              30.83359253499225
            ],
            [
              30.833592534992192,
              29.900466562986026
            ],
            [
              26.91446345256611,
              28.594090202177313
            ],
            [
              24.48833592534993,
              27.194401244167977
            ],
            [
              23.555209953343706,
              26.447900466563
            ],
            [
              23.36858475894246,
              26.16796267496113
            ],
            [
              24.395023328149307,
              27.007776049766733
            ],
            [
              26.634525660964243,
              28.03421461897358
            ],
            [
              28.220839813374823,
              28.50077760497669
            ],
            [
              31.393468118195926,
              29.24727838258167
            ],
            [
              35.0326594090202,
              29.71384136858478
            ],
            [
              38.67185069984447,
              29.993779160186648
            ],
            [
              37.08553654743389,
              29.433903576982914
            ],
            [
              32.60653188180402,
              28.220839813374823
            ],
            [
              27.9409020217729,
              27.007776049766733
            ],
            [
              24.768273716951796,
              25.888024883359265
            ],
            [
              23.928460342146195,
              25.32814930015553
            ],
            [
              24.021772939346818,
              25.608087091757398
            ],
            [
              25.794712286158642,
              26.727838258164866
            ],
            [
              28.407465007776068,
              27.66096423017109
            ],
            [
              32.513219284603394,
              28.594090202177313
            ],
            [
              36.059097978227044,
              29.060653188180424
            ],
            [
              38.3919129082426,
              29.153965785381047
            ],
            [
              38.76516329704509,
              29.153965785381047
            ],
            [
              38.29860031104198,
              28.967340590979802
            ],
            [
              35.96578538102642,
              27.940902021772956
            ],
            [
              31.48678071539655,
              26.447900466563
            ],
            [
              26.16796267496113,
              24.86158631415242
            ],
            [
              22.15552099533437,
              23.648522550544328
            ],
            [
              20.382581648522546,
              22.99533437013997
            ],
            [
              20.56920684292379,
              23.36858475894246
            ],
            [
              22.435458786936238,
              24.768273716951796
            ],
            [
              25.32814930015553,
              26.07465007776051
            ],
            [
              29.060653188180368,
              27.194401244167977
            ],
            [
              32.886469673405884,
              28.03421461897358
            ],
            [
              35.685847589424554,
              28.407465007776068
            ],
            [
              36.898911353032645,
              28.50077760497669
            ],
            [
              35.77916018662518,
              28.1275272161742
            ],
            [
              32.41990668740277,
              27.101088646967355
            ],
            [
              27.194401244167977,
              25.794712286158642
            ],
            [
              22.90202177293935,
              24.58164852255055
            ],
            [
              21.129082426127525,
              23.648522550544328
            ],
            [
              20.94245723172628,
              23.36858475894246
            ],
            [
              21.035769828926902,
              23.835147744945573
            ],
            [
              22.15552099533437,
              25.234836702954908
            ],
            [
              24.208398133748062,
              26.91446345256611
            ],
            [
              27.194401244167977,
              28.594090202177313
            ],
            [
              30.273716951788458,
              29.71384136858478
            ],
            [
              33.16640746500775,
              30.273716951788515
            ],
            [
              34.566096423017086,
              30.46034214618976
            ],
            [
              34.37947122861584,
              30.180404354587893
            ],
            [
              32.60653188180402,
              29.153965785381047
            ],
            [
              28.780715396578557,
              27.66096423017109
            ],
            [
              24.395023328149307,
              26.54121306376362
            ],
            [
              20.849144634525658,
              25.32814930015553
            ],
            [
              19.169517884914455,
              24.395023328149307
            ],
            [
              19.542768273716945,
              24.674961119751174
            ],
            [
              21.035769828926902,
              25.888024883359265
            ],
            [
              23.74183514774495,
              27.2877138413686
            ],
            [
              27.567651632970467,
              28.780715396578557
            ],
            [
              31.766718506998416,
              29.71384136858478
            ],
            [
              36.059097978227044,
              30.180404354587893
            ],
            [
              38.76516329704509,
              30.180404354587893
            ],
            [
              39.231726283048204,
              29.993779160186648
            ],
            [
              39.04510108864696,
              29.62052877138416
            ],
            [
              38.20528771384136,
              28.87402799377918
            ],
            [
              35.12597200622082,
              27.474339035769844
            ],
            [
              29.6205287713841,
              25.794712286158642
            ],
            [
              25.048211508553663,
              24.48833592534993
            ],
            [
              21.409020217729392,
              23.088646967340594
            ],
            [
              21.129082426127525,
              22.808709175738727
            ],
            [
              20.849144634525658,
              22.622083981337482
            ],
            [
              21.31570762052877,
              22.90202177293935
            ],
            [
              22.99533437013997,
              24.021772939346818
            ],
            [
              27.381026438569222,
              25.794712286158642
            ],
            [
              32.23328149300153,
              27.2877138413686
            ],
            [
              37.645412130637624,
              28.780715396578557
            ],
            [
              41.657853810264385,
              29.62052877138416
            ],
            [
              43.43079315707621,
              29.807153965785403
            ],
            [
              42.31104199066874,
              29.433903576982914
            ],
            [
              39.13841368584758,
              28.407465007776068
            ],
            [
              34.1928460342146,
              27.194401244167977
            ],
            [
              29.90046656298597,
              26.16796267496113
            ],
            [
              27.194401244167977,
              25.141524105754286
            ],
            [
              25.514774494556775,
              24.395023328149307
            ],
            [
              26.447900466563,
              25.421461897356153
            ],
            [
              28.407465007776068,
              26.447900466563
            ],
            [
              31.673405909797793,
              27.2877138413686
            ],
            [
              35.96578538102642,
              27.940902021772956
            ],
            [
              39.79160186625194,
              28.1275272161742
            ],
            [
              42.21772939346812,
              28.1275272161742
            ],
            [
              42.59097978227061,
              28.1275272161742
            ],
            [
              40.818040435458784,
              27.474339035769844
            ],
            [
              37.645412130637624,
              26.821150855365488
            ],
            [
              32.79315707620526,
              26.07465007776051
            ],
            [
              29.52721617418348,
              25.421461897356153
            ],
            [
              27.9409020217729,
              24.768273716951796
            ],
            [
              28.220839813374823,
              25.048211508553663
            ],
            [
              30.36702954898908,
              26.261275272161754
            ],
            [
              33.53965785381024,
              27.2877138413686
            ],
            [
              36.61897356143078,
              28.220839813374823
            ],
            [
              38.95178849144634,
              28.780715396578557
            ],
            [
              39.97822706065318,
              29.060653188180424
            ],
            [
              38.01866251944011,
              28.687402799377935
            ],
            [
              33.91290824261273,
              28.03421461897358
            ],
            [
              28.874027993779123,
              27.381026438569222
            ],
            [
              24.86158631415242,
              26.54121306376362
            ],
            [
              22.435458786936238,
              25.70139968895802
            ],
            [
              21.875583203732504,
              25.32814930015553
            ],
            [
              23.181959564541216,
              26.07465007776051
            ],
            [
              25.234836702954908,
              26.727838258164866
            ],
            [
              28.500777604976633,
              27.194401244167977
            ],
            [
              32.139968895800905,
              27.2877138413686
            ],
            [
              35.21928460342144,
              27.381026438569222
            ],
            [
              38.57853810264385,
              27.2877138413686
            ],
            [
              41.56454121306376,
              26.91446345256611
            ],
            [
              43.244167962674965,
              26.634525660964243
            ],
            [
              42.031104199066874,
              26.07465007776051
            ],
            [
              37.738724727838246,
              25.141524105754286
            ],
            [
              35.59253499222393,
              24.86158631415242
            ],
            [
              28.03421461897358,
              23.461897356143083
            ],
            [
              24.95489891135304,
              22.622083981337482
            ],
            [
              24.11508553654744,
              22.248833592534993
            ],
            [
              23.461897356143083,
              21.968895800933126
            ],
            [
              23.648522550544328,
              22.342146189735615
            ],
            [
              24.768273716951796,
              23.181959564541216
            ],
            [
              27.75427682737171,
              24.301710730948685
            ],
            [
              31.766718506998416,
              25.234836702954908
            ],
            [
              36.33903576982891,
              25.981337480559887
            ],
            [
              40.444790046656294,
              26.54121306376362
            ],
            [
              43.15085536547434,
              26.821150855365488
            ],
            [
              39.97822706065318,
              25.981337480559887
            ],
            [
              35.685847589424554,
              25.048211508553663
            ],
            [
              30.833592534992192,
              24.021772939346818
            ],
            [
              27.9409020217729,
              23.088646967340594
            ],
            [
              26.354587869362376,
              22.342146189735615
            ],
            [
              25.141524105754286,
              21.78227060653188
            ],
            [
              24.58164852255055,
              21.595645412130636
            ],
            [
              24.11508553654744,
              21.595645412130636
            ],
            [
              24.208398133748062,
              22.06220839813375
            ],
            [
              25.608087091757398,
              23.088646967340594
            ],
            [
              28.127527216174144,
              24.208398133748062
            ],
            [
              31.11353032659406,
              25.141524105754286
            ],
            [
              34.1928460342146,
              25.888024883359265
            ],
            [
              36.61897356143078,
              26.354587869362376
            ],
            [
              37.92534992223949,
              26.634525660964243
            ],
            [
              37.17884914463451,
              26.54121306376362
            ],
            [
              35.0326594090202,
              25.888024883359265
            ],
            [
              31.393468118195926,
              24.95489891135304
            ],
            [
              27.101088646967355,
              23.74183514774495
            ],
            [
              24.11508553654744,
              22.715396578538105
            ],
            [
              22.622083981337482,
              22.06220839813375
            ],
            [
              22.248833592534993,
              21.875583203732504
            ],
            [
              21.78227060653188,
              22.808709175738727
            ],
            [
              21.68895800933126,
              23.27527216174184
            ],
            [
              21.968895800933126,
              24.301710730948685
            ],
            [
              22.715396578538105,
              25.234836702954908
            ],
            [
              23.555209953343706,
              25.794712286158642
            ],
            [
              24.208398133748062,
              26.261275272161754
            ],
            [
              25.141524105754286,
              26.634525660964243
            ],
            [
              26.07465007776051,
              27.007776049766733
            ],
            [
              27.381026438569222,
              27.381026438569222
            ],
            [
              28.31415241057539,
              27.66096423017109
            ],
            [
              29.340590979782235,
              27.940902021772956
            ],
            [
              29.99377916018659,
              28.1275272161742
            ],
            [
              29.6205287713841,
              28.1275272161742
            ],
            [
              28.874027993779123,
              27.940902021772956
            ],
            [
              27.381026438569222,
              27.194401244167977
            ],
            [
              24.395023328149307,
              26.16796267496113
            ],
            [
              20.94245723172628,
              25.048211508553663
            ],
            [
              17.956454121306365,
              23.835147744945573
            ],
            [
              16.370139968895785,
              23.27527216174184
            ],
            [
              17.76982892690512,
              24.395023328149307
            ],
            [
              20.10264385692068,
              25.514774494556775
            ],
            [
              23.555209953343706,
              26.821150855365488
            ],
            [
              28.31415241057539,
              28.03421461897358
            ],
            [
              32.79315707620526,
              29.060653188180424
            ],
            [
              37.272161741835134,
              29.900466562986026
            ],
            [
              40.25816485225505,
              30.46034214618976
            ],
            [
              41.47122861586314,
              30.740279937791627
            ],
            [
              41.00466562986003,
              30.83359253499225
            ],
            [
              39.325038880248826,
              30.740279937791627
            ],
            [
              36.152410575427666,
              30.180404354587893
            ],
            [
              30.926905132192815,
              29.24727838258167
            ],
            [
              25.048211508553663,
              28.03421461897358
            ],
            [
              18.14307931570761,
              26.354587869362376
            ],
            [
              11.611197511664045,
              24.674961119751174
            ],
            [
              6.75894245723174,
              23.36858475894246
            ],
            [
              4.426127527216181,
              22.90202177293935
            ],
            [
              3.7729393468118246,
              22.715396578538105
            ],
            [
              3.866251944012447,
              23.181959564541216
            ],
            [
              4.332814930015559,
              24.11508553654744
            ],
            [
              6.292379471228628,
              26.354587869362376
            ],
            [
              10.118195956454088,
              28.780715396578557
            ],
            [
              15.530326594090184,
              30.83359253499225
            ],
            [
              21.595645412130636,
              32.32659409020221
            ],
            [
              27.194401244167977,
              33.25972006220843
            ],
            [
              29.6205287713841,
              33.446345256609675
            ],
            [
              28.31415241057539,
              33.16640746500781
            ],
            [
              25.514774494556775,
              32.32659409020221
            ],
            [
              20.94245723172628,
              31.113530326594116
            ],
            [
              15.903576982892673,
              29.807153965785403
            ],
            [
              13.104199066874003,
              28.87402799377918
            ],
            [
              11.984447900466535,
              28.314152410575446
            ],
            [
              13.290824261275247,
              27.847589424572334
            ],
            [
              16.650077760497652,
              27.847589424572334
            ],
            [
              21.502332814930014,
              28.687402799377935
            ],
            [
              28.03421461897358,
              29.71384136858478
            ],
            [
              33.91290824261273,
              30.646967340591004
            ],
            [
              38.95178849144634,
              31.486780715396606
            ],
            [
              42.031104199066874,
              31.953343701399717
            ],
            [
              41.657853810264385,
              31.953343701399717
            ],
            [
              38.3919129082426,
              31.486780715396606
            ],
            [
              31.95334370139966,
              30.46034214618976
            ],
            [
              24.021772939346818,
              29.24727838258167
            ],
            [
              17.116640746500764,
              28.314152410575446
            ],
            [
              14.783825816485205,
              27.847589424572334
            ],
            [
              16.836702954898897,
              28.03421461897358
            ],
            [
              20.1959564541213,
              29.900466562986026
            ],
            [
              24.208398133748062,
              33.25972006220843
            ],
            [
              27.66096423017109,
              37.17884914463451
            ],
            [
              29.99377916018659,
              41.284603421461895
            ],
            [
              31.393468118195926,
              44.6438569206843
            ],
            [
              31.860031104199038,
              46.60342146189737
            ],
            [
              31.860031104199038,
              46.97667185069986
            ],
            [
              31.48678071539655,
              47.06998444790048
            ],
            [
              30.646967340590948,
              46.97667185069986
            ],
            [
              29.6205287713841,
              46.69673405909799
            ],
            [
              27.66096423017109,
              46.043545878693635
            ],
            [
              23.36858475894246,
              44.73716951788492
            ],
            [
              18.98289269051321,
              43.52410575427683
            ],
            [
              15.530326594090184,
              42.1244167962675
            ],
            [
              15.063763608087072,
              41.75116640746501
            ],
            [
              15.250388802488317,
              42.031104199066874
            ],
            [
              14.877138413685827,
              42.31104199066874
            ],
            [
              14.783825816485205,
              42.59097978227061
            ],
            [
              14.503888024883338,
              43.89735614307932
            ],
            [
              13.664074650077737,
              46.60342146189737
            ],
            [
              12.451010886469646,
              49.49611197511666
            ],
            [
              10.771384136858444,
              51.642301710730976
            ],
            [
              8.99844479004662,
              53.228615863141556
            ],
            [
              7.97200622083983,
              54.16174183514778
            ],
            [
              7.598755832037341,
              54.348367029549024
            ],
            [
              7.2255054432348516,
              54.62830482115089
            ],
            [
              7.692068429237963,
              54.814930015552136
            ],
            [
              9.651632970450976,
              55.468118195956436
            ],
            [
              11.331259720062178,
              56.02799377916017
            ],
            [
              11.704510108864667,
              56.12130637636079
            ],
            [
              11.237947122861556,
              56.49455676516328
            ],
            [
              10.864696734059066,
              56.96111975116639
            ]
          ],
          [
            [
              35.49922239502331,
              58.82737169517884
            ],
            [
              35.96578538102642,
              58.92068429237946
            ],
            [
              36.24572317262829,
              59.20062208398133
            ],
            [
              36.898911353032645,
              59.853810264385686
            ],
            [
              37.552099533437,
              60.50699844479004
            ],
            [
              38.485225505443225,
              61.25349922239502
            ],
            [
              39.41835147744945,
              61.72006220839813
            ],
            [
              39.88491446345256,
              62.0
            ],
            [
              40.25816485225505,
              62.0
            ],
            [
              40.63141524105754,
              61.90668740279938
            ],
            [
              40.911353032659406,
              61.72006220839813
            ],
            [
              41.284603421461895,
              61.53343701399689
            ],
            [
              41.56454121306376,
              61.346811819595644
            ],
            [
              41.93779160186625,
              61.06687402799378
            ],
            [
              42.1244167962675,
              60.78693623639191
            ],
            [
              42.1244167962675,
              60.41368584758942
            ],
            [
              42.031104199066874,
              59.760497667185064
            ],
            [
              41.56454121306376,
              59.10730948678071
            ],
            [
              40.911353032659406,
              58.45412130637635
            ],
            [
              40.16485225505443,
              57.70762052877137
            ],
            [
              39.325038880248826,
              57.14774494556764
            ],
            [
              38.29860031104198,
              56.49455676516328
            ],
            [
              37.17884914463451,
              55.841368584758925
            ],
            [
              36.24572317262829,
              55.28149300155519
            ],
            [
              35.49922239502331,
              54.814930015552136
            ],
            [
              35.0326594090202,
              54.53499222395021
            ],
            [
              34.566096423017086,
              54.348367029549024
            ],
            [
              34.1928460342146,
              54.16174183514778
            ],
            [
              33.81959564541211,
              53.975116640746535
            ]
          ],
          [
            [
              36.24572317262829,
              58.92068429237946
            ],
            [
              35.49922239502331,
              59.29393468118195
            ],
            [
              34.939346811819576,
              59.57387247278382
            ],
            [
              34.28615863141522,
              59.853810264385686
            ],
            [
              33.726283048211485,
              60.13374805598755
            ],
            [
              33.25972006220837,
              60.41368584758942
            ],
            [
              32.979782270606506,
              60.50699844479004
            ],
            [
              32.513219284603394,
              60.50699844479004
            ],
            [
              32.23328149300153,
              60.41368584758942
            ],
            [
              32.139968895800905,
              60.13374805598755
            ],
            [
              32.04665629860028,
              59.853810264385686
            ],
            [
              31.95334370139966,
              59.387247278382574
            ],
            [
              31.860031104199038,
              59.013996889580085
            ],
            [
              31.766718506998416,
              58.73405909797822
            ],
            [
              31.766718506998416,
              58.267496111975106
            ],
            [
              31.766718506998416,
              57.800933125971994
            ],
            [
              31.766718506998416,
              57.24105754276826
            ],
            [
              31.860031104199038,
              56.86780715396577
            ],
            [
              31.95334370139966,
              56.49455676516328
            ],
            [
              32.23328149300153,
              56.214618973561414
            ],
            [
              32.513219284603394,
              56.02799377916017
            ],
            [
              32.79315707620526,
              55.7480559875583
            ],
            [
              33.07309486780713,
              55.56143079315706
            ],
            [
              33.353032659408996,
              55.18818040435457
            ],
            [
              33.63297045101086,
              54.9082426127527
            ],
            [
              33.81959564541211,
              54.53499222395021
            ]
          ]
        ]
      }
    }
  ]
}