{
  "type": "FeatureCollection",
  "crs": {
    "type": "name",
    "properties": {
      "name": "urn:ogc:def:crs:OGC:1.3:CRS84"
    }
  },
  "features": [
    {
      "type": "Feature",
      "properties": {
        "timestamp": "2026-05-12T18:35:26.904305",
        "country_name": "Svalbard",
        "author": "",
        "author_id": "f8ab26cb-8143-4a01-8812-6a444f4aef1c",
        "validated": false,
        "ranking": [
          [
            "Svalbard",
            0.1544172465801239
          ],
          [
            "Faroe Islands",
            0.04125943407416344
          ],
          [
            "Somalia",
            0.03780326992273331
          ],
          [
            "Greenland",
            0.03621773049235344
          ],
          [
            "Mozambique",
            0.035836294293403625
          ],
          [
            "Canada",
            0.03426613658666611
          ],
          [
            "Croatia",
            0.027907177805900574
          ],
          [
            "Bangladesh",
            0.0253076683729887
          ],
          [
            "Namibia",
            0.022986004129052162
          ],
          [
            "Belize",
            0.02196444384753704
          ],
          [
            "Spain",
            0.02177462913095951
          ],
          [
            "Thailand",
            0.01961686462163925
          ],
          [
            "Benin",
            0.01900387369096279
          ],
          [
            "Vietnam",
            0.014531738124787807
          ],
          [
            "Fiji",
            0.014450657181441784
          ],
          [
            "Jordan",
            0.013254877179861069
          ],
          [
            "Peru",
            0.01319392491132021
          ],
          [
            "South Korea",
            0.01216715294867754
          ],
          [
            "Togo",
            0.01018813718110323
          ],
          [
            "Burundi",
            0.010159262455999851
          ],
          [
            "Rwanda",
            0.009637180715799332
          ],
          [
            "Guyana",
            0.00902642123401165
          ],
          [
            "Guadeloupe",
            0.008832195773720741
          ],
          [
            "Myanmar",
            0.008268390782177448
          ],
          [
            "Papua New Guinea",
            0.007627157028764486
          ],
          [
            "Syria",
            0.007533978205174208
          ],
          [
            "Vanuatu",
            0.0074931783601641655
          ],
          [
            "Mayotte",
            0.007327617146074772
          ],
          [
            "Qatar",
            0.00688230711966753
          ],
          [
            "Greece",
            0.006687739863991737
          ],
          [
            "Tunisia",
            0.006411138456314802
          ],
          [
            "Sweden",
            0.006267846096307039
          ],
          [
            "Congo",
            0.006262373179197311
          ],
          [
            "Moldova",
            0.005980250425636768
          ],
          [
            "Switzerland",
            0.005802827887237072
          ],
          [
            "Romania",
            0.005556680727750063
          ],
          [
            "Portugal",
            0.005400511436164379
          ],
          [
            "Malawi",
            0.0052840388379991055
          ],
          [
            "North Korea",
            0.005242478102445602
          ],
          [
            "North Macedonia",
            0.005179652478545904
          ],
          [
            "Norway",
            0.005118155386298895
          ],
          [
            "Falkland Islands",
            0.005038796458393335
          ],
          [
            "Finland",
            0.004975317046046257
          ],
          [
            "Albania",
            0.004934640601277351
          ],
          [
            "India",
            0.004892271943390369
          ],
          [
            "Gabon",
            0.004716720897704363
          ],
          [
            "Dominica",
            0.004421822726726532
          ],
          [
            "Argentina",
            0.004376997239887714
          ],
          [
            "New Zealand",
            0.004328677896410227
          ],
          [
            "Bahrain",
            0.004275979474186897
          ],
          [
            "Serbia",
            0.004174664616584778
          ],
          [
            "Australia",
            0.003939066547900438
          ],
          [
            "Guam",
            0.0036373406182974577
          ],
          [
            "Sri Lanka",
            0.0036295168101787567
          ],
          [
            "Burkina Faso",
            0.0035967202857136726
          ],
          [
            "South Georgia Islands",
            0.0035582496784627438
          ],
          [
            "France",
            0.003530040616169572
          ],
          [
            "Angola",
            0.003438527463003993
          ],
          [
            "Saudi Arabia",
            0.0033986878115683794
          ],
          [
            "Japan",
            0.003261181525886059
          ],
          [
            "United Kingdom",
            0.003222198225557804
          ],
          [
            "Brunei",
            0.0030842756386846304
          ],
          [
            "Germany",
            0.003065724391490221
          ],
          [
            "Montenegro",
            0.0029908481519669294
          ],
          [
            "Philippines",
            0.002945743268355727
          ],
          [
            "Mali",
            0.002893769182264805
          ],
          [
            "Martinique",
            0.00286658201366663
          ],
          [
            "Cambodia",
            0.002836824394762516
          ],
          [
            "Italy",
            0.0028215583879500628
          ],
          [
            "French Guiana",
            0.002809293568134308
          ],
          [
            "Azerbaijan",
            0.0027807827573269606
          ],
          [
            "Guinea-Bissau",
            0.0027708031702786684
          ],
          [
            "Ireland",
            0.0027258433401584625
          ],
          [
            "Egypt",
            0.002702299738302827
          ],
          [
            "Laos",
            0.002698550233617425
          ],
          [
            "Mauritania",
            0.0026319536846131086
          ],
          [
            "Ghana",
            0.0026317783631384373
          ],
          [
            "Lithuania",
            0.0025979438796639442
          ],
          [
            "Iceland",
            0.0025638695806264877
          ],
          [
            "Iran",
            0.002554726554080844
          ],
          [
            "Antigua & Barbuda",
            0.0025453781709074974
          ],
          [
            "Ukraine",
            0.002544848946854472
          ],
          [
            "Costa Rica",
            0.002496626926586032
          ],
          [
            "Hong Kong",
            0.002468646503984928
          ],
          [
            "Belgium",
            0.002449926221743226
          ],
          [
            "Israel",
            0.002370110945776105
          ],
          [
            "Trinidad and Tobago",
            0.0023661451414227486
          ],
          [
            "Russia",
            0.002348537789657712
          ],
          [
            "Saint Lucia",
            0.0022661483380943537
          ],
          [
            "Afghanistan",
            0.002251289552077651
          ],
          [
            "Venezuela",
            0.0022104971576482058
          ],
          [
            "Guatemala",
            0.0021845856681466103
          ],
          [
            "Taiwan",
            0.0021739571820944548
          ],
          [
            "Yemen",
            0.0021437667310237885
          ],
          [
            "Senegal",
            0.0021348062437027693
          ],
          [
            "Turkmenistan",
            0.002062954241409898
          ],
          [
            "Reunion",
            0.0019995332695543766
          ],
          [
            "Cape Verde",
            0.001997589133679867
          ],
          [
            "Chad",
            0.001979165244847536
          ],
          [
            "Ecuador",
            0.001972585218027234
          ],
          [
            "Bahamas",
            0.0019393342081457376
          ],
          [
            "Western Sahara",
            0.0018601723713800311
          ],
          [
            "Guinea",
            0.001830348395742476
          ],
          [
            "Belarus",
            0.0018134356942027807
          ],
          [
            "Libya",
            0.0018064380856230855
          ],
          [
            "South Africa",
            0.001732225064188242
          ],
          [
            "Indonesia",
            0.0017096293158829212
          ],
          [
            "Kenya",
            0.0016729780472815037
          ],
          [
            "Netherlands",
            0.0016565588302910328
          ],
          [
            "Lesotho",
            0.0016511172289028764
          ],
          [
            "Estonia",
            0.0016466389643028378
          ],
          [
            "West Bank",
            0.001625305274501443
          ],
          [
            "Slovakia",
            0.0016085528768599033
          ],
          [
            "South Sudan",
            0.001607706188224256
          ],
          [
            "Nigeria",
            0.0015760092064738274
          ],
          [
            "Uzbekistan",
            0.0015437498223036528
          ],
          [
            "Heard and McDonald Islands",
            0.0015414018416777253
          ],
          [
            "Latvia",
            0.001534335664473474
          ],
          [
            "Brazil",
            0.0015256510814651847
          ],
          [
            "Tajikistan",
            0.0015180112095549703
          ],
          [
            "Armenia",
            0.0014901048270985484
          ],
          [
            "Suriname",
            0.001474706456065178
          ],
          [
            "Solomon Islands",
            0.001395310857333243
          ],
          [
            "United States Virgin Islands",
            0.0013938426272943616
          ],
          [
            "Slovenia",
            0.0013594187330454588
          ],
          [
            "Cameroon",
            0.0013562435051426291
          ],
          [
            "Kyrgyzstan",
            0.001343709067441523
          ],
          [
            "Botswana",
            0.001324363867752254
          ],
          [
            "Mexico",
            0.0012978840386494994
          ],
          [
            "Turkey",
            0.0012869760394096375
          ],
          [
            "China",
            0.001282782875932753
          ],
          [
            "Uganda",
            0.0012250535655766726
          ],
          [
            "Chile",
            0.0012229874264448881
          ],
          [
            "Ethiopia",
            0.0011963762808591127
          ],
          [
            "Iraq",
            0.0011538710677996278
          ],
          [
            "Côte d'Ivoire",
            0.0011530768824741244
          ],
          [
            "New Caledonia",
            0.0011464933631941676
          ],
          [
            "United States of America",
            0.0011388108832761645
          ],
          [
            "Honduras",
            0.0011348146945238113
          ],
          [
            "Oman",
            0.0011298429453745484
          ],
          [
            "Sudan",
            0.001106593874283135
          ],
          [
            "Central African Republic",
            0.0010952422162517905
          ],
          [
            "Czech Republic",
            0.0010714392410591245
          ],
          [
            "Sao Tome and Principe",
            0.0010399076854810119
          ],
          [
            "Algeria",
            0.00102426006924361
          ],
          [
            "Eswatini",
            0.0010001667542383075
          ],
          [
            "Bosnia & Herzegovina",
            0.0009894424583762884
          ],
          [
            "Kazakhstan",
            0.0009599869372323155
          ],
          [
            "Kuwait",
            0.000951443100348115
          ],
          [
            "Colombia",
            0.0009330245666205883
          ],
          [
            "Zambia",
            0.0009245761320926249
          ],
          [
            "Madagascar",
            0.0008987985784187913
          ],
          [
            "Dominican Republic",
            0.0008489826577715576
          ],
          [
            "Bolivia",
            0.000777009001467377
          ],
          [
            "Paraguay",
            0.0007432054844684899
          ],
          [
            "Bhutan",
            0.0007197887171059847
          ],
          [
            "Palau",
            0.0007119567017070949
          ],
          [
            "Denmark",
            0.0007115780026651919
          ],
          [
            "Eritrea",
            0.0007107980200089514
          ],
          [
            "Cyprus",
            0.0006921652238816023
          ],
          [
            "Niger",
            0.000682305486407131
          ],
          [
            "El Salvador",
            0.0006709693698212504
          ],
          [
            "Cuba",
            0.0006227470003068447
          ],
          [
            "Hungary",
            0.0006144490325823426
          ],
          [
            "Timor-Leste",
            0.0006140670739114285
          ],
          [
            "Sierra Leone",
            0.0006115972646512091
          ],
          [
            "Puerto Rico",
            0.0006080043967813253
          ],
          [
            "Lebanon",
            0.0005947418976575136
          ],
          [
            "Luxembourg",
            0.000580629042815417
          ],
          [
            "Liberia",
            0.0005798123311251402
          ],
          [
            "Georgia",
            0.0005686020595021546
          ],
          [
            "Panama",
            0.000565011752769351
          ],
          [
            "Djibouti",
            0.0005570132634602487
          ],
          [
            "Mongolia",
            0.0005163492751307786
          ],
          [
            "Bulgaria",
            0.0005052392370998859
          ],
          [
            "Uruguay",
            0.00048532255459576845
          ],
          [
            "Isle of Man",
            0.00048409937880933285
          ],
          [
            "Poland",
            0.0004510934231802821
          ],
          [
            "Comoros",
            0.00044390850234776735
          ],
          [
            "Turks and Caicos Islands",
            0.00040660888771526515
          ],
          [
            "Nicaragua",
            0.00040380493737757206
          ],
          [
            "Zimbabwe",
            0.00036641611950471997
          ],
          [
            "Malaysia",
            0.00036631760303862393
          ],
          [
            "Tanzania",
            0.00034963403595611453
          ],
          [
            "Pakistan",
            0.0003249618748668581
          ],
          [
            "United Arab Emirates",
            0.00031953895813785493
          ],
          [
            "Equatorial Guinea",
            0.00029324390925467014
          ],
          [
            "Jamaica",
            0.0002849241136573255
          ],
          [
            "Barbados",
            0.00025366724003106356
          ],
          [
            "Nepal",
            0.00024093122920021415
          ],
          [
            "DR Congo",
            0.0002246205840492621
          ],
          [
            "Samoa",
            0.0001892379077617079
          ],
          [
            "Netherlands Antilles",
            0.00018875881505664438
          ],
          [
            "Morocco",
            0.00018528309010434896
          ],
          [
            "Haiti",
            0.00014923395065125078
          ],
          [
            "Gambia",
            0.00013482036592904478
          ],
          [
            "Austria",
            0.00013398900046013296
          ],
          [
            "Madeira Islands",
            0.0001240673882421106
          ],
          [
            "Kiribati",
            7.098763308022171e-05
          ]
        ]
      },
      "geometry": {
        "type": "MultiLineString",
        "coordinates": [
          [
            [
              22.105779269158177,
              11.611198185877072
            ],
            [
              21.919095455833684,
              12.264382054019336
            ],
            [
              21.73241164250919,
              13.104189884487965
            ],
            [
              21.5457278291847,
              14.22395075873132
            ],
            [
              21.359044015860206,
              15.623639026321626
            ],
            [
              21.172360202535714,
              17.1166392750751
            ],
            [
              21.172360202535714,
              18.42301556150221
            ],
            [
              21.359044015860206,
              19.636075591694862
            ],
            [
              21.5457278291847,
              20.662515934632438
            ],
            [
              21.63906118570435,
              21.595644296406846
            ],
            [
              21.73241164250919,
              22.342144420783598
            ],
            [
              21.73241164250919,
              23.08864882023164
            ],
            [
              21.73241164250919,
              23.835148944608363
            ],
            [
              21.63906118570435,
              24.581644793913824
            ],
            [
              21.5457278291847,
              25.514773155688204
            ],
            [
              21.5457278291847,
              26.44790151746261
            ],
            [
              21.5457278291847,
              27.38102560416573
            ],
            [
              21.5457278291847,
              28.314153965940108
            ],
            [
              21.5457278291847,
              29.153966071480056
            ],
            [
              21.5457278291847,
              29.90046619585678
            ],
            [
              21.5457278291847,
              30.646968457769162
            ],
            [
              21.5457278291847,
              31.300154463447086
            ],
            [
              21.5457278291847,
              31.860028487961813
            ],
            [
              21.5457278291847,
              32.41990892508349
            ],
            [
              21.5457278291847,
              33.16640477438895
            ],
            [
              21.63906118570435,
              33.63296895527614
            ],
            [
              21.73241164250919,
              34.09953313616336
            ],
            [
              21.825753549171452,
              34.84603539807574
            ],
            [
              21.919095455833684,
              35.499219266218006
            ],
            [
              22.012428812353335,
              35.965783447105196
            ],
            [
              22.012428812353335,
              36.432347627992385
            ],
            [
              22.012428812353335,
              36.99222379004277
            ],
            [
              22.012428812353335,
              37.5520978145575
            ],
            [
              22.012428812353335,
              38.111976114143545
            ],
            [
              22.012428812353335,
              38.67185013865827
            ],
            [
              22.012428812353335,
              39.32503828187183
            ],
            [
              22.012428812353335,
              39.97822642508538
            ],
            [
              22.012428812353335,
              40.631414568298965
            ],
            [
              22.012428812353335,
              41.28460271151252
            ],
            [
              22.012428812353335,
              41.84447673602725
            ],
            [
              22.012428812353335,
              42.404355035613264
            ],
            [
              22.012428812353335,
              42.96422906012802
            ],
            [
              22.012428812353335,
              43.617417203341574
            ],
            [
              22.012428812353335,
              44.17729336539196
            ],
            [
              22.012428812353335,
              44.73716952744235
            ],
            [
              22.012428812353335,
              45.297045689492705
            ],
            [
              21.919095455833684,
              45.85691971400746
            ],
            [
              21.919095455833684,
              46.41679801359348
            ],
            [
              21.919095455833684,
              46.976672038108205
            ],
            [
              21.919095455833684,
              47.53654713139076
            ],
            [
              21.919095455833684,
              48.09642222467332
            ],
            [
              21.825753549171452,
              48.8429234178179
            ],
            [
              21.73241164250919,
              49.58942461096245
            ],
            [
              21.63906118570435,
              50.335926872874836
            ],
            [
              21.63906118570435,
              51.08242485971593
            ],
            [
              21.45238592252244,
              51.82892712162834
            ],
            [
              21.45238592252244,
              52.57542831477289
            ],
            [
              21.45238592252244,
              53.321929507917474
            ],
            [
              21.359044015860206,
              53.88180460120003
            ],
            [
              21.265693559055364,
              54.34836611016766
            ]
          ],
          [
            [
              39.18732253792183,
              50.42923671650237
            ],
            [
              39.00063017445473,
              49.21617454877409
            ],
            [
              38.81393781098765,
              48.09642222467332
            ],
            [
              38.720604454468,
              46.603421975919844
            ],
            [
              38.62726254780574,
              44.923793489768684
            ],
            [
              38.62726254780574,
              43.05754317882685
            ],
            [
              38.53392919128609,
              40.72472868699779
            ],
            [
              38.44058728462383,
              38.01866199544472
            ],
            [
              38.34723682781902,
              35.31259957896293
            ],
            [
              38.34723682781902,
              32.88646669336376
            ],
            [
              38.34723682781902,
              30.926906538794356
            ],
            [
              38.25389492115676,
              29.340592171342053
            ],
            [
              38.06722820811743,
              28.034215884914943
            ],
            [
              37.973869201170004,
              27.007777679512998
            ],
            [
              37.973869201170004,
              26.07464931773859
            ],
            [
              37.973869201170004,
              25.1415252310355
            ],
            [
              37.973869201170004,
              24.208396869261094
            ],
            [
              38.160553014494496,
              23.181956526323518
            ],
            [
              38.34723682781902,
              22.062208477294064
            ],
            [
              38.53392919128609,
              20.849144172030094
            ],
            [
              38.720604454468,
              19.72939184792935
            ],
            [
              38.907288267792495,
              18.609639523828577
            ],
            [
              39.00063017445473,
              17.489887199727832
            ],
            [
              39.09397208111699,
              16.650075094187912
            ],
            [
              39.09397208111699,
              15.90357496981116
            ],
            [
              39.09397208111699,
              15.157074845434408
            ],
            [
              39.09397208111699,
              14.410570445986366
            ],
            [
              39.00063017445473,
              13.850698559007299
            ],
            [
              38.907288267792495,
              13.290822396956912
            ],
            [
              38.81393781098765,
              12.824258216069722
            ],
            [
              38.720604454468,
              12.07775809169297
            ],
            [
              38.62726254780574,
              11.424565673408125
            ],
            [
              38.53392919128609,
              10.958001492520907
            ],
            [
              38.44058728462383,
              10.491437311633717
            ],
            [
              38.62726254780574,
              11.517881929642584
            ],
            [
              39.747365427752726,
              13.944014815241758
            ],
            [
              40.77413495118003,
              16.650075094187912
            ],
            [
              41.240835934348695,
              18.516327542665408
            ],
            [
              41.427511197530606,
              20.19595602881654
            ],
            [
              41.52087020447803,
              21.782272533804502
            ],
            [
              41.52087020447803,
              23.368584763721174
            ],
            [
              41.52087020447803,
              24.861580737403358
            ],
            [
              41.427511197530606,
              26.354585261228152
            ],
            [
              41.427511197530606,
              27.75427780388975
            ],
            [
              41.427511197530606,
              29.340592171342053
            ],
            [
              41.427511197530606,
              30.926906538794356
            ],
            [
              41.427511197530606,
              32.41990892508349
            ],
            [
              41.427511197530606,
              33.72628521151063
            ],
            [
              41.427511197530606,
              34.93934524170328
            ],
            [
              41.427511197530606,
              36.05909542826839
            ],
            [
              41.334177841010955,
              37.1788498899048
            ],
            [
              41.240835934348695,
              38.29860007646991
            ],
            [
              41.147494027686434,
              39.418352400570654
            ],
            [
              40.96080166421936,
              40.72472868699779
            ],
            [
              40.77413495118003,
              42.0311049734249
            ],
            [
              40.58744258771296,
              43.33748125985204
            ],
            [
              40.21406641092136,
              44.73716952744235
            ],
            [
              39.84070733441496,
              46.04354688263729
            ],
            [
              39.46733970776597,
              47.3499231690644
            ],
            [
              39.00063017445473,
              48.656299455491535
            ],
            [
              38.62726254780574,
              49.962675741918645
            ],
            [
              38.34723682781902,
              51.175738978414756
            ],
            [
              38.160553014494496,
              52.29549130251553
            ],
            [
              37.973869201170004,
              53.22861645798645
            ],
            [
              37.88053584465035,
              54.06842856352638
            ],
            [
              37.88053584465035,
              54.81493029105485
            ],
            [
              37.88053584465035,
              55.46811843426842
            ],
            [
              37.88053584465035,
              56.02799299316706
            ],
            [
              37.88053584465035,
              56.58787075836918
            ],
            [
              37.88053584465035,
              56.121306577481974
            ],
            [
              37.88053584465035,
              55.654742396594784
            ],
            [
              37.88053584465035,
              55.09486783769613
            ]
          ],
          [
            [
              25.839455535648113,
              27.007777679512998
            ],
            [
              25.65276317218101,
              28.034215884914943
            ],
            [
              25.46608790899913,
              29.06065409031686
            ],
            [
              25.279395545532026,
              30.180404276881973
            ],
            [
              25.092720282350115,
              31.58009040693662
            ],
            [
              24.81268601222078,
              33.446342855414144
            ],
            [
              24.626002198896288,
              35.31259957896293
            ],
            [
              24.439318385571795,
              37.08553363367031
            ],
            [
              24.345985029052144,
              38.951788219683465
            ],
            [
              24.345985029052144,
              41.097978749186154
            ],
            [
              24.532660292234056,
              43.33748125985204
            ],
            [
              24.71935265570113,
              45.20373157079388
            ],
            [
              24.71935265570113,
              46.41679801359348
            ],
            [
              24.71935265570113,
              47.3499231690644
            ],
            [
              24.532660292234056,
              48.09642222467332
            ],
            [
              24.345985029052144,
              48.656299455491535
            ],
            [
              24.159292665585042,
              49.122860430075264
            ],
            [
              24.06595075892281,
              49.68273872966128
            ],
            [
              24.439318385571795,
              48.656299455491535
            ],
            [
              24.90602791888304,
              46.976672038108205
            ],
            [
              25.46608790899913,
              44.27060534655513
            ],
            [
              26.026130798830025,
              41.37791683021135
            ],
            [
              26.586190788946084,
              38.578536019959444
            ],
            [
              27.1462251286344,
              35.40590942259047
            ],
            [
              27.79962702541272,
              31.766718644334276
            ],
            [
              28.172994652061732,
              27.75427780388975
            ],
            [
              28.359678465386224,
              23.648520707210707
            ],
            [
              28.546362278710717,
              20.009332066490174
            ],
            [
              28.546362278710717,
              16.930015312748736
            ],
            [
              28.453011821905875,
              14.690510664547219
            ],
            [
              28.453011821905875,
              13.290822396956912
            ],
            [
              28.266328008581382,
              12.451010291416992
            ],
            [
              28.07964419525689,
              11.797817873132146
            ],
            [
              27.892960381932397,
              11.331262242387538
            ],
            [
              27.892960381932397,
              10.86469806150032
            ],
            [
              27.426259398763733,
              11.424565673408125
            ],
            [
              27.23957558543924,
              12.264382054019336
            ],
            [
              27.052891772114748,
              13.477450634354568
            ],
            [
              26.679524145465763,
              15.250391101668896
            ],
            [
              26.39949842547901,
              17.2099512562383
            ],
            [
              26.2128231622971,
              19.26282766704213
            ],
            [
              25.932788892167764,
              22.155520458457232
            ],
            [
              25.932788892167764,
              26.634521204717686
            ],
            [
              25.74610507884327,
              29.993778177019976
            ],
            [
              25.55942126551878,
              32.51321876871103
            ],
            [
              25.55942126551878,
              34.659407160678086
            ],
            [
              25.55942126551878,
              36.61897586539004
            ],
            [
              25.55942126551878,
              38.485226176331906
            ],
            [
              25.55942126551878,
              40.164852524947406
            ],
            [
              25.55942126551878,
              41.75116689239971
            ],
            [
              25.55942126551878,
              43.80404116566794
            ],
            [
              25.55942126551878,
              45.39035873942373
            ],
            [
              25.46608790899913,
              46.41679801359348
            ],
            [
              25.279395545532026,
              47.16329600043457
            ],
            [
              25.186053638869794,
              47.72317430002059
            ],
            [
              25.092720282350115,
              48.28304832453534
            ],
            [
              25.092720282350115,
              47.816484143648125
            ],
            [
              25.092720282350115,
              47.06998615680703
            ],
            [
              25.279395545532026,
              46.510107857221016
            ],
            [
              25.46608790899913,
              45.57698270175007
            ],
            [
              25.74610507884327,
              43.89735528436677
            ],
            [
              25.932788892167764,
              41.56454079253771
            ],
            [
              26.2128231622971,
              38.485226176331906
            ],
            [
              26.2128231622971,
              34.93934524170328
            ],
            [
              26.026130798830025,
              31.11352622604943
            ],
            [
              25.839455535648113,
              27.38102560416573
            ],
            [
              25.46608790899913,
              24.115084888097925
            ],
            [
              25.279395545532026,
              21.595644296406846
            ],
            [
              25.092720282350115,
              19.35613964820533
            ],
            [
              25.092720282350115,
              17.023323018840614
            ],
            [
              25.186053638869794,
              14.877134626873584
            ],
            [
              25.372737452194286,
              13.010886453467378
            ],
            [
              25.65276317218101,
              11.424565673408125
            ],
            [
              25.839455535648113,
              10.211505643215474
            ],
            [
              26.026130798830025,
              9.371693537675554
            ],
            [
              26.026130798830025,
              8.71850111939068
            ],
            [
              26.026130798830025,
              8.251945488646072
            ],
            [
              25.55942126551878,
              8.345248919666687
            ],
            [
              25.186053638869794,
              8.998445613022824
            ],
            [
              24.81268601222078,
              9.931569699725912
            ],
            [
              24.626002198896288,
              10.771381805265833
            ],
            [
              24.626002198896288,
              12.357694035182504
            ],
            [
              24.626002198896288,
              14.783826920781678
            ],
            [
              24.626002198896288,
              17.2099512562383
            ],
            [
              24.626002198896288,
              19.26282766704213
            ],
            [
              24.626002198896288,
              21.03576813435646
            ],
            [
              24.626002198896288,
              22.808708601670787
            ],
            [
              24.626002198896288,
              24.861580737403358
            ],
            [
              24.532660292234056,
              26.91446142327851
            ],
            [
              24.439318385571795,
              28.874027990454863
            ],
            [
              24.439318385571795,
              30.553652201534703
            ],
            [
              24.439318385571795,
              31.9533447441963
            ],
            [
              24.439318385571795,
              33.073094930761414
            ],
            [
              24.439318385571795,
              33.912907036301334
            ],
            [
              24.439318385571795,
              34.659407160678086
            ],
            [
              24.439318385571795,
              35.21928332272847
            ],
            [
              24.626002198896288,
              35.7791573472432
            ],
            [
              25.092720282350115,
              35.03266149793774
            ],
            [
              25.279395545532026,
              34.19284297979087
            ],
            [
              25.46608790899913,
              32.51321876871103
            ],
            [
              25.65276317218101,
              29.90046619585678
            ],
            [
              25.74610507884327,
              26.44790151746261
            ],
            [
              25.65276317218101,
              22.622084639344422
            ],
            [
              25.55942126551878,
              19.636075591694862
            ],
            [
              25.372737452194286,
              17.396579493635954
            ],
            [
              25.372737452194286,
              15.623639026321626
            ],
            [
              25.372737452194286,
              14.130634502496832
            ],
            [
              25.186053638869794,
              13.010886453467378
            ],
            [
              24.999369825545273,
              12.264382054019336
            ],
            [
              24.90602791888304,
              11.611198185877072
            ],
            [
              24.626002198896288,
              11.051317748755395
            ],
            [
              24.345985029052144,
              11.424565673408125
            ],
            [
              24.345985029052144,
              11.891129854295315
            ],
            [
              24.345985029052144,
              12.637638528814648
            ],
            [
              24.345985029052144,
              13.664070321609643
            ],
            [
              24.345985029052144,
              15.06376286427124
            ],
            [
              24.345985029052144,
              16.836703331585568
            ],
            [
              24.252634572247302,
              18.88957974238943
            ],
            [
              24.159292665585042,
              20.755832190866926
            ],
            [
              24.159292665585042,
              22.715392345436328
            ],
            [
              24.252634572247302,
              25.421461174525035
            ],
            [
              24.626002198896288,
              28.12752572854245
            ],
            [
              24.999369825545273,
              30.926906538794356
            ],
            [
              25.46608790899913,
              33.25972103062341
            ],
            [
              25.65276317218101,
              34.93934524170328
            ],
            [
              25.839455535648113,
              36.05909542826839
            ],
            [
              25.839455535648113,
              36.99222379004277
            ],
            [
              25.839455535648113,
              37.645411933256355
            ],
            [
              25.65276317218101,
              38.20528595777108
            ],
            [
              25.46608790899913,
              38.7651642573571
            ],
            [
              25.65276317218101,
              37.73872391441952
            ],
            [
              25.839455535648113,
              36.339037784364876
            ],
            [
              26.119472705492257,
              33.819595055138166
            ],
            [
              26.39949842547901,
              30.646968457769162
            ],
            [
              26.586190788946084,
              26.727837460952173
            ],
            [
              26.679524145465763,
              22.902020582833984
            ],
            [
              26.679524145465763,
              19.636075591694862
            ],
            [
              26.679524145465763,
              16.930015312748736
            ],
            [
              26.772866052127995,
              15.06376286427124
            ],
            [
              26.959558415595097,
              13.850698559007299
            ],
            [
              27.052891772114748,
              13.197510415793715
            ],
            [
              27.052891772114748,
              12.730946234906526
            ],
            [
              26.679524145465763,
              13.757386577844102
            ],
            [
              26.49284033214127,
              15.623639026321626
            ],
            [
              26.2128231622971,
              19.822703829092518
            ],
            [
              26.30615651881675,
              24.954896993637846
            ],
            [
              26.30615651881675,
              29.43390201496959
            ],
            [
              26.30615651881675,
              33.16640477438895
            ],
            [
              26.30615651881675,
              35.87247360347766
            ],
            [
              26.30615651881675,
              37.36547385223116
            ],
            [
              26.30615651881675,
              38.111976114143545
            ],
            [
              26.30615651881675,
              37.5520978145575
            ],
            [
              26.30615651881675,
              36.24572152813039
            ],
            [
              26.2128231622971,
              34.19284297979087
            ],
            [
              26.026130798830025,
              31.486780563309082
            ],
            [
              25.839455535648113,
              28.314153965940108
            ],
            [
              25.65276317218101,
              25.048208974801014
            ],
            [
              25.46608790899913,
              22.155520458457232
            ],
            [
              25.46608790899913,
              19.35613964820533
            ],
            [
              25.46608790899913,
              16.556767388096006
            ],
            [
              25.46608790899913,
              14.317262739894488
            ],
            [
              25.46608790899913,
              12.824258216069722
            ],
            [
              25.46608790899913,
              11.984446110529802
            ],
            [
              25.46608790899913,
              11.331262242387538
            ],
            [
              25.55942126551878,
              11.891129854295315
            ],
            [
              25.55942126551878,
              13.010886453467378
            ],
            [
              25.65276317218101,
              14.877134626873584
            ],
            [
              26.026130798830025,
              17.303263237401467
            ],
            [
              26.586190788946084,
              20.009332066490174
            ],
            [
              27.23957558543924,
              22.622084639344422
            ],
            [
              27.79962702541272,
              24.488332812750627
            ],
            [
              28.07964419525689,
              25.6080851368514
            ],
            [
              28.266328008581382,
              26.354585261228152
            ],
            [
              28.639695635230368,
              26.821149442115342
            ],
            [
              28.639695635230368,
              26.354585261228152
            ],
            [
              28.82637944855486,
              25.70140139308586
            ],
            [
              28.82637944855486,
              24.208396869261094
            ],
            [
              28.639695635230368,
              21.129080115519656
            ],
            [
              27.98631083873721,
              17.023323018840614
            ],
            [
              27.23957558543924,
              14.130634502496832
            ],
            [
              26.772866052127995,
              12.544322272580189
            ],
            [
              26.586190788946084,
              11.70451016704024
            ],
            [
              26.39949842547901,
              11.23794598615305
            ],
            [
              26.119472705492257,
              12.264382054019336
            ],
            [
              26.119472705492257,
              13.850698559007299
            ],
            [
              26.39949842547901,
              16.37013915069835
            ],
            [
              26.772866052127995,
              19.26282766704213
            ],
            [
              27.1462251286344,
              22.622084639344422
            ],
            [
              27.612943212088226,
              26.07464931773859
            ],
            [
              27.892960381932397,
              28.59408990942967
            ],
            [
              27.98631083873721,
              30.27371412050951
            ],
            [
              27.98631083873721,
              31.300154463447086
            ],
            [
              27.892960381932397,
              31.9533447441963
            ],
            [
              27.706276568607905,
              32.41990892508349
            ],
            [
              27.706276568607905,
              31.860028487961813
            ],
            [
              27.706276568607905,
              31.020216382421893
            ],
            [
              27.706276568607905,
              29.713840095994783
            ],
            [
              27.706276568607905,
              27.474341860400187
            ],
            [
              27.706276568607905,
              24.581644793913824
            ],
            [
              27.892960381932397,
              21.87558023989638
            ],
            [
              28.07964419525689,
              19.26282766704213
            ],
            [
              28.359678465386224,
              17.1166392750751
            ],
            [
              28.546362278710717,
              15.250391101668896
            ],
            [
              28.733037541892628,
              14.037318246262373
            ],
            [
              28.82637944855486,
              13.290822396956912
            ],
            [
              28.82637944855486,
              12.730946234906526
            ],
            [
              28.453011821905875,
              13.197510415793715
            ],
            [
              27.98631083873721,
              14.597198683384022
            ],
            [
              27.519592755283384,
              17.58320345596229
            ],
            [
              27.23957558543924,
              21.40901605900919
            ],
            [
              27.426259398763733,
              25.794709099177766
            ],
            [
              27.426259398763733,
              29.620530252367246
            ],
            [
              27.426259398763733,
              32.79315684973622
            ],
            [
              27.23957558543924,
              35.03266149793774
            ],
            [
              27.1462251286344,
              36.24572152813039
            ],
            [
              26.959558415595097,
              36.8989118088796
            ],
            [
              26.586190788946084,
              36.61897586539004
            ],
            [
              26.39949842547901,
              35.31259957896293
            ],
            [
              26.119472705492257,
              32.04665458782384
            ],
            [
              25.839455535648113,
              27.660961547655262
            ],
            [
              25.55942126551878,
              24.021768631863438
            ],
            [
              25.372737452194286,
              21.40901605900919
            ],
            [
              25.186053638869794,
              19.169519960950254
            ],
            [
              25.092720282350115,
              17.023323018840614
            ],
            [
              25.092720282350115,
              15.53032704515843
            ],
            [
              25.092720282350115,
              14.690510664547219
            ],
            [
              25.092720282350115,
              14.130634502496832
            ],
            [
              25.186053638869794,
              13.664070321609643
            ],
            [
              25.186053638869794,
              14.317262739894488
            ],
            [
              25.186053638869794,
              15.157074845434408
            ],
            [
              25.186053638869794,
              15.996886950974329
            ],
            [
              25.186053638869794,
              16.930015312748736
            ],
            [
              25.186053638869794,
              18.143079618012678
            ],
            [
              25.092720282350115,
              19.35613964820533
            ],
            [
              25.092720282350115,
              20.755832190866926
            ],
            [
              25.092720282350115,
              22.715392345436328
            ],
            [
              25.186053638869794,
              25.794709099177766
            ],
            [
              25.279395545532026,
              28.314153965940108
            ],
            [
              25.279395545532026,
              29.993778177019976
            ],
            [
              25.186053638869794,
              31.11352622604943
            ],
            [
              24.999369825545273,
              31.766718644334276
            ],
            [
              24.71935265570113,
              32.139966568987006
            ],
            [
              24.252634572247302,
              32.41990892508349
            ],
            [
              23.97261740240316,
              32.04665458782384
            ],
            [
              23.97261740240316,
              31.58009040693662
            ],
            [
              23.97261740240316,
              30.926906538794356
            ],
            [
              23.97261740240316,
              29.993778177019976
            ],
            [
              23.97261740240316,
              28.407463809567645
            ],
            [
              23.97261740240316,
              26.44790151746261
            ],
            [
              23.879266945598317,
              24.674961050148283
            ],
            [
              23.879266945598317,
              23.181956526323518
            ],
            [
              23.879266945598317,
              21.782272533804502
            ],
            [
              23.879266945598317,
              20.475896247377392
            ],
            [
              23.879266945598317,
              19.076203704715795
            ],
            [
              23.879266945598317,
              17.58320345596229
            ],
            [
              24.06595075892281,
              16.183510913300694
            ],
            [
              24.252634572247302,
              14.970446608036752
            ],
            [
              24.439318385571795,
              13.944014815241758
            ],
            [
              24.532660292234056,
              13.197510415793715
            ],
            [
              24.532660292234056,
              12.544322272580189
            ],
            [
              24.532660292234056,
              11.984446110529802
            ],
            [
              24.439318385571795,
              11.424565673408125
            ],
            [
              24.252634572247302,
              11.891129854295315
            ],
            [
              23.97261740240316,
              12.357694035182504
            ],
            [
              23.785925038936057,
              12.824258216069722
            ],
            [
              23.599249775754146,
              13.570754065375155
            ],
            [
              23.41255741228707,
              14.597198683384022
            ],
            [
              23.13253169230032,
              16.183510913300694
            ],
            [
              22.945856429118408,
              17.863143674523144
            ],
            [
              22.852514522456175,
              19.449455904439787
            ],
            [
              22.665822158989073,
              20.755832190866926
            ],
            [
              22.572488802469422,
              21.968892221059576
            ],
            [
              22.38579643900235,
              23.275268507486686
            ],
            [
              22.38579643900235,
              24.76827303131148
            ],
            [
              22.292454532340088,
              26.44790151746261
            ],
            [
              22.292454532340088,
              28.12752572854245
            ],
            [
              22.292454532340088,
              29.80714993962232
            ],
            [
              22.292454532340088,
              31.206842482283918
            ],
            [
              22.292454532340088,
              32.32659266884903
            ],
            [
              22.199121175820437,
              33.25972103062341
            ],
            [
              22.105779269158177,
              34.19284297979087
            ],
            [
              22.105779269158177,
              34.93934524170328
            ],
            [
              22.012428812353335,
              35.87247360347766
            ],
            [
              21.919095455833684,
              36.805595552645116
            ],
            [
              21.73241164250919,
              37.73872391441952
            ],
            [
              21.63906118570435,
              38.67185013865827
            ],
            [
              21.45238592252244,
              39.791602462759045
            ],
            [
              21.265693559055364,
              40.91135264932416
            ],
            [
              21.079018295873453,
              42.0311049734249
            ],
            [
              20.985676389211193,
              43.150853022454385
            ],
            [
              20.89232593240638,
              44.36391946525396
            ],
            [
              20.7989925758867,
              45.57698270175007
            ],
            [
              20.705650669224468,
              46.69673502585084
            ],
            [
              20.705650669224468,
              47.816484143648125
            ],
            [
              20.705650669224468,
              48.8429234178179
            ],
            [
              20.612308762562208,
              49.77604857328882
            ],
            [
              20.518975406042557,
              50.6158638851322
            ],
            [
              20.332283042575455,
              51.36236507827678
            ],
            [
              20.332283042575455,
              52.1088641338857
            ],
            [
              20.238941135913223,
              52.76205227709926
            ],
            [
              20.238941135913223,
              53.321929507917474
            ],
            [
              20.238941135913223,
              53.88180460120003
            ],
            [
              20.238941135913223,
              54.34836611016766
            ],
            [
              20.238941135913223,
              54.81493029105485
            ],
            [
              20.425624949237715,
              54.06842856352638
            ],
            [
              20.612308762562208,
              53.41524042031281
            ],
            [
              20.89232593240638,
              52.015553221490336
            ],
            [
              21.265693559055364,
              49.68273872966128
            ],
            [
              21.63906118570435,
              46.23017084496365
            ],
            [
              22.012428812353335,
              42.21772893575127
            ],
            [
              22.199121175820437,
              38.20528595777108
            ],
            [
              22.479146895807162,
              34.56609731705055
            ],
            [
              22.759164065651333,
              30.646968457769162
            ],
            [
              23.22588214910516,
              26.634521204717686
            ],
            [
              23.785925038936057,
              22.902020582833984
            ],
            [
              24.439318385571795,
              19.35613964820533
            ],
            [
              24.999369825545273,
              15.996886950974329
            ],
            [
              25.279395545532026,
              13.477450634354568
            ],
            [
              25.372737452194286,
              11.70451016704024
            ],
            [
              25.372737452194286,
              10.491437311633717
            ],
            [
              25.372737452194286,
              9.55832177507321
            ],
            [
              25.186053638869794,
              8.811813100553877
            ],
            [
              25.092720282350115,
              8.251945488646072
            ],
            [
              24.999369825545273,
              7.692069326595686
            ],
            [
              24.999369825545273,
              7.225505145708496
            ],
            [
              24.90602791888304,
              6.665624708586819
            ],
            [
              24.90602791888304,
              6.105748546536461
            ],
            [
              24.90602791888304,
              5.359252697231
            ],
            [
              24.90602791888304,
              4.612752572854248
            ],
            [
              24.90602791888304,
              3.8662524484774963
            ],
            [
              24.90602791888304,
              3.2130600301926506
            ],
            [
              24.81268601222078,
              2.6531795930709734
            ],
            [
              24.532660292234056,
              2.0
            ],
            [
              24.06595075892281,
              3.772936192243037
            ],
            [
              23.97261740240316,
              4.332816629364714
            ],
            [
              23.785925038936057,
              5.1726287349046345
            ],
            [
              23.599249775754146,
              6.292376783934117
            ],
            [
              23.41255741228707,
              7.5987530703612265
            ],
            [
              23.22588214910516,
              9.091757594185992
            ],
            [
              23.039189785638087,
              10.39813388061313
            ],
            [
              22.945856429118408,
              11.797817873132146
            ],
            [
              22.852514522456175,
              13.104189884487965
            ],
            [
              22.852514522456175,
              14.410570445986366
            ],
            [
              22.852514522456175,
              15.996886950974329
            ],
            [
              22.759164065651333,
              17.58320345596229
            ],
            [
              22.759164065651333,
              19.26282766704213
            ],
            [
              22.665822158989073,
              20.755832190866926
            ],
            [
              22.572488802469422,
              22.24882816454911
            ],
            [
              22.38579643900235,
              23.741832688373904
            ],
            [
              22.199121175820437,
              25.328144918290548
            ],
            [
              22.012428812353335,
              26.821149442115342
            ],
            [
              21.825753549171452,
              28.407463809567645
            ],
            [
              21.73241164250919,
              29.993778177019976
            ],
            [
              21.63906118570435,
              31.58009040693662
            ],
            [
              21.5457278291847,
              32.979782949598246
            ],
            [
              21.5457278291847,
              34.56609731705055
            ],
            [
              21.5457278291847,
              36.339037784364876
            ],
            [
              21.5457278291847,
              38.01866199544472
            ],
            [
              21.5457278291847,
              39.69828834406022
            ],
            [
              21.5457278291847,
              41.28460271151252
            ],
            [
              21.5457278291847,
              42.87091707896482
            ],
            [
              21.45238592252244,
              44.27060534655513
            ],
            [
              21.45238592252244,
              45.76360987037992
            ],
            [
              21.45238592252244,
              47.16329600043457
            ],
            [
              21.45238592252244,
              48.46967228686168
            ],
            [
              21.45238592252244,
              49.68273872966128
            ],
            [
              21.45238592252244,
              50.98911501608839
            ],
            [
              21.45238592252244,
              52.29549130251553
            ],
            [
              21.45238592252244,
              53.695177432570176
            ],
            [
              21.45238592252244,
              55.001554253381215
            ],
            [
              21.45238592252244,
              56.121306577481974
            ],
            [
              21.5457278291847,
              56.867808305010456
            ],
            [
              21.5457278291847,
              57.61430949815502
            ],
            [
              21.5457278291847,
              58.26749764136858
            ],
            [
              21.63906118570435,
              58.827372734651135
            ],
            [
              21.73241164250919,
              59.38724729354979
            ],
            [
              21.73241164250919,
              60.13374902107826
            ],
            [
              21.73241164250919,
              60.60031026285395
            ],
            [
              21.825753549171452,
              61.16018789446008
            ],
            [
              22.012428812353335,
              60.60031026285395
            ],
            [
              22.012428812353335,
              59.85381147443698
            ],
            [
              22.105779269158177,
              59.200623331223426
            ],
            [
              22.199121175820437,
              57.987557422807754
            ],
            [
              22.292454532340088,
              56.121306577481974
            ],
            [
              22.38579643900235,
              53.788491551269004
            ],
            [
              22.572488802469422,
              50.802487847458565
            ],
            [
              22.759164065651333,
              47.06998615680703
            ],
            [
              22.945856429118408,
              42.59097899793963
            ],
            [
              23.13253169230032,
              38.485226176331906
            ],
            [
              23.13253169230032,
              34.56609731705055
            ],
            [
              23.13253169230032,
              30.833590282559896
            ],
            [
              23.31922405576742,
              27.194397366768072
            ],
            [
              23.599249775754146,
              24.115084888097925
            ],
            [
              24.06595075892281,
              21.87558023989638
            ],
            [
              24.71935265570113,
              19.822703829092518
            ],
            [
              25.372737452194286,
              17.769827418288656
            ],
            [
              25.932788892167764,
              15.810262988647992
            ],
            [
              26.39949842547901,
              13.944014815241758
            ],
            [
              26.679524145465763,
              12.451010291416992
            ],
            [
              26.679524145465763,
              11.424565673408125
            ],
            [
              26.679524145465763,
              10.678069824102664
            ],
            [
              26.586190788946084,
              10.024873130746528
            ],
            [
              26.49284033214127,
              9.55832177507321
            ],
            [
              26.119472705492257,
              9.278377281441067
            ],
            [
              25.74610507884327,
              9.931569699725912
            ],
            [
              25.55942126551878,
              10.584757842939496
            ],
            [
              25.46608790899913,
              11.70451016704024
            ],
            [
              25.279395545532026,
              13.850698559007299
            ],
            [
              24.90602791888304,
              16.836703331585568
            ],
            [
              24.532660292234056,
              20.10263977258208
            ],
            [
              24.252634572247302,
              23.648520707210707
            ],
            [
              23.879266945598317,
              28.314153965940108
            ],
            [
              23.505899318949304,
              32.233282825221494
            ],
            [
              23.22588214910516,
              35.965783447105196
            ],
            [
              22.945856429118408,
              39.791602462759045
            ],
            [
              22.665822158989073,
              43.43079324101521
            ],
            [
              22.479146895807162,
              46.603421975919844
            ],
            [
              22.199121175820437,
              49.21617454877409
            ],
            [
              22.012428812353335,
              50.98911501608839
            ],
            [
              21.825753549171452,
              52.2021771838167
            ],
            [
              21.63906118570435,
              52.855365327030256
            ],
            [
              21.63906118570435,
              53.321929507917474
            ],
            [
              21.919095455833684,
              52.1088641338857
            ],
            [
              22.479146895807162,
              50.05598665431401
            ],
            [
              23.22588214910516,
              46.32348389489465
            ],
            [
              23.97261740240316,
              41.84447673602725
            ],
            [
              24.626002198896288,
              37.36547385223116
            ],
            [
              25.186053638869794,
              32.606530749874196
            ],
            [
              25.46608790899913,
              27.007777679512998
            ],
            [
              25.74610507884327,
              21.315708352917312
            ],
            [
              26.026130798830025,
              15.90357496981116
            ],
            [
              26.30615651881675,
              12.07775809169297
            ],
            [
              26.49284033214127,
              10.118193662052278
            ],
            [
              26.49284033214127,
              9.185065300277898
            ],
            [
              26.39949842547901,
              8.71850111939068
            ],
            [
              26.119472705492257,
              9.278377281441067
            ],
            [
              25.74610507884327,
              10.584757842939496
            ],
            [
              25.186053638869794,
              13.010886453467378
            ],
            [
              24.439318385571795,
              17.489887199727832
            ],
            [
              23.785925038936057,
              21.40901605900919
            ],
            [
              23.22588214910516,
              25.328144918290548
            ],
            [
              22.852514522456175,
              29.713840095994783
            ],
            [
              22.852514522456175,
              33.912907036301334
            ],
            [
              23.13253169230032,
              38.01866199544472
            ],
            [
              23.599249775754146,
              42.21772893575127
            ],
            [
              24.159292665585042,
              45.670295751681095
            ],
            [
              24.626002198896288,
              48.28304832453534
            ],
            [
              24.90602791888304,
              49.962675741918645
            ],
            [
              25.092720282350115,
              50.98911501608839
            ],
            [
              25.279395545532026,
              51.548989040603146
            ],
            [
              25.279395545532026,
              50.89580089738956
            ],
            [
              25.372737452194286,
              49.86936269198765
            ],
            [
              25.55942126551878,
              48.09642222467332
            ],
            [
              26.026130798830025,
              45.01710760846751
            ],
            [
              26.679524145465763,
              41.28460271151252
            ],
            [
              27.33290894195889,
              37.83203803311835
            ],
            [
              28.07964419525689,
              34.286159236025355
            ],
            [
              28.82637944855486,
              30.7402783013967
            ],
            [
              29.57311470185286,
              26.821149442115342
            ],
            [
              30.133166141826337,
              22.435456401946766
            ],
            [
              30.50653376847532,
              17.863143674523144
            ],
            [
              30.879901395124335,
              14.410570445986366
            ],
            [
              31.25326902177332,
              12.171074347927458
            ],
            [
              31.439952835097813,
              10.678069824102664
            ],
            [
              31.533303291902655,
              9.651629481165088
            ],
            [
              31.533303291902655,
              8.998445613022824
            ],
            [
              31.25326902177332,
              9.55832177507321
            ],
            [
              30.973243301786567,
              10.86469806150032
            ],
            [
              30.599875675137582,
              13.104189884487965
            ],
            [
              30.133166141826337,
              17.58320345596229
            ],
            [
              29.853140421839612,
              22.24882816454911
            ],
            [
              29.75979851517735,
              27.007777679512998
            ],
            [
              29.6664651586577,
              31.766718644334276
            ],
            [
              29.57311470185286,
              36.71228570901758
            ],
            [
              29.57311470185286,
              41.19128859281369
            ],
            [
              29.75979851517735,
              45.670295751681095
            ],
            [
              30.31984995515083,
              50.89580089738956
            ],
            [
              30.973243301786567,
              55.001554253381215
            ],
            [
              31.719978555084566,
              58.17418459143758
            ],
            [
              32.466705258239955,
              60.22706233820122
            ],
            [
              33.02675669821343,
              61.533437288668566
            ],
            [
              33.400124324862446,
              62.000000000000014
            ],
            [
              33.77349195151143,
              61.62675060579153
            ],
            [
              33.77349195151143,
              60.22706233820122
            ],
            [
              33.400124324862446,
              56.3079332117279
            ],
            [
              32.74673952836929,
              51.08242485971593
            ],
            [
              31.813320461746798,
              45.95023383270629
            ],
            [
              30.786568038604685,
              42.1244169545881
            ],
            [
              29.4797727951906,
              38.485226176331906
            ],
            [
              28.266328008581382,
              35.68584750361566
            ],
            [
              27.426259398763733,
              33.819595055138166
            ],
            [
              26.866207958790255,
              32.41990892508349
            ],
            [
              26.30615651881675,
              31.020216382421893
            ],
            [
              25.74610507884327,
              29.247275915107565
            ],
            [
              25.186053638869794,
              25.888021080340934
            ],
            [
              25.092720282350115,
              21.222392096682825
            ],
            [
              25.74610507884327,
              17.303263237401467
            ],
            [
              26.49284033214127,
              14.597198683384022
            ],
            [
              27.426259398763733,
              12.637638528814648
            ],
            [
              28.359678465386224,
              10.771381805265833
            ],
            [
              29.386430888528366,
              9.091757594185992
            ],
            [
              30.31984995515083,
              7.692069326595686
            ],
            [
              31.066585208448828,
              6.57231272742365
            ],
            [
              31.533303291902655,
              5.732496346812411
            ],
            [
              31.813320461746798,
              5.1726287349046345
            ],
            [
              31.906653818266477,
              4.612752572854248
            ],
            [
              31.533303291902655,
              5.265932165925221
            ],
            [
              31.439952835097813,
              6.292376783934117
            ],
            [
              31.533303291902655,
              8.345248919666687
            ],
            [
              31.719978555084566,
              11.424565673408125
            ],
            [
              32.00000427507132,
              15.716946732413504
            ],
            [
              32.373371901720304,
              20.755832190866926
            ],
            [
              32.5600557150448,
              24.674961050148283
            ],
            [
              32.65338907156445,
              27.75427780388975
            ],
            [
              32.65338907156445,
              30.646968457769162
            ],
            [
              32.65338907156445,
              33.63296895527614
            ],
            [
              32.466705258239955,
              36.432347627992385
            ],
            [
              32.373371901720304,
              38.67185013865827
            ],
            [
              32.373371901720304,
              40.631414568298965
            ],
            [
              32.373371901720304,
              42.21772893575127
            ],
            [
              32.28002144491546,
              43.52410522217838
            ],
            [
              32.28002144491546,
              44.830481508605516
            ],
            [
              32.28002144491546,
              45.95023383270629
            ],
            [
              32.28002144491546,
              46.976672038108205
            ],
            [
              32.466705258239955,
              47.90979826234695
            ],
            [
              32.5600557150448,
              48.656299455491535
            ],
            [
              32.74673952836929,
              49.30948759870509
            ]
          ],
          [
            [
              44.88117029417637,
              11.23794598615305
            ],
            [
              44.88117029417637,
              11.891129854295315
            ],
            [
              44.88117029417637,
              13.010886453467378
            ],
            [
              44.88117029417637,
              15.250391101668896
            ],
            [
              44.78781983737153,
              17.863143674523144
            ],
            [
              44.507785567242195,
              20.009332066490174
            ],
            [
              44.13443504087837,
              22.155520458457232
            ],
            [
              43.57437505076231,
              24.30170885042429
            ],
            [
              42.827648347606925,
              26.541213498625808
            ],
            [
              42.080913094308926,
              29.153966071480056
            ],
            [
              41.427511197530606,
              32.139966568987006
            ],
            [
              41.05414357088159,
              34.84603539807574
            ],
            [
              40.86746830769971,
              37.73872391441952
            ],
            [
              40.77413495118003,
              40.72472868699779
            ],
            [
              40.58744258771296,
              43.05754317882685
            ],
            [
              40.494100681050725,
              44.923793489768684
            ],
            [
              40.30740831758362,
              46.69673502585084
            ],
            [
              39.9340577912198,
              48.56298640556051
            ],
            [
              39.747365427752726,
              50.14929970424501
            ],
            [
              39.56067306428565,
              51.548989040603146
            ],
            [
              39.37399780110374,
              52.76205227709926
            ],
            [
              39.28066444458406,
              53.88180460120003
            ],
            [
              39.28066444458406,
              55.001554253381215
            ],
            [
              39.28066444458406,
              55.93468261515562
            ],
            [
              39.28066444458406,
              56.68118113638063
            ],
            [
              39.28066444458406,
              57.334369279594185
            ],
            [
              39.28066444458406,
              57.8942470447963
            ],
            [
              39.28066444458406,
              58.454121603694944
            ],
            [
              39.28066444458406,
              59.0139966969775
            ],
            [
              39.37399780110374,
              59.76049815731403
            ],
            [
              39.37399780110374,
              60.320372983404624
            ],
            [
              39.37399780110374,
              59.85381147443698
            ],
            [
              39.37399780110374,
              59.29393397642683
            ],
            [
              39.46733970776597,
              57.8942470447963
            ],
            [
              39.747365427752726,
              55.18818088762714
            ],
            [
              40.12073305440171,
              51.642303159301974
            ],
            [
              40.494100681050725,
              47.2566101191334
            ],
            [
              40.6807930445178,
              42.404355035613264
            ],
            [
              40.6807930445178,
              37.272159733532334
            ],
            [
              40.77413495118003,
              31.9533447441963
            ],
            [
              40.86746830769971,
              25.98133733657542
            ],
            [
              41.147494027686434,
              19.916015810255715
            ],
            [
              41.334177841010955,
              14.597198683384022
            ],
            [
              41.52087020447803,
              11.611198185877072
            ],
            [
              41.6141950108551,
              10.211505643215474
            ],
            [
              41.6141950108551,
              9.371693537675554
            ],
            [
              41.6141950108551,
              8.71850111939068
            ],
            [
              41.6141950108551,
              8.158629232411613
            ],
            [
              41.80087882417959,
              7.5987530703612265
            ],
            [
              41.987571187646665,
              7.03887690831084
            ],
            [
              42.26760545777603,
              6.479005021331773
            ],
            [
              42.54761407747759,
              6.012440840444555
            ],
            [
              42.920981704126575,
              5.359252697231
            ],
            [
              43.014315060646226,
              6.012440840444555
            ],
            [
              42.920981704126575,
              6.945569202218962
            ],
            [
              42.827648347606925,
              8.065317251248416
            ],
            [
              42.64096453428243,
              9.185065300277898
            ],
            [
              42.45427217081533,
              10.211505643215474
            ],
            [
              42.36093026415307,
              11.331262242387538
            ],
            [
              42.26760545777603,
              12.544322272580189
            ],
            [
              42.26760545777603,
              13.850698559007299
            ],
            [
              42.45427217081533,
              15.343698807760774
            ],
            [
              42.64096453428243,
              16.930015312748736
            ],
            [
              42.920981704126575,
              18.236391599175874
            ],
            [
              43.10766551745107,
              19.35613964820533
            ],
            [
              43.2010074241133,
              20.289268009979736
            ],
            [
              43.2010074241133,
              21.03576813435646
            ],
            [
              43.2010074241133,
              21.595644296406846
            ],
            [
              43.014315060646226,
              22.062208477294064
            ]
          ],
          [
            [
              43.9477426774113,
              14.970446608036752
            ],
            [
              42.920981704126575,
              15.623639026321626
            ],
            [
              41.987571187646665,
              16.836703331585568
            ],
            [
              40.86746830769971,
              19.076203704715795
            ],
            [
              40.400758774388464,
              25.048208974801014
            ],
            [
              40.96080166421936,
              32.51321876871103
            ],
            [
              40.86746830769971,
              35.7791573472432
            ],
            [
              40.6807930445178,
              38.20528595777108
            ],
            [
              40.21406641092136,
              39.97822642508538
            ],
            [
              39.84070733441496,
              41.19128859281369
            ],
            [
              39.37399780110374,
              42.0311049734249
            ],
            [
              39.00063017445473,
              42.4976648792408
            ],
            [
              38.25389492115676,
              42.404355035613264
            ],
            [
              37.88053584465035,
              41.471228811374516
            ],
            [
              37.60050157452102,
              39.13841431954546
            ],
            [
              37.413817761196526,
              35.31259957896293
            ],
            [
              37.50715966785876,
              30.7402783013967
            ],
            [
              37.413817761196526,
              25.6080851368514
            ],
            [
              37.133800591352355,
              20.755832190866926
            ],
            [
              36.85376632122302,
              17.303263237401467
            ],
            [
              36.480415794859226,
              15.343698807760774
            ],
            [
              36.293723431392124,
              14.037318246262373
            ],
            [
              36.10703106792505,
              13.384134378120109
            ],
            [
              35.36031291491224,
              13.757386577844102
            ],
            [
              34.800252924796155,
              15.250391101668896
            ],
            [
              34.24021003496526,
              19.72939184792935
            ],
            [
              34.14685957816042,
              25.888021080340934
            ],
            [
              34.42688529814717,
              31.673406663171107
            ],
            [
              34.800252924796155,
              37.45878797092999
            ],
            [
              34.893594831458415,
              41.75116689239971
            ],
            [
              34.893594831458415,
              44.64385754627915
            ],
            [
              34.98694528826326,
              46.79004593824621
            ],
            [
              35.17362055144514,
              48.37636244323417
            ],
            [
              35.54698817809415,
              49.30948759870509
            ],
            [
              35.92035580474314,
              49.68273872966128
            ],
            [
              36.480415794859226,
              49.496111561031455
            ],
            [
              37.227133947872034,
              48.18973527460432
            ],
            [
              38.160553014494496,
              44.083981384228764
            ],
            [
              38.81393781098765,
              37.83203803311835
            ],
            [
              38.53392919128609,
              31.300154463447086
            ],
            [
              37.78719393798809,
              24.39502510665875
            ],
            [
              36.94711677802786,
              17.303263237401467
            ],
            [
              36.01368916126279,
              11.891129854295315
            ],
            [
              35.36031291491224,
              8.71850111939068
            ],
            [
              35.08027864478291,
              7.7853813077588825
            ],
            [
              34.800252924796155,
              9.091757594185992
            ],
            [
              34.70691101813392,
              13.664070321609643
            ],
            [
              34.33354339148491,
              20.56920395346927
            ],
            [
              33.6801500448492,
              26.634521204717686
            ],
            [
              32.5600557150448,
              32.979782949598246
            ],
            [
              30.879901395124335,
              39.51166224419819
            ],
            [
              29.293097532008687,
              44.830481508605516
            ],
            [
              28.359678465386224,
              49.122860430075264
            ],
            [
              27.892960381932397,
              52.29549130251553
            ],
            [
              27.98631083873721,
              54.72161670673994
            ],
            [
              28.359678465386224,
              56.3079332117279
            ],
            [
              29.01306326187938,
              57.14774531726782
            ],
            [
              29.946482328501844,
              57.334369279594185
            ],
            [
              31.34661092843558,
              56.58787075836918
            ],
            [
              33.400124324862446,
              53.695177432570176
            ],
            [
              35.08027864478291,
              48.8429234178179
            ],
            [
              36.01368916126279,
              43.150853022454385
            ],
            [
              36.10703106792505,
              36.71228570901758
            ],
            [
              35.82702244822349,
              30.180404276881973
            ],
            [
              35.08027864478291,
              23.461896744884342
            ],
            [
              34.24021003496526,
              16.836703331585568
            ],
            [
              33.77349195151143,
              11.984446110529802
            ],
            [
              33.58680813818694,
              9.744941462328256
            ],
            [
              33.58680813818694,
              8.905129356788336
            ],
            [
              33.58680813818694,
              9.371693537675554
            ],
            [
              33.400124324862446,
              10.771381805265833
            ],
            [
              33.120107155018275,
              13.197510415793715
            ],
            [
              32.5600557150448,
              17.676515437125488
            ],
            [
              31.719978555084566,
              22.995332563997152
            ],
            [
              30.879901395124335,
              27.940899628680455
            ],
            [
              29.6664651586577,
              33.539659111648604
            ],
            [
              28.359678465386224,
              39.418352400570654
            ],
            [
              26.866207958790255,
              44.923793489768684
            ],
            [
              25.65276317218101,
              49.68273872966128
            ],
            [
              24.90602791888304,
              53.50855347024381
            ],
            [
              24.626002198896288,
              56.58787075836918
            ],
            [
              24.626002198896288,
              58.26749764136858
            ],
            [
              24.90602791888304,
              59.0139966969775
            ],
            [
              25.279395545532026,
              59.38724729354979
            ],
            [
              25.932788892167764,
              59.29393397642683
            ],
            [
              26.866207958790255,
              58.360808553763945
            ],
            [
              27.98631083873721,
              55.7480559809097
            ],
            [
              29.106405168541613,
              50.5225508352012
            ],
            [
              29.199747075203874,
              44.27060534655513
            ],
            [
              28.733037541892628,
              38.01866199544472
            ],
            [
              28.07964419525689,
              31.766718644334276
            ],
            [
              27.426259398763733,
              25.328144918290548
            ],
            [
              27.1462251286344,
              20.382579991142904
            ],
            [
              27.1462251286344,
              17.769827418288656
            ],
            [
              27.23957558543924,
              16.650075094187912
            ],
            [
              27.23957558543924,
              16.183510913300694
            ],
            [
              27.1462251286344,
              17.023323018840614
            ],
            [
              26.959558415595097,
              18.88957974238943
            ],
            [
              26.679524145465763,
              22.528772658181254
            ],
            [
              26.586190788946084,
              26.541213498625808
            ],
            [
              26.49284033214127,
              29.153966071480056
            ],
            [
              26.49284033214127,
              30.926906538794356
            ]
          ],
          [
            [
              18.932154442641746,
              19.26282766704213
            ],
            [
              18.932154442641746,
              20.289268009979736
            ],
            [
              18.932154442641746,
              21.40901605900919
            ],
            [
              18.932154442641746,
              22.715392345436328
            ],
            [
              18.838812535979486,
              24.115084888097925
            ],
            [
              18.745479179459835,
              25.98133733657542
            ],
            [
              18.4654449093305,
              29.153966071480056
            ],
            [
              18.27876964614859,
              30.553652201534703
            ],
            [
              18.092077282681515,
              31.860028487961813
            ],
            [
              17.905402019499604,
              33.16640477438895
            ],
            [
              17.812051562694762,
              34.379471217188524
            ],
            [
              17.812051562694762,
              35.965783447105196
            ],
            [
              17.812051562694762,
              37.83203803311835
            ],
            [
              17.812051562694762,
              39.791602462759045
            ],
            [
              17.812051562694762,
              41.37791683021135
            ],
            [
              17.905402019499604,
              42.59097899793963
            ],
            [
              17.905402019499604,
              43.43079324101521
            ],
            [
              17.905402019499604,
              44.17729336539196
            ],
            [
              17.905402019499604,
              44.830481508605516
            ],
            [
              17.905402019499604,
              45.297045689492705
            ],
            [
              17.905402019499604,
              45.76360987037992
            ],
            [
              17.905402019499604,
              46.23017084496365
            ],
            [
              18.185419189343747,
              46.79004593824621
            ],
            [
              18.37211155281085,
              47.2566101191334
            ],
            [
              18.55878681599276,
              47.90979826234695
            ],
            [
              18.745479179459835,
              48.8429234178179
            ],
            [
              18.932154442641746,
              49.58942461096245
            ],
            [
              19.11883825596624,
              50.335926872874836
            ],
            [
              19.30552206929073,
              51.08242485971593
            ],
            [
              19.492205882615224,
              52.015553221490336
            ],
            [
              19.585547789277484,
              52.855365327030256
            ],
            [
              19.77224015274456,
              53.788491551269004
            ],
            [
              19.95891541592647,
              54.53499274441357
            ],
            [
              19.95891541592647,
              55.281494471942054
            ],
            [
              20.05225732258873,
              55.841369030840696
            ],
            [
              20.145607779393572,
              55.09486783769613
            ],
            [
              19.95891541592647,
              52.482115264841894
            ],
            [
              19.585547789277484,
              47.90979826234695
            ],
            [
              19.2121801626285,
              43.80404116566794
            ],
            [
              18.932154442641746,
              39.88491230638658
            ],
            [
              18.652137272797603,
              36.15241168450285
            ],
            [
              18.4654449093305,
              32.139966568987006
            ],
            [
              18.185419189343747,
              27.474341860400187
            ],
            [
              17.905402019499604,
              23.181956526323518
            ],
            [
              17.62537629951285,
              19.72939184792935
            ],
            [
              17.62537629951285,
              17.1166392750751
            ],
            [
              17.438683936045777,
              14.317262739894488
            ],
            [
              17.252008672863866,
              9.931569699725912
            ],
            [
              17.158666766201634,
              7.03887690831084
            ],
            [
              17.158666766201634,
              5.545876659557365
            ],
            [
              17.158666766201634,
              4.51943631661976
            ],
            [
              17.158666766201634,
              3.8662524484774963
            ],
            [
              17.158666766201634,
              3.3996882675903066
            ],
            [
              17.158666766201634,
              3.9595601545694024
            ],
            [
              16.971982952877113,
              4.51943631661976
            ],
            [
              16.87864104621488,
              5.265932165925221
            ],
            [
              16.78529913955262,
              5.919128859281386
            ],
            [
              16.598615326228128,
              7.03887690831084
            ],
            [
              16.411931512903635,
              8.625193413298803
            ],
            [
              16.225247699579143,
              10.304821899449962
            ],
            [
              16.131905792916882,
              11.984446110529802
            ],
            [
              15.945213429449808,
              14.22395075873132
            ],
            [
              15.851880072930157,
              17.023323018840614
            ],
            [
              15.945213429449808,
              20.942451878122
            ],
            [
              16.131905792916882,
              24.208396869261094
            ],
            [
              16.411931512903635,
              27.28771362300253
            ],
            [
              16.78529913955262,
              31.9533447441963
            ],
            [
              16.971982952877113,
              35.40590942259047
            ],
            [
              16.87864104621488,
              37.08553363367031
            ],
            [
              16.69194868274778,
              38.578536019959444
            ],
            [
              16.505273419565896,
              39.97822642508538
            ],
            [
              16.505273419565896,
              41.28460271151252
            ],
            [
              16.505273419565896,
              42.311040916914465
            ],
            [
              16.69194868274778,
              43.150853022454385
            ],
            [
              16.971982952877113,
              43.89735528436677
            ],
            [
              17.345350579526126,
              44.64385754627915
            ],
            [
              17.71870965603253,
              45.20373157079388
            ],
            [
              18.092077282681515,
              45.670295751681095
            ],
            [
              18.27876964614859,
              45.01710760846751
            ],
            [
              18.37211155281085,
              44.17729336539196
            ],
            [
              18.55878681599276,
              42.4976648792408
            ],
            [
              18.745479179459835,
              39.88491230638658
            ],
            [
              18.932154442641746,
              37.08553363367031
            ],
            [
              18.932154442641746,
              33.819595055138166
            ],
            [
              19.025504899446588,
              29.80714993962232
            ],
            [
              19.025504899446588,
              25.6080851368514
            ],
            [
              19.025504899446588,
              22.062208477294064
            ],
            [
              19.11883825596624,
              19.72939184792935
            ],
            [
              19.11883825596624,
              18.143079618012678
            ],
            [
              19.2121801626285,
              16.930015312748736
            ],
            [
              19.2121801626285,
              15.90357496981116
            ],
            [
              19.2121801626285,
              15.06376286427124
            ],
            [
              19.2121801626285,
              14.130634502496832
            ],
            [
              19.2121801626285,
              13.197510415793715
            ],
            [
              19.2121801626285,
              12.357694035182504
            ],
            [
              19.2121801626285,
              11.517881929642584
            ],
            [
              19.2121801626285,
              10.584757842939496
            ],
            [
              19.2121801626285,
              9.838257718562744
            ],
            [
              19.2121801626285,
              9.091757594185992
            ],
            [
              19.2121801626285,
              8.531881432135606
            ],
            [
              19.2121801626285,
              7.972005270085248
            ],
            [
              18.838812535979486,
              8.531881432135606
            ],
            [
              18.652137272797603,
              9.55832177507321
            ],
            [
              18.37211155281085,
              11.23794598615305
            ],
            [
              17.812051562694762,
              13.944014815241758
            ],
            [
              17.158666766201634,
              17.023323018840614
            ],
            [
              16.411931512903635,
              20.56920395346927
            ],
            [
              16.03856388625465,
              23.741832688373904
            ],
            [
              15.665196259605636,
              26.44790151746261
            ],
            [
              15.385170539618912,
              30.7402783013967
            ],
            [
              15.105144819632159,
              36.339037784364876
            ],
            [
              14.918461006307666,
              39.88491230638658
            ],
            [
              15.011802912969898,
              42.777605097801654
            ],
            [
              15.011802912969898,
              45.297045689492705
            ],
            [
              15.011802912969898,
              46.88335898817721
            ],
            [
              14.918461006307666,
              47.90979826234695
            ],
            [
              14.825127649788016,
              48.74961036788687
            ],
            [
              14.825127649788016,
              49.21617454877409
            ],
            [
              14.918461006307666,
              48.46967228686168
            ],
            [
              15.105144819632159,
              46.603421975919844
            ],
            [
              15.665196259605636,
              42.59097899793963
            ],
            [
              16.225247699579143,
              37.45878797092999
            ],
            [
              16.69194868274778,
              32.04665458782384
            ],
            [
              16.87864104621488,
              26.541213498625808
            ],
            [
              16.78529913955262,
              21.03576813435646
            ],
            [
              16.505273419565896,
              16.37013915069835
            ],
            [
              16.03856388625465,
              13.477450634354568
            ],
            [
              15.571862903085986,
              11.611198185877072
            ],
            [
              15.291828632956651,
              10.678069824102664
            ],
            [
              14.918461006307666,
              10.211505643215474
            ],
            [
              14.545093379658681,
              11.051317748755395
            ],
            [
              14.35840956633416,
              12.637638528814648
            ],
            [
              14.171734303152277,
              16.930015312748736
            ],
            [
              13.985041939685175,
              22.062208477294064
            ],
            [
              13.985041939685175,
              26.167957023830468
            ],
            [
              14.265067659671928,
              31.300154463447086
            ],
            [
              14.451760023139002,
              37.5520978145575
            ],
            [
              14.35840956633416,
              41.56454079253771
            ],
            [
              14.35840956633416,
              45.76360987037992
            ],
            [
              13.985041939685175,
              49.58942461096245
            ],
            [
              13.51833240637393,
              52.1088641338857
            ],
            [
              13.051631423205293,
              53.97511765113103
            ],
            [
              12.678263796556308,
              55.374804849953506
            ],
            [
              12.304896169907295,
              56.3079332117279
            ],
            [
              12.11820380644022,
              56.96112135494147
            ],
            [
              12.491571433089206,
              55.09486783769613
            ],
            [
              13.238306686387205,
              50.802487847458565
            ],
            [
              13.61167431303619,
              44.830481508605516
            ],
            [
              13.51833240637393,
              38.7651642573571
            ],
            [
              13.051631423205293,
              32.139966568987006
            ],
            [
              12.584921889894048,
              25.888021080340934
            ],
            [
              12.211554263245063,
              19.449455904439787
            ],
            [
              11.93152854325831,
              13.477450634354568
            ],
            [
              11.838182361524758,
              9.744941462328256
            ],
            [
              11.838182361524758,
              8.065317251248416
            ],
            [
              11.838182361524758,
              7.41212055789228
            ],
            [
              11.464814734875773,
              8.531881432135606
            ],
            [
              11.464814734875773,
              12.264382054019336
            ],
            [
              11.371468553142222,
              18.143079618012678
            ],
            [
              11.18479328996034,
              22.808708601670787
            ],
            [
              11.18479328996034,
              27.567651704027725
            ],
            [
              11.278135196622571,
              32.69984700610868
            ],
            [
              11.278135196622571,
              38.20528595777108
            ],
            [
              11.464814734875773,
              43.24416714115321
            ],
            [
              11.744836179791236,
              47.90979826234695
            ],
            [
              11.838182361524758,
              51.26905202834578
            ],
            [
              11.93152854325831,
              53.50855347024381
            ],
            [
              11.93152854325831,
              55.09486783769613
            ],
            [
              11.93152854325831,
              56.2146201617969
            ],
            [
              11.838182361524758,
              56.867808305010456
            ],
            [
              11.838182361524758,
              57.334369279594185
            ],
            [
              12.02487044992057,
              56.58787075836918
            ],
            [
              12.678263796556308,
              55.374804849953506
            ],
            [
              14.078392396490017,
              52.57542831477289
            ],
            [
              16.131905792916882,
              48.00311131227795
            ],
            [
              18.27876964614859,
              42.96422906012802
            ],
            [
              20.7989925758867,
              37.645411933256355
            ],
            [
              23.505899318949304,
              31.860028487961813
            ],
            [
              26.49284033214127,
              25.98133733657542
            ],
            [
              29.4797727951906,
              21.315708352917312
            ],
            [
              31.626636648422306,
              19.169519960950254
            ],
            [
              32.74673952836929,
              18.236391599175874
            ],
            [
              33.400124324862446,
              17.769827418288656
            ],
            [
              33.77349195151143,
              17.489887199727832
            ],
            [
              34.24021003496526,
              20.382579991142904
            ],
            [
              36.387065338054384,
              28.314153965940108
            ],
            [
              40.21406641092136,
              37.5520978145575
            ],
            [
              45.16117891387793,
              46.88335898817721
            ],
            [
              49.82828279713294,
              54.161742147841295
            ],
            [
              52.16183046368914,
              57.61430949815502
            ],
            [
              52.81520671003969,
              58.64074583321326
            ],
            [
              52.81520671003969,
              57.05443226733682
            ],
            [
              50.948368576794735,
              51.08242485971593
            ],
            [
              48.89485518036787,
              43.7107313220404
            ],
            [
              47.4013846737719,
              36.432347627992385
            ],
            [
              46.001256073838164,
              29.06065409031686
            ],
            [
              45.06784555735828,
              20.662515934632438
            ],
            [
              44.88117029417637,
              13.944014815241758
            ],
            [
              45.25452082054019,
              10.491437311633717
            ],
            [
              45.44121318400727,
              9.091757594185992
            ],
            [
              45.62790554747437,
              8.531881432135606
            ],
            [
              45.25452082054019,
              9.838257718562744
            ],
            [
              44.78781983737153,
              11.70451016704024
            ],
            [
              43.9477426774113,
              15.810262988647992
            ],
            [
              43.2010074241133,
              20.475896247377392
            ],
            [
              42.827648347606925,
              25.23483721219867
            ],
            [
              42.64096453428243,
              30.087094433254435
            ],
            [
              42.54761407747759,
              34.56609731705055
            ],
            [
              42.64096453428243,
              38.39190992009745
            ],
            [
              42.54761407747759,
              41.097978749186154
            ],
            [
              42.45427217081533,
              43.150853022454385
            ],
            [
              42.45427217081533,
              44.55054342758032
            ],
            [
              42.45427217081533,
              45.48366965181907
            ],
            [
              42.45427217081533,
              46.136857795032626
            ],
            [
              42.920981704126575,
              46.136857795032626
            ],
            [
              43.10766551745107,
              45.57698270175007
            ],
            [
              43.57437505076231,
              44.17729336539196
            ],
            [
              44.22777694754063,
              40.258164506110575
            ],
            [
              44.414452210722544,
              34.84603539807574
            ],
            [
              44.414452210722544,
              29.620530252367246
            ],
            [
              44.321110304060284,
              24.115084888097925
            ],
            [
              44.13443504087837,
              18.609639523828577
            ],
            [
              44.13443504087837,
              14.037318246262373
            ],
            [
              44.321110304060284,
              10.024873130746528
            ],
            [
              44.60113602404704,
              8.158629232411613
            ],
            [
              44.78781983737153,
              7.50544108919803
            ],
            [
              44.97451220083863,
              6.945569202218962
            ],
            [
              44.6944779307093,
              7.5987530703612265
            ],
            [
              44.321110304060284,
              9.931569699725912
            ],
            [
              43.761050313944224,
              16.183510913300694
            ],
            [
              43.3876997875804,
              23.648520707210707
            ],
            [
              43.2010074241133,
              32.139966568987006
            ],
            [
              43.761050313944224,
              41.75116689239971
            ],
            [
              44.414452210722544,
              48.656299455491535
            ],
            [
              44.507785567242195,
              52.2021771838167
            ],
            [
              44.321110304060284,
              53.788491551269004
            ],
            [
              44.13443504087837,
              54.6283063287285
            ],
            [
              43.9477426774113,
              55.09486783769613
            ],
            [
              43.9477426774113,
              54.25505573215621
            ],
            [
              44.414452210722544,
              53.13530340805545
            ],
            [
              45.34787127734501,
              51.175738978414756
            ],
            [
              46.93468369060324,
              48.18973527460432
            ],
            [
              48.61482946038112,
              43.89735528436677
            ],
            [
              49.454898070198766,
              40.91135264932416
            ]
          ]
        ]
      }
    }
  ]
}