{
  "type": "FeatureCollection",
  "crs": {
    "type": "name",
    "properties": {
      "name": "urn:ogc:def:crs:OGC:1.3:CRS84"
    }
  },
  "features": [
    {
      "type": "Feature",
      "properties": {
        "timestamp": "2026-05-10T16:45:57.982105",
        "country_name": "Svalbard",
        "author": "No",
        "author_id": "2de8116b-b980-4b15-83ca-07451a815cef",
        "validated": false,
        "ranking": [
          [
            "Svalbard",
            0.29783985018730164
          ],
          [
            "Mozambique",
            0.07349967956542969
          ],
          [
            "Somalia",
            0.07303878664970398
          ],
          [
            "Faroe Islands",
            0.04288499057292938
          ],
          [
            "Fiji",
            0.021835725754499435
          ],
          [
            "Belize",
            0.018461110070347786
          ],
          [
            "Thailand",
            0.017564602196216583
          ],
          [
            "Greece",
            0.017203858122229576
          ],
          [
            "Vietnam",
            0.014459729194641113
          ],
          [
            "Canada",
            0.013887005858123302
          ],
          [
            "Bangladesh",
            0.012677516788244247
          ],
          [
            "South Korea",
            0.012600566260516644
          ],
          [
            "Jordan",
            0.011077621951699257
          ],
          [
            "Croatia",
            0.010922804474830627
          ],
          [
            "Sweden",
            0.010902239941060543
          ],
          [
            "Peru",
            0.01050025224685669
          ],
          [
            "Benin",
            0.010480902157723904
          ],
          [
            "Greenland",
            0.0104343481361866
          ],
          [
            "Argentina",
            0.01013622060418129
          ],
          [
            "Malawi",
            0.008796227164566517
          ],
          [
            "Myanmar",
            0.008114755153656006
          ],
          [
            "Guyana",
            0.007773177698254585
          ],
          [
            "Portugal",
            0.007536623626947403
          ],
          [
            "Rwanda",
            0.007500370964407921
          ],
          [
            "Tunisia",
            0.0073813567869365215
          ],
          [
            "Congo",
            0.006615028250962496
          ],
          [
            "Togo",
            0.006575027015060186
          ],
          [
            "Albania",
            0.006428807973861694
          ],
          [
            "United Kingdom",
            0.006367072928696871
          ],
          [
            "Spain",
            0.0062218583188951015
          ],
          [
            "Denmark",
            0.006191433407366276
          ],
          [
            "Norway",
            0.005965520162135363
          ],
          [
            "North Korea",
            0.005958015099167824
          ],
          [
            "Syria",
            0.005939588416367769
          ],
          [
            "Namibia",
            0.0058527481742203236
          ],
          [
            "Mayotte",
            0.005704294424504042
          ],
          [
            "Falkland Islands",
            0.005601063370704651
          ],
          [
            "Western Sahara",
            0.005492949392646551
          ],
          [
            "Taiwan",
            0.004900621250271797
          ],
          [
            "Italy",
            0.00470347935333848
          ],
          [
            "Tajikistan",
            0.0046983505599200726
          ],
          [
            "Vanuatu",
            0.004667294677346945
          ],
          [
            "Guadeloupe",
            0.004443695768713951
          ],
          [
            "Guam",
            0.004137061070650816
          ],
          [
            "India",
            0.0039552077651023865
          ],
          [
            "Ireland",
            0.0039086961187422276
          ],
          [
            "Finland",
            0.003866984508931637
          ],
          [
            "Montenegro",
            0.0035939363297075033
          ],
          [
            "Israel",
            0.0034869720693677664
          ],
          [
            "Netherlands",
            0.003451775060966611
          ],
          [
            "Guinea-Bissau",
            0.0034492281265556812
          ],
          [
            "South Georgia Islands",
            0.0034172458108514547
          ],
          [
            "Gabon",
            0.0034033649135380983
          ],
          [
            "Laos",
            0.003262108890339732
          ],
          [
            "Qatar",
            0.0032615303061902523
          ],
          [
            "Burundi",
            0.002891716780140996
          ],
          [
            "Switzerland",
            0.002775214146822691
          ],
          [
            "Australia",
            0.002704388229176402
          ],
          [
            "Senegal",
            0.0024953228421509266
          ],
          [
            "Papua New Guinea",
            0.0024549593217670918
          ],
          [
            "Azerbaijan",
            0.002433616202324629
          ],
          [
            "Philippines",
            0.0023830297868698835
          ],
          [
            "Burkina Faso",
            0.00215360289439559
          ],
          [
            "Afghanistan",
            0.0020480991806834936
          ],
          [
            "Sri Lanka",
            0.0020420842338353395
          ],
          [
            "Bahamas",
            0.002014458877965808
          ],
          [
            "North Macedonia",
            0.001883546938188374
          ],
          [
            "United States of America",
            0.0018457808764651418
          ],
          [
            "France",
            0.0017195550026372075
          ],
          [
            "Iceland",
            0.0017081008991226554
          ],
          [
            "Romania",
            0.0017066322034224868
          ],
          [
            "Russia",
            0.0016932960133999586
          ],
          [
            "Bahrain",
            0.001662550843320787
          ],
          [
            "Moldova",
            0.0016428837552666664
          ],
          [
            "Guinea",
            0.0016402725595980883
          ],
          [
            "Mexico",
            0.001616978319361806
          ],
          [
            "Slovakia",
            0.0015963180921971798
          ],
          [
            "Trinidad and Tobago",
            0.0015918122371658683
          ],
          [
            "Brunei",
            0.0015840042615309358
          ],
          [
            "Uzbekistan",
            0.001582292141392827
          ],
          [
            "Hong Kong",
            0.001498947269283235
          ],
          [
            "West Bank",
            0.0014953806530684233
          ],
          [
            "Estonia",
            0.001433022553101182
          ],
          [
            "Ukraine",
            0.001375852501951158
          ],
          [
            "Germany",
            0.0013421851908788085
          ],
          [
            "Serbia",
            0.0013335727853700519
          ],
          [
            "Saudi Arabia",
            0.0013063806109130383
          ],
          [
            "Turkmenistan",
            0.0012660014908760786
          ],
          [
            "Lesotho",
            0.0012256097979843616
          ],
          [
            "South Africa",
            0.0011749763507395983
          ],
          [
            "Madagascar",
            0.0011722521157935262
          ],
          [
            "Mauritania",
            0.0011387914419174194
          ],
          [
            "Cambodia",
            0.0011381573276594281
          ],
          [
            "Kyrgyzstan",
            0.0011068746680393815
          ],
          [
            "Belarus",
            0.001049784361384809
          ],
          [
            "El Salvador",
            0.0010362467728555202
          ],
          [
            "Antigua & Barbuda",
            0.0010052387369796634
          ],
          [
            "Eritrea",
            0.0009907059138640761
          ],
          [
            "Latvia",
            0.0009806627640500665
          ],
          [
            "New Zealand",
            0.0009802045533433557
          ],
          [
            "Lebanon",
            0.0009721073438413441
          ],
          [
            "Djibouti",
            0.0009030412184074521
          ],
          [
            "Angola",
            0.0008813907043077052
          ],
          [
            "Venezuela",
            0.0008594786049798131
          ],
          [
            "Nigeria",
            0.000856343365740031
          ],
          [
            "Costa Rica",
            0.0008460648241452873
          ],
          [
            "Mali",
            0.0008435479830950499
          ],
          [
            "Libya",
            0.000784535426646471
          ],
          [
            "Saint Lucia",
            0.0007742337766103446
          ],
          [
            "Guatemala",
            0.0007537223282270133
          ],
          [
            "Solomon Islands",
            0.0007502370281144977
          ],
          [
            "Honduras",
            0.0007449682452715933
          ],
          [
            "Cuba",
            0.0007392159895971417
          ],
          [
            "Algeria",
            0.0007115943590179086
          ],
          [
            "China",
            0.0007104022661224008
          ],
          [
            "Zambia",
            0.000706076854839921
          ],
          [
            "Dominica",
            0.0007001132471486926
          ],
          [
            "Lithuania",
            0.0006986992084421217
          ],
          [
            "Ethiopia",
            0.0006938412552699447
          ],
          [
            "Slovenia",
            0.0006910834927111864
          ],
          [
            "Chile",
            0.0006773601053282619
          ],
          [
            "Belgium",
            0.0006469372310675681
          ],
          [
            "Oman",
            0.0006371771451085806
          ],
          [
            "Brazil",
            0.0006248756544664502
          ],
          [
            "Yemen",
            0.0006220667855814099
          ],
          [
            "Czech Republic",
            0.0006180210039019585
          ],
          [
            "Iraq",
            0.0006093325209803879
          ],
          [
            "Chad",
            0.0006046161288395524
          ],
          [
            "Central African Republic",
            0.000588023744057864
          ],
          [
            "Kenya",
            0.000569572439417243
          ],
          [
            "Japan",
            0.0005690024117939174
          ],
          [
            "Heard and McDonald Islands",
            0.0005676127620972693
          ],
          [
            "Turkey",
            0.0005597664276137948
          ],
          [
            "Palau",
            0.0005290067056193948
          ],
          [
            "Kuwait",
            0.0005269985995255411
          ],
          [
            "Uganda",
            0.0005181072629056871
          ],
          [
            "French Guiana",
            0.0005147160263732076
          ],
          [
            "Sudan",
            0.0005142499576322734
          ],
          [
            "Indonesia",
            0.0005114064551889896
          ],
          [
            "Luxembourg",
            0.00048571426304988563
          ],
          [
            "Kazakhstan",
            0.00046922138426452875
          ],
          [
            "Bhutan",
            0.0004682968428824097
          ],
          [
            "Iran",
            0.0004568489093799144
          ],
          [
            "Suriname",
            0.0004513421736191958
          ],
          [
            "Martinique",
            0.00044432951835915446
          ],
          [
            "Armenia",
            0.0004359099257271737
          ],
          [
            "Cyprus",
            0.0004299973661545664
          ],
          [
            "Nepal",
            0.00041141442488878965
          ],
          [
            "Dominican Republic",
            0.00040980111225508153
          ],
          [
            "Côte d'Ivoire",
            0.0003970239486079663
          ],
          [
            "Bolivia",
            0.0003912012907676399
          ],
          [
            "Ghana",
            0.00039097454282455146
          ],
          [
            "Timor-Leste",
            0.00038505770498886704
          ],
          [
            "Turks and Caicos Islands",
            0.00038218434201553464
          ],
          [
            "Reunion",
            0.0003793345531448722
          ],
          [
            "Jamaica",
            0.00037724789581261575
          ],
          [
            "Colombia",
            0.00035703423782251775
          ],
          [
            "Isle of Man",
            0.00034531758865341544
          ],
          [
            "New Caledonia",
            0.00033926437026821077
          ],
          [
            "Kiribati",
            0.0003387981269042939
          ],
          [
            "Nicaragua",
            0.00033291440922766924
          ],
          [
            "Cameroon",
            0.00032335679861716926
          ],
          [
            "Mongolia",
            0.00031952009885571897
          ],
          [
            "Eswatini",
            0.00031872940598987043
          ],
          [
            "Haiti",
            0.0003169362316839397
          ],
          [
            "Georgia",
            0.000313572003506124
          ],
          [
            "Cape Verde",
            0.0003083432966377586
          ],
          [
            "Egypt",
            0.0003056223795283586
          ],
          [
            "Panama",
            0.00025867976364679635
          ],
          [
            "Puerto Rico",
            0.0002555500250309706
          ],
          [
            "Niger",
            0.00024852374917827547
          ],
          [
            "Equatorial Guinea",
            0.00024139767629094422
          ],
          [
            "Samoa",
            0.00022598369105253369
          ],
          [
            "Botswana",
            0.00022527188411913812
          ],
          [
            "Bulgaria",
            0.0002245062350993976
          ],
          [
            "Hungary",
            0.00022447282390203327
          ],
          [
            "South Sudan",
            0.00022086460376158357
          ],
          [
            "Liberia",
            0.00021649934933520854
          ],
          [
            "Ecuador",
            0.00021439864940475672
          ],
          [
            "Paraguay",
            0.0002130680368281901
          ],
          [
            "Zimbabwe",
            0.00020414833852555603
          ],
          [
            "DR Congo",
            0.0001877029426395893
          ],
          [
            "Sierra Leone",
            0.00018654869927559048
          ],
          [
            "Sao Tome and Principe",
            0.00018541178724262863
          ],
          [
            "Morocco",
            0.00018101243767887354
          ],
          [
            "United States Virgin Islands",
            0.00017617057892493904
          ],
          [
            "Poland",
            0.0001723451423458755
          ],
          [
            "Bosnia & Herzegovina",
            0.00016142781532835215
          ],
          [
            "Pakistan",
            0.00015263516979757696
          ],
          [
            "Comoros",
            0.0001483847590861842
          ],
          [
            "Uruguay",
            0.00014086671581026167
          ],
          [
            "Malaysia",
            0.00011829225695692003
          ],
          [
            "Barbados",
            0.0001097971253329888
          ],
          [
            "Tanzania",
            0.00010055373422801495
          ],
          [
            "Gambia",
            9.408908954355866e-05
          ],
          [
            "United Arab Emirates",
            9.02362444321625e-05
          ],
          [
            "Austria",
            5.83082546654623e-05
          ],
          [
            "Netherlands Antilles",
            5.241003600531258e-05
          ],
          [
            "Madeira Islands",
            4.297044506529346e-05
          ]
        ]
      },
      "geometry": {
        "type": "MultiLineString",
        "coordinates": [
          [
            [
              26.111151969206333,
              45.9068823278746
            ],
            [
              25.86830607938714,
              46.81781238856331
            ],
            [
              25.746890087951044,
              47.425100949948785
            ],
            [
              25.746890087951044,
              47.91093179905715
            ],
            [
              25.80760225575318,
              48.275302154499
            ],
            [
              26.353986733467934,
              48.21457607974986
            ],
            [
              26.90037677396151,
              47.78947408678005
            ],
            [
              26.90037677396151,
              47.78947408678005
            ],
            [
              27.507476200867814,
              46.87854402609128
            ],
            [
              27.993151292169784,
              45.603240828571245
            ],
            [
              28.41812534122721,
              43.78137792580435
            ],
            [
              28.78237887831432,
              41.59514188620619
            ],
            [
              29.14663797818025,
              39.5303663402745
            ],
            [
              29.571603683069497,
              37.587042943841084
            ],
            [
              29.935862782935374,
              35.70445396632499
            ],
            [
              30.360834050603444,
              33.882591063558095
            ],
            [
              30.725090369079965,
              32.182183091678894
            ],
            [
              30.967933477509746,
              30.481775119799636
            ],
            [
              31.150061636747978,
              28.659917779811508
            ],
            [
              31.210773804550172,
              27.020244226849627
            ],
            [
              31.27147762818413,
              25.441293967247532
            ],
            [
              31.27147762818413,
              23.9230781265627
            ],
            [
              31.210773804550172,
              22.526308872597383
            ],
            [
              31.08934946894584,
              21.25100845646682
            ],
            [
              30.90722409109702,
              20.03643133369593
            ],
            [
              30.725090369079965,
              19.064769635479195
            ],
            [
              30.542962209841676,
              18.153842356179837
            ],
            [
              30.23941249638858,
              17.364372789157585
            ],
            [
              29.996574950737568,
              16.696355371633615
            ],
            [
              29.75373462369714,
              16.149795666386694
            ],
            [
              29.328766137418484,
              15.481778248862724
            ],
            [
              28.903800432529238,
              14.874495250256075
            ],
            [
              28.478829164861168,
              14.327929982230387
            ],
            [
              27.93244190575706,
              13.84209913312202
            ],
            [
              27.386051865263482,
              13.477731559069582
            ],
            [
              26.778955219746592,
              13.174087278376874
            ],
            [
              26.111151969206333,
              13.052629566099768
            ],
            [
              25.38263098808511,
              12.991900709961214
            ],
            [
              24.71482773754485,
              13.052629566099768
            ],
            [
              23.986303975034275,
              13.29554499065398
            ],
            [
              22.954238843238727,
              13.84209913312202
            ],
            [
              21.861464325030397,
              14.63157982570192
            ],
            [
              20.829396411845437,
              15.72469367341688
            ],
            [
              19.97945943928812,
              17.182186220741983
            ],
            [
              19.25094123955631,
              18.88258862984236
            ],
            [
              18.76526614825434,
              20.582996601721618
            ],
            [
              18.401004266999053,
              22.101212442406393
            ],
            [
              18.15816672134804,
              23.55870498973144
            ],
            [
              18.097454553545845,
              24.89473426200061
            ],
            [
              18.097454553545845,
              26.291497953187104
            ],
            [
              18.15816672134804,
              27.38461180090212
            ],
            [
              18.279585494173546,
              28.295544642980303
            ],
            [
              18.46171643480119,
              29.692305552777384
            ],
            [
              18.76526614825434,
              31.028340387825324
            ],
            [
              19.068815861707492,
              32.303643585345355
            ],
            [
              19.37236001238182,
              33.45748350780951
            ],
            [
              19.67590972583497,
              34.672060630580404
            ],
            [
              19.918752834264808,
              35.70445396632499
            ],
            [
              20.222296984939135,
              36.676107320373546
            ],
            [
              20.525846698392286,
              37.587042943841084
            ],
            [
              20.70797763901993,
              38.497975785919266
            ],
            [
              20.89010579825822,
              39.287450915720285
            ],
            [
              21.193655511711313,
              40.07692326413195
            ],
            [
              21.43649583875174,
              40.86639283115426
            ],
            [
              21.679333384402753,
              41.65587074234469
            ],
            [
              21.861464325030397,
              42.323885378479304
            ],
            [
              22.04359248426863,
              43.05263165214183
            ],
            [
              22.225720643506918,
              43.599188575999335
            ],
            [
              22.347139416332425,
              44.20647713738475
            ],
            [
              22.347139416332425,
              44.87449455490872
            ],
            [
              22.347139416332425,
              45.42105147876623
            ],
            [
              22.225720643506918,
              45.96760840262374
            ],
            [
              21.861464325030397,
              46.87854402609128
            ],
            [
              21.375783670949602,
              47.97166065519565
            ],
            [
              20.829396411845437,
              48.943322353412384
            ],
            [
              20.222296984939135,
              49.67206445499079
            ],
            [
              19.67590972583497,
              50.27935301637626
            ],
            [
              19.129522466730805,
              50.643726153207524
            ],
            [
              18.704553980452147,
              50.947369043205526
            ],
            [
              18.34029488058627,
              51.25101054250882
            ],
            [
              18.03674516713312,
              51.433199892313894
            ],
            [
              17.793907621482106,
              51.615383679340084
            ],
            [
              17.42964852161623,
              51.858299103894296
            ],
            [
              17.611779462243874,
              52.10121452844845
            ],
            [
              18.03674516713312,
              52.34412995300261
            ],
            [
              18.704553980452147,
              52.647772843000666
            ],
            [
              19.493781566596738,
              53.01214597983193
            ],
            [
              20.465140093368916,
              53.31578886982993
            ],
            [
              21.618626779379383,
              53.619434541217345
            ],
            [
              22.893529456825945,
              53.92307743121535
            ],
            [
              24.168432134272507,
              54.22672171190811
            ],
            [
              25.50405254230003,
              54.408908280323715
            ],
            [
              26.778955219746592,
              54.46963713646227
            ],
            [
              28.05386067858251,
              54.53036599260082
            ],
            [
              29.20735014598239,
              54.53036599260082
            ],
            [
              30.23941249638858,
              54.46963713646227
            ],
            [
              31.27147762818413,
              54.408908280323715
            ],
            [
              32.18212676854358,
              54.34817942418516
            ],
            [
              33.03206374110084,
              54.16599285576956
            ],
            [
              33.76058194083265,
              54.10526539032571
            ],
            [
              34.42838797276232,
              54.04453514349245
            ],
            [
              34.97477523186649,
              53.8623499657715
            ],
            [
              35.46045588594728,
              53.74089225349445
            ],
            [
              35.824712204423804,
              53.558704294384086
            ],
            [
              36.128261917876955,
              53.37651911666319
            ],
            [
              36.37109946352791,
              53.194331157552824
            ],
            [
              36.856780117608764,
              52.769230555277716
            ],
            [
              37.09962044464913,
              52.46558766527971
            ],
            [
              37.463879544515066,
              52.1619419938923
            ],
            [
              37.76742925796822,
              51.858299103894296
            ],
            [
              38.19239496285746,
              51.615383679340084
            ],
            [
              38.61736901191489,
              51.37246825478593
            ],
            [
              39.16375348962964,
              51.06882675548263
            ],
            [
              39.71014631151263,
              50.82591133092842
            ],
            [
              40.31724573841893,
              50.582995906374265
            ],
            [
              40.98504620756978,
              50.27935301637626
            ],
            [
              41.7742710123249,
              50.0971650572659
            ],
            [
              42.502794774835536,
              49.914979879545
            ],
            [
              43.23130741178852,
              49.854252414101154
            ],
            [
              44.20266871995011,
              49.914979879545
            ],
            [
              45.538280783809455,
              50.0971650572659
            ],
            [
              46.99531718327307,
              50.52226844093042
            ],
            [
              48.3916414149345,
              51.06882675548263
            ],
            [
              49.66654687377047,
              51.615383679340084
            ],
            [
              50.88074016480431,
              52.22267224072556
            ],
            [
              51.973520245791406,
              52.769230555277716
            ],
            [
              52.884163823372035,
              53.194331157552824
            ],
            [
              53.49126325027834,
              53.49797682894024
            ],
            [
              53.976938341580365,
              53.68016200666119
            ],
            [
              54.280488055033516,
              53.8623499657715
            ],
            [
              54.644749936288804,
              54.04453514349245
            ],
            [
              54.948299649741955,
              54.10526539032571
            ],
            [
              55.00901181754409,
              54.408908280323715
            ],
            [
              54.88759304471864,
              54.71254977962701
            ],
            [
              54.76616870911431,
              55.07692291645833
            ],
            [
              54.644749936288804,
              55.50202351873338
            ],
            [
              54.46261899566116,
              56.0485832239803
            ],
            [
              54.280488055033516,
              56.59514292922722
            ],
            [
              54.09836267718464,
              57.14170124377938
            ],
            [
              53.85552513153368,
              57.6882609490263
            ],
            [
              53.67339419090598,
              58.1133601606067
            ],
            [
              53.4305510824762,
              58.53846215357652
            ],
            [
              53.24842570462738,
              58.963562755851626
            ],
            [
              52.94487599117417,
              59.32793589268289
            ],
            [
              52.58061410991888,
              59.7530378856527
            ],
            [
              52.27706439646573,
              60.056680775650705
            ],
            [
              51.912813640768036,
              60.421053912481966
            ],
            [
              51.48783959171061,
              60.724698193174675
            ],
            [
              51.06287110543195,
              60.967610836339475
            ],
            [
              50.637902619153294,
              61.271255812379536
            ],
            [
              50.09151536004913,
              61.45344238079514
            ],
            [
              49.545128100944964,
              61.6356289492108
            ],
            [
              48.9987408418408,
              61.8178155176264
            ],
            [
              48.45235358273669,
              61.87854437376495
            ],
            [
              47.905966323632526,
              62.0
            ],
            [
              47.4202912323305,
              62.0
            ],
            [
              46.87389284766874,
              62.0
            ],
            [
              46.44892992416891,
              62.0
            ],
            [
              45.96324927008811,
              62.0
            ],
            [
              45.59899295161159,
              62.0
            ],
            [
              45.29544323815844,
              61.93927114386145
            ],
            [
              44.93118135690315,
              61.75708666148785
            ],
            [
              44.50621843340332,
              61.6356289492108
            ],
            [
              44.08124438434584,
              61.45344238079514
            ],
            [
              43.59556929304381,
              61.271255812379536
            ],
            [
              43.17060080676521,
              61.08906924396388
            ],
            [
              42.80634448828869,
              60.90688198020092
            ],
            [
              42.4420826070334,
              60.78542704931323
            ],
            [
              42.13853289358025,
              60.724698193174675
            ],
            [
              41.895695347929234,
              60.54251162475907
            ],
            [
              41.410020256627206,
              60.48178276862052
            ],
            [
              41.106470543174055,
              60.48178276862052
            ],
            [
              41.167177148197425,
              60.056680775650705
            ],
            [
              41.167177148197425,
              59.7530378856527
            ],
            [
              40.802920829720904,
              59.99595191951215
            ],
            [
              40.56007772129112,
              60.23886734406631
            ],
            [
              40.25652800783797,
              60.421053912481966
            ],
            [
              39.83155952155931,
              60.54251162475907
            ],
            [
              39.28517226245515,
              60.66396933703612
            ],
            [
              38.981622549002,
              60.90688198020092
            ],
            [
              38.61736901191489,
              61.08906924396388
            ],
            [
              38.13168557644468,
              61.14979810010243
            ],
            [
              37.58529831734057,
              61.271255812379536
            ],
            [
              37.038908276846996,
              61.33198466851809
            ],
            [
              36.55323318554497,
              61.45344238079514
            ],
            [
              36.128261917876955,
              61.574900093072245
            ],
            [
              35.642584045185515,
              61.6356289492108
            ],
            [
              35.15690617249413,
              61.6356289492108
            ],
            [
              34.731937686215474,
              61.69635780534935
            ],
            [
              34.36768136773901,
              61.69635780534935
            ],
            [
              34.00342226787308,
              61.69635780534935
            ],
            [
              33.4570322273795,
              61.69635780534935
            ],
            [
              32.91064774966475,
              61.6356289492108
            ],
            [
              32.303548322758445,
              61.574900093072245
            ],
            [
              31.635739509439418,
              61.51417123693369
            ],
            [
              30.967933477509746,
              61.33198466851809
            ],
            [
              30.421540655626814,
              61.21052695624098
            ],
            [
              29.87515339652265,
              61.08906924396388
            ],
            [
              29.268059532395114,
              60.967610836339475
            ],
            [
              28.66096010548881,
              60.78542704931323
            ],
            [
              28.05386067858251,
              60.66396933703612
            ],
            [
              27.507476200867814,
              60.54251162475907
            ],
            [
              26.961086160374236,
              60.36032505634341
            ],
            [
              26.293277347055152,
              60.23886734406631
            ],
            [
              25.625468533736125,
              60.11740963178926
            ],
            [
              25.018369106829823,
              59.9352230633736
            ],
            [
              24.289853688487426,
              59.7530378856527
            ],
            [
              23.500626102342835,
              59.44939360495994
            ],
            [
              22.711401297587713,
              59.20647818040578
            ],
            [
              22.04359248426863,
              58.963562755851626
            ],
            [
              21.315077065926232,
              58.65991986585357
            ],
            [
              20.586558866194423,
              58.41700444129941
            ],
            [
              19.858040666462614,
              58.174089016745256
            ],
            [
              19.068815861707492,
              57.87044473605249
            ],
            [
              18.401004266999053,
              57.566803236749195
            ],
            [
              17.793907621482106,
              57.32388781219504
            ],
            [
              17.186808194575804,
              57.020243531502274
            ],
            [
              16.458292776233407,
              56.65587178536572
            ],
            [
              15.729773185806891,
              56.230769792395904
            ],
            [
              15.001256376769788,
              55.684211477843746
            ],
            [
              14.21203018131996,
              55.01619266962507
            ],
            [
              13.54421997730617,
              54.46963713646227
            ],
            [
              12.876413945376555,
              53.92307743121535
            ],
            [
              12.330025295577684,
              53.37651911666319
            ],
            [
              11.905056809299026,
              52.769230555277716
            ],
            [
              11.601508486540581,
              52.34412995300261
            ],
            [
              11.358669550194861,
              51.979756816171346
            ],
            [
              11.176538609567217,
              51.67611531686805
            ],
            [
              11.115832004543904,
              51.37246825478593
            ],
            [
              11.480088323020368,
              51.31174218003679
            ],
            [
              11.844346032191595,
              51.37246825478593
            ],
            [
              12.269314518470253,
              51.493925967063035
            ],
            [
              12.694283004748911,
              51.67611531686805
            ],
            [
              13.119251491027512,
              51.858299103894296
            ],
            [
              13.604930754413658,
              52.10121452844845
            ],
            [
              14.029899240692316,
              52.404857418446454
            ],
            [
              14.454867726970974,
              52.70850308983387
            ],
            [
              14.819125436142144,
              52.89068826755482
            ],
            [
              15.244096703810214,
              53.13360369210898
            ],
            [
              15.669066580783579,
              53.31578886982993
            ],
            [
              16.03332428995475,
              53.558704294384086
            ],
            [
              16.458292776233407,
              53.68016200666119
            ],
            [
              16.761842489686558,
              53.92307743121535
            ],
            [
              17.06539220313971,
              54.22672171190811
            ],
            [
              16.761842489686558,
              54.71254977962701
            ],
            [
              16.03332428995475,
              55.19838062873538
            ],
            [
              15.001256376769788,
              55.684211477843746
            ],
            [
              13.90848046786681,
              56.109312080118855
            ],
            [
              12.997832718202062,
              56.29149864853446
            ],
            [
              12.269314518470253,
              56.41295636081156
            ],
            [
              11.78363803647352,
              56.41295636081156
            ],
            [
              11.480088323020368,
              56.35222750467301
            ],
            [
              11.844346032191595,
              56.473685216950116
            ],
            [
              12.390736072685115,
              56.59514292922722
            ],
            [
              13.058543495309493,
              56.77732810694812
            ],
            [
              13.847769690759321,
              56.83805696308667
            ],
            [
              14.57628789049113,
              56.95951467536378
            ],
            [
              15.244096703810214,
              56.95951467536378
            ],
            [
              15.911905517129242,
              56.95951467536378
            ],
            [
              16.458292776233407,
              56.95951467536378
            ],
            [
              16.94397064892479,
              56.83805696308667
            ],
            [
              17.36894191659286,
              56.77732810694812
            ],
            [
              17.854617007894888,
              56.77732810694812
            ],
            [
              18.279585494173546,
              56.65587178536572
            ],
            [
              18.76526614825434,
              56.65587178536572
            ],
            [
              19.25094123955631,
              56.59514292922722
            ],
            [
              19.554490953009463,
              56.59514292922722
            ],
            [
              20.161590379915765,
              56.65587178536572
            ],
            [
              20.70797763901993,
              56.77732810694812
            ],
            [
              21.193655511711313,
              56.83805696308667
            ],
            [
              21.618626779379383,
              56.95951467536378
            ],
            [
              22.04359248426863,
              56.95951467536378
            ],
            [
              22.347139416332425,
              56.95951467536378
            ],
            [
              22.893529456825945,
              56.95951467536378
            ],
            [
              23.197076388889684,
              56.95951467536378
            ],
            [
              23.500626102342835,
              56.95951467536378
            ],
            [
              23.8041785971854,
              56.898785819225225
            ],
            [
              24.229144302074644,
              56.83805696308667
            ],
            [
              24.593403401940577,
              56.77732810694812
            ],
            [
              25.018369106829823,
              56.65587178536572
            ],
            [
              25.50405254230003,
              56.65587178536572
            ],
            [
              26.050439801404195,
              56.65587178536572
            ],
            [
              26.778955219746592,
              56.71660064150427
            ],
            [
              27.689601578716633,
              56.77732810694812
            ],
            [
              28.72166671051218,
              56.95951467536378
            ],
            [
              29.693025237284417,
              57.20243009991793
            ],
            [
              30.664383764056595,
              57.38461666833359
            ],
            [
              31.696448895852143,
              57.566803236749195
            ],
            [
              32.607098036211596,
              57.809715879913995
            ],
            [
              33.51774717657105,
              58.05263130446815
            ],
            [
              34.36768136773901,
              58.1133601606067
            ],
            [
              35.09619678608141,
              58.23481787288375
            ],
            [
              35.70329621298771,
              58.35627558516086
            ],
            [
              36.18897130428968,
              58.41700444129941
            ],
            [
              36.55323318554497,
              58.477733297437965
            ],
            [
              36.856780117608764,
              58.477733297437965
            ],
            [
              37.160329831061915,
              58.35627558516086
            ],
            [
              37.34245799030015,
              58.1133601606067
            ],
            [
              37.34245799030015,
              57.809715879913995
            ],
            [
              37.58529831734057,
              57.566803236749195
            ],
            [
              37.88884524940431,
              57.38461666833359
            ],
            [
              38.13168557644468,
              57.20243009991793
            ],
            [
              38.31381929846174,
              56.83805696308667
            ],
            [
              38.13168557644468,
              56.53441407308867
            ],
            [
              37.76742925796822,
              56.230769792395904
            ],
            [
              37.403170158102284,
              56.109312080118855
            ],
            [
              37.038908276846996,
              55.98785436784175
            ],
            [
              36.73536134478326,
              55.927125511703196
            ],
            [
              36.37109946352791,
              55.8663966555647
            ],
            [
              36.067555312853585,
              55.74493894328759
            ],
            [
              35.52116249097065,
              55.805667799426146
            ],
            [
              35.21762112168568,
              55.927125511703196
            ],
            [
              34.91407140823253,
              55.98785436784175
            ],
            [
              34.61052169477938,
              56.0485832239803
            ],
            [
              34.30697198132623,
              56.0485832239803
            ],
            [
              33.94271010007094,
              56.0485832239803
            ],
            [
              33.63916038661779,
              56.0485832239803
            ],
            [
              33.15348251392635,
              56.0485832239803
            ],
            [
              32.54638586840946,
              56.0485832239803
            ],
            [
              31.87857705509043,
              56.0485832239803
            ],
            [
              31.150061636747978,
              55.98785436784175
            ],
            [
              30.30012466419072,
              55.927125511703196
            ],
            [
              29.389475523831265,
              55.927125511703196
            ],
            [
              28.478829164861168,
              55.8663966555647
            ],
            [
              27.56818558728054,
              55.684211477843746
            ],
            [
              26.778955219746592,
              55.56275376556664
            ],
            [
              25.989727633602,
              55.441296053289534
            ],
            [
              25.321918820282974,
              55.319838341012485
            ],
            [
              24.71482773754485,
              55.259108094179226
            ],
            [
              24.168432134272507,
              55.13765038190212
            ],
            [
              23.622044875168342,
              55.07692291645833
            ],
            [
              23.13636978386637,
              55.07692291645833
            ],
            [
              22.83282007041322,
              55.01619266962507
            ],
            [
              22.52927035696007,
              54.95546520418122
            ],
            [
              22.165014038483548,
              54.77327724507086
            ],
            [
              21.80075215722826,
              54.65182370487787
            ],
            [
              21.375783670949602,
              54.53036599260082
            ],
            [
              20.89010579825822,
              54.34817942418516
            ],
            [
              20.465140093368916,
              54.10526539032571
            ],
            [
              20.040168825700903,
              53.8016197189383
            ],
            [
              19.493781566596738,
              53.49797682894024
            ],
            [
              18.886684921079848,
              53.13360369210898
            ],
            [
              18.34029488058627,
              52.70850308983387
            ],
            [
              17.73319823506938,
              52.22267224072556
            ],
            [
              17.12609880816308,
              51.797573029145155
            ],
            [
              16.39758060843127,
              51.25101054250882
            ],
            [
              15.851193349327104,
              50.582995906374265
            ],
            [
              15.244096703810214,
              49.914979879545
            ],
            [
              14.515579894773111,
              49.12550614043863
            ],
            [
              13.787060304346596,
              48.21457607974986
            ],
            [
              13.240673045242431,
              47.242914381533126
            ],
            [
              12.694283004748911,
              46.39271317698291
            ],
            [
              12.269314518470253,
              45.603240828571245
            ],
            [
              11.965768977101163,
              44.87449455490872
            ],
            [
              11.601508486540581,
              44.20647713738475
            ],
            [
              11.419377545912937,
              43.599188575999335
            ],
            [
              11.358669550194861,
              42.99190001461386
            ],
            [
              11.29795877308743,
              42.56680080303346
            ],
            [
              11.115832004543904,
              41.8987861668989
            ],
            [
              10.933701063916203,
              41.35222368026257
            ],
            [
              10.751570123288559,
              40.80566675640512
            ],
            [
              10.569440573355621,
              40.259107051158196
            ],
            [
              10.508732577637602,
              39.59109241502364
            ],
            [
              10.387312414117389,
              38.801620066611974
            ],
            [
              10.326601637009901,
              38.0121449368109
            ],
            [
              10.265895031986588,
              37.10121487612213
            ],
            [
              10.265895031986588,
              36.19028481543336
            ],
            [
              10.326601637009901,
              35.157891479688715
            ],
            [
              10.326601637009901,
              34.186229781472036
            ],
            [
              10.265895031986588,
              33.27530250217268
            ],
            [
              10.144472087076963,
              32.36437244148391
            ],
            [
              10.083764091358944,
              31.45343681801637
            ],
            [
              10.023053314251456,
              30.542509538717013
            ],
            [
              9.962345318533437,
              29.510121765751137
            ],
            [
              9.840925155013224,
              28.3562734991188
            ],
            [
              9.719503600798305,
              27.263151307235603
            ],
            [
              9.537375441560073,
              25.987848109715628
            ],
            [
              9.294535114519647,
              24.591089981307903
            ],
            [
              9.112408345976121,
              23.072874140623128
            ],
            [
              8.990988182455908,
              21.554658299938296
            ],
            [
              8.990988182455908,
              19.914979184197648
            ],
            [
              8.990988182455908,
              18.275300068456943
            ],
            [
              8.990988182455908,
              16.757084227772168
            ],
            [
              9.17311634169414,
              15.421049392724171
            ],
            [
              9.355245891627135,
              14.206477832732105
            ],
            [
              9.598084827972798,
              13.174087278376874
            ],
            [
              10.023053314251456,
              11.898786862246254
            ],
            [
              10.448021800530114,
              10.502023171059705
            ],
            [
              10.994409059634279,
              9.226717192150318
            ],
            [
              11.662219263648012,
              8.012145632158251
            ],
            [
              12.269314518470253,
              7.040483933941516
            ],
            [
              12.876413945376555,
              6.311737660278993
            ],
            [
              13.604930754413658,
              5.947370086226556
            ],
            [
              14.515579894773111,
              5.704454661672344
            ],
            [
              15.426224863048446,
              5.58299138661647
            ],
            [
              16.09403367636753,
              5.522262530477917
            ],
            [
              16.94397064892479,
              5.522262530477917
            ],
            [
              17.611779462243874,
              5.400804818200868
            ],
            [
              18.097454553545845,
              5.340075962062315
            ],
            [
              18.401004266999053,
              5.157883830867888
            ],
            [
              18.64384459403942,
              4.9149739690925
            ],
            [
              18.94739152610316,
              4.611329688399792
            ],
            [
              19.190231853143587,
              4.36841426384558
            ],
            [
              19.67590972583497,
              3.943312270875822
            ],
            [
              20.222296984939135,
              3.578944696823328
            ],
            [
              20.89010579825822,
              3.1538427038535133
            ],
            [
              21.740042770815478,
              2.789469567022252
            ],
            [
              22.83282007041322,
              2.4858308491083676
            ],
            [
              23.86488798359818,
              2.182181005636835
            ],
            [
              25.139790661044742,
              2.060728856138553
            ],
            [
              26.414701682659484,
              2.060728856138553
            ],
            [
              27.811025914320908,
              2.182181005636835
            ],
            [
              29.085925810378114,
              2.5465541424680964
            ],
            [
              30.23941249638858,
              2.789469567022252
            ],
            [
              31.27147762818413,
              3.093113847715017
            ],
            [
              32.121414600741446,
              3.4574814217674543
            ],
            [
              32.84993558186261,
              3.882583414737269
            ],
            [
              33.33561345455405,
              4.36841426384558
            ],
            [
              33.82128854585602,
              4.854245112953947
            ],
            [
              34.18555042711131,
              5.400804818200868
            ],
            [
              34.42838797276232,
              5.886635667309179
            ],
            [
              34.54980952697724,
              6.311737660278993
            ],
            [
              34.731937686215474,
              7.101207227301302
            ],
            [
              35.035487399668625,
              8.194332200573854
            ],
            [
              35.339034331732364,
              9.530361472843026
            ],
            [
              35.764005599400434,
              10.866390745112199
            ],
            [
              36.067555312853585,
              12.14170228680041
            ],
            [
              36.31039563989401,
              13.417002702931029
            ],
            [
              36.61394535334716,
              14.63157982570192
            ],
            [
              37.038908276846996,
              15.846145822915219
            ],
            [
              37.52458614953838,
              17.182186220741983
            ],
            [
              38.2531071306596,
              18.76113091756531
            ],
            [
              39.04233193541478,
              20.340081177167463
            ],
            [
              39.83155952155931,
              22.101212442406393
            ],
            [
              40.68149649411663,
              23.86234370764538
            ],
            [
              41.410020256627206,
              25.441293967247532
            ],
            [
              41.9564019529526,
              26.838054877044613
            ],
            [
              42.259951666405755,
              27.87044265001049
            ],
            [
              42.4420826070334,
              28.781375492088614
            ],
            [
              42.502794774835536,
              29.570847840500278
            ],
            [
              42.563501379858906,
              30.17813640188575
            ],
            [
              42.502794774835536,
              30.542509538717013
            ],
            [
              42.259951666405755,
              31.331981887128677
            ],
            [
              41.895695347929234,
              32.36437244148391
            ],
            [
              41.34930808882507,
              33.33603413970059
            ],
            [
              40.74220866191877,
              34.24696420038936
            ],
            [
              39.89227168936145,
              35.27935197335523
            ],
            [
              38.495944676310614,
              36.676107320373546
            ],
            [
              37.038908276846996,
              38.13359986769859
            ],
            [
              35.339034331732364,
              39.65182405255155
            ],
            [
              33.76058194083265,
              41.10930825570841
            ],
            [
              32.485676481996734,
              42.2024276662022
            ],
            [
              31.57502734163728,
              43.11335772689097
            ],
            [
              31.08934946894584,
              43.902832856692044
            ],
            [
              30.967933477509746,
              44.57085027421601
            ],
            [
              30.967933477509746,
              45.299593766489124
            ],
            [
              30.967933477509746,
              45.72469854084835
            ],
            [
              31.028640082533116,
              46.08906611490079
            ],
            [
              31.150061636747978,
              46.63562860153712
            ],
            [
              31.210773804550172,
              47.30364323767168
            ],
            [
              31.150061636747978,
              47.97166065519565
            ],
            [
              31.028640082533116,
              48.57894921658112
            ],
            [
              30.846511923294884,
              49.12550614043863
            ],
            [
              30.664383764056595,
              49.55060674271374
            ],
            [
              30.360834050603444,
              49.914979879545
            ],
            [
              29.996574950737568,
              50.218622769543
            ],
            [
              29.571603683069497,
              50.40081072865331
            ],
            [
              28.96450981894202,
              50.46153819409716
            ],
            [
              28.296701005622936,
              50.46153819409716
            ],
            [
              27.56818558728054,
              50.40081072865331
            ],
            [
              26.839664606159317,
              50.218622769543
            ],
            [
              26.293277347055152,
              49.9757101263782
            ],
            [
              25.80760225575318,
              49.55060674271374
            ],
            [
              25.50405254230003,
              49.18623221518777
            ],
            [
              25.321918820282974,
              48.70040692885817
            ],
            [
              25.20050282884688,
              48.21457607974986
            ],
            [
              25.20050282884688,
              47.78947408678005
            ],
            [
              25.20050282884688,
              47.242914381533126
            ],
            [
              25.20050282884688,
              46.81781238856331
            ]
          ],
          [
            [
              31.939286441503157,
              44.81376569877017
            ],
            [
              31.939286441503157,
              44.81376569877017
            ],
            [
              31.817873231456474,
              44.38866370580041
            ],
            [
              31.57502734163728,
              42.74899015283847
            ],
            [
              31.696448895852143,
              40.44129640096321
            ],
            [
              32.121414600741446,
              37.951416080672345
            ],
            [
              32.54638586840946,
              36.06882710315631
            ],
            [
              32.91064774966475,
              34.48987684355416
            ],
            [
              33.15348251392635,
              33.21457642742354
            ],
            [
              33.2141974631179,
              32.303643585345355
            ],
            [
              33.2141974631179,
              31.51416845554428
            ],
            [
              33.15348251392635,
              30.84615103802031
            ],
            [
              33.092773127513624,
              30.481775119799636
            ],
            [
              33.03206374110084,
              29.995952614859505
            ],
            [
              32.971351573298705,
              29.510121765751137
            ],
            [
              32.91064774966475,
              28.96355927911486
            ],
            [
              32.91064774966475,
              28.477728430006493
            ],
            [
              32.91064774966475,
              27.931174287538397
            ]
          ],
          [
            [
              26.050439801404195,
              45.178136054212075
            ],
            [
              25.68617792014885,
              44.87449455490872
            ],
            [
              25.38263098808511,
              44.38866370580041
            ],
            [
              25.018369106829823,
              43.78137792580435
            ],
            [
              24.83624094759159,
              43.11335772689097
            ],
            [
              24.654112788353302,
              42.627532440561424
            ],
            [
              24.593403401940577,
              42.2024276662022
            ],
            [
              24.593403401940577,
              41.8987861668989
            ],
            [
              24.654112788353302,
              41.59514188620619
            ],
            [
              25.261212215259604,
              42.50607472828432
            ],
            [
              25.989727633602,
              43.902832856692044
            ],
            [
              26.90037677396151,
              45.36032540401709
            ],
            [
              27.689601578716633,
              46.39271317698291
            ],
            [
              28.2359888378208,
              46.93927010084042
            ],
            [
              28.478829164861168,
              47.12145666925608
            ]
          ],
          [
            [
              19.129522466730805,
              50.46153819409716
            ],
            [
              18.886684921079848,
              50.643726153207524
            ],
            [
              18.522423039824503,
              50.643726153207524
            ],
            [
              17.915329175697025,
              50.40081072865331
            ],
            [
              16.883261262512065,
              49.67206445499079
            ],
            [
              15.972612122152611,
              48.63967529133026
            ],
            [
              15.486934249461228,
              47.48582980608734
            ],
            [
              15.183385926702726,
              46.331981539455
            ],
            [
              15.061967153877276,
              45.178136054212075
            ],
            [
              15.001256376769788,
              44.02429056896915
            ],
            [
              14.940546990357063,
              42.87044230233681
            ],
            [
              14.879836213249575,
              41.29149760551343
            ],
            [
              14.758417440424125,
              39.46963470274653
            ],
            [
              14.636997276903912,
              37.82995836839524
            ],
            [
              14.454867726970974,
              36.372468602459605
            ],
            [
              14.21203018131996,
              34.97570769266247
            ],
            [
              13.969188463584828,
              33.70039893236367
            ],
            [
              13.665642922215795,
              32.546556228510156
            ],
            [
              13.42280120448072,
              31.331981887128677
            ],
            [
              13.058543495309493,
              30.056678689608646
            ],
            [
              12.754993781856342,
              28.720643854560706
            ],
            [
              12.451445459097897,
              27.506066731789815
            ],
            [
              12.269314518470253,
              26.47368174021335
            ],
            [
              12.147895745644746,
              25.623480535663134
            ],
            [
              12.087186359231964,
              24.834005405862058
            ],
            [
              12.087186359231964,
              24.165987988338088
            ],
            [
              12.087186359231964,
              23.497970570814118
            ],
            [
              12.087186359231964,
              22.951416428346022
            ],
            [
              12.087186359231964,
              22.647772147653313
            ],
            [
              12.147895745644746,
              22.101212442406393
            ],
            [
              12.147895745644746,
              21.433195024882423
            ],
            [
              12.208606522752177,
              20.825912026275773
            ],
            [
              12.208606522752177,
              20.157894608751803
            ],
            [
              12.208606522752177,
              19.368419478950727
            ],
            [
              12.269314518470253,
              18.639673205288204
            ],
            [
              12.330025295577684,
              17.789469219348575
            ],
            [
              12.512156236205328,
              17.060722945686052
            ],
            [
              12.572864231923404,
              16.33197667202353
            ],
            [
              12.633575009030835,
              15.663964817278384
            ],
            [
              12.81570594965848,
              14.874495250256075
            ],
            [
              12.876413945376555,
              14.024285701537679
            ],
            [
              12.93712333178928,
              13.29554499065398
            ],
            [
              12.93712333178928,
              12.627533135908777
            ],
            [
              12.997832718202062,
              12.020239011744536
            ],
            [
              12.997832718202062,
              11.534408162636169
            ],
            [
              13.058543495309493,
              11.048577313527858
            ],
            [
              13.058543495309493,
              10.623475320558043
            ],
            [
              13.119251491027512,
              10.137638908670851
            ],
            [
              13.119251491027512,
              9.712548041258685
            ],
            [
              13.240673045242431,
              9.3481693416486
            ],
            [
              13.301382431655213,
              8.983801767596162
            ],
            [
              13.483511981588151,
              8.6194286307649
            ],
            [
              13.665642922215795,
              8.315784350072136
            ],
            [
              13.847769690759321,
              7.951416776019698
            ],
            [
              14.090610017799747,
              7.526314783049884
            ],
            [
              14.27273817703798,
              7.222670502357175
            ],
            [
              14.515579894773111,
              6.919015096106875
            ],
            [
              14.697706663316637,
              6.676105234331487
            ],
            [
              15.001256376769788,
              6.372466516417546
            ],
            [
              15.365516867330427,
              6.190285510780711
            ],
            [
              15.729773185806891,
              6.008093379586285
            ],
            [
              16.03332428995475,
              5.886635667309179
            ],
            [
              16.276161835605762,
              5.704454661672344
            ],
            [
              16.39758060843127,
              5.400804818200868
            ],
            [
              16.519004944035544,
              5.097160537508103
            ],
            [
              16.70113032188442,
              4.854245112953947
            ],
            [
              16.94397064892479,
              4.672052981759521
            ],
            [
              17.247517580988585,
              4.611329688399792
            ]
          ],
          [
            [
              19.129522466730805,
              20.03643133369593
            ],
            [
              18.825972753277654,
              19.975702477557377
            ],
            [
              18.522423039824503,
              19.854250328059095
            ],
            [
              18.03674516713312,
              19.489877191227833
            ],
            [
              17.36894191659286,
              18.76113091756531
            ],
            [
              16.519004944035544,
              17.728740363210022
            ],
            [
              15.79048396291438,
              16.635626515495062
            ],
            [
              15.244096703810214,
              15.663964817278384
            ],
            [
              14.879836213249575,
              14.813760831338755
            ],
            [
              14.697706663316637,
              14.206477832732105
            ],
            [
              14.636997276903912,
              13.599183708567864
            ],
            [
              14.636997276903912,
              13.113352859459496
            ],
            [
              14.636997276903912,
              12.748985285407059
            ],
            [
              14.758417440424125,
              12.020239011744536
            ],
            [
              15.001256376769788,
              11.170040588583731
            ],
            [
              15.365516867330427,
              10.25910774650555
            ],
            [
              15.79048396291438,
              9.226717192150318
            ],
            [
              16.336871222018488,
              8.315784350072136
            ],
            [
              16.883261262512065,
              7.465585926911331
            ],
            [
              17.551067294441737,
              6.736839653248808
            ],
            [
              18.34029488058627,
              6.068822235724838
            ],
            [
              19.129522466730805,
              5.522262530477917
            ],
            [
              20.040168825700903,
              5.036437244148374
            ],
            [
              20.950815184670944,
              4.550606395040063
            ],
            [
              21.861464325030397,
              4.1255044020702485
            ],
            [
              22.711401297587713,
              3.761131265238987
            ],
            [
              23.622044875168342,
              3.5182158406847748
            ],
            [
              24.4112780240917,
              3.3360292722691725
            ],
            [
              25.20050282884688,
              3.2753004161306194
            ],
            [
              25.929018247189276,
              3.2145771227708906
            ],
            [
              26.536114892706166,
              3.2753004161306194
            ],
            [
              27.082504933199743,
              3.3360292722691725
            ],
            [
              27.507476200867814,
              3.4574814217674543
            ],
            [
              27.811025914320908,
              3.639673552961881
            ],
            [
              28.114575627774116,
              3.82186012137754
            ],
            [
              28.357410392035717,
              4.1255044020702485
            ],
            [
              28.72166671051218,
              4.550606395040063
            ],
            [
              29.025216423965333,
              5.097160537508103
            ],
            [
              29.20735014598239,
              5.400804818200868
            ],
            [
              29.51089985943554,
              5.704454661672344
            ],
            [
              29.75373462369714,
              6.068822235724838
            ],
            [
              29.996574950737568,
              6.433200935334867
            ],
            [
              30.23941249638858,
              6.797568509387361
            ],
            [
              30.421540655626814,
              7.101207227301302
            ],
            [
              30.60367437764387,
              7.404845945215186
            ],
            [
              30.785802536882102,
              7.890676794323554
            ],
            [
              30.846511923294884,
              8.255061056712407
            ],
            [
              30.90722409109702,
              8.74088634304195
            ],
            [
              30.90722409109702,
              9.044530623734659
            ],
            [
              30.846511923294884,
              9.59109032898158
            ],
            [
              30.725090369079965,
              10.137638908670851
            ],
            [
              30.664383764056595,
              10.502023171059705
            ],
            [
              30.542962209841676,
              10.866390745112199
            ],
            [
              30.421540655626814,
              11.170040588583731
            ],
            [
              30.1787031099758,
              11.655871437692042
            ],
            [
              29.935862782935374,
              12.08096786788309
            ],
            [
              29.693025237284417,
              12.384617711354622
            ],
            [
              29.450187691633403,
              12.5667987169914
            ],
            [
              29.025216423965333,
              12.809714141545612
            ],
            [
              28.72166671051218,
              12.991900709961214
            ],
            [
              28.41812534122721,
              13.174087278376874
            ],
            [
              27.993151292169784,
              13.417002702931029
            ],
            [
              27.507476200867814,
              13.659918127485184
            ],
            [
              27.082504933199743,
              13.902833552039397
            ],
            [
              26.778955219746592,
              14.085014557676232
            ],
            [
              26.353986733467934,
              14.267201126091834
            ]
          ],
          [
            [
              21.922170930053767,
              11.655871437692042
            ],
            [
              21.49720244377511,
              11.352221594220566
            ],
            [
              21.254364898124095,
              10.805661888973646
            ],
            [
              20.89010579825822,
              9.95546346581284
            ],
            [
              20.70797763901993,
              9.3481693416486
            ],
            [
              20.70797763901993,
              8.862338492540232
            ],
            [
              20.768689806822067,
              8.497976481266562
            ],
            [
              21.01152735247308,
              8.194332200573854
            ],
            [
              21.49720244377511,
              7.587038076409613
            ],
            [
              21.982883097855904,
              7.222670502357175
            ],
            [
              22.52927035696007,
              6.97975507780302
            ],
            [
              22.954238843238727,
              7.040483933941516
            ],
            [
              23.257788556691878,
              7.161936083439855
            ],
            [
              23.500626102342835,
              7.344128214634225
            ],
            [
              23.8041785971854,
              7.647766932548166
            ],
            [
              24.10772831063855,
              8.012145632158251
            ],
            [
              24.289853688487426,
              8.376507643431921
            ],
            [
              24.350565856289563,
              8.801615199180503
            ],
            [
              24.350565856289563,
              9.3481693416486
            ],
            [
              23.986303975034275,
              9.95546346581284
            ],
            [
              23.43991671593011,
              10.502023171059705
            ],
            [
              22.893529456825945,
              10.866390745112199
            ],
            [
              22.286432811309055,
              11.048577313527858
            ],
            [
              21.80075215722826,
              11.048577313527858
            ],
            [
              21.43649583875174,
              10.805661888973646
            ],
            [
              21.01152735247308,
              10.502023171059705
            ],
            [
              20.768689806822067,
              10.076921178089947
            ],
            [
              20.70797763901993,
              9.712548041258685
            ],
            [
              20.89010579825822,
              9.226717192150318
            ],
            [
              21.315077065926232,
              8.74088634304195
            ],
            [
              21.982883097855904,
              8.255061056712407
            ],
            [
              22.589979743372794,
              8.133597781656533
            ],
            [
              23.13636978386637,
              8.194332200573854
            ],
            [
              23.500626102342835,
              8.437247625128066
            ],
            [
              23.86488798359818,
              8.983801767596162
            ],
            [
              23.986303975034275,
              9.530361472843026
            ],
            [
              23.86488798359818,
              10.076921178089947
            ],
            [
              23.43991671593011,
              10.623475320558043
            ],
            [
              22.83282007041322,
              10.987854020168072
            ],
            [
              22.165014038483548,
              11.109306169666354
            ],
            [
              21.557914611577246,
              11.048577313527858
            ],
            [
              21.01152735247308,
              10.805661888973646
            ],
            [
              20.586558866194423,
              10.319831039865335
            ],
            [
              20.40442792556678,
              9.773276897397182
            ],
            [
              20.465140093368916,
              9.226717192150318
            ],
            [
              20.829396411845437,
              8.497976481266562
            ],
            [
              21.679333384402753,
              7.587038076409613
            ],
            [
              22.772107902611083,
              7.101207227301302
            ],
            [
              23.86488798359818,
              6.97975507780302
            ],
            [
              24.71482773754485,
              7.101207227301302
            ],
            [
              25.261212215259604,
              7.465585926911331
            ],
            [
              25.50405254230003,
              8.07286892551798
            ],
            [
              25.50405254230003,
              8.437247625128066
            ],
            [
              25.139790661044742,
              8.983801767596162
            ],
            [
              24.350565856289563,
              9.89472904689552
            ],
            [
              23.500626102342835,
              10.502023171059705
            ],
            [
              22.650689129785576,
              10.866390745112199
            ],
            [
              21.861464325030397,
              10.987854020168072
            ],
            [
              21.375783670949602,
              10.927125164029519
            ],
            [
              21.07223395749645,
              10.744938595613917
            ],
            [
              21.01152735247308,
              10.319831039865335
            ],
            [
              21.07223395749645,
              9.105259479873212
            ],
            [
              21.375783670949602,
              7.404845945215186
            ],
            [
              21.80075215722826,
              6.068822235724838
            ],
            [
              22.347139416332425,
              5.157883830867888
            ],
            [
              22.83282007041322,
              4.550606395040063
            ],
            [
              23.257788556691878,
              4.36841426384558
            ],
            [
              23.56133827014503,
              4.48987753890151
            ],
            [
              23.74346642938326,
              5.036437244148374
            ],
            [
              23.986303975034275,
              6.190285510780711
            ],
            [
              23.986303975034275,
              7.769230207604039
            ],
            [
              23.74346642938326,
              9.105259479873212
            ],
            [
              23.43991671593011,
              10.016192321951394
            ],
            [
              23.014951011040864,
              10.502023171059705
            ],
            [
              22.52927035696007,
              10.805661888973646
            ],
            [
              22.10430187068141,
              10.805661888973646
            ],
            [
              21.80075215722826,
              10.502023171059705
            ],
            [
              21.740042770815478,
              10.076921178089947
            ],
            [
              21.861464325030397,
              8.983801767596162
            ],
            [
              22.286432811309055,
              7.587038076409613
            ],
            [
              22.83282007041322,
              6.797568509387361
            ],
            [
              23.318500724494015,
              6.433200935334867
            ],
            [
              23.74346642938326,
              6.433200935334867
            ],
            [
              23.986303975034275,
              6.736839653248808
            ],
            [
              24.10772831063855,
              7.222670502357175
            ],
            [
              24.10772831063855,
              8.133597781656533
            ],
            [
              23.925594588621493,
              9.165993898790589
            ],
            [
              23.56133827014503,
              9.95546346581284
            ],
            [
              23.13636978386637,
              10.502023171059705
            ],
            [
              22.650689129785576,
              10.805661888973646
            ],
            [
              22.165014038483548,
              10.805661888973646
            ],
            [
              21.861464325030397,
              10.623475320558043
            ],
            [
              21.679333384402753,
              10.319831039865335
            ],
            [
              21.679333384402753,
              9.3481693416486
            ],
            [
              21.982883097855904,
              7.890676794323554
            ],
            [
              22.407851584134562,
              6.797568509387361
            ],
            [
              22.83282007041322,
              6.251008804140497
            ],
            [
              23.197076388889684,
              6.068822235724838
            ],
            [
              23.43991671593011,
              6.251008804140497
            ],
            [
              23.622044875168342,
              6.615376378192934
            ],
            [
              23.8041785971854,
              7.283399358495728
            ],
            [
              23.8041785971854,
              8.012145632158251
            ],
            [
              23.74346642938326,
              8.680163049682221
            ],
            [
              23.56133827014503,
              9.105259479873212
            ],
            [
              23.257788556691878,
              9.28744604828887
            ],
            [
              22.83282007041322,
              9.105259479873212
            ],
            [
              22.407851584134562,
              8.012145632158251
            ],
            [
              22.04359248426863,
              6.372466516417546
            ],
            [
              21.861464325030397,
              5.157883830867888
            ],
            [
              21.922170930053767,
              4.429143119984133
            ],
            [
              22.10430187068141,
              4.1255044020702485
            ],
            [
              22.893529456825945,
              4.004046689793142
            ],
            [
              23.74346642938326,
              4.18622213265121
            ],
            [
              24.654112788353302,
              4.672052981759521
            ],
            [
              25.139790661044742,
              5.218623812564033
            ],
            [
              25.261212215259604,
              5.825906811170682
            ],
            [
              25.139790661044742,
              6.433200935334867
            ],
            [
              24.532694015527795,
              7.344128214634225
            ],
            [
              23.197076388889684,
              8.558699774626348
            ],
            [
              22.04359248426863,
              9.3481693416486
            ],
            [
              21.07223395749645,
              9.834000190756967
            ],
            [
              20.40442792556678,
              9.95546346581284
            ],
            [
              20.100878212113628,
              9.95546346581284
            ],
            [
              20.100878212113628,
              9.530361472843026
            ],
            [
              20.647265471217793,
              8.315784350072136
            ],
            [
              21.49720244377511,
              6.554653084833205
            ],
            [
              22.225720643506918,
              5.097160537508103
            ],
            [
              22.772107902611083,
              4.1255044020702485
            ],
            [
              23.014951011040864,
              3.761131265238987
            ],
            [
              23.13636978386637,
              4.064775545931695
            ],
            [
              23.075657616064177,
              4.672052981759521
            ],
            [
              22.954238843238727,
              6.008093379586285
            ],
            [
              22.83282007041322,
              7.344128214634225
            ],
            [
              22.711401297587713,
              8.133597781656533
            ],
            [
              22.589979743372794,
              8.6194286307649
            ],
            [
              22.407851584134562,
              8.862338492540232
            ],
            [
              22.165014038483548,
              9.044530623734659
            ],
            [
              21.679333384402753,
              9.044530623734659
            ]
          ],
          [
            [
              23.318500724494015,
              8.74088634304195
            ],
            [
              22.650689129785576,
              8.923078474236377
            ],
            [
              21.982883097855904,
              8.983801767596162
            ],
            [
              21.193655511711313,
              8.983801767596162
            ],
            [
              20.283009152741272,
              8.983801767596162
            ],
            [
              19.433072180183956,
              8.983801767596162
            ],
            [
              18.704553980452147,
              9.044530623734659
            ],
            [
              18.097454553545845,
              9.165993898790589
            ],
            [
              17.793907621482106,
              9.3481693416486
            ],
            [
              17.551067294441737,
              9.712548041258685
            ],
            [
              17.551067294441737,
              10.076921178089947
            ],
            [
              17.793907621482106,
              10.502023171059705
            ],
            [
              18.401004266999053,
              11.170040588583731
            ],
            [
              19.37236001238182,
              11.77732358719038
            ],
            [
              20.525846698392286,
              12.263154436298692
            ],
            [
              21.557914611577246,
              12.5667987169914
            ],
            [
              22.347139416332425,
              12.688256429268506
            ],
            [
              22.772107902611083,
              12.688256429268506
            ],
            [
              22.165014038483548,
              12.263154436298692
            ],
            [
              21.07223395749645,
              11.838052443328877
            ],
            [
              19.918752834264808,
              11.47368486927644
            ],
            [
              19.008103693905355,
              11.352221594220566
            ],
            [
              18.34029488058627,
              11.291492738082013
            ],
            [
              18.401004266999053,
              11.655871437692042
            ],
            [
              18.886684921079848,
              12.08096786788309
            ],
            [
              19.37236001238182,
              12.506069860852904
            ],
            [
              19.797328498660477,
              12.809714141545612
            ],
            [
              20.040168825700903,
              13.052629566099768
            ]
          ],
          [
            [
              24.532694015527795,
              9.408909323344744
            ],
            [
              25.20050282884688,
              9.773276897397182
            ],
            [
              26.232567960642427,
              10.319831039865335
            ],
            [
              27.386051865263482,
              10.927125164029519
            ],
            [
              28.357410392035717,
              11.352221594220566
            ],
            [
              29.20735014598239,
              11.716594731051828
            ],
            [
              29.81444957288869,
              11.898786862246254
            ],
            [
              30.1787031099758,
              11.898786862246254
            ],
            [
              29.996574950737568,
              11.595137018774722
            ],
            [
              29.632315850871635,
              11.291492738082013
            ],
            [
              29.328766137418484,
              11.109306169666354
            ],
            [
              29.025216423965333,
              11.048577313527858
            ],
            [
              28.78237887831432,
              11.230769444722227
            ],
            [
              28.72166671051218,
              11.595137018774722
            ],
            [
              28.478829164861168,
              11.959510155605983
            ]
          ],
          [
            [
              23.075657616064177,
              7.222670502357175
            ],
            [
              23.13636978386637,
              6.736839653248808
            ],
            [
              23.257788556691878,
              6.311737660278993
            ],
            [
              23.379207329517385,
              5.947370086226556
            ],
            [
              23.56133827014503,
              5.58299138661647
            ],
            [
              23.74346642938326,
              5.218623812564033
            ],
            [
              24.047016142836412,
              4.9149739690925
            ],
            [
              24.350565856289563,
              4.611329688399792
            ],
            [
              24.77553156117881,
              4.307690970485851
            ],
            [
              25.139790661044742,
              4.004046689793142
            ],
            [
              25.50405254230003,
              3.82186012137754
            ],
            [
              25.80760225575318,
              3.639673552961881
            ],
            [
              26.111151969206333,
              3.4574814217674543
            ],
            [
              26.596827060508303,
              3.1538427038535133
            ],
            [
              26.961086160374236,
              2.850198423160805
            ],
            [
              27.325342478850757,
              2.6680118547452025
            ]
          ],
          [
            [
              26.90037677396151,
              3.2145771227708906
            ],
            [
              26.961086160374236,
              3.761131265238987
            ],
            [
              27.082504933199743,
              4.18622213265121
            ],
            [
              27.264635873827388,
              4.611329688399792
            ],
            [
              27.386051865263482,
              5.036437244148374
            ],
            [
              27.56818558728054,
              5.340075962062315
            ],
            [
              27.689601578716633,
              5.704454661672344
            ],
            [
              27.75031374651877,
              6.068822235724838
            ],
            [
              27.811025914320908,
              6.433200935334867
            ],
            [
              27.871729737954865,
              6.797568509387361
            ],
            [
              27.993151292169784,
              7.283399358495728
            ]
          ],
          [
            [
              25.261212215259604,
              3.578944696823328
            ],
            [
              25.321918820282974,
              4.1255044020702485
            ],
            [
              25.80760225575318,
              5.036437244148374
            ],
            [
              26.47540550629344,
              6.251008804140497
            ],
            [
              27.021792765397606,
              7.161936083439855
            ],
            [
              27.507476200867814,
              7.890676794323554
            ],
            [
              27.811025914320908,
              8.437247625128066
            ],
            [
              27.993151292169784,
              8.680163049682221
            ]
          ],
          [
            [
              12.087186359231964,
              40.68421182551742
            ],
            [
              12.754993781856342,
              40.744937900266564
            ],
            [
              13.179962268135,
              40.80566675640512
            ],
            [
              13.604930754413658,
              40.80566675640512
            ],
            [
              13.969188463584828,
              40.80566675640512
            ],
            [
              14.27273817703798,
              40.744937900266564
            ],
            [
              14.57628789049113,
              40.744937900266564
            ],
            [
              14.940546990357063,
              40.744937900266564
            ],
            [
              15.244096703810214,
              40.68421182551742
            ],
            [
              15.547643635873953,
              40.68421182551742
            ]
          ],
          [
            [
              14.27273817703798,
              39.77327620204983
            ],
            [
              13.90848046786681,
              39.77327620204983
            ],
            [
              13.604930754413658,
              39.834007839577794
            ],
            [
              13.240673045242431,
              39.89473113293752
            ],
            [
              12.81570594965848,
              39.9554655518549
            ],
            [
              12.330025295577684,
              40.01619162660404
            ],
            [
              11.905056809299026,
              40.07692326413195
            ],
            [
              11.480088323020368,
              40.07692326413195
            ],
            [
              11.115832004543904,
              40.07692326413195
            ],
            [
              10.69086212757054,
              40.07692326413195
            ],
            [
              10.205182864184394,
              40.07692326413195
            ],
            [
              9.840925155013224,
              40.07692326413195
            ]
          ],
          [
            [
              31.210773804550172,
              35.8259116786021
            ],
            [
              31.817873231456474,
              35.9473693908792
            ],
            [
              32.66780742262438,
              36.06882710315631
            ],
            [
              33.57845100020501,
              36.19028481543336
            ],
            [
              34.42838797276232,
              36.19028481543336
            ],
            [
              35.21762112168568,
              36.19028481543336
            ],
            [
              35.88542437222594,
              36.19028481543336
            ],
            [
              36.49252101774283,
              36.12955317790545
            ],
            [
              37.038908276846996,
              36.06882710315631
            ],
            [
              37.58529831734057,
              35.9473693908792
            ],
            [
              38.01026958500859,
              35.88663775335124
            ],
            [
              38.43523528989783,
              35.76518004107419
            ],
            [
              38.86020377617649,
              35.70445396632499
            ],
            [
              39.28517226245515,
              35.58299625404794
            ],
            [
              39.71014631151263,
              35.522264616519976
            ],
            [
              40.135109235012465,
              35.40080690424293
            ],
            [
              40.56007772129112,
              35.340080829493786
            ],
            [
              40.98504620756978,
              35.27935197335523
            ],
            [
              41.410020256627206,
              35.27935197335523
            ],
            [
              41.71356997008036,
              35.27935197335523
            ],
            [
              42.01711968353351,
              35.27935197335523
            ],
            [
              42.381370439231205,
              35.27935197335523
            ]
          ],
          [
            [
              14.029899240692316,
              5.704454661672344
            ],
            [
              14.27273817703798,
              5.886635667309179
            ],
            [
              14.758417440424125,
              5.886635667309179
            ],
            [
              15.061967153877276,
              5.825906811170682
            ]
          ],
          [
            [
              26.353986733467934,
              2.060728856138553
            ],
            [
              26.657536446921085,
              2.060728856138553
            ],
            [
              27.021792765397606,
              2.0
            ]
          ]
        ]
      }
    }
  ]
}