{
  "type": "FeatureCollection",
  "crs": {
    "type": "name",
    "properties": {
      "name": "urn:ogc:def:crs:OGC:1.3:CRS84"
    }
  },
  "features": [
    {
      "type": "Feature",
      "properties": {
        "timestamp": "2026-06-06T19:34:10.983110",
        "country_name": "Svalbard",
        "author": "",
        "author_id": "c099d4f0-d4b8-4862-aa84-cd179c1cc257",
        "validated": false,
        "ranking": [
          [
            "Svalbard",
            0.05078558996319771
          ],
          [
            "Canada",
            0.0357072576880455
          ],
          [
            "Greece",
            0.035405535250902176
          ],
          [
            "Croatia",
            0.034326598048210144
          ],
          [
            "Bangladesh",
            0.030049320310354233
          ],
          [
            "France",
            0.024438848719000816
          ],
          [
            "North Macedonia",
            0.023450445383787155
          ],
          [
            "Venezuela",
            0.022448495030403137
          ],
          [
            "Peru",
            0.020658070221543312
          ],
          [
            "Burundi",
            0.019644714891910553
          ],
          [
            "Syria",
            0.01898064650595188
          ],
          [
            "Gabon",
            0.018578534945845604
          ],
          [
            "Rwanda",
            0.018464764580130577
          ],
          [
            "Australia",
            0.01845003291964531
          ],
          [
            "Cambodia",
            0.01823325641453266
          ],
          [
            "Romania",
            0.015521631576120853
          ],
          [
            "Greenland",
            0.015389417298138142
          ],
          [
            "Ukraine",
            0.014782620593905449
          ],
          [
            "Papua New Guinea",
            0.014484814368188381
          ],
          [
            "Guadeloupe",
            0.01404561847448349
          ],
          [
            "Guinea",
            0.013359545730054379
          ],
          [
            "Iceland",
            0.012475145049393177
          ],
          [
            "Falkland Islands",
            0.012207631021738052
          ],
          [
            "Jordan",
            0.01205363031476736
          ],
          [
            "Lithuania",
            0.011329430155456066
          ],
          [
            "Costa Rica",
            0.010374799370765686
          ],
          [
            "Switzerland",
            0.010114229284226894
          ],
          [
            "Faroe Islands",
            0.010084102861583233
          ],
          [
            "Brazil",
            0.009686694480478764
          ],
          [
            "Angola",
            0.008931481279432774
          ],
          [
            "Belgium",
            0.008927700109779835
          ],
          [
            "Italy",
            0.0083212461322546
          ],
          [
            "India",
            0.008127289824187756
          ],
          [
            "Tajikistan",
            0.007979129441082478
          ],
          [
            "Laos",
            0.007864224724471569
          ],
          [
            "Guinea-Bissau",
            0.007546365261077881
          ],
          [
            "Spain",
            0.006975866388529539
          ],
          [
            "Iran",
            0.006975161377340555
          ],
          [
            "South Georgia Islands",
            0.006893333047628403
          ],
          [
            "Azerbaijan",
            0.00675765797495842
          ],
          [
            "Nigeria",
            0.006587896961718798
          ],
          [
            "Turkmenistan",
            0.006506043951958418
          ],
          [
            "Sudan",
            0.006459206808358431
          ],
          [
            "Saudi Arabia",
            0.006410322152078152
          ],
          [
            "Hong Kong",
            0.006096784491091967
          ],
          [
            "Denmark",
            0.006066046189516783
          ],
          [
            "Somalia",
            0.00605775648728013
          ],
          [
            "Montenegro",
            0.006053321063518524
          ],
          [
            "Lesotho",
            0.005886381957679987
          ],
          [
            "Belarus",
            0.0058748736046254635
          ],
          [
            "Côte d'Ivoire",
            0.0057252258993685246
          ],
          [
            "China",
            0.005719582550227642
          ],
          [
            "Mozambique",
            0.005485581234097481
          ],
          [
            "Russia",
            0.005473927594721317
          ],
          [
            "Namibia",
            0.0054291123524308205
          ],
          [
            "Guyana",
            0.005350143648684025
          ],
          [
            "Senegal",
            0.0050269728526473045
          ],
          [
            "South Africa",
            0.004710394423455
          ],
          [
            "Germany",
            0.004679669626057148
          ],
          [
            "Mexico",
            0.004627665039151907
          ],
          [
            "Burkina Faso",
            0.004475987982004881
          ],
          [
            "Uzbekistan",
            0.0044519780203700066
          ],
          [
            "Fiji",
            0.004261676222085953
          ],
          [
            "United States of America",
            0.004180978052318096
          ],
          [
            "Vietnam",
            0.004154150374233723
          ],
          [
            "Estonia",
            0.004096475895494223
          ],
          [
            "Bulgaria",
            0.004074306692928076
          ],
          [
            "Egypt",
            0.00382602633908391
          ],
          [
            "Bahamas",
            0.0036937349941581488
          ],
          [
            "Suriname",
            0.0036538781132549047
          ],
          [
            "Moldova",
            0.0036390083841979504
          ],
          [
            "Ethiopia",
            0.003577667288482189
          ],
          [
            "Sierra Leone",
            0.003492984687909484
          ],
          [
            "Latvia",
            0.003485331544652581
          ],
          [
            "Uganda",
            0.003436608472838998
          ],
          [
            "Belize",
            0.0033139868173748255
          ],
          [
            "Thailand",
            0.0033033781219273806
          ],
          [
            "Benin",
            0.0032811176497489214
          ],
          [
            "Guatemala",
            0.003257093019783497
          ],
          [
            "Congo",
            0.0031654869671911
          ],
          [
            "Turkey",
            0.003119818400591612
          ],
          [
            "Cape Verde",
            0.003110602730885148
          ],
          [
            "Yemen",
            0.003037363523617387
          ],
          [
            "Botswana",
            0.0029845985118299723
          ],
          [
            "Bolivia",
            0.0028822636231780052
          ],
          [
            "Czech Republic",
            0.0028645831625908613
          ],
          [
            "Reunion",
            0.002738753566518426
          ],
          [
            "Vanuatu",
            0.0027349847368896008
          ],
          [
            "Philippines",
            0.0027296687476336956
          ],
          [
            "Serbia",
            0.0026904160622507334
          ],
          [
            "South Sudan",
            0.0026706913486123085
          ],
          [
            "Mali",
            0.0026585443411022425
          ],
          [
            "French Guiana",
            0.002648195018991828
          ],
          [
            "Mauritania",
            0.0026428664568811655
          ],
          [
            "Eritrea",
            0.0025884388014674187
          ],
          [
            "Armenia",
            0.0025565947871655226
          ],
          [
            "Kuwait",
            0.00242629018612206
          ],
          [
            "El Salvador",
            0.0024084006436169147
          ],
          [
            "Heard and McDonald Islands",
            0.0023928782902657986
          ],
          [
            "Togo",
            0.002341574989259243
          ],
          [
            "Kazakhstan",
            0.002297643106430769
          ],
          [
            "Dominican Republic",
            0.002276121638715267
          ],
          [
            "Indonesia",
            0.002246670890599489
          ],
          [
            "South Korea",
            0.0021770664025098085
          ],
          [
            "Iraq",
            0.002169712446630001
          ],
          [
            "Libya",
            0.002152371918782592
          ],
          [
            "Slovenia",
            0.002071329625323415
          ],
          [
            "Ecuador",
            0.002043211366981268
          ],
          [
            "Sri Lanka",
            0.0018982156179845333
          ],
          [
            "Martinique",
            0.001888000639155507
          ],
          [
            "Bosnia & Herzegovina",
            0.0018570219399407506
          ],
          [
            "Eswatini",
            0.0018071146914735436
          ],
          [
            "Kyrgyzstan",
            0.0017996092792600393
          ],
          [
            "Algeria",
            0.00178943679202348
          ],
          [
            "Honduras",
            0.0017892115283757448
          ],
          [
            "Uruguay",
            0.0017701147589832544
          ],
          [
            "Malawi",
            0.001764764660038054
          ],
          [
            "Zambia",
            0.0017589912749826908
          ],
          [
            "New Caledonia",
            0.001746978028677404
          ],
          [
            "Tunisia",
            0.0016776954289525747
          ],
          [
            "Brunei",
            0.0016443863278254867
          ],
          [
            "Djibouti",
            0.0016425681533291936
          ],
          [
            "Bhutan",
            0.0016390003729611635
          ],
          [
            "Slovakia",
            0.0016278408002108335
          ],
          [
            "Myanmar",
            0.0015800220426172018
          ],
          [
            "Liberia",
            0.0015384714351966977
          ],
          [
            "Bahrain",
            0.0015383423306047916
          ],
          [
            "Cuba",
            0.0015150242252275348
          ],
          [
            "Turks and Caicos Islands",
            0.001507598557509482
          ],
          [
            "Afghanistan",
            0.001474451390095055
          ],
          [
            "Puerto Rico",
            0.0014539058320224285
          ],
          [
            "Dominica",
            0.0014193379320204258
          ],
          [
            "Netherlands",
            0.0014154368545860052
          ],
          [
            "Poland",
            0.0014118938706815243
          ],
          [
            "Kenya",
            0.0013991278829053044
          ],
          [
            "Norway",
            0.0013559701619669795
          ],
          [
            "Nicaragua",
            0.001275148126296699
          ],
          [
            "Georgia",
            0.0012484278995543718
          ],
          [
            "Finland",
            0.0012230582069605589
          ],
          [
            "Solomon Islands",
            0.0012226778781041503
          ],
          [
            "United Kingdom",
            0.0012192499125376344
          ],
          [
            "Albania",
            0.001186145469546318
          ],
          [
            "Mayotte",
            0.0011670435778796673
          ],
          [
            "North Korea",
            0.001158045488409698
          ],
          [
            "Nepal",
            0.001097781816497445
          ],
          [
            "Colombia",
            0.0010937481420114636
          ],
          [
            "Hungary",
            0.0010895151644945145
          ],
          [
            "Central African Republic",
            0.0010624633869156241
          ],
          [
            "Tanzania",
            0.001048206235282123
          ],
          [
            "Qatar",
            0.0010393074480816722
          ],
          [
            "Mongolia",
            0.0010373388649895787
          ],
          [
            "Ghana",
            0.0010196954244747758
          ],
          [
            "Panama",
            0.0010089060524478555
          ],
          [
            "Ireland",
            0.00100072065833956
          ],
          [
            "Jamaica",
            0.000959352299105376
          ],
          [
            "New Zealand",
            0.0008623049943707883
          ],
          [
            "Argentina",
            0.0008365864050574601
          ],
          [
            "Portugal",
            0.0008306779200211167
          ],
          [
            "Sweden",
            0.0008180646109394729
          ],
          [
            "Zimbabwe",
            0.0007729887729510665
          ],
          [
            "Chad",
            0.0007656447123736143
          ],
          [
            "Guam",
            0.0007563855615444481
          ],
          [
            "Niger",
            0.0007282278966158628
          ],
          [
            "Western Sahara",
            0.0007206325535662472
          ],
          [
            "Malaysia",
            0.0007186368457041681
          ],
          [
            "Paraguay",
            0.0007138267974369228
          ],
          [
            "Antigua & Barbuda",
            0.0007112282910384238
          ],
          [
            "Samoa",
            0.0006113246781751513
          ],
          [
            "Pakistan",
            0.0005760174826718867
          ],
          [
            "United States Virgin Islands",
            0.000568356248550117
          ],
          [
            "Timor-Leste",
            0.0005611511296592653
          ],
          [
            "Luxembourg",
            0.0005461722612380981
          ],
          [
            "Israel",
            0.0005454695201478899
          ],
          [
            "Japan",
            0.0005356512847356498
          ],
          [
            "Saint Lucia",
            0.0005310328560881317
          ],
          [
            "Cameroon",
            0.0005199677543714643
          ],
          [
            "Comoros",
            0.000480840215459466
          ],
          [
            "Oman",
            0.00047638718388043344
          ],
          [
            "Barbados",
            0.0004319424624554813
          ],
          [
            "Madeira Islands",
            0.00042471245978958905
          ],
          [
            "United Arab Emirates",
            0.00041732797399163246
          ],
          [
            "Chile",
            0.00040631298907101154
          ],
          [
            "Trinidad and Tobago",
            0.0004020598134957254
          ],
          [
            "DR Congo",
            0.00039419005042873323
          ],
          [
            "Cyprus",
            0.0003779697581194341
          ],
          [
            "Taiwan",
            0.00035685673356056213
          ],
          [
            "Equatorial Guinea",
            0.0003412588848732412
          ],
          [
            "Haiti",
            0.00032907052082009614
          ],
          [
            "Kiribati",
            0.0003273196634836495
          ],
          [
            "West Bank",
            0.00031919253524392843
          ],
          [
            "Isle of Man",
            0.0003064344637095928
          ],
          [
            "Netherlands Antilles",
            0.0002820923982653767
          ],
          [
            "Gambia",
            0.00023182078439276665
          ],
          [
            "Sao Tome and Principe",
            0.0002263133501401171
          ],
          [
            "Austria",
            0.00022048842220101506
          ],
          [
            "Morocco",
            0.00018958374857902527
          ],
          [
            "Lebanon",
            0.00016113596211653203
          ],
          [
            "Palau",
            0.00013124896213412285
          ],
          [
            "Madagascar",
            0.00012642593355849385
          ]
        ]
      },
      "geometry": {
        "type": "MultiLineString",
        "coordinates": [
          [
            [
              16.448270277412746,
              26.60936927636891
            ],
            [
              16.21383034857439,
              27.468744909615936
            ],
            [
              15.744933828500422,
              30.828123710454122
            ],
            [
              16.057520400284915,
              36.2968724385361
            ],
            [
              17.229770031668437,
              41.374998340269
            ],
            [
              18.245718045961098,
              45.20312161680653
            ],
            [
              18.8709161831259,
              47.46874942234851
            ],
            [
              18.8709161831259,
              48.17187446709616
            ],
            [
              15.666787185554313,
              42.937500059663506
            ],
            [
              12.071908310854838,
              34.9687481639904
            ],
            [
              9.258537521609696,
              26.84375088681702
            ],
            [
              7.69554217869765,
              19.42186928179285
            ],
            [
              7.851835464589897,
              15.437498540955431
            ],
            [
              8.789632670337113,
              14.656248722658006
            ],
            [
              11.446714339289343,
              16.92187236260068
            ],
            [
              15.19788233428173,
              24.26562398707594
            ],
            [
              19.339796040802668,
              34.9687481639904
            ],
            [
              23.090976532592975,
              45.28124743175616
            ],
            [
              24.966562612888822,
              50.82812405758739
            ],
            [
              25.35730415881804,
              52.46874950913184
            ],
            [
              23.559873052666916,
              50.90624987253699
            ],
            [
              20.51204567218616,
              45.437500103055186
            ],
            [
              18.323864688907207,
              40.51562062422232
            ],
            [
              16.76087351159447,
              36.6093756983345
            ],
            [
              15.901227114392668,
              34.42187162494247
            ],
            [
              15.58863221140956,
              33.56249599169544
            ],
            [
              16.057520400284915,
              34.42187162494247
            ],
            [
              18.79275287778256,
              39.81249870367415
            ],
            [
              20.90279554931402,
              45.28124743175616
            ],
            [
              21.996881875354177,
              48.48437460269511
            ],
            [
              22.23133846658976,
              49.49999978304169
            ],
            [
              21.13724380935099,
              48.406250870545165
            ],
            [
              19.02720113781956,
              43.71874779516128
            ],
            [
              17.1516233887223,
              37.85937207513095
            ],
            [
              15.82308047144656,
              32.703120358448416
            ],
            [
              14.885287431298622,
              28.640623802661395
            ],
            [
              14.416390911224653,
              26.531243461419308
            ],
            [
              14.338244268278544,
              25.828119458071484
            ],
            [
              14.728994145406375,
              29.031250794609747
            ],
            [
              16.057520400284915,
              36.843748977584
            ],
            [
              17.386063317560684,
              43.48437451591178
            ],
            [
              18.480157974799454,
              47.546873154498485
            ],
            [
              18.79275287778256,
              48.406250870545165
            ],
            [
              17.854959837634652,
              44.81249879045748
            ],
            [
              16.682718537449745,
              38.40624861417885
            ],
            [
              15.82308047144656,
              32.312499614899
            ],
            [
              15.432338925517314,
              26.999994185517608
            ],
            [
              15.35418395137259,
              24.10937235717674
            ],
            [
              15.510477237264837,
              23.328118373280006
            ],
            [
              15.979382088537392,
              23.71874744802801
            ],
            [
              17.854959837634652,
              28.874999164710545
            ],
            [
              20.121304126256945,
              36.374996170686046
            ],
            [
              21.84058858946193,
              41.99999861146688
            ],
            [
              22.54393336957287,
              44.187498519259606
            ],
            [
              21.76244194651582,
              43.40624870096218
            ],
            [
              20.27759741214919,
              39.73437288872455
            ],
            [
              19.261657729055145,
              34.73437280194125
            ],
            [
              19.02720113781956,
              29.81249853010752
            ],
            [
              19.339796040802668,
              25.906245273021085
            ],
            [
              20.199442438004468,
              23.71874744802801
            ],
            [
              21.371683738189375,
              23.015623444680188
            ],
            [
              23.794321312703914,
              24.18749817212634
            ],
            [
              26.920303667329392,
              29.18749617610999
            ],
            [
              29.18662296235587,
              36.21874870638615
            ],
            [
              30.593329184974976,
              42.859374244713905
            ],
            [
              31.84370879690738,
              47.546873154498485
            ],
            [
              32.31260531698135,
              48.953124285393585
            ],
            [
              32.23445867403524,
              48.406250870545165
            ],
            [
              30.515174210830253,
              43.64062406301133
            ],
            [
              28.326984896352684,
              37.15625015458278
            ],
            [
              26.52955379020156,
              30.90624744260407
            ],
            [
              24.41951111867013,
              24.26562398707594
            ],
            [
              23.090976532592975,
              19.343747632442557
            ],
            [
              22.70023498666373,
              17.703126346497413
            ],
            [
              23.638028026811668,
              21.06249473333733
            ],
            [
              26.3732521731107,
              29.18749617610999
            ],
            [
              30.046277690756284,
              37.7031225280314
            ],
            [
              33.56300159131098,
              43.171875421712684
            ],
            [
              35.12598443742513,
              44.65624716055828
            ],
            [
              35.28228605451599,
              44.109372704310005
            ],
            [
              33.875596494294086,
              39.89062451862375
            ],
            [
              31.218510659742577,
              32.93749780329722
            ],
            [
              28.561433156389654,
              25.984375253569993
            ],
            [
              25.74805403594587,
              20.04687163579038
            ],
            [
              23.872467955650023,
              16.84374654765108
            ],
            [
              23.325424792629946,
              16.37499582355275
            ],
            [
              23.090976532592975,
              17.703126346497413
            ],
            [
              24.185071189831746,
              24.89062634107347
            ],
            [
              27.311036882060023,
              33.95312298364382
            ],
            [
              31.687407179816546,
              42.15625024136608
            ],
            [
              35.36042436626349,
              46.21874992135261
            ],
            [
              37.3141737519027,
              46.921873924700435
            ],
            [
              38.25195012965341,
              45.98437560070326
            ],
            [
              38.17380348670727,
              41.92187279651728
            ],
            [
              36.22007076346529,
              35.2031256088392
            ],
            [
              33.79744985134798,
              28.328122625662616
            ],
            [
              31.062209042651716,
              21.06249473333733
            ],
            [
              29.030329676463623,
              15.437498540955431
            ],
            [
              28.248829922207932,
              13.484365664013268
            ],
            [
              28.405139870497408,
              16.37499582355275
            ],
            [
              29.889976073665423,
              24.10937235717674
            ],
            [
              32.390751959927485,
              33.249996897496345
            ],
            [
              35.82932921753607,
              41.374998340269
            ],
            [
              38.642708337979855,
              45.28124743175616
            ],
            [
              39.736802995218625,
              45.749998155854456
            ],
            [
              40.127552872346456,
              44.96874833755703
            ],
            [
              39.4241997610369,
              39.73437288872455
            ],
            [
              37.47046703779495,
              31.53124979660157
            ],
            [
              35.20413108037124,
              22.54686855498258
            ],
            [
              33.17225171418315,
              15.046865300608118
            ],
            [
              32.000002082799654,
              11.687492748168893
            ],
            [
              32.000002082799654,
              14.265623813509308
            ],
            [
              32.93780345414618,
              22.234369460783455
            ],
            [
              34.89152784618955,
              30.90624744260407
            ],
            [
              37.93936355786889,
              39.578123341625
            ],
            [
              40.44013944413095,
              44.73437297550788
            ],
            [
              41.45608745842361,
              45.90624978575366
            ],
            [
              41.53423410136975,
              45.437500103055186
            ],
            [
              40.83088932125881,
              41.53124997016823
            ],
            [
              39.502354735181655,
              34.03124671579377
            ],
            [
              38.408260077942856,
              25.906245273021085
            ],
            [
              37.47046703779495,
              17.3906189210997
            ],
            [
              37.07971716066709,
              11.999991842368019
            ],
            [
              36.923415543576255,
              10.515626351921384
            ],
            [
              36.68897561473787,
              11.765618563118494
            ],
            [
              36.06377747757304,
              19.812494190941578
            ],
            [
              36.22007076346529,
              30.51562045065569
            ],
            [
              38.25195012965341,
              43.56249824806173
            ],
            [
              41.1434758930433,
              51.99999982643334
            ],
            [
              43.56611346755784,
              55.125000141022866
            ],
            [
              44.73835476774275,
              54.89062373757389
            ],
            [
              45.832441093782904,
              51.68749864943459
            ],
            [
              46.692087490984704,
              43.79687361011091
            ],
            [
              47.395440602294286,
              34.812496534091196
            ],
            [
              48.25507866829747,
              23.484370003179208
            ],
            [
              49.036578422553134,
              11.609371098818599
            ],
            [
              49.34917332553624,
              4.42187110424257
            ],
            [
              49.271026682590104,
              2.0
            ],
            [
              47.70802717407878,
              7.859365306032089
            ],
            [
              46.535794205092486,
              16.687494917751877
            ],
            [
              46.37950091920021,
              26.60936927636891
            ],
            [
              47.86433712236823,
              39.031248885376726
            ],
            [
              50.20881139153943,
              48.17187446709616
            ],
            [
              52.08440580303389,
              52.15624833213309
            ],
            [
              52.9440438690371,
              52.39062265278241
            ],
            [
              53.8036902662389,
              50.20312378638951
            ],
            [
              54.6633366634407,
              43.24999915386263
            ],
            [
              55.05407820936992,
              35.98437126153732
            ],
            [
              55.44482808649775,
              28.171873078563067
            ],
            [
              55.5229830606425,
              20.359370729989507
            ],
            [
              55.13222485231603,
              14.656248722658006
            ],
            [
              54.585190020494565,
              12.624985865166934
            ],
            [
              53.881845240383626,
              12.468750897664933
            ],
            [
              51.92810418594303,
              15.20311693050732
            ],
            [
              49.34917332553624,
              22.07812199648356
            ],
            [
              48.098785382405225,
              30.125001789905923
            ],
            [
              47.62988053113264,
              39.10937470032633
            ],
            [
              48.176932025351334,
              44.96874833755703
            ],
            [
              48.64583687662392,
              46.60937378910148
            ],
            [
              49.583613254374626,
              43.171875421712684
            ],
            [
              50.67771624281201,
              35.28124934098915
            ],
            [
              51.381052691724335,
              27.39062326026564
            ],
            [
              51.61550928295992,
              19.96874582084078
            ],
            [
              50.99031114579512,
              14.578118742109098
            ],
            [
              49.818078176808825,
              12.078121822916927
            ],
            [
              48.88027680546227,
              11.453119468919397
            ],
            [
              46.84838077687698,
              13.093744920463848
            ],
            [
              43.7224150846487,
              19.03124853824346
            ],
            [
              42.08128559558844,
              26.531243461419308
            ],
            [
              41.45608745842361,
              37.312497618882674
            ],
            [
              42.62832875860852,
              48.56249937624489
            ],
            [
              44.816501410688886,
              55.984374732870094
            ],
            [
              46.926552413418904,
              59.421875183058546
            ],
            [
              48.25507866829747,
              59.26562485490912
            ],
            [
              49.583613254374626,
              55.125000141022866
            ],
            [
              50.28696636568418,
              46.687499604051084
            ],
            [
              50.83400952870426,
              37.15625015458278
            ],
            [
              51.849949211798304,
              26.687499256917818
            ],
            [
              53.725543623292765,
              16.531247453451982
            ],
            [
              54.585190020494565,
              11.218742024070593
            ],
            [
              54.50704337754843,
              10.281248907072552
            ],
            [
              54.03813852627587,
              10.828112949322588
            ],
            [
              52.08440580303389,
              15.359376891605137
            ],
            [
              50.75586288575812,
              22.234369460783455
            ],
            [
              49.818078176808825,
              30.046871809357015
            ],
            [
              49.661776559717964,
              39.10937470032633
            ],
            [
              50.05251810564718,
              45.28124743175616
            ],
            [
              50.28696636568418,
              46.921873924700435
            ],
            [
              50.28696636568418,
              46.453124242001934
            ],
            [
              49.896224819754934,
              40.35937107712277
            ],
            [
              49.97436313150246,
              31.06249907250327
            ],
            [
              50.75586288575812,
              19.187491836944048
            ],
            [
              51.61550928295992,
              9.109370014027121
            ],
            [
              51.69366425710467,
              4.031246195093843
            ],
            [
              51.2247510746335,
              3.1718705618468164
            ],
            [
              48.64583687662392,
              5.828123276537497
            ],
            [
              44.894664716032196,
              13.328122365312652
            ],
            [
              42.39388049857155,
              22.234369460783455
            ],
            [
              40.67458770416795,
              32.23437171714974
            ],
            [
              40.36199280118484,
              40.749998069071154
            ],
            [
              40.987182607151055,
              44.26562433420921
            ],
            [
              41.53423410136975,
              44.109372704310005
            ],
            [
              42.62832875860852,
              40.35937107712277
            ],
            [
              44.3476132218135,
              32.546874976948175
            ],
            [
              45.832441093782904,
              24.73437054557496
            ],
            [
              47.239138985203425,
              18.093742924447525
            ],
            [
              47.942483765314364,
              14.812492021358594
            ],
            [
              47.70802717407878,
              15.515624355905032
            ],
            [
              46.06689768501852,
              22.156243645833854
            ],
            [
              44.894664716032196,
              29.81249853010752
            ],
            [
              44.42575986475964,
              37.937499972880204
            ],
            [
              44.50390650770578,
              42.703124697614356
            ],
            [
              44.73835476774275,
              43.64062406301133
            ],
            [
              44.894664716032196,
              43.24999915386263
            ],
            [
              45.2072596190153,
              38.71874562557832
            ],
            [
              45.59801782734178,
              31.296872351752768
            ],
            [
              46.37950091920021,
              23.249996723929712
            ],
            [
              47.395440602294286,
              15.828123450104158
            ],
            [
              47.78619047942212,
              11.531245283868998
            ],
            [
              47.62988053113264,
              10.671869650621971
            ],
            [
              46.926552413418904,
              11.296872004619502
            ],
            [
              44.3476132218135,
              17.156245641850205
            ],
            [
              42.39388049857155,
              25.281247084622862
            ],
            [
              40.90903596420492,
              36.374996170686046
            ],
            [
              40.67458770416795,
              46.687499604051084
            ],
            [
              41.1434758930433,
              51.60937387588481
            ],
            [
              41.29978584133275,
              52.23437414708269
            ],
            [
              41.29978584133275,
              50.359375416288714
            ],
            [
              41.065329250097165,
              43.09374960676308
            ],
            [
              40.90903596420492,
              35.74999798228782
            ],
            [
              41.065329250097165,
              28.093747263613466
            ],
            [
              41.53423410136975,
              20.906247269037408
            ],
            [
              41.846829004352855,
              16.92187236260068
            ],
            [
              41.76868236140672,
              16.218748359252857
            ],
            [
              40.83088932125881,
              17.468744736049302
            ],
            [
              37.70491529783192,
              24.421871451375836
            ],
            [
              34.578941274405054,
              33.874999251493875
            ],
            [
              32.000002082799654,
              44.26562433420921
            ],
            [
              30.593329184974976,
              50.90624987253699
            ],
            [
              30.124424333702393,
              52.937498150430514
            ],
            [
              29.889976073665423,
              52.39062265278241
            ],
            [
              29.342932910645345,
              47.15624824534976
            ],
            [
              29.264777936500593,
              39.4999975266754
            ],
            [
              29.733674456574562,
              31.140620721853566
            ],
            [
              31.140372347995054,
              21.843748717234064
            ],
            [
              32.70335519410918,
              15.125003612355641
            ],
            [
              33.328545000075394,
              12.546872547015255
            ],
            [
              32.390751959927485,
              15.671871820204956
            ],
            [
              30.35887259373939,
              23.874999077927214
            ],
            [
              28.483286513443545,
              33.874999251493875
            ],
            [
              27.07659695322164,
              44.03124897216006
            ],
            [
              26.451398816056837,
              49.343748153142485
            ],
            [
              25.90435565303673,
              50.125000054239564
            ],
            [
              24.732114352851823,
              48.32812297279591
            ],
            [
              22.778381629609868,
              41.374998340269
            ],
            [
              21.60614032942496,
              33.95312298364382
            ],
            [
              21.13724380935099,
              25.984375253569993
            ],
            [
              21.13724380935099,
              19.265621817492956
            ],
            [
              21.21539045229713,
              16.531247453451982
            ],
            [
              20.35574405509533,
              20.203123265689612
            ],
            [
              19.574252632038252,
              28.953122896860492
            ],
            [
              19.886855866219946,
              40.749998069071154
            ],
            [
              21.21539045229713,
              50.74999824263779
            ],
            [
              22.778381629609868,
              55.984374732870094
            ],
            [
              23.481718078522192,
              56.921875139666895
            ],
            [
              23.872467955650023,
              55.67187459727114
            ],
            [
              24.341364475723992,
              47.62500105224774
            ],
            [
              24.653967709905714,
              38.79687560612723
            ],
            [
              25.35730415881804,
              29.265624073859243
            ],
            [
              26.295097198965976,
              19.49999926234176
            ],
            [
              26.763993719039945,
              13.718747274461379
            ],
            [
              26.685847076093808,
              12.234365121617515
            ],
            [
              26.451398816056837,
              12.937497456163953
            ],
            [
              24.8884243011413,
              19.343747632442557
            ],
            [
              23.950622929794775,
              27.93749979931357
            ],
            [
              24.028769572740885,
              37.85937207513095
            ],
            [
              24.81026099579796,
              44.81249879045748
            ],
            [
              25.435459132962762,
              46.921873924700435
            ],
            [
              25.435459132962762,
              43.64062406301133
            ],
            [
              24.966562612888822,
              35.90624752938737
            ],
            [
              24.732114352851823,
              27.78124816941437
            ],
            [
              24.653967709905714,
              19.734372541591284
            ],
            [
              24.41951111867013,
              14.7343703720083
            ],
            [
              24.185071189831746,
              13.406244014662974
            ],
            [
              23.794321312703914,
              13.640621459511777
            ],
            [
              21.918735232408068,
              18.640623629094762
            ],
            [
              20.51204567218616,
              26.999994185517608
            ],
            [
              20.199442438004468,
              38.2499990670793
            ],
            [
              21.21539045229713,
              47.70312270159803
            ],
            [
              22.778381629609868,
              52.39062265278241
            ],
            [
              23.559873052666916,
              52.85937441828054
            ],
            [
              24.028769572740885,
              50.437498107038834
            ],
            [
              24.497666092814853,
              42.781248429764304
            ],
            [
              24.41951111867013,
              34.42187162494247
            ],
            [
              24.41951111867013,
              25.12499545472366
            ],
            [
              24.41951111867013,
              16.76562073270148
            ],
            [
              24.028769572740885,
              12.703124176914457
            ],
            [
              23.794321312703914,
              12.234365121617515
            ],
            [
              23.247269818485222,
              13.796864758212365
            ],
            [
              21.84058858946193,
              21.296872178186135
            ],
            [
              21.4498387123341,
              30.046871809357015
            ],
            [
              21.918735232408068,
              39.81249870367415
            ],
            [
              22.856519941357362,
              46.06249829145341
            ],
            [
              23.169123175539085,
              47.859374331497236
            ],
            [
              23.169123175539085,
              47.390624648798735
            ],
            [
              22.54393336957287,
              42.703124697614356
            ],
            [
              21.684278641172455,
              34.812496534091196
            ],
            [
              21.371683738189375,
              26.45312597766832
            ],
            [
              21.13724380935099,
              18.562497814145132
            ],
            [
              20.746502263421746,
              14.421871277809203
            ],
            [
              20.433899029240052,
              13.484365664013268
            ],
            [
              19.96499417796747,
              14.031250534259783
            ],
            [
              18.245718045961098,
              19.343747632442557
            ],
            [
              17.073468414577576,
              27.078124166066516
            ],
            [
              16.057520400284915,
              36.76562524543405
            ],
            [
              15.82308047144656,
              45.12499996745623
            ],
            [
              15.901227114392668,
              49.03124905894336
            ],
            [
              15.82308047144656,
              47.78124955794746
            ],
            [
              15.666787185554313,
              40.8281218012211
            ],
            [
              15.82308047144656,
              33.249996897496345
            ],
            [
              16.370123634466637,
              24.421871451375836
            ],
            [
              16.76087351159447,
              17.3906189210997
            ],
            [
              16.60458022570222,
              14.265623813509308
            ],
            [
              16.448270277412746,
              13.796864758212365
            ],
            [
              15.744933828500422,
              15.281246911056229
            ],
            [
              14.103787677042959,
              22.390621090682657
            ],
            [
              13.087856325147499,
              31.765623075851096
            ],
            [
              13.009701351002775,
              42.859374244713905
            ],
            [
              13.947494391150713,
              50.82812405758739
            ],
            [
              14.96343407424476,
              54.26562554917567
            ],
            [
              15.432338925517314,
              54.65624941692457
            ],
            [
              15.979382088537392,
              53.40624991592864
            ],
            [
              16.682718537449745,
              46.76562333620103
            ],
            [
              17.073468414577576,
              39.4218717117258
            ],
            [
              17.542364934651545,
              31.45312398165197
            ],
            [
              18.40201966305196,
              23.09374509403048
            ],
            [
              19.02720113781956,
              16.76562073270148
            ],
            [
              18.949062826072037,
              13.953120553710875
            ],
            [
              18.714606234836452,
              13.562503975760762
            ],
            [
              17.854959837634652,
              15.046865300608118
            ],
            [
              15.276037308426453,
              22.07812199648356
            ],
            [
              13.634899488167605,
              30.593750431204597
            ],
            [
              12.775257256565084,
              41.14062297821985
            ],
            [
              13.244149611039745,
              49.03124905894336
            ],
            [
              13.947494391150713,
              52.46874950913184
            ],
            [
              14.260097625332406,
              52.78124860333094
            ],
            [
              14.572692528315514,
              51.14062523458614
            ],
            [
              15.35418395137259,
              43.71874779516128
            ],
            [
              16.057520400284915,
              35.98437126153732
            ],
            [
              16.682718537449745,
              27.15624581541684
            ],
            [
              16.995313440432852,
              18.796875258993964
            ],
            [
              16.839020154540606,
              13.328122365312652
            ],
            [
              16.370123634466637,
              11.374997819569103
            ],
            [
              15.744933828500422,
              11.453119468919397
            ],
            [
              13.947494391150713,
              14.656248722658006
            ],
            [
              11.759313407871758,
              21.843748717234064
            ],
            [
              10.587067942087543,
              30.203123439256245
            ],
            [
              10.352623847649852,
              41.53124997016823
            ],
            [
              11.055964462161484,
              50.59374973693804
            ],
            [
              11.837464216417175,
              55.20312439387274
            ],
            [
              12.306356570891836,
              56.14062532136947
            ],
            [
              12.462658187982697,
              55.43749975592189
            ],
            [
              12.697106448019667,
              48.71874996474426
            ],
            [
              13.087856325147499,
              40.281247344972826
            ],
            [
              13.791192774059851,
              31.609371445951894
            ],
            [
              14.885287431298622,
              22.937497629730586
            ],
            [
              16.135675374429667,
              16.92187236260068
            ],
            [
              16.526425251557498,
              15.046865300608118
            ],
            [
              16.21383034857439,
              15.749997635154557
            ],
            [
              14.572692528315514,
              21.21875052883584
            ],
            [
              13.244149611039745,
              28.874999164710545
            ],
            [
              12.306356570891836,
              38.01562370503015
            ],
            [
              12.540800665329499,
              45.437500103055186
            ],
            [
              13.087856325147499,
              49.109372791093335
            ],
            [
              13.32230041958519,
              49.81249991864061
            ],
            [
              13.947494391150713,
              46.06249829145341
            ],
            [
              14.49453755417079,
              39.031248885376726
            ],
            [
              15.276037308426453,
              32.15625006779945
            ],
            [
              16.448270277412746,
              24.968747990423765
            ],
            [
              17.1516233887223,
              19.578120911692082
            ],
            [
              17.307916674614546,
              17.078119826900604
            ],
            [
              17.307916674614546,
              16.531247453451982
            ],
            [
              16.839020154540606,
              17.7812438302484
            ],
            [
              15.510477237264837,
              24.421871451375836
            ],
            [
              14.650839171261651,
              33.01562361824682
            ],
            [
              14.416390911224653,
              42.937500059663506
            ],
            [
              14.650839171261651,
              50.125000054239564
            ],
            [
              15.041589048389483,
              53.32812410097904
            ],
            [
              15.119744022534206,
              53.79687378367754
            ],
            [
              15.041589048389483,
              52.546874282681614
            ],
            [
              14.416390911224653,
              46.296874694902385
            ],
            [
              14.103787677042959,
              39.4999975266754
            ],
            [
              13.947494391150713,
              32.0781263356495
            ],
            [
              14.181942651187683,
              24.10937235717674
            ],
            [
              14.650839171261651,
              17.156245641850205
            ],
            [
              15.119744022534206,
              13.562503975760762
            ],
            [
              15.19788233428173,
              13.015619105514247
            ],
            [
              15.041589048389483,
              13.87499890436058
            ],
            [
              14.103787677042959,
              20.59374817483831
            ],
            [
              13.32230041958519,
              29.031250794609747
            ],
            [
              12.853399733911914,
              39.4999975266754
            ],
            [
              13.165994636895022,
              47.70312270159803
            ],
            [
              13.400442896931992,
              51.21875000813591
            ],
            [
              12.775257256565084,
              49.89062260939076
            ],
            [
              11.29041688779779,
              43.171875421712684
            ],
            [
              10.274468873505128,
              35.90624752938737
            ],
            [
              9.414830807501943,
              28.015625614263172
            ],
            [
              9.180382547464944,
              20.04687163579038
            ],
            [
              9.49298161604736,
              15.281246911056229
            ],
            [
              9.72742571048505,
              14.109372183610105
            ],
            [
              10.74336122797979,
              18.40624618424593
            ],
            [
              11.134111105107621,
              26.14061855227061
            ],
            [
              11.681158433727006,
              35.2031256088392
            ],
            [
              12.540800665329499,
              43.40624870096218
            ],
            [
              13.165994636895022,
              47.859374331497236
            ],
            [
              13.165994636895022,
              48.56249937624489
            ],
            [
              12.775257256565084,
              47.78124955794746
            ],
            [
              11.055964462161484,
              41.76562324941773
            ],
            [
              9.49298161604736,
              34.57812325484167
            ],
            [
              8.242585341717728,
              26.531243461419308
            ],
            [
              7.69554217869765,
              18.249994554346728
            ],
            [
              7.69554217869765,
              12.859371641214352
            ],
            [
              7.929986273135313,
              10.906242929871496
            ],
            [
              9.33667583335719,
              13.093744920463848
            ],
            [
              10.821512036525206,
              20.2812407494406
            ],
            [
              11.993757502309421,
              28.093747263613466
            ],
            [
              13.869347748204575,
              37.23437180393307
            ],
            [
              15.35418395137259,
              44.4218717985091
            ],
            [
              16.135675374429667,
              47.31249987524896
            ],
            [
              15.35418395137259,
              45.437500103055186
            ],
            [
              13.791192774059851,
              38.1718732521297
            ],
            [
              12.462658187982697,
              30.67187208055489
            ],
            [
              11.52486514783476,
              21.68749708733486
            ],
            [
              11.134111105107621,
              14.890622001907502
            ],
            [
              11.055964462161484,
              12.078121822916927
            ],
            [
              11.055964462161484,
              15.20311693050732
            ],
            [
              11.134111105107621,
              23.64062163307841
            ],
            [
              12.071908310854838,
              33.249996897496345
            ],
            [
              13.791192774059851,
              42.07812442641648
            ],
            [
              14.885287431298622,
              46.37499842705233
            ],
            [
              14.728994145406375,
              45.359374288105585
            ],
            [
              12.306356570891836,
              32.23437171714974
            ],
            [
              11.368563530743899,
              24.343745636426235
            ],
            [
              10.74336122797979,
              17.468744736049302
            ],
            [
              10.196318064959684,
              14.265623813509308
            ],
            [
              9.96187397052202,
              13.718747274461379
            ],
            [
              9.72742571048505,
              14.499997092758804
            ],
            [
              9.414830807501943,
              20.749995639138206
            ],
            [
              10.196318064959684,
              28.79687126696129
            ],
            [
              11.837464216417175,
              37.937499972880204
            ],
            [
              13.791192774059851,
              44.57812342840833
            ],
            [
              14.728994145406375,
              46.76562333620103
            ],
            [
              14.807140788352513,
              44.89062460540708
            ],
            [
              14.103787677042959,
              38.0937474371801
            ],
            [
              13.400442896931992,
              31.140620721853566
            ],
            [
              12.697106448019667,
              22.859367649181678
            ],
            [
              12.228201596747112,
              16.140618378703948
            ],
            [
              11.759313407871758,
              12.703124176914457
            ],
            [
              11.681158433727006,
              11.921874358617004
            ],
            [
              11.52486514783476,
              12.546872547015255
            ],
            [
              11.29041688779779,
              18.640623629094762
            ],
            [
              11.759313407871758,
              26.687499256917818
            ],
            [
              13.634899488167605,
              36.921872709733975
            ],
            [
              16.135675374429667,
              45.749998155854456
            ],
            [
              17.698666551742406,
              50.20312378638951
            ],
            [
              18.089416428870237,
              50.74999824263779
            ],
            [
              18.0112697859241,
              49.65624828874141
            ],
            [
              17.229770031668437,
              43.48437451591178
            ],
            [
              16.21383034857439,
              36.2968724385361
            ],
            [
              15.276037308426453,
              28.56249590491214
            ],
            [
              14.650839171261651,
              20.51562235988871
            ],
            [
              14.49453755417079,
              14.656248722658006
            ],
            [
              14.49453755417079,
              12.546872547015255
            ],
            [
              14.572692528315514,
              14.812492021358594
            ],
            [
              14.49453755417079,
              22.312499441332363
            ],
            [
              14.807140788352513,
              30.51562045065569
            ],
            [
              15.666787185554313,
              39.578123341625
            ],
            [
              16.448270277412746,
              45.20312161680653
            ],
            [
              16.76087351159447,
              46.531250056951535
            ],
            [
              16.60458022570222,
              46.06249829145341
            ],
            [
              15.666787185554313,
              41.2968725253194
            ],
            [
              14.728994145406375,
              34.343749975592175
            ],
            [
              14.49453755417079,
              27.23437163036644
            ],
            [
              14.572692528315514,
              20.43749654493911
            ],
            [
              15.041589048389483,
              16.531247453451982
            ],
            [
              15.19788233428173,
              15.671871820204956
            ],
            [
              15.276037308426453,
              16.140618378703948
            ],
            [
              15.119744022534206,
              20.906247269037408
            ],
            [
              14.807140788352513,
              28.640623802661395
            ],
            [
              14.728994145406375,
              37.468749248781876
            ],
            [
              15.35418395137259,
              44.96874833755703
            ],
            [
              15.901227114392668,
              48.56249937624489
            ],
            [
              15.432338925517314,
              47.78124955794746
            ],
            [
              14.025641034096822,
              42.07812442641648
            ],
            [
              12.931550542457359,
              35.67187216733822
            ],
            [
              12.228201596747112,
              28.874999164710545
            ],
            [
              12.15006328499959,
              21.843748717234064
            ],
            [
              12.540800665329499,
              16.687494917751877
            ],
            [
              12.853399733911914,
              14.890622001907502
            ],
            [
              13.32230041958519,
              17.468744736049302
            ],
            [
              13.400442896931992,
              24.499997266325437
            ],
            [
              13.634899488167605,
              32.62499870909812
            ],
            [
              14.416390911224653,
              41.60937161951853
            ],
            [
              15.666787185554313,
              48.32812297279591
            ],
            [
              16.60458022570222,
              50.90624987253699
            ],
            [
              17.1516233887223,
              48.71874996474426
            ],
            [
              17.229770031668437,
              40.8281218012211
            ],
            [
              17.307916674614546,
              32.85937198834762
            ],
            [
              17.542364934651545,
              24.031246542227137
            ],
            [
              17.77682152588713,
              16.999994011951003
            ],
            [
              17.854959837634652,
              13.640621459511777
            ],
            [
              17.698666551742406,
              14.968747816857103
            ],
            [
              17.464218291705407,
              22.46874274003298
            ],
            [
              17.933114811779376,
              31.37499816670237
            ],
            [
              19.808709223273837,
              41.14062297821985
            ],
            [
              22.23133846658976,
              47.31249987524896
            ],
            [
              23.481718078522192,
              49.03124905894336
            ],
            [
              23.716174669757777,
              48.56249937624489
            ],
            [
              23.559873052666916,
              44.34375014915881
            ],
            [
              23.012829889646838,
              37.23437180393307
            ],
            [
              22.54393336957287,
              30.125001789905923
            ],
            [
              22.54393336957287,
              22.312499441332363
            ],
            [
              23.012829889646838,
              15.437498540955431
            ],
            [
              23.481718078522192,
              11.609371098818599
            ],
            [
              23.794321312703914,
              10.515626351921384
            ],
            [
              24.8884243011413,
              13.249992384763743
            ],
            [
              26.060657270127592,
              21.21875052883584
            ],
            [
              27.623640116241745,
              30.67187208055489
            ],
            [
              30.4370192366855,
              42.15625024136608
            ],
            [
              32.70335519410918,
              49.65624828874141
            ],
            [
              33.641148234257116,
              51.99999982643334
            ],
            [
              33.953743137240224,
              51.06249941963654
            ],
            [
              34.110044754331085,
              44.4218717985091
            ],
            [
              34.110044754331085,
              36.53124780058525
            ],
            [
              34.26633804022333,
              28.015625614263172
            ],
            [
              34.65708791735116,
              19.03124853824346
            ],
            [
              35.04782946328038,
              13.015619105514247
            ],
            [
              35.04782946328038,
              10.906242929871496
            ],
            [
              33.79744985134798,
              14.656248722658006
            ],
            [
              32.390751959927485,
              22.937497629730586
            ],
            [
              31.452967250978162,
              33.79687135374462
            ],
            [
              31.92186377105213,
              45.749998155854456
            ],
            [
              33.09410507123704,
              52.78124860333094
            ],
            [
              34.03189811138495,
              54.89062373757389
            ],
            [
              34.813389534442024,
              53.95312541357674
            ],
            [
              36.06377747757304,
              48.32812297279591
            ],
            [
              36.84526890063012,
              41.21874879316945
            ],
            [
              37.93936355786889,
              33.874999251493875
            ],
            [
              38.95530324096296,
              26.687499256917818
            ],
            [
              39.81494130696615,
              20.51562235988871
            ],
            [
              40.44013944413095,
              16.92187236260068
            ],
            [
              40.51828608707709,
              16.140618378703948
            ],
            [
              39.6586480210739,
              21.140620548286932
            ],
            [
              39.18974316980132,
              28.328122625662616
            ],
            [
              39.4241997610369,
              37.312497618882674
            ],
            [
              40.987182607151055,
              45.67187442370451
            ],
            [
              42.70646707035604,
              50.59374973693804
            ],
            [
              43.7224150846487,
              51.60937387588481
            ],
            [
              44.50390650770578,
              50.59374973693804
            ],
            [
              45.44169954785369,
              43.953123157210456
            ],
            [
              45.91060439912627,
              35.82811963163812
            ],
            [
              46.457639230947734,
              27.31249744531604
            ],
            [
              47.004674062769226,
              19.10937435319306
            ],
            [
              47.239138985203425,
              13.796864758212365
            ],
            [
              47.16099234225729,
              11.843748543667402
            ],
            [
              46.692087490984704,
              12.703124176914457
            ],
            [
              45.67616447028789,
              19.187491836944048
            ],
            [
              45.36355290490758,
              26.921872536167314
            ],
            [
              45.67616447028789,
              37.468749248781876
            ],
            [
              47.317285628149534,
              47.546873154498485
            ],
            [
              48.802130162516164,
              53.48437260667876
            ],
            [
              49.42731996848238,
              54.73437523187417
            ],
            [
              49.583613254374626,
              53.87499959862714
            ],
            [
              48.95842344840841,
              47.546873154498485
            ],
            [
              48.25507866829747,
              39.968746167974075
            ],
            [
              47.62988053113264,
              31.921874705750298
            ],
            [
              46.926552413418904,
              23.71874744802801
            ],
            [
              46.3013542762541,
              16.609373268401583
            ],
            [
              45.832441093782904,
              12.390625082715331
            ],
            [
              45.51985452199841,
              11.531245283868998
            ],
            [
              45.05095800192447,
              12.156247637866528
            ],
            [
              43.40982851286421,
              18.171872904996434
            ],
            [
              42.62832875860852,
              26.14061855227061
            ],
            [
              42.94091533039301,
              37.078122256833524
            ],
            [
              44.73835476774275,
              48.953124285393585
            ],
            [
              46.692087490984704,
              57.15624946031622
            ],
            [
              48.33322531124358,
              61.375000379677005
            ],
            [
              48.802130162516164,
              61.999999999999986
            ],
            [
              48.72398351957003,
              58.718750138310895
            ],
            [
              47.70802717407878,
              48.32812297279591
            ],
            [
              46.535794205092486,
              38.328120716429595
            ],
            [
              45.832441093782904,
              28.56249590491214
            ],
            [
              45.44169954785369,
              18.87499274274495
            ],
            [
              45.28540626196144,
              12.624985865166934
            ],
            [
              45.05095800192447,
              10.828112949322588
            ],
            [
              44.73835476774275,
              11.140624540319607
            ],
            [
              43.33166520752087,
              15.749997635154557
            ],
            [
              42.39388049857155,
              23.328118373280006
            ],
            [
              42.315725524426796,
              33.17187524814602
            ],
            [
              43.7224150846487,
              44.81249879045748
            ],
            [
              45.832441093782904,
              53.24999828602944
            ],
            [
              47.62988053113264,
              57.390625343065295
            ],
            [
              48.25507866829747,
              58.093748825713206
            ],
            [
              48.25507866829747,
              56.99999887181684
            ],
            [
              46.84838077687698,
              49.49999978304169
            ],
            [
              45.51985452199841,
              40.9062476161707
            ],
            [
              44.3476132218135,
              31.999998437900246
            ],
            [
              43.33166520752087,
              22.78125016543069
            ],
            [
              42.70646707035604,
              15.671871820204956
            ],
            [
              42.2375872126793,
              13.093744920463848
            ],
            [
              41.53423410136975,
              13.406244014662974
            ],
            [
              39.4241997610369,
              18.249994554346728
            ],
            [
              38.017510200815025,
              25.20312126967326
            ],
            [
              37.157863803613225,
              34.03124671579377
            ],
            [
              37.548613680741056,
              42.859374244713905
            ],
            [
              38.72084664972735,
              48.64062414979466
            ],
            [
              39.4241997610369,
              50.82812405758739
            ],
            [
              39.81494130696615,
              51.14062523458614
            ],
            [
              40.04938956700312,
              50.59374973693804
            ],
            [
              40.51828608707709,
              45.90624978575366
            ],
            [
              40.987182607151055,
              38.1718732521297
            ],
            [
              41.45608745842361,
              30.828123710454122
            ],
            [
              41.846829004352855,
              22.78125016543069
            ],
            [
              42.15943223853458,
              15.828123450104158
            ],
            [
              42.15943223853458,
              12.078121822916927
            ],
            [
              42.08128559558844,
              11.296872004619502
            ],
            [
              40.987182607151055,
              15.281246911056229
            ],
            [
              39.8931129435081,
              22.312499441332363
            ],
            [
              39.736802995218625,
              30.359375069155448
            ],
            [
              40.36199280118484,
              40.281247344972826
            ],
            [
              41.61238074431586,
              48.32812297279591
            ],
            [
              42.62832875860852,
              52.625000097631215
            ],
            [
              43.175371921628596,
              53.48437260667876
            ],
            [
              43.40982851286421,
              52.78124860333094
            ],
            [
              43.56611346755784,
              46.921873924700435
            ],
            [
              43.40982851286421,
              39.73437288872455
            ],
            [
              43.33166520752087,
              31.999998437900246
            ],
            [
              43.25352689577335,
              23.796873262977613
            ],
            [
              43.09722527868249,
              16.218748359252857
            ],
            [
              42.70646707035604,
              11.531245283868998
            ],
            [
              42.47202714151766,
              10.203118926523643
            ],
            [
              42.08128559558844,
              10.359374722022153
            ],
            [
              40.2838461582387,
              14.343745462859602
            ],
            [
              38.48641505208761,
              21.921870366584358
            ],
            [
              37.23602710895656,
              31.06249907250327
            ],
            [
              37.07971716066709,
              42.15625024136608
            ],
            [
              37.93936355786889,
              50.28124960133911
            ],
            [
              38.7990016238721,
              53.79687378367754
            ],
            [
              38.33009677259952,
              50.359375416288714
            ],
            [
              37.00157051772098,
              40.749998069071154
            ],
            [
              36.53267399764701,
              29.265624073859243
            ],
            [
              36.53267399764701,
              15.749997635154557
            ],
            [
              36.29822573761004,
              7.312497098182746
            ],
            [
              35.82932921753607,
              4.890625993940176
            ],
            [
              35.438587671606854,
              5.593745831688693
            ],
            [
              34.42264798851278,
              11.453119468919397
            ],
            [
              34.110044754331085,
              19.890624171490487
            ],
            [
              34.65708791735116,
              30.437498801305395
            ],
            [
              36.29822573761004,
              42.46874725276555
            ],
            [
              38.017510200815025,
              50.28124960133911
            ],
            [
              38.877156598016825,
              53.48437260667876
            ],
            [
              38.408260077942856,
              52.70312382978116
            ],
            [
              36.29822573761004,
              47.23437301889953
            ],
            [
              34.110044754331085,
              41.21874879316945
            ],
            [
              32.31260531698135,
              34.9687481639904
            ],
            [
              30.593329184974976,
              28.249998893512668
            ],
            [
              29.342932910645345,
              21.609367106785953
            ],
            [
              28.326984896352684,
              16.92187236260068
            ],
            [
              27.85809670747733,
              15.671871820204956
            ],
            [
              27.07659695322164,
              21.45311964248603
            ],
            [
              27.46734683034947,
              30.67187208055489
            ],
            [
              29.18662296235587,
              42.46874725276555
            ],
            [
              31.452967250978162,
              51.765625505784016
            ],
            [
              33.015950097092286,
              56.687500298317644
            ],
            [
              33.406699974220146,
              57.62499966371462
            ],
            [
              33.406699974220146,
              56.84375036611712
            ],
            [
              32.390751959927485,
              50.04687423928996
            ],
            [
              31.140372347995054,
              41.92187279651728
            ],
            [
              30.35887259373939,
              32.78124825619767
            ],
            [
              30.046277690756284,
              22.937497629730586
            ],
            [
              30.124424333702393,
              15.20311693050732
            ],
            [
              30.124424333702393,
              11.921874358617004
            ],
            [
              29.264777936500593,
              16.687494917751877
            ],
            [
              28.561433156389654,
              25.04686963977406
            ],
            [
              29.108476319409732,
              35.82811963163812
            ],
            [
              30.515174210830253,
              45.98437560070326
            ],
            [
              32.156303699890486,
              51.531250143734866
            ],
            [
              32.625200219964455,
              52.78124860333094
            ],
            [
              32.31260531698135,
              51.92187401148374
            ],
            [
              30.4370192366855,
              46.06249829145341
            ],
            [
              28.63957979933579,
              39.4999975266754
            ],
            [
              26.998441979076915,
              32.78124825619767
            ],
            [
              25.74805403594587,
              25.828119458071484
            ],
            [
              24.81026099579796,
              20.359370729989507
            ],
            [
              24.497666092814853,
              17.859369645198
            ],
            [
              24.653967709905714,
              17.3906189210997
            ],
            [
              25.35730415881804,
              19.03124853824346
            ],
            [
              27.07659695322164,
              26.999994185517608
            ],
            [
              29.655527813628424,
              38.01562370503015
            ],
            [
              32.859648480001454,
              49.343748153142485
            ],
            [
              35.12598443742513,
              56.29687538916892
            ],
            [
              35.907484191680794,
              58.640625625111085
            ],
            [
              33.719294877203254,
              53.015623965380115
            ],
            [
              30.827769113813332,
              45.12499996745623
            ],
            [
              28.170683279261823,
              36.999998524683576
            ],
            [
              25.90435565303673,
              28.328122625662616
            ],
            [
              23.716174669757777,
              19.734372541591284
            ],
            [
              22.387631752482008,
              14.109372183610105
            ],
            [
              21.527985355280208,
              12.078121822916927
            ],
            [
              21.21539045229713,
              15.828123450104158
            ],
            [
              21.918735232408068,
              24.968747990423765
            ],
            [
              24.185071189831746,
              36.68749526488514
            ],
            [
              27.701786759187854,
              48.32812297279591
            ],
            [
              30.515174210830253,
              54.81250104682377
            ],
            [
              32.000002082799654,
              56.99999887181684
            ],
            [
              31.687407179816546,
              53.95312541357674
            ],
            [
              29.49922619653759,
              46.84374915115066
            ],
            [
              27.07659695322164,
              39.81249870367415
            ],
            [
              24.575821066959577,
              32.39062334704897
            ],
            [
              22.07503684949893,
              25.04686963977406
            ],
            [
              20.121304126256945,
              19.10937435319306
            ],
            [
              19.183511086109007,
              16.687494917751877
            ],
            [
              19.02720113781956,
              20.51562235988871
            ],
            [
              20.51204567218616,
              28.874999164710545
            ],
            [
              23.638028026811668,
              38.95312515322678
            ],
            [
              27.389191856204747,
              47.70312270159803
            ],
            [
              29.811829430719285,
              52.70312382978116
            ],
            [
              30.202579307847145,
              53.71875005152759
            ],
            [
              29.5773728394837,
              53.17187559527932
            ],
            [
              25.74805403594587,
              47.93750014644684
            ],
            [
              21.4498387123341,
              40.9062476161707
            ],
            [
              17.464218291705407,
              33.64062597224435
            ],
            [
              14.025641034096822,
              26.21874436722021
            ],
            [
              11.52486514783476,
              20.51562235988871
            ],
            [
              10.74336122797979,
              18.40624618424593
            ],
            [
              11.993757502309421,
              20.12499745074001
            ],
            [
              16.682718537449745,
              26.76562090626811
            ],
            [
              23.950622929794775,
              35.28124934098915
            ],
            [
              33.953743137240224,
              45.04687415250663
            ],
            [
              43.09722527868249,
              52.31249996203229
            ],
            [
              48.64583687662392,
              55.67187459727114
            ],
            [
              50.28696636568418,
              56.06249950641987
            ],
            [
              49.50546661142849,
              54.89062373757389
            ],
            [
              43.25352689577335,
              48.953124285393585
            ],
            [
              35.5948809574991,
              42.07812442641648
            ],
            [
              27.2328985703125,
              34.42187162494247
            ],
            [
              19.105356111964284,
              26.21874436722021
            ],
            [
              12.384507379437252,
              19.187491836944048
            ],
            [
              9.96187397052202,
              16.453121638502353
            ],
            [
              12.540800665329499,
              18.95312272329386
            ],
            [
              17.62051990879627,
              23.64062163307841
            ],
            [
              23.481718078522192,
              28.249998893512668
            ],
            [
              31.140372347995054,
              33.95312298364382
            ],
            [
              39.6586480210739,
              40.43749897487203
            ],
            [
              47.70802717407878,
              46.453124242001934
            ],
            [
              52.865897226090965,
              50.359375416288714
            ],
            [
              54.116276838023396,
              51.37499955523549
            ],
            [
              52.9440438690371,
              50.82812405758739
            ],
            [
              46.3013542762541,
              46.921873924700435
            ],
            [
              38.48641505208761,
              41.0624950804706
            ],
            [
              30.4370192366855,
              34.343749975592175
            ],
            [
              23.559873052666916,
              28.015625614263172
            ],
            [
              18.636459591890315,
              23.406248353828914
            ],
            [
              17.307916674614546,
              21.921870366584358
            ],
            [
              20.51204567218616,
              24.343745636426235
            ],
            [
              27.623640116241745,
              29.656246900208316
            ],
            [
              36.53267399764701,
              35.51562262023867
            ],
            [
              45.28540626196144,
              40.59374852197158
            ],
            [
              52.006250828889165,
              43.79687361011091
            ],
            [
              55.05407820936992,
              45.12499996745623
            ],
            [
              52.63145729725258,
              43.79687361011091
            ],
            [
              44.73835476774275,
              39.65624707377495
            ],
            [
              36.4545273547009,
              34.42187162494247
            ],
            [
              28.170683279261823,
              28.56249590491214
            ],
            [
              20.98094219226013,
              23.015623444680188
            ],
            [
              18.245718045961098,
              20.43749654493911
            ],
            [
              20.433899029240052,
              20.906247269037408
            ],
            [
              26.060657270127592,
              23.874999077927214
            ],
            [
              32.156303699890486,
              26.999994185517608
            ],
            [
              39.4241997610369,
              30.437498801305395
            ],
            [
              47.78619047942212,
              34.109374613543025
            ],
            [
              54.81962994933292,
              37.078122256833524
            ],
            [
              58.88339701290775,
              38.79687560612723
            ],
            [
              59.35231019537892,
              39.10937470032633
            ],
            [
              57.47671578388446,
              38.484372346328826
            ],
            [
              48.95842344840841,
              35.2031256088392
            ],
            [
              39.4241997610369,
              30.593750431204597
            ],
            [
              28.405139870497408,
              24.10937235717674
            ],
            [
              19.261657729055145,
              18.093742924447525
            ],
            [
              16.21383034857439,
              16.062496729353654
            ],
            [
              18.167563071816346,
              17.624996365948505
            ],
            [
              23.794321312703914,
              21.68749708733486
            ],
            [
              29.968122716611532,
              25.593746178821988
            ],
            [
              37.70491529783192,
              29.42187362095882
            ],
            [
              46.37950091920021,
              33.249996897496345
            ],
            [
              53.25665543441741,
              36.21874870638615
            ],
            [
              56.38262112664569,
              37.7031225280314
            ],
            [
              56.77337100377352,
              38.01562370503015
            ],
            [
              55.60112970358861,
              37.85937207513095
            ],
            [
              48.48954359073167,
              35.28124934098915
            ],
            [
              40.2838461582387,
              30.828123710454122
            ],
            [
              31.84370879690738,
              25.593746178821988
            ],
            [
              25.35730415881804,
              21.140620548286932
            ],
            [
              22.778381629609868,
              19.187491836944048
            ],
            [
              25.90435565303673,
              21.37499382753643
            ],
            [
              33.328545000075394,
              26.84375088681702
            ],
            [
              42.86276035624829,
              32.703120358448416
            ],
            [
              52.006250828889165,
              37.781248342981
            ],
            [
              57.78930235566895,
              40.749998069071154
            ],
            [
              59.35231019537892,
              41.68749743446813
            ],
            [
              58.414508824032396,
              41.374998340269
            ],
            [
              52.162552445980026,
              38.56249816127843
            ],
            [
              43.87872503293818,
              34.109374613543025
            ],
            [
              35.5948809574991,
              28.718747534811342
            ],
            [
              27.545493473295608,
              23.015623444680188
            ],
            [
              22.465778395428146,
              18.87499274274495
            ],
            [
              20.746502263421746,
              17.234371456799806
            ],
            [
              23.247269818485222,
              18.249994554346728
            ],
            [
              29.968122716611532,
              23.015623444680188
            ],
            [
              37.3141737519027,
              28.093747263613466
            ],
            [
              46.14505265916324,
              33.328122712445946
            ],
            [
              53.33480207736352,
              37.39062551663193
            ],
            [
              56.77337100377352,
              39.34374797957585
            ],
            [
              55.13222485231603,
              38.71874562557832
            ],
            [
              47.70802717407878,
              35.04687397894
            ],
            [
              39.971234592858394,
              30.749995812704867
            ],
            [
              31.92186377105213,
              25.593746178821988
            ],
            [
              24.732114352851823,
              20.59374817483831
            ],
            [
              20.98094219226013,
              17.624996365948505
            ],
            [
              20.199442438004468,
              16.84374654765108
            ],
            [
              24.341364475723992,
              18.87499274274495
            ],
            [
              31.2966656338873,
              23.015623444680188
            ],
            [
              38.56456169503372,
              26.84375088681702
            ],
            [
              46.84838077687698,
              30.359375069155448
            ],
            [
              54.116276838023396,
              32.78124825619767
            ],
            [
              58.492655466978505,
              33.95312298364382
            ],
            [
              59.43044017592783,
              34.03124671579377
            ],
            [
              58.88339701290775,
              33.56249599169544
            ],
            [
              53.41294872030966,
              30.749995812704867
            ],
            [
              45.91060439912627,
              26.687499256917818
            ],
            [
              38.33009677259952,
              22.234369460783455
            ],
            [
              32.31260531698135,
              18.171872904996434
            ],
            [
              28.795881416426624,
              15.281246911056229
            ],
            [
              27.779950064531192,
              14.187497998559707
            ],
            [
              30.124424333702393,
              14.578118742109098
            ],
            [
              35.98563083462693,
              17.624996365948505
            ],
            [
              41.76868236140672,
              20.98437308398701
            ],
            [
              47.082837368112564,
              23.95311656167823
            ],
            [
              51.381052691724335,
              26.062496902920287
            ],
            [
              53.8036902662389,
              26.921872536167314
            ],
            [
              54.50704337754843,
              26.999994185517608
            ],
            [
              53.25665543441741,
              25.515620363872387
            ],
            [
              48.02063873945909,
              21.609367106785953
            ],
            [
              42.62832875860852,
              18.093742924447525
            ],
            [
              37.62676865488581,
              14.7343703720083
            ],
            [
              33.48485494836487,
              12.078121822916927
            ],
            [
              30.984070730904193,
              10.906242929871496
            ],
            [
              30.124424333702393,
              10.74999963117088
            ],
            [
              29.811829430719285,
              11.921874358617004
            ],
            [
              31.218510659742577,
              17.468744736049302
            ],
            [
              34.65708791735116,
              24.26562398707594
            ],
            [
              39.971234592858394,
              31.999998437900246
            ],
            [
              46.37950091920021,
              39.73437288872455
            ],
            [
              51.146604431687365,
              45.04687415250663
            ],
            [
              52.865897226090965,
              47.390624648798735
            ],
            [
              52.63145729725258,
              47.93750014644684
            ],
            [
              49.34917332553624,
              47.62500105224774
            ],
            [
              41.45608745842361,
              45.20312161680653
            ],
            [
              33.09410507123704,
              41.84374906436733
            ],
            [
              24.575821066959577,
              38.0937474371801
            ],
            [
              17.542364934651545,
              34.57812325484167
            ],
            [
              12.853399733911914,
              32.0781263356495
            ],
            [
              11.134111105107621,
              31.296872351752768
            ],
            [
              14.338244268278544,
              36.21874870638615
            ],
            [
              21.76244194651582,
              43.48437451591178
            ],
            [
              29.968122716611532,
              49.421873968092086
            ],
            [
              36.4545273547009,
              53.093749780329716
            ],
            [
              40.36199280118484,
              54.578123601974966
            ],
            [
              41.29978584133275,
              54.65624941692457
            ],
            [
              38.09565684376116,
              52.937498150430514
            ],
            [
              31.531105562725685,
              49.73437410369101
            ],
            [
              25.122864229979683,
              46.60937378910148
            ],
            [
              18.636459591890315,
              43.171875421712684
            ],
            [
              12.775257256565084,
              39.578123341625
            ],
            [
              8.320736150263144,
              36.374996170686046
            ],
            [
              5.9762618810919435,
              34.812496534091196
            ],
            [
              5.507357029819389,
              34.57812325484167
            ],
            [
              5.89810690694722,
              35.12499771108995
            ],
            [
              10.430774656195297,
              39.73437288872455
            ],
            [
              16.76087351159447,
              45.12499996745623
            ],
            [
              22.934674915502114,
              49.96874842434036
            ],
            [
              27.154751927366362,
              53.48437260667876
            ],
            [
              28.483286513443545,
              55.04687536747309
            ],
            [
              28.248829922207932,
              55.59374982372137
            ],
            [
              25.27915751587193,
              55.43749975592189
            ],
            [
              18.245718045961098,
              52.937498150430514
            ],
            [
              12.228201596747112,
              49.65624828874141
            ],
            [
              7.7736929872430665,
              46.76562333620103
            ],
            [
              5.194762126836281,
              44.81249879045748
            ],
            [
              4.569559824072144,
              44.03124897216006
            ],
            [
              6.210705975529635,
              44.34375014915881
            ],
            [
              10.899667010669958,
              47.15624824534976
            ],
            [
              15.276037308426453,
              50.20312378638951
            ],
            [
              18.558312948944206,
              52.937498150430514
            ],
            [
              20.90279554931402,
              55.04687536747309
            ],
            [
              22.465778395428146,
              56.53125023051817
            ],
            [
              23.090976532592975,
              57.23437527526582
            ],
            [
              23.169123175539085,
              55.67187459727114
            ],
            [
              23.247269818485222,
              54.26562554917567
            ],
            [
              23.716174669757777,
              53.015623965380115
            ],
            [
              24.653967709905714,
              52.15624833213309
            ],
            [
              25.04470925583493,
              51.92187401148374
            ]
          ]
        ]
      }
    }
  ]
}