{
  "type": "FeatureCollection",
  "crs": {
    "type": "name",
    "properties": {
      "name": "urn:ogc:def:crs:OGC:1.3:CRS84"
    }
  },
  "features": [
    {
      "type": "Feature",
      "properties": {
        "timestamp": "2026-07-17T14:40:09.794700",
        "country_name": "Tajikistan",
        "author": "",
        "author_id": "7697fe55-0b29-4671-99e7-30909a288d50",
        "validated": false,
        "ranking": [
          [
            "Tajikistan",
            0.10080265998840332
          ],
          [
            "United States of America",
            0.09038227051496506
          ],
          [
            "Bahamas",
            0.06317798048257828
          ],
          [
            "Denmark",
            0.05169672146439552
          ],
          [
            "Italy",
            0.05098121985793114
          ],
          [
            "Eritrea",
            0.04792513698339462
          ],
          [
            "Laos",
            0.04108961299061775
          ],
          [
            "Guyana",
            0.03096328303217888
          ],
          [
            "Mexico",
            0.027467181906104088
          ],
          [
            "Australia",
            0.024105582386255264
          ],
          [
            "Vanuatu",
            0.023037271574139595
          ],
          [
            "Guadeloupe",
            0.022340714931488037
          ],
          [
            "Senegal",
            0.01882658712565899
          ],
          [
            "Bahrain",
            0.017467830330133438
          ],
          [
            "Peru",
            0.016469398513436317
          ],
          [
            "Nepal",
            0.01387240644544363
          ],
          [
            "Albania",
            0.013521826826035976
          ],
          [
            "Sri Lanka",
            0.011968780308961868
          ],
          [
            "El Salvador",
            0.011112847365438938
          ],
          [
            "Kiribati",
            0.011058296076953411
          ],
          [
            "Malawi",
            0.009997047483921051
          ],
          [
            "Azerbaijan",
            0.009578977711498737
          ],
          [
            "Philippines",
            0.00823665875941515
          ],
          [
            "Samoa",
            0.008092104457318783
          ],
          [
            "Bangladesh",
            0.007874509319663048
          ],
          [
            "Turkmenistan",
            0.007847475819289684
          ],
          [
            "Guinea",
            0.007405026350170374
          ],
          [
            "United Kingdom",
            0.0073956819251179695
          ],
          [
            "Ethiopia",
            0.00668085552752018
          ],
          [
            "South Korea",
            0.0063452571630477905
          ],
          [
            "Romania",
            0.006188169587403536
          ],
          [
            "Saudi Arabia",
            0.006173339206725359
          ],
          [
            "Togo",
            0.00599303375929594
          ],
          [
            "Turks and Caicos Islands",
            0.005818427540361881
          ],
          [
            "Solomon Islands",
            0.005673019215464592
          ],
          [
            "Luxembourg",
            0.0053658331744372845
          ],
          [
            "France",
            0.005176595877856016
          ],
          [
            "Croatia",
            0.005114472005516291
          ],
          [
            "Martinique",
            0.005108154844492674
          ],
          [
            "Greece",
            0.004910684656351805
          ],
          [
            "Costa Rica",
            0.004885478876531124
          ],
          [
            "Mozambique",
            0.004871632903814316
          ],
          [
            "Serbia",
            0.004743847064673901
          ],
          [
            "North Macedonia",
            0.004392482340335846
          ],
          [
            "Guatemala",
            0.004255562089383602
          ],
          [
            "Gabon",
            0.004197744186967611
          ],
          [
            "Iraq",
            0.003648211248219013
          ],
          [
            "Thailand",
            0.0035735839046537876
          ],
          [
            "South Georgia Islands",
            0.0034675891511142254
          ],
          [
            "Svalbard",
            0.0034110171254724264
          ],
          [
            "Finland",
            0.0033787128049880266
          ],
          [
            "Belarus",
            0.003368186065927148
          ],
          [
            "Ukraine",
            0.0033110820222646
          ],
          [
            "Latvia",
            0.0032631324138492346
          ],
          [
            "Suriname",
            0.003225577063858509
          ],
          [
            "Comoros",
            0.003173861652612686
          ],
          [
            "Algeria",
            0.0029055634513497353
          ],
          [
            "Argentina",
            0.0028633172623813152
          ],
          [
            "Vietnam",
            0.002593441167846322
          ],
          [
            "Barbados",
            0.002572939731180668
          ],
          [
            "Faroe Islands",
            0.002549160737544298
          ],
          [
            "Cuba",
            0.0025222941767424345
          ],
          [
            "Sierra Leone",
            0.0023956741206347942
          ],
          [
            "West Bank",
            0.0023150949273258448
          ],
          [
            "Somalia",
            0.0021924187894910574
          ],
          [
            "Equatorial Guinea",
            0.002170131541788578
          ],
          [
            "Uganda",
            0.002125767758116126
          ],
          [
            "Mauritania",
            0.002122623845934868
          ],
          [
            "Uzbekistan",
            0.00210122624412179
          ],
          [
            "Heard and McDonald Islands",
            0.0020471091847866774
          ],
          [
            "Canada",
            0.0020147603936493397
          ],
          [
            "Czech Republic",
            0.001946224831044674
          ],
          [
            "Zimbabwe",
            0.0018886172911152244
          ],
          [
            "Papua New Guinea",
            0.0018010832136496902
          ],
          [
            "DR Congo",
            0.001736136619001627
          ],
          [
            "Lesotho",
            0.0017137806862592697
          ],
          [
            "United States Virgin Islands",
            0.0016730435891076922
          ],
          [
            "Lithuania",
            0.0016234696377068758
          ],
          [
            "Georgia",
            0.001593034714460373
          ],
          [
            "Cape Verde",
            0.0015723296673968434
          ],
          [
            "Dominica",
            0.0015655815368518233
          ],
          [
            "Myanmar",
            0.0015526722418144345
          ],
          [
            "Côte d'Ivoire",
            0.001387104974128306
          ],
          [
            "Benin",
            0.0013800167944282293
          ],
          [
            "Rwanda",
            0.0013538541970774531
          ],
          [
            "Qatar",
            0.001338298199698329
          ],
          [
            "Russia",
            0.0013058686163276434
          ],
          [
            "Cambodia",
            0.0012917506974190474
          ],
          [
            "Estonia",
            0.0012750879395753145
          ],
          [
            "Sudan",
            0.0012647283729165792
          ],
          [
            "Reunion",
            0.00126294931396842
          ],
          [
            "Ireland",
            0.0012605091324076056
          ],
          [
            "Germany",
            0.001197772566229105
          ],
          [
            "Venezuela",
            0.0011525371810421348
          ],
          [
            "Nicaragua",
            0.0010895406594499946
          ],
          [
            "Kuwait",
            0.0010417310986667871
          ],
          [
            "Belize",
            0.001009634230285883
          ],
          [
            "Liberia",
            0.0009941993048414588
          ],
          [
            "Tunisia",
            0.0009760954417288303
          ],
          [
            "Ghana",
            0.0009741481626406312
          ],
          [
            "Djibouti",
            0.0009739177767187357
          ],
          [
            "Belgium",
            0.0009594606817699969
          ],
          [
            "Iran",
            0.0009569531539455056
          ],
          [
            "Kenya",
            0.0008829008438624442
          ],
          [
            "India",
            0.0008765632519498467
          ],
          [
            "Syria",
            0.0008755556191317737
          ],
          [
            "Portugal",
            0.0008746376843191683
          ],
          [
            "Sweden",
            0.0008620110456831753
          ],
          [
            "Chile",
            0.0008199411095120013
          ],
          [
            "Uruguay",
            0.00080944161163643
          ],
          [
            "Dominican Republic",
            0.0007931499276310205
          ],
          [
            "Brazil",
            0.0007839976460672915
          ],
          [
            "Colombia",
            0.0007798515725880861
          ],
          [
            "Antigua & Barbuda",
            0.0007794277626089752
          ],
          [
            "Mali",
            0.000755172164645046
          ],
          [
            "New Caledonia",
            0.0007395367720164359
          ],
          [
            "Burkina Faso",
            0.0007380599854514003
          ],
          [
            "Libya",
            0.0007223282591439784
          ],
          [
            "Israel",
            0.0007208473398350179
          ],
          [
            "Armenia",
            0.0007123513496480882
          ],
          [
            "Eswatini",
            0.0006790268234908581
          ],
          [
            "Greenland",
            0.0006682636449113488
          ],
          [
            "Jamaica",
            0.0006568875396624207
          ],
          [
            "Angola",
            0.0006525505450554192
          ],
          [
            "Iceland",
            0.0006339591927826405
          ],
          [
            "Bhutan",
            0.0006328042945824564
          ],
          [
            "Moldova",
            0.0006227191188372672
          ],
          [
            "Poland",
            0.0006165522499941289
          ],
          [
            "Turkey",
            0.0006154583534225821
          ],
          [
            "Kazakhstan",
            0.0006089764647185802
          ],
          [
            "Guinea-Bissau",
            0.0006030572112649679
          ],
          [
            "Paraguay",
            0.0005954496446065605
          ],
          [
            "Namibia",
            0.0005794480675831437
          ],
          [
            "Burundi",
            0.0005740292835980654
          ],
          [
            "Bolivia",
            0.0005630188970826566
          ],
          [
            "Congo",
            0.0005563184386119246
          ],
          [
            "Slovakia",
            0.0005386194679886103
          ],
          [
            "Hong Kong",
            0.0005307940882630646
          ],
          [
            "Puerto Rico",
            0.0005258814780972898
          ],
          [
            "Switzerland",
            0.0005023215198889375
          ],
          [
            "Montenegro",
            0.0004965119296684861
          ],
          [
            "Spain",
            0.0004404510254971683
          ],
          [
            "Yemen",
            0.00043949272367171943
          ],
          [
            "Falkland Islands",
            0.00042585961637087166
          ],
          [
            "Indonesia",
            0.00040959834586828947
          ],
          [
            "French Guiana",
            0.0004021765780635178
          ],
          [
            "Oman",
            0.0003940308524761349
          ],
          [
            "Bosnia & Herzegovina",
            0.00037188868736848235
          ],
          [
            "Mayotte",
            0.0003693946055136621
          ],
          [
            "Norway",
            0.00031396548729389906
          ],
          [
            "Niger",
            0.0003000082215294242
          ],
          [
            "Jordan",
            0.0002985064929816872
          ],
          [
            "Kyrgyzstan",
            0.00028636163915507495
          ],
          [
            "Fiji",
            0.0002843239635694772
          ],
          [
            "Mongolia",
            0.00027133329422213137
          ],
          [
            "Haiti",
            0.0002705669030547142
          ],
          [
            "Trinidad and Tobago",
            0.00024521013256162405
          ],
          [
            "South Sudan",
            0.00023784220684319735
          ],
          [
            "China",
            0.0002309774572495371
          ],
          [
            "New Zealand",
            0.00022622713004238904
          ],
          [
            "Saint Lucia",
            0.00022269600594881922
          ],
          [
            "Timor-Leste",
            0.0002184728509746492
          ],
          [
            "Zambia",
            0.00021407399617601186
          ],
          [
            "Nigeria",
            0.00020334332657512277
          ],
          [
            "Cameroon",
            0.00020228417997714132
          ],
          [
            "Egypt",
            0.00020148248586338013
          ],
          [
            "Netherlands",
            0.00019897946913260967
          ],
          [
            "Central African Republic",
            0.00018827934400178492
          ],
          [
            "Sao Tome and Principe",
            0.00016973580932244658
          ],
          [
            "Western Sahara",
            0.0001624106807867065
          ],
          [
            "South Africa",
            0.0001619581162231043
          ],
          [
            "Taiwan",
            0.00016171827155631036
          ],
          [
            "Bulgaria",
            0.00016079186752904207
          ],
          [
            "Netherlands Antilles",
            0.00016076273459475487
          ],
          [
            "United Arab Emirates",
            0.0001541164529044181
          ],
          [
            "Honduras",
            0.00015269764116965234
          ],
          [
            "Tanzania",
            0.00014359233318828046
          ],
          [
            "Madeira Islands",
            0.00014188315253704786
          ],
          [
            "Guam",
            0.00013782615133095533
          ],
          [
            "Ecuador",
            0.0001328379294136539
          ],
          [
            "Botswana",
            0.00012619831250049174
          ],
          [
            "Panama",
            0.00010741899313870817
          ],
          [
            "Malaysia",
            0.0001020602067001164
          ],
          [
            "Chad",
            9.804892761167139e-05
          ],
          [
            "Japan",
            8.786249964032322e-05
          ],
          [
            "Afghanistan",
            8.648909715702757e-05
          ],
          [
            "Cyprus",
            8.392457675654441e-05
          ],
          [
            "North Korea",
            8.078016981016845e-05
          ],
          [
            "Slovenia",
            7.737498526694253e-05
          ],
          [
            "Isle of Man",
            7.122368697309867e-05
          ],
          [
            "Lebanon",
            6.488851067842916e-05
          ],
          [
            "Gambia",
            6.4005573221948e-05
          ],
          [
            "Hungary",
            5.976224929327145e-05
          ],
          [
            "Austria",
            4.3638847273541614e-05
          ],
          [
            "Brunei",
            3.464841574896127e-05
          ],
          [
            "Palau",
            3.0813473131274804e-05
          ],
          [
            "Madagascar",
            2.922813655459322e-05
          ],
          [
            "Pakistan",
            2.8374088287819177e-05
          ],
          [
            "Morocco",
            2.241178481199313e-05
          ]
        ]
      },
      "geometry": {
        "type": "MultiLineString",
        "coordinates": [
          [
            [
              7.525179856115074,
              10.028776978417227
            ],
            [
              7.8705035971222514,
              10.115107913669021
            ],
            [
              8.21582733812943,
              10.115107913669021
            ],
            [
              8.474820143884926,
              10.201438848920816
            ],
            [
              8.820143884892104,
              10.201438848920816
            ],
            [
              9.165467625899282,
              10.201438848920816
            ],
            [
              9.51079136690646,
              10.201438848920816
            ],
            [
              9.856115107913638,
              10.201438848920816
            ],
            [
              10.201438848920816,
              10.201438848920816
            ],
            [
              10.546762589927994,
              10.201438848920816
            ],
            [
              10.892086330935285,
              10.201438848920816
            ],
            [
              11.151079136690669,
              10.115107913669021
            ],
            [
              11.496402877697847,
              10.115107913669021
            ],
            [
              11.841726618705025,
              10.115107913669021
            ],
            [
              12.100719424460408,
              10.028776978417227
            ],
            [
              12.446043165467586,
              10.028776978417227
            ],
            [
              12.791366906474764,
              9.942446043165432
            ],
            [
              13.136690647482055,
              9.942446043165432
            ],
            [
              13.482014388489233,
              9.942446043165432
            ],
            [
              13.827338129496411,
              9.942446043165432
            ],
            [
              14.172661870503589,
              9.856115107913638
            ],
            [
              14.431654676258972,
              9.769784172661844
            ],
            [
              14.77697841726615,
              9.769784172661844
            ],
            [
              15.035971223021534,
              9.683453237410049
            ],
            [
              15.381294964028712,
              9.683453237410049
            ],
            [
              15.640287769784209,
              9.597122302158255
            ],
            [
              15.985611510791387,
              9.597122302158255
            ],
            [
              16.330935251798564,
              9.597122302158255
            ],
            [
              16.676258992805742,
              9.597122302158255
            ],
            [
              17.02158273381292,
              9.597122302158255
            ],
            [
              17.366906474820098,
              9.597122302158255
            ],
            [
              17.798561151079184,
              9.597122302158255
            ],
            [
              18.143884892086362,
              9.597122302158255
            ],
            [
              18.230215827338156,
              9.856115107913638
            ],
            [
              18.230215827338156,
              10.201438848920816
            ],
            [
              18.143884892086362,
              10.460431654676256
            ],
            [
              18.143884892086362,
              10.805755395683434
            ],
            [
              18.143884892086362,
              11.151079136690612
            ],
            [
              18.057553956834568,
              11.410071942446052
            ],
            [
              18.057553956834568,
              11.75539568345323
            ],
            [
              18.057553956834568,
              12.100719424460408
            ],
            [
              18.057553956834568,
              12.446043165467586
            ],
            [
              18.057553956834568,
              12.79136690647482
            ],
            [
              18.057553956834568,
              13.136690647481998
            ],
            [
              18.057553956834568,
              13.482014388489176
            ],
            [
              18.143884892086362,
              13.741007194244617
            ],
            [
              18.230215827338156,
              14.0
            ],
            [
              18.31654676258995,
              14.258992805755383
            ],
            [
              18.31654676258995,
              14.604316546762561
            ],
            [
              18.48920863309354,
              14.863309352517945
            ],
            [
              18.575539568345334,
              15.122302158273385
            ],
            [
              18.66187050359713,
              15.381294964028768
            ],
            [
              18.748201438848923,
              15.640287769784152
            ],
            [
              18.920863309352512,
              15.899280575539535
            ],
            [
              19.007194244604307,
              16.158273381294975
            ],
            [
              19.0935251798561,
              16.41726618705036
            ],
            [
              19.179856115107896,
              16.676258992805742
            ],
            [
              19.26618705035969,
              16.935251798561126
            ],
            [
              19.26618705035969,
              17.280575539568304
            ],
            [
              19.352517985611485,
              17.539568345323744
            ],
            [
              19.352517985611485,
              17.88489208633092
            ],
            [
              19.43884892086328,
              18.143884892086305
            ],
            [
              19.525179856115074,
              18.40287769784169
            ],
            [
              19.525179856115074,
              18.748201438848923
            ],
            [
              19.611510791366868,
              19.007194244604307
            ],
            [
              19.697841726618663,
              19.352517985611485
            ],
            [
              19.697841726618663,
              19.697841726618663
            ],
            [
              19.784172661870457,
              19.956834532374103
            ],
            [
              19.87050359712225,
              20.215827338129486
            ],
            [
              19.956834532374046,
              20.47482014388487
            ],
            [
              19.956834532374046,
              20.820143884892047
            ],
            [
              20.04316546762584,
              21.079136690647488
            ],
            [
              20.04316546762584,
              21.424460431654666
            ],
            [
              20.12949640287775,
              21.68345323741005
            ],
            [
              20.21582733812943,
              22.028776978417227
            ],
            [
              20.302158273381337,
              22.287769784172667
            ],
            [
              20.302158273381337,
              22.633093525179845
            ],
            [
              20.302158273381337,
              22.978417266187023
            ],
            [
              20.388489208633132,
              23.237410071942406
            ],
            [
              20.388489208633132,
              23.58273381294964
            ],
            [
              20.474820143884926,
              23.841726618705025
            ],
            [
              20.474820143884926,
              24.187050359712202
            ],
            [
              20.647482014388515,
              24.446043165467586
            ],
            [
              20.73381294964031,
              24.79136690647482
            ],
            [
              20.820143884892104,
              25.136690647482
            ],
            [
              20.9064748201439,
              25.482014388489176
            ],
            [
              20.992805755395693,
              25.741007194244617
            ],
            [
              21.079136690647488,
              26.0
            ],
            [
              21.165467625899282,
              26.258992805755383
            ],
            [
              21.251798561151077,
              26.517985611510767
            ],
            [
              21.33812949640287,
              26.77697841726615
            ],
            [
              21.424460431654666,
              27.035971223021534
            ],
            [
              21.597122302158255,
              27.294964028776974
            ],
            [
              21.68345323741005,
              27.553956834532357
            ],
            [
              21.856115107913638,
              27.81294964028774
            ],
            [
              22.028776978417227,
              28.071942446043124
            ],
            [
              22.28776978417261,
              28.24460431654677
            ],
            [
              22.546762589927994,
              28.41726618705036
            ],
            [
              22.80575539568349,
              28.503597122302153
            ],
            [
              23.064748201438874,
              28.589928057553948
            ],
            [
              23.323741007194258,
              28.762589928057537
            ],
            [
              23.669064748201436,
              28.762589928057537
            ],
            [
              24.014388489208613,
              28.762589928057537
            ],
            [
              24.273381294963997,
              28.676258992805742
            ],
            [
              24.53237410071938,
              28.589928057553948
            ],
            [
              24.791366906474764,
              28.503597122302153
            ],
            [
              25.05035971223026,
              28.41726618705036
            ],
            [
              25.309352517985644,
              28.24460431654677
            ],
            [
              25.568345323741028,
              28.158273381294975
            ],
            [
              25.741007194244617,
              27.899280575539535
            ],
            [
              25.913669064748206,
              27.640287769784152
            ],
            [
              26.17266187050359,
              27.38129496402877
            ],
            [
              26.345323741007178,
              27.122302158273385
            ],
            [
              26.517985611510767,
              26.863309352517945
            ],
            [
              26.77697841726615,
              26.690647482014356
            ],
            [
              26.863309352517945,
              26.431654676258972
            ],
            [
              27.122302158273328,
              26.345323741007178
            ],
            [
              27.38129496402871,
              26.17266187050359
            ],
            [
              27.726618705036003,
              26.17266187050359
            ],
            [
              27.985611510791387,
              26.086330935251794
            ],
            [
              28.330935251798564,
              26.086330935251794
            ],
            [
              28.676258992805742,
              26.086330935251794
            ],
            [
              29.02158273381292,
              26.086330935251794
            ],
            [
              29.366906474820098,
              26.086330935251794
            ],
            [
              29.62589928057548,
              26.17266187050359
            ],
            [
              29.88489208633098,
              26.345323741007178
            ],
            [
              30.143884892086362,
              26.517985611510767
            ],
            [
              30.402877697841745,
              26.690647482014356
            ],
            [
              30.66187050359713,
              26.863309352517945
            ],
            [
              30.834532374100718,
              27.122302158273385
            ],
            [
              31.007194244604307,
              27.38129496402877
            ],
            [
              31.179856115107896,
              27.640287769784152
            ],
            [
              31.352517985611485,
              27.899280575539535
            ],
            [
              31.43884892086328,
              28.158273381294975
            ],
            [
              31.525179856115074,
              28.41726618705036
            ],
            [
              31.697841726618663,
              28.676258992805742
            ],
            [
              31.784172661870457,
              28.935251798561126
            ],
            [
              31.87050359712225,
              29.19424460431651
            ],
            [
              31.956834532374046,
              29.45323741007195
            ],
            [
              32.04316546762584,
              29.712230215827333
            ],
            [
              32.12949640287775,
              29.971223021582716
            ],
            [
              32.21582733812943,
              30.2302158273381
            ],
            [
              32.21582733812943,
              30.575539568345334
            ],
            [
              32.38848920863313,
              30.834532374100718
            ],
            [
              32.474820143884926,
              31.0935251798561
            ],
            [
              32.474820143884926,
              31.43884892086328
            ],
            [
              32.56115107913672,
              31.697841726618663
            ],
            [
              32.56115107913672,
              32.0431654676259
            ],
            [
              32.56115107913672,
              32.388489208633075
            ],
            [
              32.56115107913672,
              32.73381294964025
            ],
            [
              32.56115107913672,
              33.07913669064749
            ],
            [
              32.56115107913672,
              33.424460431654666
            ],
            [
              32.56115107913672,
              33.76978417266184
            ],
            [
              32.474820143884926,
              34.02877697841723
            ],
            [
              32.30215827338134,
              34.28776978417267
            ],
            [
              32.21582733812943,
              34.54676258992805
            ],
            [
              32.12949640287775,
              34.805755395683434
            ],
            [
              32.04316546762584,
              35.06474820143882
            ],
            [
              31.956834532374046,
              35.32374100719426
            ],
            [
              31.784172661870457,
              35.58273381294964
            ],
            [
              31.525179856115074,
              35.841726618705025
            ],
            [
              31.26618705035969,
              36.01438848920861
            ],
            [
              31.007194244604307,
              36.1870503597122
            ],
            [
              30.748201438848923,
              36.273381294964
            ],
            [
              30.48920863309354,
              36.35971223021579
            ],
            [
              30.230215827338156,
              36.446043165467586
            ],
            [
              29.971223021582773,
              36.53237410071938
            ],
            [
              29.712230215827276,
              36.618705035971175
            ],
            [
              29.453237410071893,
              36.705035971223026
            ],
            [
              29.107913669064715,
              36.705035971223026
            ],
            [
              28.762589928057537,
              36.79136690647482
            ],
            [
              28.41726618705036,
              36.79136690647482
            ],
            [
              28.07194244604318,
              36.79136690647482
            ],
            [
              27.726618705036003,
              36.79136690647482
            ],
            [
              27.294964028776917,
              36.79136690647482
            ],
            [
              26.94964028776974,
              36.79136690647482
            ],
            [
              26.60431654676256,
              36.79136690647482
            ],
            [
              26.258992805755383,
              36.79136690647482
            ],
            [
              25.913669064748206,
              36.79136690647482
            ],
            [
              25.568345323741028,
              36.877697841726615
            ],
            [
              25.309352517985644,
              36.96402877697841
            ],
            [
              25.05035971223026,
              37.136690647482
            ],
            [
              24.791366906474764,
              37.30935251798559
            ],
            [
              24.70503597122297,
              37.56834532374097
            ],
            [
              24.70503597122297,
              37.913669064748206
            ],
            [
              24.70503597122297,
              38.25899280575538
            ],
            [
              24.70503597122297,
              38.60431654676256
            ],
            [
              24.70503597122297,
              38.94964028776974
            ],
            [
              24.877697841726558,
              39.20863309352518
            ],
            [
              24.964028776978466,
              39.46762589928056
            ],
            [
              25.05035971223026,
              39.726618705035946
            ],
            [
              25.136690647482055,
              39.98561151079133
            ],
            [
              25.309352517985644,
              40.24460431654677
            ],
            [
              25.39568345323744,
              40.50359712230215
            ],
            [
              25.482014388489233,
              40.76258992805754
            ],
            [
              25.482014388489233,
              41.107913669064715
            ],
            [
              25.654676258992822,
              41.3669064748201
            ],
            [
              25.654676258992822,
              41.71223021582733
            ],
            [
              25.741007194244617,
              41.971223021582716
            ],
            [
              25.741007194244617,
              42.316546762589894
            ],
            [
              25.741007194244617,
              42.66187050359713
            ],
            [
              25.568345323741028,
              42.92086330935251
            ],
            [
              25.39568345323744,
              43.179856115107896
            ],
            [
              25.22302158273385,
              43.43884892086328
            ],
            [
              24.964028776978466,
              43.61151079136687
            ],
            [
              24.70503597122297,
              43.78417266187046
            ],
            [
              24.446043165467586,
              43.9568345323741
            ],
            [
              24.187050359712202,
              44.12949640287769
            ],
            [
              23.92805755395682,
              44.215827338129486
            ],
            [
              23.669064748201436,
              44.30215827338128
            ],
            [
              23.410071942446052,
              44.388489208633075
            ],
            [
              23.15107913669067,
              44.47482014388487
            ],
            [
              22.80575539568349,
              44.47482014388487
            ],
            [
              22.4604316546762,
              44.47482014388487
            ],
            [
              22.11510791366902,
              44.47482014388487
            ],
            [
              21.769784172661844,
              44.47482014388487
            ],
            [
              21.424460431654666,
              44.47482014388487
            ],
            [
              21.079136690647488,
              44.47482014388487
            ],
            [
              20.73381294964031,
              44.47482014388487
            ],
            [
              20.474820143884926,
              44.388489208633075
            ],
            [
              20.21582733812943,
              44.30215827338128
            ],
            [
              19.87050359712225,
              44.30215827338128
            ],
            [
              19.611510791366868,
              44.215827338129486
            ],
            [
              19.26618705035969,
              44.215827338129486
            ],
            [
              19.007194244604307,
              44.12949640287769
            ],
            [
              18.748201438848923,
              44.0431654676259
            ],
            [
              18.48920863309354,
              43.9568345323741
            ],
            [
              18.230215827338156,
              43.87050359712231
            ],
            [
              17.971223021582773,
              43.78417266187046
            ],
            [
              17.62589928057548,
              43.78417266187046
            ],
            [
              17.280575539568304,
              43.78417266187046
            ],
            [
              16.935251798561126,
              43.78417266187046
            ],
            [
              16.589928057553948,
              43.78417266187046
            ],
            [
              16.24460431654677,
              43.78417266187046
            ],
            [
              15.899280575539592,
              43.78417266187046
            ],
            [
              15.553956834532414,
              43.78417266187046
            ],
            [
              15.208633093525123,
              43.78417266187046
            ],
            [
              14.863309352517945,
              43.78417266187046
            ],
            [
              14.517985611510767,
              43.78417266187046
            ],
            [
              14.172661870503589,
              43.78417266187046
            ],
            [
              13.827338129496411,
              43.78417266187046
            ],
            [
              13.482014388489233,
              43.69784172661866
            ],
            [
              13.22302158273385,
              43.61151079136687
            ],
            [
              12.877697841726558,
              43.61151079136687
            ],
            [
              12.618705035971175,
              43.525179856115074
            ],
            [
              12.273381294963997,
              43.525179856115074
            ],
            [
              11.928057553956819,
              43.525179856115074
            ],
            [
              11.669064748201436,
              43.43884892086328
            ],
            [
              11.410071942446052,
              43.352517985611485
            ],
            [
              11.151079136690669,
              43.26618705035969
            ],
            [
              10.892086330935285,
              43.179856115107896
            ],
            [
              10.546762589927994,
              43.179856115107896
            ],
            [
              10.28776978417261,
              43.26618705035969
            ],
            [
              10.028776978417227,
              43.352517985611485
            ],
            [
              9.683453237410049,
              43.352517985611485
            ],
            [
              9.338129496402871,
              43.352517985611485
            ],
            [
              8.992805755395693,
              43.352517985611485
            ],
            [
              8.73381294964031,
              43.26618705035969
            ],
            [
              8.474820143884926,
              43.0935251798561
            ],
            [
              8.21582733812943,
              42.92086330935251
            ],
            [
              7.956834532374046,
              42.74820143884892
            ],
            [
              7.6978417266186625,
              42.575539568345334
            ],
            [
              7.438848920863279,
              42.316546762589894
            ],
            [
              7.179856115107896,
              42.143884892086305
            ],
            [
              6.920863309352512,
              41.88489208633092
            ],
            [
              6.661870503597129,
              41.71223021582733
            ],
            [
              6.402877697841745,
              41.45323741007195
            ],
            [
              6.143884892086362,
              41.280575539568304
            ],
            [
              5.971223021582773,
              41.02158273381292
            ],
            [
              5.798561151079184,
              40.76258992805754
            ],
            [
              5.6258992805754815,
              40.50359712230215
            ],
            [
              5.539568345323687,
              40.24460431654677
            ],
            [
              5.4532374100718926,
              39.98561151079133
            ],
            [
              5.366906474820098,
              39.726618705035946
            ],
            [
              5.107913669064715,
              39.55395683453236
            ],
            [
              5.02158273381292,
              39.294964028776974
            ],
            [
              4.848920863309331,
              39.035971223021534
            ],
            [
              4.762589928057537,
              38.77697841726615
            ],
            [
              4.589928057553948,
              38.51798561151077
            ],
            [
              4.503597122302153,
              38.25899280575538
            ],
            [
              4.330935251798564,
              38.0
            ],
            [
              4.24460431654677,
              37.74100719424462
            ],
            [
              4.1582733812949755,
              37.482014388489176
            ],
            [
              4.071942446043181,
              37.22302158273379
            ],
            [
              3.9856115107913865,
              36.96402877697841
            ],
            [
              3.9856115107913865,
              36.618705035971175
            ],
            [
              3.9856115107913865,
              36.273381294964
            ],
            [
              3.899280575539592,
              36.01438848920861
            ],
            [
              3.8129496402877976,
              35.75539568345323
            ],
            [
              3.726618705036003,
              35.49640287769785
            ],
            [
              3.553956834532414,
              35.237410071942406
            ],
            [
              3.4676258992806197,
              34.97841726618702
            ],
            [
              3.3812949640287115,
              34.71942446043164
            ],
            [
              3.294964028776917,
              34.460431654676256
            ],
            [
              3.2086330935251226,
              34.201438848920816
            ],
            [
              3.0359712230215337,
              33.94244604316543
            ],
            [
              2.949640287769739,
              33.68345323741005
            ],
            [
              2.8633093525179447,
              33.424460431654666
            ],
            [
              2.6906474820143558,
              33.16546762589928
            ],
            [
              2.6043165467625613,
              32.82014388489205
            ],
            [
              2.6043165467625613,
              32.47482014388487
            ],
            [
              2.517985611510767,
              32.12949640287769
            ],
            [
              2.517985611510767,
              31.784172661870457
            ],
            [
              2.4316546762589724,
              31.525179856115074
            ],
            [
              2.345323741007178,
              31.26618705035969
            ],
            [
              2.345323741007178,
              30.920863309352512
            ],
            [
              2.345323741007178,
              30.575539568345334
            ],
            [
              2.345323741007178,
              30.2302158273381
            ],
            [
              2.4316546762589724,
              29.971223021582716
            ],
            [
              2.517985611510767,
              29.712230215827333
            ],
            [
              2.6906474820143558,
              29.45323741007195
            ],
            [
              2.8633093525179447,
              29.19424460431651
            ],
            [
              3.0359712230215337,
              28.935251798561126
            ],
            [
              3.2086330935251226,
              28.676258992805742
            ],
            [
              3.3812949640287115,
              28.41726618705036
            ],
            [
              3.553956834532414,
              28.158273381294975
            ],
            [
              3.726618705036003,
              27.899280575539535
            ],
            [
              3.899280575539592,
              27.640287769784152
            ],
            [
              4.1582733812949755,
              27.38129496402877
            ],
            [
              4.330935251798564,
              27.122302158273385
            ],
            [
              4.417266187050359,
              26.863309352517945
            ],
            [
              4.589928057553948,
              26.60431654676256
            ],
            [
              4.762589928057537,
              26.345323741007178
            ],
            [
              4.848920863309331,
              26.086330935251794
            ],
            [
              4.935251798561126,
              25.82733812949641
            ],
            [
              5.02158273381292,
              25.56834532374097
            ],
            [
              5.107913669064715,
              25.309352517985587
            ],
            [
              5.194244604316509,
              25.050359712230204
            ],
            [
              5.280575539568304,
              24.79136690647482
            ],
            [
              5.366906474820098,
              24.53237410071938
            ],
            [
              5.4532374100718926,
              24.273381294963997
            ],
            [
              5.4532374100718926,
              23.92805755395682
            ],
            [
              5.539568345323687,
              23.669064748201436
            ],
            [
              5.539568345323687,
              23.323741007194258
            ],
            [
              5.539568345323687,
              22.978417266187023
            ],
            [
              5.539568345323687,
              22.633093525179845
            ],
            [
              5.539568345323687,
              22.287769784172667
            ],
            [
              5.539568345323687,
              21.942446043165432
            ],
            [
              5.539568345323687,
              21.597122302158255
            ],
            [
              5.539568345323687,
              21.251798561151077
            ],
            [
              5.539568345323687,
              20.906474820143842
            ],
            [
              5.4532374100718926,
              20.64748201438846
            ],
            [
              5.4532374100718926,
              20.30215827338128
            ],
            [
              5.366906474820098,
              20.043165467625897
            ],
            [
              5.366906474820098,
              19.697841726618663
            ],
            [
              5.280575539568304,
              19.43884892086328
            ],
            [
              5.280575539568304,
              19.0935251798561
            ],
            [
              5.194244604316509,
              18.834532374100718
            ],
            [
              5.194244604316509,
              18.489208633093483
            ],
            [
              5.194244604316509,
              18.143884892086305
            ],
            [
              5.194244604316509,
              17.798561151079127
            ],
            [
              5.107913669064715,
              17.539568345323744
            ],
            [
              5.107913669064715,
              17.19424460431651
            ],
            [
              5.107913669064715,
              16.84892086330933
            ],
            [
              5.107913669064715,
              16.503597122302153
            ],
            [
              5.107913669064715,
              16.158273381294975
            ],
            [
              5.107913669064715,
              15.81294964028774
            ],
            [
              5.107913669064715,
              15.467625899280563
            ],
            [
              5.194244604316509,
              15.20863309352518
            ],
            [
              5.280575539568304,
              14.94964028776974
            ],
            [
              5.366906474820098,
              14.690647482014356
            ],
            [
              5.4532374100718926,
              14.431654676258972
            ],
            [
              5.6258992805754815,
              14.172661870503589
            ],
            [
              5.712230215827276,
              13.913669064748206
            ],
            [
              5.884892086330979,
              13.654676258992765
            ],
            [
              6.0575539568345675,
              13.395683453237382
            ],
            [
              6.2302158273381565,
              13.136690647481998
            ],
            [
              6.402877697841745,
              12.877697841726615
            ],
            [
              6.575539568345334,
              12.618705035971175
            ],
            [
              6.834532374100718,
              12.359712230215791
            ],
            [
              6.920863309352512,
              12.100719424460408
            ],
            [
              7.093525179856101,
              11.841726618705025
            ],
            [
              7.26618705035969,
              11.582733812949641
            ],
            [
              7.438848920863279,
              11.323741007194258
            ],
            [
              7.525179856115074,
              11.064748201438817
            ],
            [
              7.525179856115074,
              10.71942446043164
            ],
            [
              7.525179856115074,
              10.374100719424462
            ],
            [
              7.611510791366868,
              10.115107913669021
            ],
            [
              7.6978417266186625,
              9.856115107913638
            ],
            [
              7.784172661870457,
              9.597122302158255
            ],
            [
              8.04316546762584,
              9.424460431654666
            ],
            [
              8.302158273381337,
              9.597122302158255
            ]
          ],
          [
            [
              8.561151079136721,
              44.64748201438846
            ],
            [
              8.906474820143899,
              44.64748201438846
            ],
            [
              9.165467625899282,
              44.73381294964025
            ],
            [
              9.51079136690646,
              44.73381294964025
            ],
            [
              9.856115107913638,
              44.73381294964025
            ],
            [
              10.115107913669021,
              44.82014388489205
            ],
            [
              10.4604316546762,
              44.82014388489205
            ],
            [
              10.719424460431696,
              44.90647482014384
            ],
            [
              10.97841726618708,
              44.99280575539569
            ],
            [
              11.237410071942463,
              45.07913669064749
            ],
            [
              11.496402877697847,
              45.16546762589928
            ],
            [
              11.75539568345323,
              45.25179856115108
            ],
            [
              12.100719424460408,
              45.25179856115108
            ],
            [
              12.359712230215791,
              45.33812949640287
            ],
            [
              12.618705035971175,
              45.424460431654666
            ],
            [
              12.964028776978466,
              45.424460431654666
            ],
            [
              13.309352517985644,
              45.424460431654666
            ],
            [
              13.741007194244617,
              45.424460431654666
            ],
            [
              14.086330935251794,
              45.424460431654666
            ],
            [
              14.431654676258972,
              45.424460431654666
            ],
            [
              14.77697841726615,
              45.424460431654666
            ],
            [
              15.122302158273328,
              45.424460431654666
            ],
            [
              15.46762589928062,
              45.424460431654666
            ],
            [
              15.812949640287798,
              45.424460431654666
            ],
            [
              16.158273381294975,
              45.424460431654666
            ],
            [
              16.503597122302153,
              45.424460431654666
            ],
            [
              16.84892086330933,
              45.424460431654666
            ],
            [
              17.19424460431651,
              45.424460431654666
            ],
            [
              17.539568345323687,
              45.424460431654666
            ],
            [
              17.88489208633098,
              45.424460431654666
            ],
            [
              18.230215827338156,
              45.424460431654666
            ],
            [
              18.575539568345334,
              45.424460431654666
            ],
            [
              18.920863309352512,
              45.424460431654666
            ],
            [
              19.26618705035969,
              45.51079136690646
            ],
            [
              19.611510791366868,
              45.597122302158255
            ],
            [
              19.956834532374046,
              45.597122302158255
            ],
            [
              20.21582733812943,
              45.68345323741005
            ],
            [
              20.474820143884926,
              45.76978417266184
            ],
            [
              20.820143884892104,
              45.76978417266184
            ],
            [
              21.165467625899282,
              45.76978417266184
            ],
            [
              21.51079136690646,
              45.76978417266184
            ],
            [
              21.856115107913638,
              45.76978417266184
            ],
            [
              22.201438848920816,
              45.76978417266184
            ],
            [
              22.546762589927994,
              45.76978417266184
            ],
            [
              22.80575539568349,
              45.68345323741005
            ],
            [
              23.15107913669067,
              45.68345323741005
            ],
            [
              23.410071942446052,
              45.597122302158255
            ],
            [
              23.669064748201436,
              45.51079136690646
            ],
            [
              23.92805755395682,
              45.424460431654666
            ],
            [
              24.187050359712202,
              45.33812949640287
            ],
            [
              24.446043165467586,
              45.25179856115108
            ],
            [
              24.791366906474764,
              45.16546762589928
            ],
            [
              25.136690647482055,
              45.07913669064749
            ],
            [
              25.39568345323744,
              44.99280575539569
            ],
            [
              25.741007194244617,
              44.99280575539569
            ],
            [
              26.086330935251794,
              44.99280575539569
            ],
            [
              26.345323741007178,
              45.07913669064749
            ],
            [
              26.60431654676256,
              45.25179856115108
            ],
            [
              26.690647482014356,
              45.51079136690646
            ],
            [
              26.863309352517945,
              45.76978417266184
            ],
            [
              26.94964028776974,
              46.02877697841723
            ],
            [
              27.035971223021534,
              46.28776978417267
            ],
            [
              27.035971223021534,
              46.633093525179845
            ],
            [
              27.035971223021534,
              46.97841726618702
            ],
            [
              26.863309352517945,
              47.237410071942406
            ],
            [
              26.690647482014356,
              47.49640287769785
            ],
            [
              26.60431654676256,
              47.75539568345323
            ],
            [
              26.431654676258972,
              48.01438848920861
            ],
            [
              26.258992805755383,
              48.273381294964
            ],
            [
              26.086330935251794,
              48.53237410071938
            ],
            [
              26.086330935251794,
              48.877697841726615
            ],
            [
              26.086330935251794,
              49.22302158273379
            ],
            [
              26.086330935251794,
              49.56834532374097
            ],
            [
              26.17266187050359,
              49.82733812949641
            ],
            [
              26.258992805755383,
              50.086330935251794
            ],
            [
              26.431654676258972,
              50.34532374100718
            ],
            [
              26.60431654676256,
              50.60431654676256
            ],
            [
              26.690647482014356,
              50.863309352517945
            ],
            [
              26.94964028776974,
              51.122302158273385
            ],
            [
              27.122302158273328,
              51.38129496402877
            ],
            [
              27.294964028776917,
              51.64028776978415
            ],
            [
              27.46762589928062,
              51.899280575539535
            ],
            [
              27.64028776978421,
              52.158273381294975
            ],
            [
              27.812949640287798,
              52.41726618705036
            ],
            [
              27.985611510791387,
              52.67625899280574
            ],
            [
              28.07194244604318,
              52.935251798561126
            ],
            [
              28.158273381294975,
              53.19424460431651
            ],
            [
              28.158273381294975,
              53.539568345323744
            ],
            [
              28.158273381294975,
              53.88489208633092
            ],
            [
              27.899280575539592,
              54.143884892086305
            ],
            [
              27.726618705036003,
              54.40287769784169
            ],
            [
              27.553956834532414,
              54.66187050359713
            ],
            [
              27.294964028776917,
              54.83453237410072
            ],
            [
              27.122302158273328,
              55.0935251798561
            ],
            [
              26.863309352517945,
              55.179856115107896
            ],
            [
              26.60431654676256,
              55.43884892086328
            ],
            [
              26.345323741007178,
              55.525179856115074
            ],
            [
              26.17266187050359,
              55.784172661870514
            ],
            [
              25.913669064748206,
              55.87050359712231
            ],
            [
              25.741007194244617,
              56.12949640287769
            ],
            [
              25.482014388489233,
              56.30215827338128
            ],
            [
              25.309352517985644,
              56.561151079136664
            ],
            [
              25.22302158273385,
              56.82014388489205
            ],
            [
              25.22302158273385,
              57.16546762589928
            ],
            [
              25.136690647482055,
              57.424460431654666
            ],
            [
              25.05035971223026,
              57.68345323741005
            ],
            [
              25.05035971223026,
              58.02877697841723
            ],
            [
              25.05035971223026,
              58.37410071942446
            ],
            [
              25.05035971223026,
              58.71942446043164
            ],
            [
              25.05035971223026,
              59.06474820143882
            ],
            [
              25.136690647482055,
              59.32374100719426
            ],
            [
              25.22302158273385,
              59.58273381294964
            ],
            [
              25.309352517985644,
              59.841726618705025
            ],
            [
              25.482014388489233,
              60.10071942446041
            ],
            [
              25.654676258992822,
              60.35971223021579
            ],
            [
              25.913669064748206,
              60.53237410071938
            ],
            [
              26.17266187050359,
              60.705035971223026
            ],
            [
              26.431654676258972,
              60.877697841726615
            ],
            [
              26.690647482014356,
              61.050359712230204
            ],
            [
              26.94964028776974,
              61.22302158273379
            ],
            [
              27.122302158273328,
              61.482014388489176
            ],
            [
              27.38129496402871,
              61.654676258992765
            ],
            [
              27.294964028776917,
              61.913669064748206
            ],
            [
              27.035971223021534,
              62.0
            ],
            [
              26.690647482014356,
              62.0
            ],
            [
              26.345323741007178,
              62.0
            ],
            [
              26.0,
              62.0
            ],
            [
              25.741007194244617,
              61.913669064748206
            ],
            [
              25.482014388489233,
              61.74100719424462
            ],
            [
              25.22302158273385,
              61.56834532374097
            ],
            [
              24.964028776978466,
              61.39568345323738
            ],
            [
              24.70503597122297,
              61.136690647482
            ],
            [
              24.53237410071938,
              60.877697841726615
            ],
            [
              24.35971223021579,
              60.61870503597123
            ],
            [
              24.187050359712202,
              60.35971223021579
            ],
            [
              24.100719424460408,
              60.10071942446041
            ],
            [
              23.92805755395682,
              59.841726618705025
            ],
            [
              23.841726618705025,
              59.58273381294964
            ],
            [
              23.669064748201436,
              59.32374100719426
            ],
            [
              23.496402877697847,
              59.06474820143882
            ],
            [
              23.410071942446052,
              58.805755395683434
            ],
            [
              23.237410071942463,
              58.54676258992805
            ],
            [
              23.15107913669067,
              58.28776978417267
            ],
            [
              22.97841726618708,
              58.02877697841723
            ],
            [
              22.892086330935285,
              57.76978417266184
            ],
            [
              22.719424460431696,
              57.51079136690646
            ],
            [
              22.633093525179902,
              57.25179856115108
            ],
            [
              22.4604316546762,
              56.99280575539569
            ],
            [
              22.374100719424405,
              56.73381294964025
            ],
            [
              22.201438848920816,
              56.47482014388487
            ],
            [
              22.028776978417227,
              56.215827338129486
            ],
            [
              21.856115107913638,
              55.9568345323741
            ],
            [
              21.769784172661844,
              55.69784172661866
            ],
            [
              21.51079136690646,
              55.525179856115074
            ],
            [
              21.33812949640287,
              55.26618705035969
            ],
            [
              21.079136690647488,
              55.179856115107896
            ],
            [
              20.820143884892104,
              54.92086330935251
            ],
            [
              20.56115107913672,
              54.83453237410072
            ],
            [
              20.302158273381337,
              54.74820143884892
            ],
            [
              20.04316546762584,
              54.575539568345334
            ],
            [
              19.784172661870457,
              54.40287769784169
            ],
            [
              19.525179856115074,
              54.2302158273381
            ],
            [
              19.26618705035969,
              54.143884892086305
            ],
            [
              19.007194244604307,
              53.971223021582716
            ],
            [
              18.748201438848923,
              53.79856115107913
            ],
            [
              18.66187050359713,
              53.539568345323744
            ],
            [
              18.575539568345334,
              53.280575539568304
            ],
            [
              18.575539568345334,
              52.935251798561126
            ],
            [
              18.575539568345334,
              52.58992805755395
            ],
            [
              18.66187050359713,
              52.330935251798564
            ],
            [
              18.748201438848923,
              52.071942446043124
            ],
            [
              18.748201438848923,
              51.726618705035946
            ],
            [
              18.66187050359713,
              51.46762589928056
            ],
            [
              18.575539568345334,
              51.20863309352518
            ],
            [
              18.402877697841745,
              50.94964028776974
            ],
            [
              18.230215827338156,
              50.690647482014356
            ],
            [
              17.971223021582773,
              50.51798561151077
            ],
            [
              17.798561151079184,
              50.25899280575538
            ],
            [
              17.539568345323687,
              50.17266187050359
            ],
            [
              17.366906474820098,
              49.913669064748206
            ],
            [
              17.107913669064715,
              49.82733812949641
            ],
            [
              16.84892086330933,
              49.56834532374097
            ],
            [
              16.589928057553948,
              49.482014388489176
            ],
            [
              16.330935251798564,
              49.30935251798559
            ],
            [
              16.07194244604318,
              49.136690647482
            ],
            [
              15.812949640287798,
              49.050359712230204
            ],
            [
              15.553956834532414,
              48.96402877697841
            ],
            [
              15.294964028776917,
              48.877697841726615
            ],
            [
              15.035971223021534,
              48.79136690647482
            ],
            [
              14.77697841726615,
              48.61870503597123
            ],
            [
              14.517985611510767,
              48.53237410071938
            ],
            [
              14.258992805755383,
              48.446043165467586
            ],
            [
              14.0,
              48.35971223021579
            ],
            [
              13.741007194244617,
              48.1870503597122
            ],
            [
              13.482014388489233,
              48.01438848920861
            ],
            [
              13.22302158273385,
              47.841726618705025
            ],
            [
              12.964028776978466,
              47.669064748201436
            ],
            [
              12.70503597122297,
              47.41007194244605
            ],
            [
              12.446043165467586,
              47.15107913669061
            ],
            [
              12.187050359712202,
              46.97841726618702
            ],
            [
              11.928057553956819,
              46.805755395683434
            ],
            [
              11.669064748201436,
              46.633093525179845
            ],
            [
              11.410071942446052,
              46.37410071942446
            ],
            [
              11.151079136690669,
              46.20143884892087
            ],
            [
              10.892086330935285,
              46.02877697841723
            ],
            [
              10.633093525179902,
              45.85611510791364
            ],
            [
              10.374100719424405,
              45.68345323741005
            ],
            [
              10.115107913669021,
              45.51079136690646
            ],
            [
              9.856115107913638,
              45.33812949640287
            ],
            [
              9.683453237410049,
              45.07913669064749
            ],
            [
              9.424460431654666,
              44.90647482014384
            ],
            [
              9.251798561151077,
              44.64748201438846
            ],
            [
              8.992805755395693,
              44.47482014388487
            ],
            [
              8.73381294964031,
              44.215827338129486
            ]
          ],
          [
            [
              33.76978417266184,
              17.712230215827333
            ],
            [
              33.68345323741005,
              17.971223021582716
            ],
            [
              33.424460431654666,
              18.143884892086305
            ],
            [
              33.16546762589928,
              18.2302158273381
            ],
            [
              32.9064748201439,
              18.316546762589894
            ],
            [
              32.56115107913672,
              18.575539568345334
            ],
            [
              32.21582733812943,
              18.66187050359713
            ],
            [
              31.956834532374046,
              18.748201438848923
            ],
            [
              31.611510791366868,
              18.920863309352512
            ],
            [
              31.352517985611485,
              19.007194244604307
            ],
            [
              31.0935251798561,
              19.0935251798561
            ],
            [
              30.748201438848923,
              19.26618705035969
            ],
            [
              30.48920863309354,
              19.352517985611485
            ],
            [
              30.143884892086362,
              19.352517985611485
            ],
            [
              29.798561151079184,
              19.352517985611485
            ],
            [
              29.453237410071893,
              19.352517985611485
            ],
            [
              29.19424460431651,
              19.26618705035969
            ],
            [
              28.935251798561126,
              19.179856115107896
            ],
            [
              28.676258992805742,
              19.0935251798561
            ],
            [
              28.41726618705036,
              19.007194244604307
            ],
            [
              28.158273381294975,
              18.920863309352512
            ],
            [
              27.899280575539592,
              18.834532374100718
            ],
            [
              27.64028776978421,
              18.66187050359713
            ],
            [
              27.38129496402871,
              18.489208633093483
            ],
            [
              27.122302158273328,
              18.2302158273381
            ],
            [
              26.863309352517945,
              18.05755395683451
            ],
            [
              26.77697841726615,
              17.798561151079127
            ],
            [
              26.517985611510767,
              17.62589928057554
            ],
            [
              26.345323741007178,
              17.366906474820098
            ],
            [
              26.17266187050359,
              17.107913669064715
            ],
            [
              26.086330935251794,
              16.84892086330933
            ],
            [
              26.0,
              16.589928057553948
            ],
            [
              25.913669064748206,
              16.330935251798564
            ],
            [
              25.82733812949641,
              16.071942446043124
            ],
            [
              25.741007194244617,
              15.81294964028774
            ],
            [
              25.741007194244617,
              15.467625899280563
            ],
            [
              25.654676258992822,
              15.20863309352518
            ],
            [
              25.654676258992822,
              14.863309352517945
            ],
            [
              25.568345323741028,
              14.604316546762561
            ],
            [
              25.568345323741028,
              14.258992805755383
            ],
            [
              25.482014388489233,
              14.0
            ],
            [
              25.482014388489233,
              13.654676258992765
            ],
            [
              25.482014388489233,
              13.309352517985587
            ],
            [
              25.482014388489233,
              12.96402877697841
            ],
            [
              25.568345323741028,
              12.705035971223026
            ],
            [
              25.568345323741028,
              12.359712230215791
            ],
            [
              25.654676258992822,
              12.100719424460408
            ],
            [
              25.741007194244617,
              11.841726618705025
            ],
            [
              25.82733812949641,
              11.582733812949641
            ],
            [
              25.913669064748206,
              11.323741007194258
            ],
            [
              26.0,
              11.064748201438817
            ],
            [
              26.17266187050359,
              10.805755395683434
            ],
            [
              26.345323741007178,
              10.54676258992805
            ],
            [
              26.517985611510767,
              10.287769784172667
            ],
            [
              26.517985611510767,
              9.942446043165432
            ],
            [
              26.60431654676256,
              9.683453237410049
            ],
            [
              26.60431654676256,
              9.338129496402871
            ],
            [
              26.690647482014356,
              9.079136690647488
            ],
            [
              26.94964028776974,
              8.906474820143842
            ],
            [
              27.294964028776917,
              8.733812949640253
            ],
            [
              27.553956834532414,
              8.647482014388459
            ],
            [
              27.812949640287798,
              8.561151079136664
            ],
            [
              28.07194244604318,
              8.47482014388487
            ],
            [
              28.41726618705036,
              8.388489208633075
            ],
            [
              28.762589928057537,
              8.30215827338128
            ],
            [
              29.107913669064715,
              8.215827338129486
            ],
            [
              29.366906474820098,
              8.129496402877692
            ],
            [
              29.62589928057548,
              8.043165467625897
            ],
            [
              29.971223021582773,
              8.043165467625897
            ],
            [
              30.230215827338156,
              7.956834532374103
            ],
            [
              30.48920863309354,
              7.8705035971222514
            ],
            [
              30.834532374100718,
              7.8705035971222514
            ],
            [
              31.179856115107896,
              7.784172661870457
            ],
            [
              31.611510791366868,
              7.784172661870457
            ],
            [
              31.87050359712225,
              7.8705035971222514
            ],
            [
              32.12949640287775,
              7.956834532374103
            ],
            [
              32.38848920863313,
              8.043165467625897
            ],
            [
              32.647482014388515,
              8.215827338129486
            ],
            [
              32.820143884892104,
              8.47482014388487
            ],
            [
              33.07913669064749,
              8.647482014388459
            ],
            [
              33.25179856115108,
              8.906474820143842
            ],
            [
              33.51079136690646,
              9.079136690647488
            ],
            [
              33.68345323741005,
              9.338129496402871
            ],
            [
              33.94244604316543,
              9.51079136690646
            ],
            [
              34.201438848920816,
              9.769784172661844
            ],
            [
              34.4604316546762,
              10.028776978417227
            ],
            [
              34.719424460431696,
              10.201438848920816
            ],
            [
              34.97841726618708,
              10.287769784172667
            ],
            [
              35.23741007194246,
              10.374100719424462
            ],
            [
              35.49640287769785,
              10.460431654676256
            ],
            [
              35.75539568345323,
              10.54676258992805
            ],
            [
              36.10071942446041,
              10.54676258992805
            ],
            [
              36.446043165467586,
              10.54676258992805
            ],
            [
              36.791366906474764,
              10.54676258992805
            ],
            [
              37.136690647482055,
              10.54676258992805
            ],
            [
              37.39568345323744,
              10.633093525179845
            ],
            [
              37.65467625899282,
              10.71942446043164
            ],
            [
              37.913669064748206,
              10.892086330935228
            ],
            [
              38.17266187050359,
              11.064748201438817
            ],
            [
              38.43165467625897,
              11.237410071942406
            ],
            [
              38.51798561151077,
              11.496402877697847
            ],
            [
              38.690647482014356,
              11.75539568345323
            ],
            [
              38.77697841726615,
              12.014388489208613
            ],
            [
              38.863309352517945,
              12.273381294963997
            ],
            [
              38.863309352517945,
              12.618705035971175
            ],
            [
              38.863309352517945,
              12.96402877697841
            ],
            [
              38.94964028776974,
              13.223021582733793
            ],
            [
              38.94964028776974,
              13.56834532374097
            ],
            [
              38.863309352517945,
              13.827338129496411
            ],
            [
              38.60431654676256,
              14.086330935251794
            ],
            [
              38.34532374100718,
              14.345323741007178
            ],
            [
              38.086330935251794,
              14.431654676258972
            ],
            [
              37.82733812949641,
              14.604316546762561
            ],
            [
              37.56834532374103,
              14.690647482014356
            ],
            [
              37.309352517985644,
              14.77697841726615
            ],
            [
              37.05035971223026,
              14.863309352517945
            ],
            [
              36.70503597122297,
              14.94964028776974
            ],
            [
              36.35971223021579,
              15.122302158273385
            ],
            [
              36.01438848920861,
              15.20863309352518
            ],
            [
              35.669064748201436,
              15.294964028776974
            ],
            [
              35.41007194244605,
              15.381294964028768
            ],
            [
              35.15107913669067,
              15.467625899280563
            ],
            [
              34.80575539568349,
              15.553956834532357
            ],
            [
              34.546762589927994,
              15.640287769784152
            ],
            [
              34.4604316546762,
              15.899280575539535
            ],
            [
              34.4604316546762,
              16.24460431654677
            ],
            [
              34.4604316546762,
              16.589928057553948
            ],
            [
              34.4604316546762,
              16.935251798561126
            ],
            [
              34.374100719424405,
              17.19424460431651
            ],
            [
              34.374100719424405,
              17.539568345323744
            ],
            [
              34.02877697841723,
              17.539568345323744
            ]
          ],
          [
            [
              53.712230215827276,
              16.330935251798564
            ],
            [
              53.53956834532369,
              16.589928057553948
            ],
            [
              53.280575539568304,
              16.676258992805742
            ],
            [
              53.02158273381292,
              16.84892086330933
            ],
            [
              52.76258992805754,
              16.935251798561126
            ],
            [
              52.41726618705036,
              17.02158273381292
            ],
            [
              52.07194244604318,
              17.02158273381292
            ],
            [
              51.726618705036,
              17.107913669064715
            ],
            [
              51.38129496402871,
              17.19424460431651
            ],
            [
              50.94964028776974,
              17.19424460431651
            ],
            [
              50.690647482014356,
              17.280575539568304
            ],
            [
              50.25899280575538,
              17.280575539568304
            ],
            [
              49.913669064748206,
              17.280575539568304
            ],
            [
              49.56834532374103,
              17.280575539568304
            ],
            [
              49.22302158273385,
              17.19424460431651
            ],
            [
              48.964028776978466,
              17.107913669064715
            ],
            [
              48.70503597122297,
              17.02158273381292
            ],
            [
              48.35971223021579,
              16.935251798561126
            ],
            [
              48.01438848920861,
              16.935251798561126
            ],
            [
              47.75539568345323,
              16.84892086330933
            ],
            [
              47.49640287769785,
              16.762589928057537
            ],
            [
              47.23741007194246,
              16.676258992805742
            ],
            [
              46.97841726618708,
              16.589928057553948
            ],
            [
              46.80575539568349,
              16.330935251798564
            ],
            [
              46.719424460431696,
              16.071942446043124
            ],
            [
              46.546762589927994,
              15.81294964028774
            ],
            [
              46.374100719424405,
              15.553956834532357
            ],
            [
              46.28776978417261,
              15.294964028776974
            ],
            [
              46.11510791366902,
              15.035971223021534
            ],
            [
              45.94244604316543,
              14.77697841726615
            ],
            [
              45.85611510791364,
              14.517985611510767
            ],
            [
              45.76978417266184,
              14.258992805755383
            ],
            [
              45.597122302158255,
              13.913669064748206
            ],
            [
              45.51079136690646,
              13.654676258992765
            ],
            [
              45.424460431654666,
              13.395683453237382
            ],
            [
              45.33812949640287,
              13.136690647481998
            ],
            [
              45.25179856115108,
              12.877697841726615
            ],
            [
              45.16546762589928,
              12.618705035971175
            ],
            [
              45.16546762589928,
              12.273381294963997
            ],
            [
              44.99280575539569,
              12.014388489208613
            ],
            [
              44.9064748201439,
              11.669064748201436
            ],
            [
              44.820143884892104,
              11.323741007194258
            ],
            [
              44.820143884892104,
              10.978417266187023
            ],
            [
              44.820143884892104,
              10.633093525179845
            ],
            [
              44.73381294964031,
              10.374100719424462
            ],
            [
              44.56115107913672,
              10.115107913669021
            ],
            [
              44.30215827338134,
              9.856115107913638
            ],
            [
              44.21582733812943,
              9.597122302158255
            ],
            [
              43.956834532374046,
              9.51079136690646
            ],
            [
              43.78417266187046,
              9.251798561151077
            ],
            [
              43.525179856115074,
              9.079136690647488
            ],
            [
              43.26618705035969,
              8.906474820143842
            ],
            [
              43.00719424460431,
              8.733812949640253
            ],
            [
              42.83453237410072,
              8.47482014388487
            ],
            [
              42.48920863309354,
              8.30215827338128
            ],
            [
              42.31654676258995,
              8.043165467625897
            ],
            [
              42.14388489208636,
              7.784172661870457
            ],
            [
              41.88489208633098,
              7.611510791366868
            ],
            [
              41.712230215827276,
              7.352517985611485
            ],
            [
              41.45323741007189,
              7.179856115107896
            ],
            [
              41.19424460431651,
              7.007194244604307
            ],
            [
              40.935251798561126,
              6.748201438848923
            ],
            [
              40.67625899280574,
              6.661870503597129
            ],
            [
              40.50359712230215,
              6.402877697841689
            ],
            [
              40.24460431654677,
              6.2302158273381
            ],
            [
              39.98561151079139,
              5.971223021582716
            ],
            [
              39.89928057553959,
              5.712230215827333
            ],
            [
              39.8129496402878,
              5.4532374100718926
            ],
            [
              39.8129496402878,
              5.107913669064715
            ],
            [
              39.8129496402878,
              4.762589928057537
            ],
            [
              39.89928057553959,
              4.417266187050359
            ],
            [
              40.07194244604318,
              4.1582733812949755
            ],
            [
              40.330935251798564,
              3.899280575539535
            ],
            [
              40.58992805755395,
              3.7266187050359463
            ],
            [
              40.76258992805754,
              3.467625899280563
            ],
            [
              41.02158273381292,
              3.294964028776974
            ],
            [
              41.280575539568304,
              3.122302158273328
            ],
            [
              41.62589928057548,
              3.0359712230215337
            ],
            [
              41.88489208633098,
              2.949640287769739
            ],
            [
              42.23021582733816,
              2.7769784172661502
            ],
            [
              42.575539568345334,
              2.7769784172661502
            ],
            [
              42.83453237410072,
              2.6906474820143558
            ],
            [
              43.26618705035969,
              2.6906474820143558
            ],
            [
              43.61151079136687,
              2.6043165467625613
            ],
            [
              43.956834532374046,
              2.6043165467625613
            ],
            [
              44.30215827338134,
              2.4316546762589724
            ],
            [
              44.647482014388515,
              2.4316546762589724
            ],
            [
              44.99280575539569,
              2.345323741007178
            ],
            [
              45.424460431654666,
              2.2589928057553834
            ],
            [
              45.94244604316543,
              2.172661870503589
            ],
            [
              46.28776978417261,
              2.0863309352517945
            ],
            [
              46.6330935251799,
              2.0863309352517945
            ],
            [
              46.97841726618708,
              2.0
            ],
            [
              47.32374100719426,
              2.0
            ],
            [
              47.669064748201436,
              2.0
            ],
            [
              48.01438848920861,
              2.0
            ],
            [
              48.35971223021579,
              2.0
            ],
            [
              48.618705035971175,
              2.0863309352517945
            ],
            [
              48.87769784172656,
              2.172661870503589
            ],
            [
              49.136690647482055,
              2.2589928057553834
            ],
            [
              49.39568345323744,
              2.4316546762589724
            ],
            [
              49.74100719424462,
              2.6043165467625613
            ],
            [
              50.0,
              2.8633093525179447
            ],
            [
              50.25899280575538,
              2.949640287769739
            ],
            [
              50.51798561151077,
              3.122302158273328
            ],
            [
              50.690647482014356,
              3.3812949640287684
            ],
            [
              50.94964028776974,
              3.640287769784152
            ],
            [
              51.20863309352512,
              3.9856115107913297
            ],
            [
              51.46762589928062,
              4.330935251798564
            ],
            [
              51.64028776978421,
              4.676258992805742
            ],
            [
              51.8129496402878,
              5.02158273381292
            ],
            [
              51.89928057553959,
              5.366906474820098
            ],
            [
              51.98561151079139,
              5.712230215827333
            ],
            [
              52.07194244604318,
              5.971223021582716
            ],
            [
              52.07194244604318,
              6.316546762589894
            ],
            [
              52.07194244604318,
              6.661870503597129
            ],
            [
              51.98561151079139,
              6.920863309352512
            ],
            [
              51.89928057553959,
              7.179856115107896
            ],
            [
              51.8129496402878,
              7.525179856115074
            ],
            [
              51.726618705036,
              7.8705035971222514
            ],
            [
              51.726618705036,
              8.215827338129486
            ],
            [
              51.64028776978421,
              8.561151079136664
            ],
            [
              51.553956834532414,
              8.820143884892047
            ],
            [
              51.46762589928062,
              9.079136690647488
            ],
            [
              51.38129496402871,
              9.338129496402871
            ],
            [
              51.38129496402871,
              9.683453237410049
            ],
            [
              51.38129496402871,
              10.028776978417227
            ],
            [
              51.46762589928062,
              10.287769784172667
            ],
            [
              51.64028776978421,
              10.54676258992805
            ],
            [
              51.89928057553959,
              10.71942446043164
            ],
            [
              52.158273381294975,
              10.892086330935228
            ],
            [
              52.41726618705036,
              10.978417266187023
            ],
            [
              52.76258992805754,
              11.064748201438817
            ],
            [
              53.107913669064715,
              11.064748201438817
            ],
            [
              53.3669064748201,
              10.978417266187023
            ],
            [
              53.625899280575595,
              10.892086330935228
            ],
            [
              53.97122302158277,
              10.633093525179845
            ],
            [
              54.31654676258995,
              10.374100719424462
            ],
            [
              54.575539568345334,
              10.115107913669021
            ],
            [
              54.83453237410072,
              9.856115107913638
            ],
            [
              55.0935251798561,
              9.683453237410049
            ],
            [
              55.26618705035969,
              9.338129496402871
            ],
            [
              55.525179856115074,
              9.079136690647488
            ],
            [
              55.69784172661866,
              8.733812949640253
            ],
            [
              55.87050359712225,
              8.47482014388487
            ],
            [
              56.04316546762584,
              8.215827338129486
            ],
            [
              56.21582733812943,
              7.956834532374103
            ],
            [
              56.38848920863313,
              7.6978417266186625
            ],
            [
              56.56115107913672,
              7.438848920863279
            ],
            [
              56.820143884892104,
              7.26618705035969
            ],
            [
              57.07913669064749,
              7.007194244604307
            ],
            [
              57.33812949640287,
              6.748201438848923
            ],
            [
              57.597122302158255,
              6.661870503597129
            ],
            [
              57.94244604316543,
              6.48920863309354
            ],
            [
              58.201438848920816,
              6.402877697841689
            ],
            [
              58.46043165467631,
              6.316546762589894
            ],
            [
              58.80575539568349,
              6.316546762589894
            ],
            [
              59.15107913669067,
              6.316546762589894
            ],
            [
              59.49640287769785,
              6.316546762589894
            ],
            [
              59.841726618705025,
              6.316546762589894
            ],
            [
              60.10071942446041,
              6.402877697841689
            ],
            [
              60.446043165467586,
              6.48920863309354
            ],
            [
              60.70503597122297,
              6.575539568345334
            ],
            [
              60.87769784172656,
              6.834532374100718
            ],
            [
              61.136690647482055,
              7.007194244604307
            ],
            [
              61.22302158273385,
              7.26618705035969
            ],
            [
              61.309352517985644,
              7.525179856115074
            ],
            [
              61.56834532374103,
              7.784172661870457
            ],
            [
              61.65467625899282,
              8.043165467625897
            ],
            [
              61.65467625899282,
              8.388489208633075
            ],
            [
              61.65467625899282,
              8.733812949640253
            ],
            [
              61.56834532374103,
              8.992805755395693
            ],
            [
              61.48201438848923,
              9.251798561151077
            ],
            [
              61.39568345323744,
              9.51079136690646
            ],
            [
              61.22302158273385,
              9.856115107913638
            ],
            [
              61.05035971223015,
              10.115107913669021
            ],
            [
              60.964028776978466,
              10.460431654676256
            ],
            [
              60.79136690647488,
              10.71942446043164
            ],
            [
              60.70503597122297,
              10.978417266187023
            ],
            [
              60.53237410071938,
              11.237410071942406
            ],
            [
              60.273381294964,
              11.496402877697847
            ],
            [
              60.10071942446041,
              11.841726618705025
            ],
            [
              59.92805755395682,
              12.100719424460408
            ],
            [
              59.669064748201436,
              12.446043165467586
            ],
            [
              59.32374100719426,
              12.705035971223026
            ],
            [
              59.064748201438874,
              12.877697841726615
            ],
            [
              58.80575539568349,
              12.96402877697841
            ],
            [
              58.546762589927994,
              13.050359712230204
            ],
            [
              58.28776978417261,
              13.136690647481998
            ],
            [
              58.02877697841723,
              13.223021582733793
            ],
            [
              57.68345323741005,
              13.223021582733793
            ],
            [
              57.424460431654666,
              13.309352517985587
            ],
            [
              57.16546762589928,
              13.482014388489176
            ],
            [
              56.820143884892104,
              13.654676258992765
            ],
            [
              56.56115107913672,
              13.827338129496411
            ],
            [
              56.30215827338134,
              14.086330935251794
            ],
            [
              56.04316546762584,
              14.258992805755383
            ],
            [
              55.69784172661866,
              14.517985611510767
            ],
            [
              55.352517985611485,
              14.77697841726615
            ],
            [
              55.00719424460431,
              15.035971223021534
            ],
            [
              54.74820143884892,
              15.122302158273385
            ],
            [
              54.48920863309354,
              15.294964028776974
            ],
            [
              54.23021582733816,
              15.553956834532357
            ]
          ]
        ]
      }
    }
  ]
}