{
  "type": "FeatureCollection",
  "crs": {
    "type": "name",
    "properties": {
      "name": "urn:ogc:def:crs:OGC:1.3:CRS84"
    }
  },
  "features": [
    {
      "type": "Feature",
      "properties": {
        "timestamp": "2026-06-04T03:45:36.377544",
        "country_name": "United Kingdom",
        "author": "",
        "author_id": "2a3ca5e9-f9c6-4790-88b8-c2742e7e1d87",
        "validated": false,
        "ranking": [
          [
            "United Kingdom",
            0.40215402841567993
          ],
          [
            "Malawi",
            0.08419442921876907
          ],
          [
            "Togo",
            0.047561872750520706
          ],
          [
            "Guyana",
            0.044696222990751266
          ],
          [
            "Philippines",
            0.03736664354801178
          ],
          [
            "Albania",
            0.031681645661592484
          ],
          [
            "Laos",
            0.031236907467246056
          ],
          [
            "Vietnam",
            0.02657341957092285
          ],
          [
            "Italy",
            0.022914383560419083
          ],
          [
            "Greece",
            0.01606336422264576
          ],
          [
            "Tunisia",
            0.015465572476387024
          ],
          [
            "Denmark",
            0.015077014453709126
          ],
          [
            "Finland",
            0.014721745625138283
          ],
          [
            "Vanuatu",
            0.012285473756492138
          ],
          [
            "Sri Lanka",
            0.012179617770016193
          ],
          [
            "Peru",
            0.011115164496004581
          ],
          [
            "Canada",
            0.011088504455983639
          ],
          [
            "Faroe Islands",
            0.01020075287669897
          ],
          [
            "Bahamas",
            0.008680000901222229
          ],
          [
            "Bahrain",
            0.00795323122292757
          ],
          [
            "Serbia",
            0.007736640051007271
          ],
          [
            "Myanmar",
            0.00682888925075531
          ],
          [
            "Svalbard",
            0.006492637563496828
          ],
          [
            "Tajikistan",
            0.005404301453381777
          ],
          [
            "Bangladesh",
            0.00503904465585947
          ],
          [
            "South Korea",
            0.004748085979372263
          ],
          [
            "Mexico",
            0.004323774948716164
          ],
          [
            "Thailand",
            0.0037786441389471292
          ],
          [
            "Mozambique",
            0.0035268429201096296
          ],
          [
            "Eritrea",
            0.0035028557758778334
          ],
          [
            "Portugal",
            0.003199482336640358
          ],
          [
            "Luxembourg",
            0.00311401323415339
          ],
          [
            "Argentina",
            0.0029863950330764055
          ],
          [
            "Israel",
            0.002837256295606494
          ],
          [
            "Qatar",
            0.0026799452025443316
          ],
          [
            "Croatia",
            0.002435830654576421
          ],
          [
            "Benin",
            0.002320250729098916
          ],
          [
            "Colombia",
            0.0021647417452186346
          ],
          [
            "United States of America",
            0.0021468554623425007
          ],
          [
            "South Georgia Islands",
            0.0021073080133646727
          ],
          [
            "Kiribati",
            0.002061002654954791
          ],
          [
            "El Salvador",
            0.0019672941416502
          ],
          [
            "Papua New Guinea",
            0.0019257506355643272
          ],
          [
            "West Bank",
            0.0018971824320033193
          ],
          [
            "Martinique",
            0.0017504484858363867
          ],
          [
            "Ireland",
            0.0017257017316296697
          ],
          [
            "Sweden",
            0.0016960462089627981
          ],
          [
            "Greenland",
            0.001679307664744556
          ],
          [
            "Somalia",
            0.0015547564253211021
          ],
          [
            "Turkmenistan",
            0.0014936241786926985
          ],
          [
            "Belize",
            0.0014712363481521606
          ],
          [
            "Antigua & Barbuda",
            0.0013766499469056726
          ],
          [
            "Saudi Arabia",
            0.0013163323746994138
          ],
          [
            "Cuba",
            0.001143904635682702
          ],
          [
            "Moldova",
            0.0010293947998434305
          ],
          [
            "Dominica",
            0.0010256789391860366
          ],
          [
            "Chile",
            0.0010236443486064672
          ],
          [
            "Uzbekistan",
            0.0010206479346379638
          ],
          [
            "Russia",
            0.000987746985629201
          ],
          [
            "Nepal",
            0.0008894985658116639
          ],
          [
            "Ethiopia",
            0.0008815635228529572
          ],
          [
            "United States Virgin Islands",
            0.0007831461844034493
          ],
          [
            "Guadeloupe",
            0.0007543016690760851
          ],
          [
            "Senegal",
            0.0006931360112503171
          ],
          [
            "Heard and McDonald Islands",
            0.0006511621177196503
          ],
          [
            "Romania",
            0.0006476505659520626
          ],
          [
            "Barbados",
            0.0006428827182389796
          ],
          [
            "Samoa",
            0.0006297871586866677
          ],
          [
            "Solomon Islands",
            0.0006173657020553946
          ],
          [
            "Falkland Islands",
            0.0005819615907967091
          ],
          [
            "Guatemala",
            0.0005805524415336549
          ],
          [
            "Fiji",
            0.0005762939108535647
          ],
          [
            "Djibouti",
            0.0005674913409166038
          ],
          [
            "Saint Lucia",
            0.0005618445575237274
          ],
          [
            "Estonia",
            0.000498468813020736
          ],
          [
            "Turks and Caicos Islands",
            0.0004762641037814319
          ],
          [
            "Indonesia",
            0.0004678806581068784
          ],
          [
            "Costa Rica",
            0.0004518725909292698
          ],
          [
            "Ukraine",
            0.00045034108916297555
          ],
          [
            "Germany",
            0.00044677339610643685
          ],
          [
            "Paraguay",
            0.0004423514474183321
          ],
          [
            "New Zealand",
            0.0004377244331408292
          ],
          [
            "Ghana",
            0.0004091300943400711
          ],
          [
            "Armenia",
            0.0003934557898901403
          ],
          [
            "Lithuania",
            0.0003880813019350171
          ],
          [
            "Latvia",
            0.0003858184500131756
          ],
          [
            "Switzerland",
            0.0003783423453569412
          ],
          [
            "Iraq",
            0.00037525774678215384
          ],
          [
            "Czech Republic",
            0.00037065177457407117
          ],
          [
            "France",
            0.00036891462514176965
          ],
          [
            "Equatorial Guinea",
            0.000361109763616696
          ],
          [
            "DR Congo",
            0.0003429865464568138
          ],
          [
            "Netherlands",
            0.00034213648177683353
          ],
          [
            "Australia",
            0.0003384982992429286
          ],
          [
            "Guinea",
            0.00033630061079747975
          ],
          [
            "Georgia",
            0.0003179417981300503
          ],
          [
            "Namibia",
            0.00031399799627251923
          ],
          [
            "Cameroon",
            0.0002998407871928066
          ],
          [
            "Uganda",
            0.00029982536216266453
          ],
          [
            "Comoros",
            0.00029905204428359866
          ],
          [
            "Congo",
            0.00028919512988068163
          ],
          [
            "Nicaragua",
            0.0002833323669619858
          ],
          [
            "Taiwan",
            0.0002777006884571165
          ],
          [
            "Spain",
            0.0002687668602447957
          ],
          [
            "Algeria",
            0.00026843228260986507
          ],
          [
            "Cape Verde",
            0.00026741690817289054
          ],
          [
            "Rwanda",
            0.0002579588326625526
          ],
          [
            "Venezuela",
            0.0002564395545050502
          ],
          [
            "Guinea-Bissau",
            0.00024831993505358696
          ],
          [
            "Azerbaijan",
            0.00024611319531686604
          ],
          [
            "Norway",
            0.00023795667220838368
          ],
          [
            "Liberia",
            0.00023795531888026744
          ],
          [
            "Belarus",
            0.00023778881586622447
          ],
          [
            "Gabon",
            0.0002376922348048538
          ],
          [
            "Jamaica",
            0.00023678723664488643
          ],
          [
            "Hong Kong",
            0.00021974470291752368
          ],
          [
            "Mauritania",
            0.00021232636936474591
          ],
          [
            "Kazakhstan",
            0.00019693242211360484
          ],
          [
            "Belgium",
            0.00018891904619522393
          ],
          [
            "New Caledonia",
            0.00018553412519395351
          ],
          [
            "Timor-Leste",
            0.00018403165449853987
          ],
          [
            "Oman",
            0.00018087844364345074
          ],
          [
            "Chad",
            0.00017738976748660207
          ],
          [
            "Bolivia",
            0.00016252975910902023
          ],
          [
            "Eswatini",
            0.00015881929721217602
          ],
          [
            "Iran",
            0.00015773851191625
          ],
          [
            "Guam",
            0.00015464391617570072
          ],
          [
            "Turkey",
            0.00015359038661699742
          ],
          [
            "India",
            0.0001533219765406102
          ],
          [
            "Brazil",
            0.00015298429934773594
          ],
          [
            "Slovakia",
            0.00015082492609508336
          ],
          [
            "Zimbabwe",
            0.0001504973479313776
          ],
          [
            "Kenya",
            0.00013960844080429524
          ],
          [
            "Kuwait",
            0.00013559526996687055
          ],
          [
            "Bhutan",
            0.00013521355867851526
          ],
          [
            "Montenegro",
            0.00013418869639281183
          ],
          [
            "Angola",
            0.00012803349818568677
          ],
          [
            "Puerto Rico",
            0.00012795170187018812
          ],
          [
            "Gambia",
            0.00012562608753796667
          ],
          [
            "Lesotho",
            0.00012529993546195328
          ],
          [
            "Mayotte",
            0.00012522800534497947
          ],
          [
            "Trinidad and Tobago",
            0.0001166323127108626
          ],
          [
            "Kyrgyzstan",
            0.00011339591583237052
          ],
          [
            "Burkina Faso",
            0.00011116149835288525
          ],
          [
            "Suriname",
            0.00011042588448617607
          ],
          [
            "Mongolia",
            0.00011007995635736734
          ],
          [
            "Bosnia & Herzegovina",
            0.00010579140507616103
          ],
          [
            "Burundi",
            0.00010499977361178026
          ],
          [
            "Mali",
            0.00010374541307101026
          ],
          [
            "North Macedonia",
            9.851330833043903e-05
          ],
          [
            "Reunion",
            9.483296889811754e-05
          ],
          [
            "Haiti",
            9.072390821529552e-05
          ],
          [
            "Jordan",
            8.90548835741356e-05
          ],
          [
            "Dominican Republic",
            8.45172253320925e-05
          ],
          [
            "Brunei",
            8.183896716218442e-05
          ],
          [
            "Central African Republic",
            8.161621371982619e-05
          ],
          [
            "Panama",
            8.048308518482372e-05
          ],
          [
            "Western Sahara",
            7.843222556402907e-05
          ],
          [
            "French Guiana",
            7.61944756959565e-05
          ],
          [
            "Honduras",
            7.568477303721011e-05
          ],
          [
            "Libya",
            7.55621658754535e-05
          ],
          [
            "South Africa",
            7.04668927937746e-05
          ],
          [
            "South Sudan",
            6.7013745137956e-05
          ],
          [
            "Iceland",
            6.428149208659306e-05
          ],
          [
            "Japan",
            6.194992602104321e-05
          ],
          [
            "Zambia",
            6.162266072351485e-05
          ],
          [
            "Syria",
            6.158506585052237e-05
          ],
          [
            "North Korea",
            5.772099393652752e-05
          ],
          [
            "Cambodia",
            5.501035411725752e-05
          ],
          [
            "Uruguay",
            5.414830957306549e-05
          ],
          [
            "Côte d'Ivoire",
            4.873703437624499e-05
          ],
          [
            "United Arab Emirates",
            4.6498993469867855e-05
          ],
          [
            "Palau",
            4.5401229726849124e-05
          ],
          [
            "Niger",
            4.3607087718555704e-05
          ],
          [
            "Ecuador",
            4.163089761277661e-05
          ],
          [
            "China",
            4.030558920931071e-05
          ],
          [
            "Sierra Leone",
            3.948644734919071e-05
          ],
          [
            "Isle of Man",
            3.9217964513227344e-05
          ],
          [
            "Cyprus",
            3.634506356320344e-05
          ],
          [
            "Netherlands Antilles",
            3.5603970900410786e-05
          ],
          [
            "Madagascar",
            3.5312750696903095e-05
          ],
          [
            "Sao Tome and Principe",
            3.39464058924932e-05
          ],
          [
            "Sudan",
            3.3708518458297476e-05
          ],
          [
            "Yemen",
            3.103828930761665e-05
          ],
          [
            "Lebanon",
            2.9760432880721055e-05
          ],
          [
            "Malaysia",
            2.856998617062345e-05
          ],
          [
            "Egypt",
            2.850727832992561e-05
          ],
          [
            "Poland",
            2.3896627681097016e-05
          ],
          [
            "Madeira Islands",
            2.3165779566625133e-05
          ],
          [
            "Austria",
            2.2226065993891098e-05
          ],
          [
            "Nigeria",
            1.816860822145827e-05
          ],
          [
            "Botswana",
            1.6703899746062234e-05
          ],
          [
            "Afghanistan",
            1.3232561286713462e-05
          ],
          [
            "Pakistan",
            1.2464506653486751e-05
          ],
          [
            "Slovenia",
            1.1540456398506649e-05
          ],
          [
            "Hungary",
            9.827042049437296e-06
          ],
          [
            "Tanzania",
            8.968279871623963e-06
          ],
          [
            "Bulgaria",
            7.893765541666653e-06
          ],
          [
            "Morocco",
            5.7847273637889884e-06
          ]
        ]
      },
      "geometry": {
        "type": "MultiLineString",
        "coordinates": [
          [
            [
              30.996062992125985,
              61.881889763779554
            ],
            [
              30.759842519685037,
              61.527559055118104
            ],
            [
              30.996062992125985,
              61.05511811023621
            ],
            [
              31.586614173228327,
              61.527559055118104
            ],
            [
              32.76771653543307,
              61.645669291338606
            ],
            [
              33.24015748031496,
              61.76377952755905
            ],
            [
              32.29527559055117,
              61.291338582677156
            ],
            [
              31.46850393700788,
              61.05511811023621
            ],
            [
              31.70472440944883,
              60.700787401574814
            ],
            [
              32.29527559055117,
              61.17322834645671
            ],
            [
              32.29527559055117,
              60.700787401574814
            ],
            [
              33.12204724409446,
              60.93700787401576
            ],
            [
              33.71259842519686,
              61.527559055118104
            ],
            [
              33.830708661417304,
              61.05511811023621
            ],
            [
              32.88582677165357,
              60.700787401574814
            ],
            [
              31.822834645669275,
              60.58267716535431
            ],
            [
              32.177165354330725,
              60.464566929133866
            ],
            [
              33.003937007874015,
              60.58267716535431
            ],
            [
              33.003937007874015,
              59.99212598425197
            ],
            [
              32.177165354330725,
              60.22834645669292
            ],
            [
              32.29527559055117,
              59.874015748031525
            ],
            [
              33.003937007874015,
              59.874015748031525
            ],
            [
              32.64960629921262,
              59.63779527559058
            ],
            [
              31.586614173228327,
              59.75590551181102
            ],
            [
              30.52362204724409,
              60.81889763779526
            ],
            [
              30.87795275590554,
              60.11023622047247
            ],
            [
              31.35039370078738,
              59.75590551181102
            ],
            [
              32.177165354330725,
              59.519685039370074
            ],
            [
              32.05905511811022,
              59.04724409448818
            ],
            [
              30.87795275590554,
              59.16535433070868
            ],
            [
              29.814960629921245,
              59.75590551181102
            ],
            [
              30.405511811023644,
              60.58267716535431
            ],
            [
              29.814960629921245,
              59.63779527559058
            ],
            [
              30.52362204724409,
              59.40157480314963
            ],
            [
              30.169291338582696,
              59.16535433070868
            ],
            [
              30.759842519685037,
              58.92913385826773
            ],
            [
              29.6968503937008,
              59.04724409448818
            ],
            [
              30.28740157480314,
              58.81102362204723
            ],
            [
              31.35039370078738,
              58.92913385826773
            ],
            [
              32.177165354330725,
              58.92913385826773
            ],
            [
              31.586614173228327,
              58.692913385826785
            ],
            [
              31.232283464566933,
              58.10236220472444
            ],
            [
              31.35039370078738,
              57.74803149606299
            ],
            [
              31.822834645669275,
              58.33858267716539
            ],
            [
              31.822834645669275,
              57.74803149606299
            ],
            [
              31.940944881889777,
              58.10236220472444
            ],
            [
              31.11417322834643,
              57.866141732283495
            ],
            [
              31.11417322834643,
              58.33858267716539
            ],
            [
              31.35039370078738,
              58.81102362204723
            ],
            [
              30.641732283464535,
              58.45669291338584
            ],
            [
              29.6968503937008,
              58.57480314960628
            ],
            [
              30.641732283464535,
              58.22047244094489
            ],
            [
              29.6968503937008,
              58.22047244094489
            ],
            [
              29.578740157480297,
              58.692913385826785
            ],
            [
              30.641732283464535,
              58.33858267716539
            ],
            [
              30.641732283464535,
              58.81102362204723
            ],
            [
              29.814960629921245,
              58.92913385826773
            ],
            [
              30.405511811023644,
              59.04724409448818
            ],
            [
              29.814960629921245,
              59.16535433070868
            ],
            [
              30.28740157480314,
              59.40157480314963
            ],
            [
              30.051181102362193,
              59.99212598425197
            ],
            [
              30.405511811023644,
              60.58267716535431
            ],
            [
              29.814960629921245,
              60.11023622047247
            ],
            [
              30.405511811023644,
              59.519685039370074
            ],
            [
              31.35039370078738,
              59.16535433070868
            ],
            [
              32.177165354330725,
              59.16535433070868
            ],
            [
              32.05905511811022,
              59.519685039370074
            ],
            [
              31.232283464566933,
              59.75590551181102
            ],
            [
              30.87795275590554,
              60.22834645669292
            ],
            [
              30.641732283464535,
              60.81889763779526
            ],
            [
              31.232283464566933,
              59.99212598425197
            ],
            [
              32.29527559055117,
              59.63779527559058
            ],
            [
              33.24015748031496,
              59.99212598425197
            ],
            [
              32.41338582677167,
              59.75590551181102
            ],
            [
              32.29527559055117,
              60.11023622047247
            ],
            [
              33.24015748031496,
              60.11023622047247
            ],
            [
              33.003937007874015,
              60.464566929133866
            ],
            [
              32.53149606299212,
              60.464566929133866
            ],
            [
              31.586614173228327,
              60.58267716535431
            ],
            [
              32.53149606299212,
              60.58267716535431
            ],
            [
              33.59448818897636,
              60.93700787401576
            ],
            [
              33.830708661417304,
              61.40944881889766
            ],
            [
              33.35826771653541,
              61.645669291338606
            ],
            [
              33.71259842519686,
              61.40944881889766
            ],
            [
              33.003937007874015,
              60.81889763779526
            ],
            [
              32.177165354330725,
              60.81889763779526
            ],
            [
              32.53149606299212,
              61.05511811023621
            ],
            [
              32.05905511811022,
              60.81889763779526
            ],
            [
              31.70472440944883,
              60.93700787401576
            ],
            [
              32.53149606299212,
              61.40944881889766
            ],
            [
              33.59448818897636,
              61.881889763779554
            ],
            [
              33.003937007874015,
              61.76377952755905
            ],
            [
              32.05905511811022,
              61.40944881889766
            ],
            [
              31.70472440944883,
              61.76377952755905
            ],
            [
              31.11417322834643,
              61.05511811023621
            ],
            [
              30.87795275590554,
              61.40944881889766
            ],
            [
              30.759842519685037,
              61.76377952755905
            ],
            [
              31.11417322834643,
              62.0
            ]
          ],
          [
            [
              30.051181102362193,
              57.2755905511811
            ],
            [
              30.52362204724409,
              57.3937007874016
            ],
            [
              30.051181102362193,
              57.15748031496065
            ],
            [
              29.34251968503935,
              57.15748031496065
            ],
            [
              29.6968503937008,
              56.8031496062992
            ],
            [
              28.988188976377955,
              56.9212598425197
            ],
            [
              28.043307086614163,
              56.8031496062992
            ],
            [
              26.862204724409423,
              56.56692913385825
            ],
            [
              25.799212598425186,
              56.685039370078755
            ],
            [
              24.618110236220446,
              57.03937007874015
            ],
            [
              25.09055118110234,
              56.685039370078755
            ],
            [
              26.153543307086636,
              56.56692913385825
            ],
            [
              25.68110236220474,
              56.33070866141736
            ],
            [
              28.751968503937007,
              56.8031496062992
            ],
            [
              28.397637795275614,
              56.56692913385825
            ],
            [
              27.925196850393718,
              56.685039370078755
            ],
            [
              27.09842519685037,
              56.44881889763781
            ],
            [
              26.389763779527584,
              56.21259842519686
            ],
            [
              26.744094488188978,
              56.33070866141736
            ],
            [
              26.389763779527584,
              56.44881889763781
            ],
            [
              25.68110236220474,
              56.685039370078755
            ],
            [
              25.09055118110234,
              56.9212598425197
            ],
            [
              24.5,
              56.8031496062992
            ],
            [
              24.263779527559052,
              56.44881889763781
            ],
            [
              24.381889763779554,
              56.09448818897641
            ],
            [
              24.381889763779554,
              55.62204724409452
            ],
            [
              24.145669291338606,
              54.91338582677167
            ],
            [
              23.555118110236208,
              54.677165354330725
            ],
            [
              24.027559055118104,
              54.677165354330725
            ],
            [
              24.618110236220446,
              54.55905511811022
            ],
            [
              23.791338582677156,
              54.44094488188978
            ],
            [
              23.437007874015762,
              54.20472440944883
            ],
            [
              23.437007874015762,
              53.73228346456693
            ],
            [
              23.200787401574814,
              53.14173228346459
            ],
            [
              23.791338582677156,
              52.669291338582696
            ],
            [
              23.437007874015762,
              52.43307086614175
            ],
            [
              22.49212598425197,
              52.43307086614175
            ],
            [
              22.846456692913364,
              52.314960629921245
            ],
            [
              23.67322834645671,
              52.314960629921245
            ],
            [
              24.145669291338606,
              52.43307086614175
            ],
            [
              23.200787401574814,
              52.1968503937008
            ],
            [
              22.846456692913364,
              52.314960629921245
            ],
            [
              21.90157480314963,
              52.0787401574803
            ],
            [
              21.783464566929126,
              51.60629921259846
            ],
            [
              22.019685039370074,
              51.25196850393701
            ],
            [
              22.13779527559052,
              50.661417322834666
            ],
            [
              22.255905511811022,
              50.307086614173215
            ],
            [
              21.783464566929126,
              50.07086614173227
            ],
            [
              21.66535433070868,
              49.480314960629926
            ],
            [
              22.019685039370074,
              49.24409448818898
            ],
            [
              22.72834645669292,
              49.12598425196853
            ],
            [
              21.90157480314963,
              49.12598425196853
            ],
            [
              22.374015748031525,
              49.12598425196853
            ],
            [
              22.72834645669292,
              48.77165354330708
            ],
            [
              22.72834645669292,
              48.18110236220474
            ],
            [
              22.49212598425197,
              47.5905511811024
            ],
            [
              21.90157480314963,
              48.06299212598424
            ],
            [
              21.192913385826785,
              49.00787401574803
            ],
            [
              19.65748031496065,
              51.13385826771656
            ],
            [
              20.366141732283438,
              50.897637795275614
            ],
            [
              20.72047244094489,
              50.42519685039372
            ],
            [
              20.956692913385837,
              49.59842519685043
            ],
            [
              21.31102362204723,
              49.00787401574803
            ],
            [
              22.019685039370074,
              48.535433070866134
            ],
            [
              22.019685039370074,
              47.94488188976379
            ],
            [
              21.66535433070868,
              47.35433070866145
            ],
            [
              20.48425196850394,
              47.94488188976379
            ],
            [
              19.3031496062992,
              48.889763779527584
            ],
            [
              18.594488188976356,
              49.834645669291376
            ],
            [
              19.3031496062992,
              50.42519685039372
            ],
            [
              19.8937007874016,
              51.01574803149606
            ],
            [
              19.3031496062992,
              50.307086614173215
            ],
            [
              18.71259842519686,
              49.834645669291376
            ],
            [
              18.830708661417304,
              49.00787401574803
            ],
            [
              19.421259842519703,
              48.77165354330708
            ],
            [
              20.011811023622045,
              48.06299212598424
            ],
            [
              20.602362204724386,
              47.708661417322844
            ],
            [
              21.54724409448818,
              47.23622047244095
            ],
            [
              20.956692913385837,
              47.708661417322844
            ],
            [
              20.12992125984249,
              47.82677165354335
            ],
            [
              19.65748031496065,
              48.41732283464569
            ],
            [
              18.948818897637807,
              48.77165354330708
            ],
            [
              18.594488188976356,
              49.24409448818898
            ],
            [
              18.948818897637807,
              50.07086614173227
            ],
            [
              19.65748031496065,
              50.307086614173215
            ],
            [
              19.8937007874016,
              51.01574803149606
            ],
            [
              19.066929133858252,
              50.42519685039372
            ],
            [
              18.594488188976356,
              49.716535433070874
            ],
            [
              19.3031496062992,
              48.889763779527584
            ],
            [
              20.48425196850394,
              47.94488188976379
            ],
            [
              21.54724409448818,
              47.35433070866145
            ],
            [
              22.72834645669292,
              47.472440944881896
            ],
            [
              22.374015748031525,
              47.35433070866145
            ],
            [
              21.90157480314963,
              46.881889763779554
            ],
            [
              22.374015748031525,
              46.645669291338606
            ],
            [
              21.66535433070868,
              46.40944881889766
            ],
            [
              21.54724409448818,
              46.05511811023621
            ],
            [
              21.66535433070868,
              45.700787401574814
            ],
            [
              20.838582677165334,
              45.34645669291342
            ],
            [
              21.90157480314963,
              45.22834645669292
            ],
            [
              21.31102362204723,
              45.22834645669292
            ],
            [
              20.366141732283438,
              44.874015748031525
            ],
            [
              20.602362204724386,
              44.519685039370074
            ],
            [
              20.12992125984249,
              44.283464566929126
            ],
            [
              21.192913385826785,
              44.519685039370074
            ],
            [
              20.956692913385837,
              44.16535433070868
            ],
            [
              21.192913385826785,
              43.692913385826785
            ],
            [
              21.66535433070868,
              44.04724409448818
            ],
            [
              22.610236220472416,
              44.04724409448818
            ],
            [
              23.437007874015762,
              44.874015748031525
            ],
            [
              24.027559055118104,
              45.22834645669292
            ],
            [
              23.555118110236208,
              44.75590551181102
            ],
            [
              24.381889763779554,
              44.874015748031525
            ],
            [
              23.67322834645671,
              44.519685039370074
            ],
            [
              23.200787401574814,
              44.283464566929126
            ],
            [
              23.555118110236208,
              44.16535433070868
            ],
            [
              23.31889763779526,
              43.81102362204723
            ],
            [
              24.145669291338606,
              43.57480314960628
            ],
            [
              23.67322834645671,
              43.33858267716539
            ],
            [
              23.200787401574814,
              42.98425196850394
            ],
            [
              22.610236220472416,
              42.511811023622045
            ],
            [
              22.49212598425197,
              42.15748031496065
            ],
            [
              22.846456692913364,
              41.33070866141736
            ],
            [
              22.72834645669292,
              40.97637795275591
            ],
            [
              22.13779527559052,
              40.858267716535465
            ],
            [
              21.429133858267733,
              40.858267716535465
            ],
            [
              21.192913385826785,
              40.38582677165357
            ],
            [
              20.838582677165334,
              40.03149606299212
            ],
            [
              20.12992125984249,
              39.91338582677167
            ],
            [
              20.838582677165334,
              39.79527559055117
            ],
            [
              20.12992125984249,
              39.677165354330725
            ],
            [
              19.185039370078755,
              39.32283464566933
            ],
            [
              19.185039370078755,
              38.496062992125985
            ],
            [
              20.011811023622045,
              38.61417322834649
            ],
            [
              19.185039370078755,
              38.25984251968504
            ],
            [
              19.775590551181097,
              38.496062992125985
            ],
            [
              20.011811023622045,
              38.14173228346459
            ],
            [
              19.775590551181097,
              37.669291338582696
            ],
            [
              20.838582677165334,
              37.90551181102364
            ],
            [
              21.074803149606282,
              38.96850393700788
            ],
            [
              21.783464566929126,
              39.79527559055117
            ],
            [
              22.13779527559052,
              40.74015748031496
            ],
            [
              22.49212598425197,
              40.503937007874015
            ],
            [
              22.13779527559052,
              39.91338582677167
            ],
            [
              22.255905511811022,
              39.55905511811022
            ],
            [
              22.374015748031525,
              39.086614173228384
            ],
            [
              22.610236220472416,
              38.61417322834649
            ],
            [
              22.255905511811022,
              38.25984251968504
            ],
            [
              22.255905511811022,
              37.78740157480314
            ],
            [
              22.019685039370074,
              37.314960629921245
            ],
            [
              22.13779527559052,
              36.96062992125985
            ],
            [
              21.783464566929126,
              36.488188976377955
            ],
            [
              21.90157480314963,
              36.13385826771656
            ],
            [
              22.374015748031525,
              35.897637795275614
            ],
            [
              22.72834645669292,
              36.96062992125985
            ],
            [
              22.964566929133866,
              38.02362204724409
            ],
            [
              23.437007874015762,
              39.20472440944883
            ],
            [
              23.082677165354312,
              40.26771653543307
            ],
            [
              24.145669291338606,
              41.33070866141736
            ],
            [
              24.027559055118104,
              40.74015748031496
            ],
            [
              23.555118110236208,
              40.26771653543307
            ],
            [
              23.67322834645671,
              39.91338582677167
            ],
            [
              23.200787401574814,
              40.03149606299212
            ],
            [
              23.437007874015762,
              39.55905511811022
            ],
            [
              24.5,
              39.32283464566933
            ],
            [
              24.972440944881896,
              40.503937007874015
            ],
            [
              25.208661417322844,
              41.09448818897641
            ],
            [
              25.09055118110234,
              40.74015748031496
            ],
            [
              25.799212598425186,
              40.38582677165357
            ],
            [
              26.035433070866134,
              40.03149606299212
            ],
            [
              25.68110236220474,
              39.79527559055117
            ],
            [
              26.153543307086636,
              39.91338582677167
            ],
            [
              25.444881889763792,
              39.55905511811022
            ],
            [
              25.32677165354329,
              39.20472440944883
            ],
            [
              25.208661417322844,
              38.73228346456693
            ],
            [
              24.972440944881896,
              38.25984251968504
            ],
            [
              25.444881889763792,
              38.02362204724409
            ],
            [
              25.799212598425186,
              37.90551181102364
            ],
            [
              25.917322834645688,
              37.0787401574803
            ],
            [
              25.68110236220474,
              36.60629921259846
            ],
            [
              25.444881889763792,
              36.13385826771656
            ],
            [
              25.208661417322844,
              35.77952755905511
            ],
            [
              25.09055118110234,
              35.42519685039372
            ],
            [
              24.618110236220446,
              34.834645669291376
            ],
            [
              24.381889763779554,
              34.12598425196853
            ],
            [
              24.145669291338606,
              33.653543307086636
            ],
            [
              24.027559055118104,
              33.18110236220474
            ],
            [
              24.381889763779554,
              32.82677165354335
            ],
            [
              24.5,
              32.35433070866145
            ],
            [
              25.09055118110234,
              32.94488188976379
            ],
            [
              25.68110236220474,
              32.708661417322844
            ],
            [
              26.035433070866134,
              32.472440944881896
            ],
            [
              26.980314960629926,
              32.82677165354335
            ],
            [
              27.570866141732267,
              32.94488188976379
            ],
            [
              27.925196850393718,
              32.708661417322844
            ],
            [
              28.751968503937007,
              32.708661417322844
            ],
            [
              29.6968503937008,
              33.41732283464569
            ],
            [
              30.759842519685037,
              34.12598425196853
            ],
            [
              31.35039370078738,
              34.00787401574803
            ],
            [
              30.169291338582696,
              33.77165354330708
            ],
            [
              29.6968503937008,
              33.299212598425186
            ],
            [
              28.988188976377955,
              32.708661417322844
            ],
            [
              28.043307086614163,
              32.472440944881896
            ],
            [
              28.87007874015751,
              32.59055118110234
            ],
            [
              29.224409448818903,
              33.06299212598424
            ],
            [
              30.051181102362193,
              33.535433070866134
            ],
            [
              30.405511811023644,
              33.889763779527584
            ],
            [
              31.35039370078738,
              33.889763779527584
            ],
            [
              31.822834645669275,
              33.77165354330708
            ],
            [
              30.759842519685037,
              33.41732283464569
            ],
            [
              30.28740157480314,
              32.59055118110234
            ],
            [
              30.051181102362193,
              32.1181102362205
            ],
            [
              29.933070866141748,
              31.763779527559052
            ],
            [
              30.051181102362193,
              31.40944881889766
            ],
            [
              29.933070866141748,
              30.818897637795317
            ],
            [
              30.169291338582696,
              30.464566929133866
            ],
            [
              30.405511811023644,
              30.110236220472473
            ],
            [
              30.641732283464535,
              29.637795275590577
            ],
            [
              31.232283464566933,
              29.519685039370074
            ],
            [
              30.996062992125985,
              29.16535433070868
            ],
            [
              31.232283464566933,
              28.81102362204723
            ],
            [
              31.11417322834643,
              28.456692913385837
            ],
            [
              31.940944881889777,
              28.692913385826785
            ],
            [
              32.76771653543307,
              28.929133858267733
            ],
            [
              32.05905511811022,
              28.692913385826785
            ],
            [
              33.003937007874015,
              28.692913385826785
            ],
            [
              32.05905511811022,
              28.456692913385837
            ],
            [
              32.88582677165357,
              28.456692913385837
            ],
            [
              32.53149606299212,
              28.102362204724443
            ],
            [
              32.76771653543307,
              27.629921259842547
            ],
            [
              32.177165354330725,
              27.3937007874016
            ],
            [
              32.177165354330725,
              26.921259842519703
            ],
            [
              32.29527559055117,
              26.448818897637807
            ],
            [
              32.29527559055117,
              25.97637795275591
            ],
            [
              31.940944881889777,
              25.38582677165357
            ],
            [
              32.05905511811022,
              25.03149606299212
            ],
            [
              32.177165354330725,
              24.559055118110223
            ],
            [
              32.64960629921262,
              24.32283464566933
            ],
            [
              31.940944881889777,
              24.086614173228327
            ],
            [
              32.88582677165357,
              24.086614173228327
            ],
            [
              32.76771653543307,
              23.732283464566933
            ],
            [
              32.88582677165357,
              23.37795275590554
            ],
            [
              33.59448818897636,
              23.496062992125985
            ],
            [
              33.12204724409446,
              23.259842519685037
            ],
            [
              32.64960629921262,
              23.732283464566933
            ],
            [
              33.003937007874015,
              23.96850393700788
            ],
            [
              32.41338582677167,
              23.96850393700788
            ],
            [
              31.70472440944883,
              23.850393700787436
            ],
            [
              31.46850393700788,
              23.496062992125985
            ],
            [
              30.405511811023644,
              23.496062992125985
            ],
            [
              29.6968503937008,
              23.37795275590554
            ],
            [
              29.1062992125984,
              23.02362204724409
            ],
            [
              29.933070866141748,
              23.259842519685037
            ],
            [
              30.87795275590554,
              23.496062992125985
            ],
            [
              31.70472440944883,
              23.37795275590554
            ],
            [
              32.05905511811022,
              23.259842519685037
            ],
            [
              31.586614173228327,
              23.37795275590554
            ],
            [
              30.759842519685037,
              23.37795275590554
            ],
            [
              30.405511811023644,
              23.259842519685037
            ],
            [
              29.6968503937008,
              23.259842519685037
            ],
            [
              29.34251968503935,
              23.14173228346459
            ],
            [
              28.51574803149606,
              22.78740157480314
            ],
            [
              28.043307086614163,
              23.496062992125985
            ],
            [
              27.216535433070874,
              24.20472440944883
            ],
            [
              27.807086614173215,
              23.496062992125985
            ],
            [
              28.397637795275614,
              23.259842519685037
            ],
            [
              27.925196850393718,
              22.78740157480314
            ],
            [
              27.09842519685037,
              22.314960629921302
            ],
            [
              26.035433070866134,
              23.259842519685037
            ],
            [
              26.625984251968475,
              23.96850393700788
            ],
            [
              26.153543307086636,
              23.614173228346488
            ],
            [
              26.035433070866134,
              23.14173228346459
            ],
            [
              26.50787401574803,
              22.669291338582696
            ],
            [
              26.862204724409423,
              22.314960629921302
            ],
            [
              27.570866141732267,
              22.433070866141748
            ],
            [
              28.043307086614163,
              22.551181102362193
            ],
            [
              27.33464566929132,
              22.1968503937008
            ],
            [
              28.27952755905511,
              22.551181102362193
            ],
            [
              27.68897637795277,
              22.1968503937008
            ],
            [
              27.45275590551182,
              21.724409448818903
            ],
            [
              26.980314960629926,
              21.37007874015751
            ],
            [
              26.625984251968475,
              20.897637795275614
            ],
            [
              26.035433070866134,
              20.543307086614163
            ],
            [
              25.562992125984238,
              20.070866141732267
            ],
            [
              26.27165354330708,
              19.95275590551182
            ],
            [
              27.33464566929132,
              20.77952755905511
            ],
            [
              26.980314960629926,
              20.307086614173215
            ],
            [
              26.389763779527584,
              19.95275590551182
            ],
            [
              25.917322834645688,
              19.716535433070874
            ],
            [
              26.625984251968475,
              19.95275590551182
            ],
            [
              27.09842519685037,
              20.425196850393718
            ],
            [
              27.925196850393718,
              20.77952755905511
            ],
            [
              28.27952755905511,
              20.543307086614163
            ],
            [
              28.043307086614163,
              19.95275590551182
            ],
            [
              28.51574803149606,
              19.480314960629926
            ],
            [
              28.27952755905511,
              19.125984251968532
            ],
            [
              28.161417322834666,
              18.653543307086636
            ],
            [
              28.633858267716505,
              18.535433070866134
            ],
            [
              28.633858267716505,
              18.062992125984238
            ],
            [
              28.397637795275614,
              17.708661417322844
            ],
            [
              28.27952755905511,
              17.35433070866145
            ],
            [
              28.043307086614163,
              17.0
            ],
            [
              27.68897637795277,
              16.763779527559052
            ],
            [
              26.862204724409423,
              16.291338582677156
            ],
            [
              26.744094488188978,
              15.937007874015762
            ],
            [
              25.917322834645688,
              15.700787401574814
            ],
            [
              26.50787401574803,
              15.818897637795317
            ],
            [
              25.917322834645688,
              15.582677165354312
            ],
            [
              25.444881889763792,
              15.34645669291342
            ],
            [
              24.5,
              15.110236220472473
            ],
            [
              25.32677165354329,
              15.228346456692918
            ],
            [
              24.381889763779554,
              14.755905511811022
            ],
            [
              23.791338582677156,
              14.401574803149629
            ],
            [
              23.90944881889766,
              14.047244094488178
            ],
            [
              24.381889763779554,
              13.692913385826785
            ],
            [
              24.145669291338606,
              13.338582677165391
            ],
            [
              24.972440944881896,
              13.102362204724443
            ],
            [
              24.854330708661394,
              12.393700787401599
            ],
            [
              25.68110236220474,
              12.748031496062993
            ],
            [
              26.862204724409423,
              13.338582677165391
            ],
            [
              26.50787401574803,
              13.102362204724443
            ],
            [
              26.035433070866134,
              12.748031496062993
            ],
            [
              25.68110236220474,
              12.511811023622045
            ],
            [
              25.32677165354329,
              12.275590551181097
            ],
            [
              26.035433070866134,
              12.748031496062993
            ],
            [
              26.50787401574803,
              13.102362204724443
            ],
            [
              27.09842519685037,
              13.220472440944889
            ],
            [
              27.570866141732267,
              13.220472440944889
            ],
            [
              27.807086614173215,
              12.866141732283495
            ],
            [
              28.27952755905511,
              12.748031496062993
            ],
            [
              27.925196850393718,
              12.511811023622045
            ],
            [
              27.807086614173215,
              12.039370078740149
            ],
            [
              28.87007874015751,
              12.275590551181097
            ],
            [
              29.34251968503935,
              12.393700787401599
            ],
            [
              28.397637795275614,
              12.039370078740149
            ],
            [
              29.224409448818903,
              12.275590551181097
            ],
            [
              29.6968503937008,
              12.393700787401599
            ],
            [
              29.814960629921245,
              12.039370078740149
            ],
            [
              30.28740157480314,
              11.448818897637807
            ],
            [
              31.232283464566933,
              11.212598425196859
            ],
            [
              32.53149606299212,
              12.157480314960651
            ],
            [
              33.71259842519686,
              12.629921259842547
            ],
            [
              34.7755905511811,
              13.574803149606282
            ],
            [
              34.8937007874016,
              13.220472440944889
            ],
            [
              34.4212598425197,
              12.98425196850394
            ],
            [
              34.185039370078755,
              12.629921259842547
            ],
            [
              34.3031496062992,
              12.275590551181097
            ],
            [
              33.830708661417304,
              11.921259842519703
            ],
            [
              33.47637795275591,
              11.685039370078755
            ],
            [
              33.12204724409446,
              11.448818897637807
            ],
            [
              33.003937007874015,
              10.97637795275591
            ],
            [
              32.88582677165357,
              10.503937007874015
            ],
            [
              32.29527559055117,
              10.149606299212621
            ],
            [
              31.11417322834643,
              10.267716535433067
            ],
            [
              29.933070866141748,
              10.503937007874015
            ],
            [
              28.988188976377955,
              10.149606299212621
            ],
            [
              28.043307086614163,
              10.031496062992119
            ],
            [
              28.988188976377955,
              10.031496062992119
            ],
            [
              30.169291338582696,
              10.38582677165357
            ],
            [
              31.11417322834643,
              10.149606299212621
            ],
            [
              31.822834645669275,
              9.913385826771673
            ],
            [
              32.88582677165357,
              10.149606299212621
            ],
            [
              31.70472440944883,
              9.913385826771673
            ],
            [
              30.87795275590554,
              10.031496062992119
            ],
            [
              29.814960629921245,
              10.38582677165357
            ],
            [
              29.34251968503935,
              10.031496062992119
            ],
            [
              28.751968503937007,
              10.031496062992119
            ],
            [
              28.043307086614163,
              9.79527559055117
            ],
            [
              27.925196850393718,
              9.322834645669332
            ],
            [
              28.043307086614163,
              8.968503937007881
            ],
            [
              26.744094488188978,
              8.850393700787436
            ],
            [
              26.625984251968475,
              8.259842519685037
            ],
            [
              26.625984251968475,
              7.6692913385826955
            ],
            [
              26.50787401574803,
              7.1968503937007995
            ],
            [
              26.153543307086636,
              6.9606299212598515
            ],
            [
              25.799212598425186,
              6.488188976377955
            ],
            [
              25.208661417322844,
              5.897637795275614
            ],
            [
              25.68110236220474,
              6.015748031496059
            ],
            [
              24.854330708661394,
              5.543307086614163
            ],
            [
              24.736220472440948,
              5.18897637795277
            ],
            [
              24.381889763779554,
              4.834645669291376
            ],
            [
              23.555118110236208,
              3.889763779527584
            ],
            [
              23.200787401574814,
              3.653543307086636
            ],
            [
              22.255905511811022,
              3.5354330708661337
            ],
            [
              23.200787401574814,
              3.5354330708661337
            ],
            [
              22.610236220472416,
              3.653543307086636
            ],
            [
              22.019685039370074,
              3.18110236220474
            ],
            [
              21.90157480314963,
              2.708661417322844
            ],
            [
              22.019685039370074,
              2.3543307086614504
            ],
            [
              22.964566929133866,
              3.0629921259842376
            ],
            [
              22.374015748031525,
              2.3543307086614504
            ],
            [
              22.72834645669292,
              2.5905511811023416
            ],
            [
              23.555118110236208,
              2.944881889763792
            ],
            [
              23.90944881889766,
              2.5905511811023416
            ],
            [
              24.027559055118104,
              2.1181102362205024
            ],
            [
              24.5,
              2.944881889763792
            ],
            [
              25.32677165354329,
              3.653543307086636
            ],
            [
              25.917322834645688,
              4.244094488188978
            ],
            [
              26.625984251968475,
              4.36220472440948
            ],
            [
              27.45275590551182,
              4.598425196850371
            ],
            [
              28.27952755905511,
              5.070866141732267
            ],
            [
              28.397637795275614,
              4.716535433070874
            ],
            [
              29.1062992125984,
              4.36220472440948
            ],
            [
              29.6968503937008,
              4.00787401574803
            ],
            [
              30.52362204724409,
              4.125984251968532
            ],
            [
              30.87795275590554,
              5.18897637795277
            ],
            [
              31.11417322834643,
              6.133858267716562
            ],
            [
              31.822834645669275,
              6.488188976377955
            ],
            [
              32.88582677165357,
              7.078740157480297
            ],
            [
              33.59448818897636,
              7.078740157480297
            ],
            [
              32.76771653543307,
              6.842519685039406
            ],
            [
              32.177165354330725,
              6.488188976377955
            ],
            [
              31.46850393700788,
              6.37007874015751
            ],
            [
              31.232283464566933,
              5.897637795275614
            ],
            [
              30.996062992125985,
              5.307086614173215
            ],
            [
              31.232283464566933,
              4.952755905511822
            ],
            [
              30.996062992125985,
              4.598425196850371
            ],
            [
              30.52362204724409,
              3.889763779527584
            ],
            [
              30.169291338582696,
              3.5354330708661337
            ],
            [
              30.759842519685037,
              4.244094488188978
            ],
            [
              31.232283464566933,
              4.716535433070874
            ],
            [
              31.232283464566933,
              5.425196850393718
            ],
            [
              31.232283464566933,
              5.897637795275614
            ],
            [
              31.46850393700788,
              6.37007874015751
            ],
            [
              32.05905511811022,
              6.606299212598458
            ],
            [
              32.64960629921262,
              6.842519685039406
            ],
            [
              33.12204724409446,
              6.9606299212598515
            ],
            [
              33.94881889763781,
              6.9606299212598515
            ],
            [
              34.53937007874015,
              6.842519685039406
            ],
            [
              34.8937007874016,
              6.488188976377955
            ],
            [
              35.366141732283495,
              6.251968503937007
            ],
            [
              36.07480314960628,
              6.7244094488189035
            ],
            [
              35.72047244094489,
              6.37007874015751
            ],
            [
              35.366141732283495,
              6.015748031496059
            ],
            [
              35.72047244094489,
              6.488188976377955
            ],
            [
              36.31102362204723,
              6.488188976377955
            ],
            [
              36.66535433070868,
              6.251968503937007
            ],
            [
              37.374015748031525,
              6.7244094488189035
            ],
            [
              37.13779527559052,
              7.314960629921302
            ],
            [
              38.200787401574814,
              7.4330708661417475
            ],
            [
              39.26377952755905,
              7.787401574803141
            ],
            [
              39.5,
              8.496062992125985
            ],
            [
              39.854330708661394,
              8.259842519685037
            ],
            [
              40.32677165354329,
              8.259842519685037
            ],
            [
              41.153543307086636,
              8.259842519685037
            ],
            [
              40.68110236220474,
              7.9055118110236435
            ],
            [
              41.389763779527584,
              8.02362204724409
            ],
            [
              42.09842519685037,
              7.787401574803141
            ],
            [
              43.397637795275614,
              8.37795275590554
            ],
            [
              44.46062992125985,
              8.37795275590554
            ],
            [
              44.93307086614175,
              8.259842519685037
            ],
            [
              43.75196850393701,
              8.259842519685037
            ],
            [
              42.57086614173227,
              7.9055118110236435
            ],
            [
              41.74409448818898,
              7.6692913385826955
            ],
            [
              42.57086614173227,
              7.9055118110236435
            ],
            [
              43.27952755905511,
              8.141732283464592
            ],
            [
              44.5787401574803,
              8.259842519685037
            ],
            [
              45.641732283464535,
              8.259842519685037
            ],
            [
              47.05905511811022,
              8.614173228346488
            ],
            [
              48.003937007874015,
              9.20472440944883
            ],
            [
              48.94881889763781,
              9.677165354330725
            ],
            [
              49.65748031496065,
              10.622047244094517
            ],
            [
              50.602362204724386,
              11.448818897637807
            ],
            [
              50.48425196850394,
              12.511811023622045
            ],
            [
              49.3031496062992,
              12.511811023622045
            ],
            [
              48.12204724409446,
              12.866141732283495
            ],
            [
              47.29527559055117,
              13.220472440944889
            ],
            [
              48.47637795275591,
              13.811023622047287
            ],
            [
              48.59448818897636,
              14.637795275590577
            ],
            [
              48.71259842519686,
              13.811023622047287
            ],
            [
              48.24015748031496,
              13.456692913385837
            ],
            [
              47.05905511811022,
              13.102362204724443
            ],
            [
              47.76771653543307,
              12.511811023622045
            ],
            [
              48.47637795275591,
              12.629921259842547
            ],
            [
              48.59448818897636,
              12.157480314960651
            ],
            [
              49.65748031496065,
              12.511811023622045
            ],
            [
              50.602362204724386,
              12.629921259842547
            ],
            [
              50.72047244094489,
              12.039370078740149
            ],
            [
              50.72047244094489,
              11.330708661417361
            ],
            [
              50.48425196850394,
              10.858267716535465
            ],
            [
              49.7755905511811,
              10.503937007874015
            ],
            [
              49.06692913385825,
              9.913385826771673
            ],
            [
              48.830708661417304,
              9.322834645669332
            ],
            [
              48.35826771653541,
              9.20472440944883
            ],
            [
              47.53149606299212,
              8.614173228346488
            ],
            [
              46.70472440944883,
              8.259842519685037
            ],
            [
              45.87795275590554,
              8.02362204724409
            ],
            [
              46.70472440944883,
              8.259842519685037
            ],
            [
              47.53149606299212,
              8.496062992125985
            ],
            [
              47.88582677165357,
              8.850393700787436
            ],
            [
              48.59448818897636,
              9.20472440944883
            ],
            [
              48.94881889763781,
              9.440944881889777
            ],
            [
              49.06692913385825,
              9.913385826771673
            ],
            [
              49.53937007874015,
              10.503937007874015
            ],
            [
              50.36614173228344,
              10.740157480314963
            ],
            [
              50.72047244094489,
              11.094488188976413
            ],
            [
              50.72047244094489,
              11.8031496062992
            ],
            [
              50.72047244094489,
              12.393700787401599
            ],
            [
              50.24803149606299,
              12.629921259842547
            ],
            [
              49.65748031496065,
              12.393700787401599
            ],
            [
              48.94881889763781,
              12.275590551181097
            ],
            [
              48.47637795275591,
              12.866141732283495
            ],
            [
              47.88582677165357,
              12.511811023622045
            ],
            [
              47.53149606299212,
              12.629921259842547
            ],
            [
              47.41338582677167,
              13.102362204724443
            ],
            [
              48.12204724409446,
              13.338582677165391
            ],
            [
              48.71259842519686,
              14.16535433070868
            ],
            [
              48.12204724409446,
              14.519685039370074
            ],
            [
              48.003937007874015,
              15.110236220472473
            ],
            [
              48.94881889763781,
              15.228346456692918
            ],
            [
              48.003937007874015,
              14.99212598425197
            ],
            [
              47.53149606299212,
              14.519685039370074
            ],
            [
              47.88582677165357,
              14.401574803149629
            ],
            [
              47.53149606299212,
              14.637795275590577
            ],
            [
              48.24015748031496,
              14.99212598425197
            ],
            [
              49.06692913385825,
              15.110236220472473
            ],
            [
              49.65748031496065,
              15.700787401574814
            ],
            [
              48.94881889763781,
              16.645669291338606
            ],
            [
              49.7755905511811,
              16.645669291338606
            ],
            [
              48.830708661417304,
              16.40944881889766
            ],
            [
              49.3031496062992,
              16.40944881889766
            ],
            [
              49.185039370078755,
              16.055118110236208
            ],
            [
              49.8937007874016,
              15.700787401574814
            ],
            [
              49.4212598425197,
              14.99212598425197
            ],
            [
              49.7755905511811,
              15.700787401574814
            ],
            [
              49.3031496062992,
              16.055118110236208
            ],
            [
              48.71259842519686,
              16.291338582677156
            ],
            [
              49.53937007874015,
              16.527559055118104
            ],
            [
              50.602362204724386,
              17.118110236220502
            ],
            [
              50.838582677165334,
              18.417322834645688
            ],
            [
              51.07480314960628,
              19.598425196850428
            ],
            [
              50.95669291338584,
              20.543307086614163
            ],
            [
              50.011811023622045,
              21.842519685039406
            ],
            [
              48.94881889763781,
              22.314960629921302
            ],
            [
              47.88582677165357,
              22.551181102362193
            ],
            [
              47.29527559055117,
              22.433070866141748
            ],
            [
              46.11417322834643,
              22.314960629921302
            ],
            [
              47.29527559055117,
              22.314960629921302
            ],
            [
              46.822834645669275,
              22.314960629921302
            ],
            [
              46.11417322834643,
              22.078740157480297
            ],
            [
              45.75984251968504,
              21.606299212598458
            ],
            [
              45.641732283464535,
              21.251968503937007
            ],
            [
              44.5787401574803,
              21.606299212598458
            ],
            [
              45.05118110236219,
              22.78740157480314
            ],
            [
              45.169291338582696,
              23.96850393700788
            ],
            [
              44.6968503937008,
              25.03149606299212
            ],
            [
              43.51574803149606,
              25.97637795275591
            ],
            [
              42.57086614173227,
              26.921259842519703
            ],
            [
              41.50787401574803,
              26.921259842519703
            ],
            [
              41.035433070866134,
              26.448818897637807
            ],
            [
              42.216535433070874,
              26.685039370078755
            ],
            [
              41.50787401574803,
              26.448818897637807
            ],
            [
              41.980314960629926,
              26.448818897637807
            ],
            [
              42.92519685039372,
              26.566929133858252
            ],
            [
              43.27952755905511,
              26.448818897637807
            ],
            [
              43.161417322834666,
              25.97637795275591
            ],
            [
              43.87007874015751,
              25.503937007874015
            ],
            [
              44.814960629921245,
              25.14960629921262
            ],
            [
              45.05118110236219,
              24.32283464566933
            ],
            [
              45.40551181102364,
              23.614173228346488
            ],
            [
              45.40551181102364,
              22.905511811023644
            ],
            [
              45.05118110236219,
              22.551181102362193
            ],
            [
              44.6968503937008,
              22.078740157480297
            ],
            [
              44.34251968503935,
              21.606299212598458
            ],
            [
              44.814960629921245,
              21.37007874015751
            ],
            [
              45.40551181102364,
              21.01574803149606
            ],
            [
              44.814960629921245,
              21.37007874015751
            ],
            [
              44.2244094488189,
              21.724409448818903
            ],
            [
              44.5787401574803,
              22.1968503937008
            ],
            [
              45.05118110236219,
              22.669291338582696
            ],
            [
              45.52362204724409,
              23.14173228346459
            ],
            [
              45.28740157480314,
              23.732283464566933
            ],
            [
              45.05118110236219,
              24.32283464566933
            ],
            [
              44.814960629921245,
              24.913385826771673
            ],
            [
              44.34251968503935,
              25.267716535433067
            ],
            [
              43.75196850393701,
              25.622047244094517
            ],
            [
              43.27952755905511,
              25.97637795275591
            ],
            [
              43.04330708661416,
              26.448818897637807
            ],
            [
              43.87007874015751,
              26.33070866141736
            ],
            [
              43.75196850393701,
              27.15748031496065
            ],
            [
              42.92519685039372,
              28.33858267716539
            ],
            [
              42.807086614173215,
              29.40157480314963
            ],
            [
              42.216535433070874,
              30.464566929133866
            ],
            [
              41.625984251968475,
              31.527559055118104
            ],
            [
              40.68110236220474,
              32.0
            ],
            [
              39.73622047244095,
              32.23622047244095
            ],
            [
              38.791338582677156,
              32.59055118110234
            ],
            [
              38.43700787401576,
              33.18110236220474
            ],
            [
              38.200787401574814,
              34.00787401574803
            ],
            [
              37.72834645669292,
              34.95275590551182
            ],
            [
              37.374015748031525,
              35.897637795275614
            ],
            [
              37.25590551181102,
              36.60629921259846
            ],
            [
              34.8937007874016,
              40.26771653543307
            ],
            [
              33.94881889763781,
              40.38582677165357
            ],
            [
              33.24015748031496,
              40.97637795275591
            ],
            [
              32.53149606299212,
              40.97637795275591
            ],
            [
              33.12204724409446,
              40.858267716535465
            ],
            [
              33.47637795275591,
              40.62204724409452
            ],
            [
              33.830708661417304,
              40.26771653543307
            ],
            [
              34.7755905511811,
              40.14960629921262
            ],
            [
              35.366141732283495,
              40.03149606299212
            ],
            [
              35.48425196850394,
              39.44094488188978
            ],
            [
              35.602362204724386,
              38.96850393700788
            ],
            [
              36.07480314960628,
              38.61417322834649
            ],
            [
              36.66535433070868,
              38.37795275590554
            ],
            [
              37.019685039370074,
              38.02362204724409
            ],
            [
              37.13779527559052,
              37.55118110236219
            ],
            [
              37.374015748031525,
              36.842519685039406
            ],
            [
              37.49212598425197,
              36.01574803149606
            ],
            [
              37.610236220472416,
              35.307086614173215
            ],
            [
              37.964566929133866,
              34.59842519685043
            ],
            [
              38.31889763779526,
              34.12598425196853
            ],
            [
              38.43700787401576,
              33.41732283464569
            ],
            [
              38.67322834645671,
              32.82677165354335
            ],
            [
              38.791338582677156,
              32.472440944881896
            ],
            [
              39.5,
              32.1181102362205
            ],
            [
              40.09055118110234,
              32.0
            ],
            [
              40.91732283464569,
              31.881889763779554
            ],
            [
              41.389763779527584,
              31.645669291338606
            ],
            [
              41.980314960629926,
              31.17322834645671
            ],
            [
              42.33464566929132,
              30.464566929133866
            ],
            [
              42.68897637795277,
              29.99212598425197
            ],
            [
              42.92519685039372,
              29.519685039370074
            ],
            [
              43.27952755905511,
              29.16535433070868
            ],
            [
              42.92519685039372,
              28.574803149606282
            ],
            [
              43.161417322834666,
              27.98425196850394
            ],
            [
              43.633858267716505,
              27.511811023622045
            ],
            [
              43.988188976377955,
              26.921259842519703
            ],
            [
              44.34251968503935,
              26.33070866141736
            ],
            [
              44.46062992125985,
              25.97637795275591
            ],
            [
              44.2244094488189,
              26.685039370078755
            ],
            [
              43.87007874015751,
              27.275590551181097
            ],
            [
              43.51574803149606,
              27.629921259842547
            ],
            [
              43.161417322834666,
              28.22047244094489
            ],
            [
              43.161417322834666,
              28.81102362204723
            ],
            [
              43.04330708661416,
              29.283464566929126
            ],
            [
              42.68897637795277,
              29.755905511811022
            ],
            [
              42.45275590551182,
              30.34645669291342
            ],
            [
              42.09842519685037,
              31.055118110236208
            ],
            [
              41.625984251968475,
              31.40944881889766
            ],
            [
              41.153543307086636,
              31.645669291338606
            ],
            [
              40.56299212598424,
              31.881889763779554
            ],
            [
              39.854330708661394,
              32.0
            ],
            [
              39.027559055118104,
              32.1181102362205
            ],
            [
              38.791338582677156,
              32.708661417322844
            ],
            [
              38.55511811023621,
              33.299212598425186
            ],
            [
              38.31889763779526,
              33.889763779527584
            ],
            [
              38.08267716535431,
              34.59842519685043
            ],
            [
              37.72834645669292,
              35.18897637795277
            ],
            [
              37.49212598425197,
              35.897637795275614
            ],
            [
              37.374015748031525,
              36.60629921259846
            ],
            [
              37.25590551181102,
              37.314960629921245
            ],
            [
              37.13779527559052,
              38.02362204724409
            ],
            [
              36.66535433070868,
              38.37795275590554
            ],
            [
              36.07480314960628,
              38.496062992125985
            ],
            [
              35.602362204724386,
              38.96850393700788
            ],
            [
              35.366141732283495,
              39.79527559055117
            ],
            [
              35.011811023622045,
              40.03149606299212
            ],
            [
              34.3031496062992,
              40.14960629921262
            ],
            [
              33.59448818897636,
              40.38582677165357
            ],
            [
              33.12204724409446,
              40.74015748031496
            ],
            [
              32.64960629921262,
              40.97637795275591
            ],
            [
              32.05905511811022,
              40.503937007874015
            ],
            [
              31.232283464566933,
              40.26771653543307
            ],
            [
              30.051181102362193,
              40.97637795275591
            ],
            [
              28.87007874015751,
              41.09448818897641
            ],
            [
              29.224409448818903,
              40.858267716535465
            ],
            [
              30.28740157480314,
              40.74015748031496
            ],
            [
              29.1062992125984,
              40.62204724409452
            ],
            [
              29.46062992125985,
              40.503937007874015
            ],
            [
              30.28740157480314,
              40.62204724409452
            ],
            [
              31.232283464566933,
              41.21259842519686
            ],
            [
              32.29527559055117,
              41.9212598425197
            ],
            [
              33.12204724409446,
              42.511811023622045
            ],
            [
              32.05905511811022,
              43.33858267716539
            ],
            [
              31.35039370078738,
              43.45669291338584
            ],
            [
              32.29527559055117,
              43.81102362204723
            ],
            [
              33.24015748031496,
              44.283464566929126
            ],
            [
              33.71259842519686,
              45.22834645669292
            ],
            [
              34.3031496062992,
              46.291338582677156
            ],
            [
              34.65748031496065,
              47.23622047244095
            ],
            [
              34.8937007874016,
              48.299212598425186
            ],
            [
              35.366141732283495,
              49.24409448818898
            ],
            [
              35.72047244094489,
              50.18897637795277
            ],
            [
              35.24803149606299,
              51.25196850393701
            ],
            [
              34.7755905511811,
              51.488188976377955
            ],
            [
              35.48425196850394,
              51.37007874015751
            ],
            [
              35.72047244094489,
              50.77952755905511
            ],
            [
              35.838582677165334,
              50.07086614173227
            ],
            [
              35.72047244094489,
              49.480314960629926
            ],
            [
              35.366141732283495,
              49.00787401574803
            ],
            [
              35.12992125984249,
              48.535433070866134
            ],
            [
              35.12992125984249,
              47.94488188976379
            ],
            [
              34.7755905511811,
              47.1181102362205
            ],
            [
              34.53937007874015,
              46.527559055118104
            ],
            [
              34.185039370078755,
              45.81889763779526
            ],
            [
              33.830708661417304,
              45.34645669291342
            ],
            [
              33.71259842519686,
              44.63779527559058
            ],
            [
              33.35826771653541,
              44.16535433070868
            ],
            [
              33.003937007874015,
              43.92913385826773
            ],
            [
              32.05905511811022,
              43.692913385826785
            ],
            [
              31.11417322834643,
              43.22047244094489
            ],
            [
              31.232283464566933,
              42.866141732283495
            ],
            [
              32.41338582677167,
              43.33858267716539
            ],
            [
              32.41338582677167,
              42.866141732283495
            ],
            [
              33.24015748031496,
              42.511811023622045
            ],
            [
              33.24015748031496,
              42.03937007874015
            ],
            [
              32.05905511811022,
              41.8031496062992
            ],
            [
              31.35039370078738,
              41.21259842519686
            ],
            [
              31.232283464566933,
              40.858267716535465
            ],
            [
              30.051181102362193,
              40.38582677165357
            ],
            [
              30.52362204724409,
              40.38582677165357
            ],
            [
              30.87795275590554,
              40.26771653543307
            ],
            [
              31.822834645669275,
              40.26771653543307
            ],
            [
              30.759842519685037,
              40.26771653543307
            ],
            [
              29.933070866141748,
              40.26771653543307
            ],
            [
              30.87795275590554,
              40.74015748031496
            ],
            [
              31.35039370078738,
              41.21259842519686
            ],
            [
              31.940944881889777,
              41.685039370078755
            ],
            [
              32.88582677165357,
              41.9212598425197
            ],
            [
              33.24015748031496,
              42.2755905511811
            ],
            [
              32.88582677165357,
              42.62992125984255
            ],
            [
              32.177165354330725,
              43.22047244094489
            ],
            [
              31.70472440944883,
              42.98425196850394
            ],
            [
              31.232283464566933,
              42.98425196850394
            ],
            [
              32.05905511811022,
              43.692913385826785
            ],
            [
              33.003937007874015,
              43.81102362204723
            ],
            [
              33.47637795275591,
              44.283464566929126
            ],
            [
              33.94881889763781,
              44.874015748031525
            ],
            [
              33.94881889763781,
              45.464566929133866
            ],
            [
              34.185039370078755,
              45.93700787401576
            ],
            [
              34.53937007874015,
              46.645669291338606
            ],
            [
              35.011811023622045,
              47.35433070866145
            ],
            [
              35.12992125984249,
              47.82677165354335
            ],
            [
              35.011811023622045,
              48.535433070866134
            ],
            [
              35.602362204724386,
              49.12598425196853
            ],
            [
              35.838582677165334,
              49.716535433070874
            ],
            [
              35.72047244094489,
              50.54330708661416
            ],
            [
              35.48425196850394,
              51.25196850393701
            ],
            [
              34.8937007874016,
              51.488188976377955
            ],
            [
              33.94881889763781,
              51.488188976377955
            ],
            [
              33.24015748031496,
              51.37007874015751
            ],
            [
              31.940944881889777,
              51.488188976377955
            ],
            [
              32.76771653543307,
              51.13385826771656
            ],
            [
              33.71259842519686,
              51.25196850393701
            ],
            [
              33.12204724409446,
              51.13385826771656
            ],
            [
              32.29527559055117,
              51.25196850393701
            ],
            [
              31.70472440944883,
              51.25196850393701
            ],
            [
              30.641732283464535,
              51.37007874015751
            ],
            [
              29.933070866141748,
              51.25196850393701
            ],
            [
              29.46062992125985,
              51.01574803149606
            ],
            [
              28.751968503937007,
              50.77952755905511
            ],
            [
              28.043307086614163,
              50.18897637795277
            ],
            [
              27.33464566929132,
              50.54330708661416
            ],
            [
              27.925196850393718,
              51.37007874015751
            ],
            [
              28.397637795275614,
              52.1968503937008
            ],
            [
              27.216535433070874,
              52.1968503937008
            ],
            [
              27.807086614173215,
              52.669291338582696
            ],
            [
              28.87007874015751,
              53.850393700787436
            ],
            [
              29.933070866141748,
              54.677165354330725
            ],
            [
              30.759842519685037,
              55.503937007874015
            ],
            [
              30.996062992125985,
              56.44881889763781
            ],
            [
              31.11417322834643,
              57.15748031496065
            ],
            [
              31.232283464566933,
              56.8031496062992
            ],
            [
              31.232283464566933,
              55.97637795275591
            ],
            [
              30.759842519685037,
              55.38582677165357
            ],
            [
              30.405511811023644,
              54.91338582677167
            ],
            [
              29.933070866141748,
              54.44094488188978
            ],
            [
              29.224409448818903,
              53.96850393700788
            ],
            [
              28.633858267716505,
              53.37795275590554
            ],
            [
              28.161417322834666,
              52.90551181102364
            ],
            [
              27.33464566929132,
              52.55118110236219
            ],
            [
              26.744094488188978,
              52.1968503937008
            ],
            [
              27.45275590551182,
              51.96062992125985
            ],
            [
              28.51574803149606,
              52.1968503937008
            ],
            [
              28.87007874015751,
              51.96062992125985
            ],
            [
              28.51574803149606,
              51.37007874015751
            ],
            [
              27.68897637795277,
              51.25196850393701
            ],
            [
              27.570866141732267,
              50.54330708661416
            ],
            [
              26.980314960629926,
              50.07086614173227
            ],
            [
              27.925196850393718,
              49.95275590551182
            ],
            [
              26.862204724409423,
              49.834645669291376
            ],
            [
              27.09842519685037,
              50.18897637795277
            ],
            [
              27.45275590551182,
              50.77952755905511
            ],
            [
              27.807086614173215,
              51.25196850393701
            ],
            [
              28.633858267716505,
              51.488188976377955
            ],
            [
              28.87007874015751,
              52.0787401574803
            ],
            [
              28.043307086614163,
              51.96062992125985
            ],
            [
              27.216535433070874,
              51.96062992125985
            ],
            [
              26.744094488188978,
              52.1968503937008
            ],
            [
              27.570866141732267,
              52.55118110236219
            ],
            [
              28.161417322834666,
              52.90551181102364
            ],
            [
              28.751968503937007,
              53.496062992125985
            ],
            [
              29.1062992125984,
              53.850393700787436
            ],
            [
              29.814960629921245,
              54.44094488188978
            ],
            [
              30.405511811023644,
              54.91338582677167
            ],
            [
              30.641732283464535,
              55.26771653543307
            ],
            [
              31.11417322834643,
              55.62204724409452
            ],
            [
              31.232283464566933,
              56.33070866141736
            ],
            [
              31.11417322834643,
              56.9212598425197
            ],
            [
              31.11417322834643,
              56.09448818897641
            ],
            [
              30.405511811023644,
              55.14960629921262
            ],
            [
              29.34251968503935,
              54.20472440944883
            ],
            [
              28.397637795275614,
              53.37795275590554
            ],
            [
              27.45275590551182,
              52.669291338582696
            ],
            [
              27.45275590551182,
              52.0787401574803
            ],
            [
              28.51574803149606,
              52.0787401574803
            ],
            [
              27.925196850393718,
              51.37007874015751
            ],
            [
              27.33464566929132,
              50.54330708661416
            ],
            [
              28.043307086614163,
              50.18897637795277
            ],
            [
              28.27952755905511,
              50.54330708661416
            ],
            [
              29.1062992125984,
              50.897637795275614
            ],
            [
              29.933070866141748,
              51.13385826771656
            ],
            [
              30.759842519685037,
              51.01574803149606
            ],
            [
              30.405511811023644,
              51.37007874015751
            ],
            [
              31.232283464566933,
              51.13385826771656
            ],
            [
              31.822834645669275,
              51.37007874015751
            ],
            [
              32.88582677165357,
              51.25196850393701
            ],
            [
              33.94881889763781,
              51.37007874015751
            ],
            [
              34.53937007874015,
              51.25196850393701
            ],
            [
              33.830708661417304,
              51.488188976377955
            ],
            [
              34.53937007874015,
              51.488188976377955
            ],
            [
              35.602362204724386,
              50.77952755905511
            ],
            [
              35.602362204724386,
              49.716535433070874
            ],
            [
              34.8937007874016,
              48.535433070866134
            ],
            [
              34.7755905511811,
              47.35433070866145
            ],
            [
              34.3031496062992,
              46.17322834645671
            ],
            [
              33.71259842519686,
              45.22834645669292
            ],
            [
              33.12204724409446,
              44.16535433070868
            ],
            [
              32.05905511811022,
              43.81102362204723
            ],
            [
              31.46850393700788,
              43.22047244094489
            ],
            [
              32.53149606299212,
              43.10236220472444
            ],
            [
              32.64960629921262,
              41.9212598425197
            ],
            [
              31.586614173228327,
              41.56692913385825
            ],
            [
              30.52362204724409,
              40.74015748031496
            ],
            [
              29.578740157480297,
              40.503937007874015
            ],
            [
              30.051181102362193,
              40.74015748031496
            ],
            [
              28.988188976377955,
              40.858267716535465
            ],
            [
              30.28740157480314,
              40.858267716535465
            ],
            [
              31.46850393700788,
              40.26771653543307
            ],
            [
              32.05905511811022,
              40.503937007874015
            ],
            [
              32.64960629921262,
              40.97637795275591
            ],
            [
              33.24015748031496,
              40.97637795275591
            ],
            [
              34.06692913385825,
              40.38582677165357
            ],
            [
              34.8937007874016,
              40.26771653543307
            ],
            [
              35.366141732283495,
              39.44094488188978
            ],
            [
              36.192913385826785,
              38.61417322834649
            ],
            [
              37.019685039370074,
              37.78740157480314
            ],
            [
              37.13779527559052,
              36.96062992125985
            ],
            [
              37.374015748031525,
              36.01574803149606
            ],
            [
              37.610236220472416,
              35.18897637795277
            ],
            [
              38.08267716535431,
              34.24409448818898
            ],
            [
              38.31889763779526,
              33.535433070866134
            ],
            [
              38.791338582677156,
              32.59055118110234
            ],
            [
              39.5,
              32.23622047244095
            ],
            [
              40.56299212598424,
              32.0
            ],
            [
              41.625984251968475,
              31.527559055118104
            ],
            [
              42.09842519685037,
              30.700787401574814
            ],
            [
              42.45275590551182,
              29.874015748031525
            ],
            [
              43.04330708661416,
              29.16535433070868
            ],
            [
              42.807086614173215,
              28.456692913385837
            ],
            [
              43.51574803149606,
              27.511811023622045
            ],
            [
              44.2244094488189,
              26.566929133858252
            ],
            [
              43.87007874015751,
              26.33070866141736
            ],
            [
              43.397637795275614,
              26.566929133858252
            ],
            [
              42.68897637795277,
              26.448818897637807
            ],
            [
              41.86220472440942,
              26.33070866141736
            ],
            [
              42.33464566929132,
              26.448818897637807
            ],
            [
              41.27165354330708,
              26.33070866141736
            ],
            [
              41.980314960629926,
              26.566929133858252
            ],
            [
              41.035433070866134,
              26.448818897637807
            ],
            [
              41.625984251968475,
              26.8031496062992
            ],
            [
              41.035433070866134,
              26.8031496062992
            ],
            [
              41.980314960629926,
              26.8031496062992
            ],
            [
              42.92519685039372,
              26.685039370078755
            ],
            [
              43.27952755905511,
              26.094488188976413
            ],
            [
              44.1062992125984,
              25.503937007874015
            ],
            [
              44.814960629921245,
              24.79527559055117
            ],
            [
              45.169291338582696,
              23.732283464566933
            ],
            [
              45.169291338582696,
              22.905511811023644
            ],
            [
              44.34251968503935,
              21.96062992125985
            ],
            [
              45.169291338582696,
              21.251968503937007
            ],
            [
              45.75984251968504,
              21.251968503937007
            ],
            [
              45.996062992125985,
              22.078740157480297
            ],
            [
              46.46850393700788,
              22.433070866141748
            ],
            [
              47.41338582677167,
              22.433070866141748
            ],
            [
              48.35826771653541,
              22.314960629921302
            ],
            [
              49.185039370078755,
              22.1968503937008
            ],
            [
              49.7755905511811,
              21.96062992125985
            ],
            [
              50.36614173228344,
              21.606299212598458
            ],
            [
              50.838582677165334,
              21.133858267716562
            ],
            [
              51.07480314960628,
              20.543307086614163
            ],
            [
              51.192913385826785,
              19.95275590551182
            ],
            [
              51.07480314960628,
              19.244094488188978
            ],
            [
              50.95669291338584,
              18.653543307086636
            ],
            [
              50.95669291338584,
              17.944881889763792
            ],
            [
              50.838582677165334,
              17.118110236220502
            ],
            [
              50.24803149606299,
              16.645669291338606
            ],
            [
              50.72047244094489,
              17.0
            ],
            [
              50.95669291338584,
              17.944881889763792
            ],
            [
              50.95669291338584,
              18.653543307086636
            ],
            [
              51.192913385826785,
              19.36220472440948
            ],
            [
              51.192913385826785,
              20.070866141732267
            ],
            [
              51.07480314960628,
              20.897637795275614
            ],
            [
              50.48425196850394,
              21.488188976377955
            ],
            [
              50.011811023622045,
              21.96062992125985
            ],
            [
              49.53937007874015,
              22.078740157480297
            ],
            [
              48.830708661417304,
              22.314960629921302
            ],
            [
              48.12204724409446,
              22.551181102362193
            ],
            [
              48.71259842519686,
              22.433070866141748
            ],
            [
              49.8937007874016,
              21.96062992125985
            ],
            [
              50.72047244094489,
              21.01574803149606
            ],
            [
              51.07480314960628,
              19.95275590551182
            ],
            [
              50.95669291338584,
              19.00787401574803
            ],
            [
              50.838582677165334,
              17.944881889763792
            ],
            [
              50.48425196850394,
              17.0
            ],
            [
              49.65748031496065,
              16.645669291338606
            ],
            [
              49.185039370078755,
              16.291338582677156
            ],
            [
              49.65748031496065,
              15.34645669291342
            ],
            [
              48.830708661417304,
              14.99212598425197
            ],
            [
              47.64960629921262,
              14.755905511811022
            ],
            [
              48.47637795275591,
              14.637795275590577
            ],
            [
              48.47637795275591,
              13.811023622047287
            ],
            [
              47.53149606299212,
              13.338582677165391
            ],
            [
              47.64960629921262,
              12.748031496062993
            ],
            [
              48.59448818897636,
              12.629921259842547
            ],
            [
              49.65748031496065,
              12.629921259842547
            ],
            [
              50.602362204724386,
              12.275590551181097
            ],
            [
              50.48425196850394,
              11.094488188976413
            ],
            [
              49.53937007874015,
              10.622047244094517
            ],
            [
              48.94881889763781,
              9.677165354330725
            ],
            [
              48.003937007874015,
              9.20472440944883
            ],
            [
              47.05905511811022,
              8.614173228346488
            ],
            [
              45.87795275590554,
              8.141732283464592
            ],
            [
              45.169291338582696,
              8.259842519685037
            ],
            [
              44.46062992125985,
              8.37795275590554
            ],
            [
              43.397637795275614,
              8.37795275590554
            ],
            [
              42.57086614173227,
              8.02362204724409
            ],
            [
              41.50787401574803,
              7.787401574803141
            ],
            [
              40.799212598425186,
              8.259842519685037
            ],
            [
              39.972440944881896,
              8.141732283464592
            ],
            [
              39.618110236220446,
              7.787401574803141
            ],
            [
              39.14566929133855,
              7.551181102362193
            ],
            [
              39.972440944881896,
              7.6692913385826955
            ],
            [
              39.618110236220446,
              7.551181102362193
            ],
            [
              38.67322834645671,
              7.4330708661417475
            ],
            [
              37.610236220472416,
              7.1968503937007995
            ],
            [
              37.49212598425197,
              6.842519685039406
            ],
            [
              37.019685039370074,
              6.133858267716562
            ],
            [
              37.374015748031525,
              6.842519685039406
            ],
            [
              37.610236220472416,
              7.1968503937007995
            ],
            [
              38.08267716535431,
              7.314960629921302
            ],
            [
              39.14566929133855,
              7.314960629921302
            ],
            [
              38.90944881889766,
              6.9606299212598515
            ],
            [
              39.26377952755905,
              6.842519685039406
            ],
            [
              39.73622047244095,
              6.488188976377955
            ],
            [
              40.44488188976379,
              6.606299212598458
            ],
            [
              40.56299212598424,
              7.4330708661417475
            ],
            [
              40.91732283464569,
              7.078740157480297
            ],
            [
              40.68110236220474,
              6.606299212598458
            ],
            [
              39.972440944881896,
              6.37007874015751
            ],
            [
              40.44488188976379,
              6.37007874015751
            ],
            [
              40.799212598425186,
              6.7244094488189035
            ],
            [
              41.035433070866134,
              7.1968503937007995
            ],
            [
              40.799212598425186,
              7.551181102362193
            ],
            [
              40.56299212598424,
              6.7244094488189035
            ],
            [
              39.972440944881896,
              6.606299212598458
            ],
            [
              39.618110236220446,
              6.7244094488189035
            ],
            [
              38.90944881889766,
              6.9606299212598515
            ],
            [
              38.43700787401576,
              7.314960629921302
            ],
            [
              38.90944881889766,
              7.4330708661417475
            ],
            [
              39.73622047244095,
              7.551181102362193
            ],
            [
              40.09055118110234,
              7.6692913385826955
            ],
            [
              39.381889763779554,
              7.551181102362193
            ],
            [
              39.73622047244095,
              7.9055118110236435
            ],
            [
              39.854330708661394,
              8.259842519685037
            ],
            [
              39.5,
              8.496062992125985
            ],
            [
              39.26377952755905,
              7.787401574803141
            ],
            [
              38.08267716535431,
              7.4330708661417475
            ],
            [
              37.13779527559052,
              7.4330708661417475
            ],
            [
              37.019685039370074,
              6.251968503937007
            ],
            [
              36.66535433070868,
              6.37007874015751
            ],
            [
              36.07480314960628,
              6.488188976377955
            ],
            [
              35.48425196850394,
              6.488188976377955
            ],
            [
              35.011811023622045,
              6.37007874015751
            ],
            [
              34.65748031496065,
              6.7244094488189035
            ],
            [
              34.3031496062992,
              6.9606299212598515
            ],
            [
              33.71259842519686,
              7.078740157480297
            ],
            [
              32.88582677165357,
              7.078740157480297
            ],
            [
              31.940944881889777,
              6.606299212598458
            ],
            [
              31.11417322834643,
              6.133858267716562
            ],
            [
              30.87795275590554,
              5.070866141732267
            ],
            [
              30.52362204724409,
              4.125984251968532
            ],
            [
              29.6968503937008,
              3.653543307086636
            ],
            [
              29.578740157480297,
              4.00787401574803
            ],
            [
              29.34251968503935,
              4.36220472440948
            ],
            [
              28.751968503937007,
              4.36220472440948
            ],
            [
              28.633858267716505,
              4.716535433070874
            ],
            [
              27.45275590551182,
              4.480314960629926
            ],
            [
              26.27165354330708,
              4.244094488188978
            ],
            [
              25.917322834645688,
              3.7716535433070817
            ],
            [
              25.09055118110234,
              3.417322834645688
            ],
            [
              24.736220472440948,
              2.5905511811023416
            ],
            [
              24.145669291338606,
              2.0
            ],
            [
              24.854330708661394,
              2.5905511811023416
            ],
            [
              24.736220472440948,
              3.0629921259842376
            ],
            [
              25.68110236220474,
              3.5354330708661337
            ],
            [
              25.917322834645688,
              4.00787401574803
            ],
            [
              26.862204724409423,
              4.244094488188978
            ],
            [
              28.043307086614163,
              4.36220472440948
            ],
            [
              28.397637795275614,
              4.598425196850371
            ],
            [
              27.925196850393718,
              4.598425196850371
            ],
            [
              26.980314960629926,
              4.480314960629926
            ],
            [
              25.917322834645688,
              4.36220472440948
            ],
            [
              25.208661417322844,
              3.5354330708661337
            ],
            [
              24.618110236220446,
              2.472440944881896
            ],
            [
              24.027559055118104,
              2.3543307086614504
            ],
            [
              23.67322834645671,
              2.708661417322844
            ],
            [
              23.437007874015762,
              3.0629921259842376
            ],
            [
              22.610236220472416,
              2.5905511811023416
            ],
            [
              22.13779527559052,
              2.472440944881896
            ],
            [
              22.019685039370074,
              2.944881889763792
            ],
            [
              22.019685039370074,
              3.417322834645688
            ],
            [
              22.49212598425197,
              3.653543307086636
            ],
            [
              23.555118110236208,
              3.7716535433070817
            ],
            [
              23.67322834645671,
              4.125984251968532
            ],
            [
              24.381889763779554,
              4.598425196850371
            ],
            [
              24.5,
              5.070866141732267
            ],
            [
              24.736220472440948,
              5.543307086614163
            ],
            [
              25.917322834645688,
              6.7244094488189035
            ],
            [
              26.389763779527584,
              7.078740157480297
            ],
            [
              26.744094488188978,
              7.4330708661417475
            ],
            [
              26.744094488188978,
              8.02362204724409
            ],
            [
              26.744094488188978,
              8.496062992125985
            ],
            [
              27.33464566929132,
              8.732283464566933
            ],
            [
              26.980314960629926,
              8.850393700787436
            ],
            [
              27.68897637795277,
              8.850393700787436
            ],
            [
              28.043307086614163,
              9.20472440944883
            ],
            [
              27.925196850393718,
              9.559055118110223
            ],
            [
              28.161417322834666,
              9.913385826771673
            ],
            [
              29.34251968503935,
              10.267716535433067
            ],
            [
              30.169291338582696,
              10.503937007874015
            ],
            [
              31.232283464566933,
              10.267716535433067
            ],
            [
              32.177165354330725,
              10.149606299212621
            ],
            [
              32.88582677165357,
              10.38582677165357
            ],
            [
              32.88582677165357,
              10.858267716535465
            ],
            [
              33.24015748031496,
              11.330708661417361
            ],
            [
              33.35826771653541,
              11.685039370078755
            ],
            [
              33.830708661417304,
              11.921259842519703
            ],
            [
              34.3031496062992,
              12.275590551181097
            ],
            [
              33.59448818897636,
              12.275590551181097
            ],
            [
              32.76771653543307,
              12.157480314960651
            ],
            [
              32.53149606299212,
              11.8031496062992
            ],
            [
              32.05905511811022,
              11.330708661417361
            ],
            [
              31.46850393700788,
              10.97637795275591
            ],
            [
              32.29527559055117,
              11.448818897637807
            ],
            [
              32.53149606299212,
              11.921259842519703
            ],
            [
              33.24015748031496,
              12.157480314960651
            ],
            [
              33.94881889763781,
              12.629921259842547
            ],
            [
              34.3031496062992,
              12.748031496062993
            ],
            [
              34.7755905511811,
              12.98425196850394
            ],
            [
              35.12992125984249,
              13.574803149606282
            ],
            [
              33.830708661417304,
              12.629921259842547
            ],
            [
              32.76771653543307,
              12.275590551181097
            ],
            [
              32.177165354330725,
              11.566929133858252
            ],
            [
              31.11417322834643,
              10.97637795275591
            ],
            [
              30.87795275590554,
              11.330708661417361
            ],
            [
              30.405511811023644,
              11.566929133858252
            ],
            [
              30.051181102362193,
              11.8031496062992
            ],
            [
              29.6968503937008,
              12.157480314960651
            ],
            [
              29.34251968503935,
              12.275590551181097
            ],
            [
              28.87007874015751,
              12.275590551181097
            ],
            [
              27.925196850393718,
              12.157480314960651
            ],
            [
              28.043307086614163,
              12.748031496062993
            ],
            [
              27.807086614173215,
              13.102362204724443
            ],
            [
              27.45275590551182,
              13.338582677165391
            ],
            [
              26.980314960629926,
              13.338582677165391
            ],
            [
              25.917322834645688,
              12.866141732283495
            ],
            [
              24.972440944881896,
              12.393700787401599
            ],
            [
              24.736220472440948,
              12.748031496062993
            ],
            [
              25.09055118110234,
              13.102362204724443
            ],
            [
              24.145669291338606,
              13.102362204724443
            ],
            [
              24.263779527559052,
              13.456692913385837
            ],
            [
              24.381889763779554,
              13.811023622047287
            ],
            [
              24.027559055118104,
              14.047244094488178
            ],
            [
              24.263779527559052,
              14.755905511811022
            ],
            [
              24.618110236220446,
              14.99212598425197
            ],
            [
              24.854330708661394,
              15.34645669291342
            ],
            [
              25.562992125984238,
              15.464566929133866
            ],
            [
              26.27165354330708,
              15.937007874015762
            ],
            [
              26.862204724409423,
              16.17322834645671
            ],
            [
              27.216535433070874,
              16.40944881889766
            ],
            [
              27.807086614173215,
              17.0
            ],
            [
              28.161417322834666,
              17.472440944881896
            ],
            [
              28.397637795275614,
              17.826771653543346
            ],
            [
              28.633858267716505,
              18.417322834645688
            ],
            [
              28.397637795275614,
              18.77165354330708
            ],
            [
              28.397637795275614,
              19.36220472440948
            ],
            [
              28.27952755905511,
              19.834645669291376
            ],
            [
              28.043307086614163,
              20.307086614173215
            ],
            [
              27.68897637795277,
              20.77952755905511
            ],
            [
              26.980314960629926,
              20.543307086614163
            ],
            [
              25.917322834645688,
              19.95275590551182
            ],
            [
              26.153543307086636,
              20.661417322834666
            ],
            [
              26.980314960629926,
              21.133858267716562
            ],
            [
              27.33464566929132,
              21.724409448818903
            ],
            [
              27.68897637795277,
              22.078740157480297
            ],
            [
              28.161417322834666,
              22.314960629921302
            ],
            [
              28.51574803149606,
              22.669291338582696
            ],
            [
              27.33464566929132,
              22.1968503937008
            ],
            [
              28.161417322834666,
              22.669291338582696
            ],
            [
              26.980314960629926,
              22.1968503937008
            ],
            [
              26.50787401574803,
              22.669291338582696
            ],
            [
              25.917322834645688,
              23.02362204724409
            ],
            [
              26.153543307086636,
              23.614173228346488
            ],
            [
              26.50787401574803,
              23.96850393700788
            ],
            [
              26.27165354330708,
              23.02362204724409
            ],
            [
              27.33464566929132,
              22.433070866141748
            ],
            [
              28.043307086614163,
              22.905511811023644
            ],
            [
              28.397637795275614,
              23.37795275590554
            ],
            [
              28.043307086614163,
              23.614173228346488
            ],
            [
              27.45275590551182,
              23.850393700787436
            ],
            [
              26.980314960629926,
              24.086614173228327
            ],
            [
              28.043307086614163,
              23.496062992125985
            ],
            [
              28.633858267716505,
              22.78740157480314
            ],
            [
              29.1062992125984,
              23.02362204724409
            ],
            [
              29.46062992125985,
              23.37795275590554
            ],
            [
              30.169291338582696,
              23.37795275590554
            ],
            [
              30.996062992125985,
              23.614173228346488
            ],
            [
              31.70472440944883,
              23.614173228346488
            ],
            [
              32.05905511811022,
              24.086614173228327
            ],
            [
              32.41338582677167,
              24.440944881889777
            ],
            [
              31.940944881889777,
              24.913385826771673
            ],
            [
              32.05905511811022,
              25.267716535433067
            ],
            [
              32.177165354330725,
              25.622047244094517
            ],
            [
              32.53149606299212,
              26.094488188976413
            ],
            [
              32.177165354330725,
              26.685039370078755
            ],
            [
              32.05905511811022,
              27.15748031496065
            ],
            [
              32.76771653543307,
              27.866141732283495
            ],
            [
              32.64960629921262,
              28.22047244094489
            ],
            [
              32.29527559055117,
              28.692913385826785
            ],
            [
              32.76771653543307,
              28.81102362204723
            ],
            [
              32.177165354330725,
              28.929133858267733
            ],
            [
              31.232283464566933,
              28.33858267716539
            ],
            [
              31.46850393700788,
              28.929133858267733
            ],
            [
              31.11417322834643,
              29.04724409448818
            ],
            [
              31.35039370078738,
              29.519685039370074
            ],
            [
              30.641732283464535,
              29.637795275590577
            ],
            [
              30.641732283464535,
              30.110236220472473
            ],
            [
              30.28740157480314,
              30.464566929133866
            ],
            [
              30.051181102362193,
              30.818897637795317
            ],
            [
              29.933070866141748,
              31.291338582677156
            ],
            [
              30.169291338582696,
              31.763779527559052
            ],
            [
              30.52362204724409,
              32.708661417322844
            ],
            [
              30.641732283464535,
              33.06299212598424
            ],
            [
              31.232283464566933,
              33.653543307086636
            ],
            [
              31.70472440944883,
              34.00787401574803
            ],
            [
              31.11417322834643,
              34.00787401574803
            ],
            [
              29.814960629921245,
              33.535433070866134
            ],
            [
              28.87007874015751,
              32.82677165354335
            ],
            [
              27.925196850393718,
              32.708661417322844
            ],
            [
              27.570866141732267,
              32.94488188976379
            ],
            [
              27.09842519685037,
              32.82677165354335
            ],
            [
              27.216535433070874,
              32.1181102362205
            ],
            [
              27.09842519685037,
              32.94488188976379
            ],
            [
              27.09842519685037,
              32.472440944881896
            ],
            [
              26.625984251968475,
              32.1181102362205
            ],
            [
              26.27165354330708,
              32.35433070866145
            ],
            [
              25.799212598425186,
              32.708661417322844
            ],
            [
              25.444881889763792,
              32.94488188976379
            ],
            [
              24.736220472440948,
              32.23622047244095
            ],
            [
              25.208661417322844,
              32.23622047244095
            ],
            [
              24.854330708661394,
              31.881889763779554
            ],
            [
              25.32677165354329,
              31.527559055118104
            ],
            [
              24.854330708661394,
              31.881889763779554
            ],
            [
              25.32677165354329,
              32.1181102362205
            ],
            [
              24.618110236220446,
              32.23622047244095
            ],
            [
              25.32677165354329,
              32.82677165354335
            ],
            [
              24.5,
              32.472440944881896
            ],
            [
              24.263779527559052,
              32.94488188976379
            ],
            [
              24.145669291338606,
              33.41732283464569
            ],
            [
              24.145669291338606,
              33.889763779527584
            ],
            [
              24.381889763779554,
              34.24409448818898
            ],
            [
              24.736220472440948,
              34.716535433070874
            ],
            [
              24.854330708661394,
              35.07086614173227
            ],
            [
              25.208661417322844,
              35.54330708661416
            ],
            [
              25.32677165354329,
              35.897637795275614
            ],
            [
              25.32677165354329,
              36.37007874015751
            ],
            [
              25.799212598425186,
              36.7244094488189
            ],
            [
              26.035433070866134,
              37.314960629921245
            ],
            [
              25.799212598425186,
              37.78740157480314
            ],
            [
              25.208661417322844,
              38.02362204724409
            ],
            [
              25.208661417322844,
              38.496062992125985
            ],
            [
              25.208661417322844,
              39.32283464566933
            ],
            [
              25.917322834645688,
              39.79527559055117
            ],
            [
              26.389763779527584,
              39.91338582677167
            ],
            [
              25.562992125984238,
              39.79527559055117
            ],
            [
              25.799212598425186,
              40.26771653543307
            ],
            [
              25.32677165354329,
              40.503937007874015
            ],
            [
              24.972440944881896,
              39.79527559055117
            ],
            [
              24.5,
              39.20472440944883
            ],
            [
              23.555118110236208,
              39.086614173228384
            ],
            [
              23.437007874015762,
              38.61417322834649
            ],
            [
              23.791338582677156,
              38.37795275590554
            ],
            [
              23.31889763779526,
              38.02362204724409
            ],
            [
              23.555118110236208,
              37.314960629921245
            ],
            [
              23.555118110236208,
              36.842519685039406
            ],
            [
              24.145669291338606,
              36.7244094488189
            ],
            [
              24.381889763779554,
              37.669291338582696
            ],
            [
              24.145669291338606,
              38.37795275590554
            ],
            [
              24.5,
              38.02362204724409
            ],
            [
              24.618110236220446,
              37.314960629921245
            ],
            [
              24.381889763779554,
              36.7244094488189
            ],
            [
              24.027559055118104,
              36.60629921259846
            ],
            [
              24.618110236220446,
              36.96062992125985
            ],
            [
              24.5,
              37.55118110236219
            ],
            [
              24.263779527559052,
              38.25984251968504
            ],
            [
              24.381889763779554,
              37.1968503937008
            ],
            [
              24.145669291338606,
              36.7244094488189
            ],
            [
              23.555118110236208,
              36.96062992125985
            ],
            [
              23.31889763779526,
              37.43307086614175
            ],
            [
              22.846456692913364,
              36.7244094488189
            ],
            [
              22.72834645669292,
              35.897637795275614
            ],
            [
              22.019685039370074,
              35.77952755905511
            ],
            [
              22.610236220472416,
              35.897637795275614
            ],
            [
              22.846456692913364,
              36.60629921259846
            ],
            [
              22.964566929133866,
              37.55118110236219
            ],
            [
              23.437007874015762,
              38.02362204724409
            ],
            [
              23.31889763779526,
              38.37795275590554
            ],
            [
              23.90944881889766,
              38.61417322834649
            ],
            [
              23.555118110236208,
              39.20472440944883
            ],
            [
              24.5,
              39.20472440944883
            ],
            [
              24.972440944881896,
              39.677165354330725
            ],
            [
              25.208661417322844,
              40.38582677165357
            ],
            [
              25.444881889763792,
              40.74015748031496
            ],
            [
              25.208661417322844,
              41.21259842519686
            ],
            [
              24.972440944881896,
              40.03149606299212
            ],
            [
              24.381889763779554,
              39.32283464566933
            ],
            [
              23.437007874015762,
              39.32283464566933
            ],
            [
              23.67322834645671,
              39.677165354330725
            ],
            [
              23.555118110236208,
              40.14960629921262
            ],
            [
              23.555118110236208,
              40.62204724409452
            ],
            [
              23.90944881889766,
              40.858267716535465
            ],
            [
              24.263779527559052,
              41.44881889763781
            ],
            [
              23.31889763779526,
              40.503937007874015
            ],
            [
              23.31889763779526,
              39.44094488188978
            ],
            [
              23.200787401574814,
              38.61417322834649
            ],
            [
              22.72834645669292,
              37.43307086614175
            ],
            [
              22.72834645669292,
              36.37007874015751
            ],
            [
              21.90157480314963,
              35.897637795275614
            ],
            [
              21.90157480314963,
              36.37007874015751
            ],
            [
              21.783464566929126,
              36.7244094488189
            ],
            [
              22.019685039370074,
              37.43307086614175
            ],
            [
              22.374015748031525,
              38.02362204724409
            ],
            [
              22.610236220472416,
              38.496062992125985
            ],
            [
              22.374015748031525,
              39.086614173228384
            ],
            [
              22.255905511811022,
              39.55905511811022
            ],
            [
              21.783464566929126,
              39.677165354330725
            ],
            [
              21.54724409448818,
              39.086614173228384
            ],
            [
              21.192913385826785,
              38.73228346456693
            ],
            [
              21.192913385826785,
              38.25984251968504
            ],
            [
              20.838582677165334,
              37.78740157480314
            ],
            [
              19.8937007874016,
              37.43307086614175
            ],
            [
              20.72047244094489,
              37.669291338582696
            ],
            [
              21.074803149606282,
              37.90551181102364
            ],
            [
              21.31102362204723,
              38.37795275590554
            ],
            [
              21.192913385826785,
              38.850393700787436
            ],
            [
              21.783464566929126,
              39.32283464566933
            ],
            [
              22.019685039370074,
              39.79527559055117
            ],
            [
              22.374015748031525,
              40.14960629921262
            ],
            [
              22.019685039370074,
              40.26771653543307
            ],
            [
              21.54724409448818,
              39.32283464566933
            ],
            [
              20.956692913385837,
              38.73228346456693
            ],
            [
              20.838582677165334,
              37.90551181102364
            ],
            [
              20.011811023622045,
              37.669291338582696
            ],
            [
              19.8937007874016,
              38.14173228346459
            ],
            [
              20.12992125984249,
              38.496062992125985
            ],
            [
              19.775590551181097,
              38.61417322834649
            ],
            [
              19.066929133858252,
              38.37795275590554
            ],
            [
              19.066929133858252,
              38.850393700787436
            ],
            [
              19.421259842519703,
              39.32283464566933
            ],
            [
              20.011811023622045,
              39.677165354330725
            ],
            [
              19.53937007874015,
              39.677165354330725
            ],
            [
              20.48425196850394,
              39.79527559055117
            ],
            [
              20.838582677165334,
              40.03149606299212
            ],
            [
              21.074803149606282,
              40.38582677165357
            ],
            [
              21.429133858267733,
              40.62204724409452
            ],
            [
              21.54724409448818,
              40.97637795275591
            ],
            [
              22.13779527559052,
              41.44881889763781
            ],
            [
              22.13779527559052,
              40.858267716535465
            ],
            [
              22.610236220472416,
              40.858267716535465
            ],
            [
              22.72834645669292,
              41.33070866141736
            ],
            [
              22.72834645669292,
              41.8031496062992
            ],
            [
              22.846456692913364,
              42.511811023622045
            ],
            [
              23.082677165354312,
              43.10236220472444
            ],
            [
              24.027559055118104,
              43.10236220472444
            ],
            [
              24.381889763779554,
              43.33858267716539
            ],
            [
              23.67322834645671,
              43.22047244094489
            ],
            [
              24.381889763779554,
              43.57480314960628
            ],
            [
              23.437007874015762,
              43.45669291338584
            ],
            [
              23.200787401574814,
              43.92913385826773
            ],
            [
              22.13779527559052,
              43.692913385826785
            ],
            [
              21.54724409448818,
              43.57480314960628
            ],
            [
              21.90157480314963,
              43.45669291338584
            ],
            [
              22.374015748031525,
              43.22047244094489
            ],
            [
              22.13779527559052,
              42.74803149606299
            ],
            [
              21.783464566929126,
              42.511811023622045
            ],
            [
              20.838582677165334,
              42.15748031496065
            ],
            [
              21.783464566929126,
              42.3937007874016
            ],
            [
              21.429133858267733,
              42.2755905511811
            ],
            [
              20.366141732283438,
              42.03937007874015
            ],
            [
              20.12992125984249,
              42.62992125984255
            ],
            [
              20.248031496062993,
              43.45669291338584
            ],
            [
              20.248031496062993,
              44.04724409448818
            ],
            [
              20.366141732283438,
              43.45669291338584
            ],
            [
              20.72047244094489,
              43.10236220472444
            ],
            [
              20.12992125984249,
              42.511811023622045
            ],
            [
              19.8937007874016,
              42.03937007874015
            ],
            [
              20.838582677165334,
              41.9212598425197
            ],
            [
              20.366141732283438,
              41.8031496062992
            ],
            [
              20.011811023622045,
              41.9212598425197
            ],
            [
              20.12992125984249,
              42.511811023622045
            ],
            [
              20.72047244094489,
              42.98425196850394
            ],
            [
              20.366141732283438,
              43.45669291338584
            ],
            [
              20.248031496062993,
              44.04724409448818
            ],
            [
              20.366141732283438,
              43.33858267716539
            ],
            [
              20.011811023622045,
              42.511811023622045
            ],
            [
              20.602362204724386,
              42.03937007874015
            ],
            [
              21.54724409448818,
              42.3937007874016
            ],
            [
              22.019685039370074,
              42.62992125984255
            ],
            [
              22.374015748031525,
              43.22047244094489
            ],
            [
              22.019685039370074,
              43.57480314960628
            ],
            [
              21.66535433070868,
              43.692913385826785
            ],
            [
              22.49212598425197,
              43.81102362204723
            ],
            [
              22.964566929133866,
              44.283464566929126
            ],
            [
              23.437007874015762,
              44.40157480314963
            ],
            [
              23.791338582677156,
              44.519685039370074
            ],
            [
              24.263779527559052,
              44.75590551181102
            ],
            [
              23.90944881889766,
              44.63779527559058
            ],
            [
              23.67322834645671,
              44.99212598425197
            ],
            [
              22.374015748031525,
              43.81102362204723
            ],
            [
              21.90157480314963,
              43.92913385826773
            ],
            [
              21.54724409448818,
              43.81102362204723
            ],
            [
              21.074803149606282,
              43.92913385826773
            ],
            [
              21.429133858267733,
              44.283464566929126
            ],
            [
              20.956692913385837,
              44.40157480314963
            ],
            [
              20.248031496062993,
              44.16535433070868
            ],
            [
              20.838582677165334,
              44.63779527559058
            ],
            [
              20.48425196850394,
              44.75590551181102
            ],
            [
              21.074803149606282,
              45.22834645669292
            ],
            [
              21.90157480314963,
              45.464566929133866
            ],
            [
              21.66535433070868,
              46.05511811023621
            ],
            [
              21.66535433070868,
              46.527559055118104
            ],
            [
              22.13779527559052,
              46.76377952755905
            ],
            [
              21.90157480314963,
              47.35433070866145
            ],
            [
              22.019685039370074,
              47.82677165354335
            ],
            [
              22.13779527559052,
              48.41732283464569
            ],
            [
              21.429133858267733,
              48.653543307086636
            ],
            [
              21.074803149606282,
              49.36220472440948
            ],
            [
              20.838582677165334,
              50.18897637795277
            ],
            [
              20.48425196850394,
              50.77952755905511
            ],
            [
              20.011811023622045,
              51.25196850393701
            ],
            [
              20.48425196850394,
              50.661417322834666
            ],
            [
              20.838582677165334,
              49.480314960629926
            ],
            [
              21.90157480314963,
              48.299212598425186
            ],
            [
              22.374015748031525,
              47.472440944881896
            ],
            [
              22.49212598425197,
              47.82677165354335
            ],
            [
              22.846456692913364,
              48.18110236220474
            ],
            [
              22.72834645669292,
              48.535433070866134
            ],
            [
              22.846456692913364,
              49.12598425196853
            ],
            [
              21.90157480314963,
              49.24409448818898
            ],
            [
              21.783464566929126,
              49.716535433070874
            ],
            [
              21.90157480314963,
              50.18897637795277
            ],
            [
              22.019685039370074,
              50.897637795275614
            ],
            [
              21.783464566929126,
              51.7244094488189
            ],
            [
              21.90157480314963,
              52.0787401574803
            ],
            [
              22.49212598425197,
              52.314960629921245
            ],
            [
              23.082677165354312,
              52.314960629921245
            ],
            [
              24.027559055118104,
              52.669291338582696
            ],
            [
              23.31889763779526,
              53.14173228346459
            ],
            [
              23.082677165354312,
              53.496062992125985
            ],
            [
              23.67322834645671,
              53.73228346456693
            ],
            [
              23.31889763779526,
              54.44094488188978
            ],
            [
              24.145669291338606,
              54.79527559055117
            ],
            [
              24.145669291338606,
              55.26771653543307
            ],
            [
              24.381889763779554,
              55.62204724409452
            ],
            [
              24.263779527559052,
              55.97637795275591
            ],
            [
              24.381889763779554,
              56.44881889763781
            ],
            [
              24.5,
              56.8031496062992
            ],
            [
              24.972440944881896,
              57.03937007874015
            ],
            [
              25.917322834645688,
              56.685039370078755
            ],
            [
              26.744094488188978,
              56.56692913385825
            ],
            [
              27.807086614173215,
              56.9212598425197
            ],
            [
              28.751968503937007,
              56.9212598425197
            ],
            [
              29.1062992125984,
              57.15748031496065
            ],
            [
              30.169291338582696,
              57.15748031496065
            ],
            [
              30.52362204724409,
              57.3937007874016
            ],
            [
              30.051181102362193,
              57.3937007874016
            ]
          ],
          [
            [
              20.48425196850394,
              56.33070866141736
            ],
            [
              20.72047244094489,
              54.44094488188978
            ],
            [
              20.12992125984249,
              54.086614173228384
            ],
            [
              19.53937007874015,
              53.73228346456693
            ],
            [
              20.011811023622045,
              53.496062992125985
            ],
            [
              20.011811023622045,
              53.02362204724409
            ],
            [
              18.71259842519686,
              53.25984251968504
            ],
            [
              18.594488188976356,
              52.78740157480314
            ],
            [
              19.421259842519703,
              52.55118110236219
            ],
            [
              18.948818897637807,
              52.43307086614175
            ],
            [
              18.71259842519686,
              52.0787401574803
            ],
            [
              18.47637795275591,
              51.60629921259846
            ],
            [
              17.413385826771673,
              51.60629921259846
            ],
            [
              17.64960629921262,
              52.1968503937008
            ],
            [
              17.29527559055117,
              53.02362204724409
            ],
            [
              17.177165354330725,
              53.96850393700788
            ],
            [
              17.767716535433067,
              54.79527559055117
            ],
            [
              18.12204724409446,
              54.20472440944883
            ],
            [
              18.47637795275591,
              54.79527559055117
            ],
            [
              19.185039370078755,
              55.503937007874015
            ],
            [
              20.12992125984249,
              56.09448818897641
            ],
            [
              19.8937007874016,
              55.74015748031496
            ],
            [
              19.53937007874015,
              55.503937007874015
            ],
            [
              18.830708661417304,
              55.26771653543307
            ],
            [
              18.71259842519686,
              54.55905511811022
            ],
            [
              18.35826771653541,
              54.086614173228384
            ],
            [
              18.71259842519686,
              54.677165354330725
            ],
            [
              18.594488188976356,
              55.14960629921262
            ],
            [
              18.948818897637807,
              55.38582677165357
            ],
            [
              19.65748031496065,
              55.503937007874015
            ],
            [
              20.12992125984249,
              55.97637795275591
            ],
            [
              19.185039370078755,
              55.503937007874015
            ],
            [
              18.35826771653541,
              54.91338582677167
            ],
            [
              18.12204724409446,
              54.20472440944883
            ],
            [
              17.64960629921262,
              54.44094488188978
            ],
            [
              17.29527559055117,
              53.73228346456693
            ],
            [
              17.53149606299212,
              53.14173228346459
            ],
            [
              17.767716535433067,
              52.78740157480314
            ],
            [
              17.88582677165357,
              52.314960629921245
            ],
            [
              17.29527559055117,
              51.96062992125985
            ],
            [
              17.767716535433067,
              51.25196850393701
            ],
            [
              17.413385826771673,
              51.488188976377955
            ],
            [
              17.64960629921262,
              52.0787401574803
            ],
            [
              18.003937007874015,
              52.669291338582696
            ],
            [
              17.413385826771673,
              52.78740157480314
            ],
            [
              17.53149606299212,
              53.37795275590554
            ],
            [
              17.29527559055117,
              53.96850393700788
            ],
            [
              17.767716535433067,
              54.55905511811022
            ],
            [
              17.29527559055117,
              54.322834645669275
            ],
            [
              17.413385826771673,
              53.25984251968504
            ],
            [
              17.53149606299212,
              52.1968503937008
            ],
            [
              17.88582677165357,
              51.37007874015751
            ],
            [
              18.35826771653541,
              51.60629921259846
            ],
            [
              18.948818897637807,
              52.0787401574803
            ],
            [
              18.830708661417304,
              52.43307086614175
            ],
            [
              19.066929133858252,
              52.78740157480314
            ],
            [
              18.594488188976356,
              53.02362204724409
            ],
            [
              18.830708661417304,
              53.37795275590554
            ],
            [
              19.8937007874016,
              52.90551181102364
            ],
            [
              20.011811023622045,
              53.25984251968504
            ],
            [
              19.65748031496065,
              53.73228346456693
            ],
            [
              20.011811023622045,
              53.96850393700788
            ],
            [
              20.72047244094489,
              54.20472440944883
            ],
            [
              20.366141732283438,
              54.55905511811022
            ],
            [
              20.602362204724386,
              55.03149606299212
            ],
            [
              20.48425196850394,
              55.38582677165357
            ],
            [
              20.838582677165334,
              55.858267716535465
            ],
            [
              20.838582677165334,
              56.33070866141736
            ],
            [
              20.48425196850394,
              56.44881889763781
            ]
          ],
          [
            [
              16.586614173228327,
              51.01574803149606
            ],
            [
              17.059055118110223,
              51.13385826771656
            ],
            [
              16.46850393700788,
              51.01574803149606
            ],
            [
              16.11417322834643,
              50.77952755905511
            ],
            [
              16.46850393700788,
              50.897637795275614
            ],
            [
              15.87795275590554,
              50.661417322834666
            ],
            [
              16.70472440944883,
              50.307086614173215
            ],
            [
              16.232283464566933,
              50.18897637795277
            ],
            [
              17.177165354330725,
              50.07086614173227
            ],
            [
              17.29527559055117,
              50.897637795275614
            ],
            [
              17.64960629921262,
              50.42519685039372
            ],
            [
              17.059055118110223,
              49.95275590551182
            ],
            [
              16.232283464566933,
              49.834645669291376
            ],
            [
              17.29527559055117,
              49.834645669291376
            ],
            [
              17.059055118110223,
              49.480314960629926
            ],
            [
              16.11417322834643,
              49.59842519685043
            ],
            [
              16.35039370078738,
              49.24409448818898
            ],
            [
              16.940944881889777,
              49.36220472440948
            ],
            [
              16.46850393700788,
              49.12598425196853
            ],
            [
              17.059055118110223,
              48.77165354330708
            ],
            [
              16.940944881889777,
              48.18110236220474
            ],
            [
              17.059055118110223,
              47.82677165354335
            ],
            [
              16.586614173228327,
              47.35433070866145
            ],
            [
              15.996062992125985,
              48.41732283464569
            ],
            [
              16.232283464566933,
              47.708661417322844
            ],
            [
              16.11417322834643,
              47.23622047244095
            ],
            [
              16.70472440944883,
              47.1181102362205
            ],
            [
              15.759842519685037,
              46.881889763779554
            ],
            [
              16.35039370078738,
              46.881889763779554
            ],
            [
              16.46850393700788,
              46.527559055118104
            ],
            [
              15.759842519685037,
              46.40944881889766
            ],
            [
              16.232283464566933,
              46.291338582677156
            ],
            [
              15.87795275590554,
              46.05511811023621
            ],
            [
              15.759842519685037,
              46.40944881889766
            ],
            [
              16.35039370078738,
              46.645669291338606
            ],
            [
              15.759842519685037,
              46.881889763779554
            ],
            [
              16.822834645669275,
              47.23622047244095
            ],
            [
              16.232283464566933,
              47.35433070866145
            ],
            [
              16.11417322834643,
              48.18110236220474
            ],
            [
              16.11417322834643,
              49.00787401574803
            ],
            [
              15.996062992125985,
              47.82677165354335
            ],
            [
              16.822834645669275,
              47.472440944881896
            ],
            [
              17.059055118110223,
              47.94488188976379
            ],
            [
              16.940944881889777,
              48.41732283464569
            ],
            [
              16.940944881889777,
              49.12598425196853
            ],
            [
              17.177165354330725,
              49.480314960629926
            ],
            [
              16.232283464566933,
              49.24409448818898
            ],
            [
              16.11417322834643,
              49.59842519685043
            ],
            [
              16.940944881889777,
              49.480314960629926
            ],
            [
              17.29527559055117,
              49.834645669291376
            ],
            [
              16.232283464566933,
              49.834645669291376
            ],
            [
              16.822834645669275,
              49.95275590551182
            ],
            [
              17.53149606299212,
              50.18897637795277
            ],
            [
              17.53149606299212,
              50.897637795275614
            ],
            [
              17.059055118110223,
              50.07086614173227
            ],
            [
              16.46850393700788,
              50.07086614173227
            ],
            [
              15.759842519685037,
              50.42519685039372
            ],
            [
              15.996062992125985,
              50.77952755905511
            ],
            [
              16.70472440944883,
              51.01574803149606
            ],
            [
              17.059055118110223,
              51.13385826771656
            ],
            [
              16.586614173228327,
              51.13385826771656
            ]
          ],
          [
            [
              20.011811023622045,
              47.23622047244095
            ],
            [
              20.248031496062993,
              46.76377952755905
            ],
            [
              20.72047244094489,
              46.527559055118104
            ],
            [
              19.53937007874015,
              46.76377952755905
            ],
            [
              20.011811023622045,
              46.291338582677156
            ],
            [
              21.074803149606282,
              46.527559055118104
            ],
            [
              20.72047244094489,
              45.93700787401576
            ],
            [
              20.248031496062993,
              46.05511811023621
            ],
            [
              20.48425196850394,
              45.700787401574814
            ],
            [
              20.248031496062993,
              46.291338582677156
            ],
            [
              21.074803149606282,
              46.17322834645671
            ],
            [
              20.602362204724386,
              46.40944881889766
            ],
            [
              19.65748031496065,
              46.40944881889766
            ],
            [
              19.65748031496065,
              47.0
            ],
            [
              20.366141732283438,
              46.527559055118104
            ],
            [
              20.248031496062993,
              47.1181102362205
            ],
            [
              19.775590551181097,
              47.1181102362205
            ]
          ],
          [
            [
              19.066929133858252,
              44.75590551181102
            ],
            [
              18.594488188976356,
              44.40157480314963
            ],
            [
              18.47637795275591,
              44.04724409448818
            ],
            [
              17.53149606299212,
              43.692913385826785
            ],
            [
              18.594488188976356,
              43.92913385826773
            ],
            [
              19.53937007874015,
              44.519685039370074
            ],
            [
              18.71259842519686,
              43.81102362204723
            ],
            [
              18.240157480314963,
              43.22047244094489
            ],
            [
              17.53149606299212,
              43.33858267716539
            ],
            [
              18.003937007874015,
              42.866141732283495
            ],
            [
              17.64960629921262,
              42.98425196850394
            ],
            [
              17.413385826771673,
              43.33858267716539
            ],
            [
              17.767716535433067,
              43.10236220472444
            ],
            [
              18.35826771653541,
              43.45669291338584
            ],
            [
              18.71259842519686,
              43.81102362204723
            ],
            [
              19.53937007874015,
              44.16535433070868
            ],
            [
              19.775590551181097,
              44.75590551181102
            ],
            [
              18.830708661417304,
              43.92913385826773
            ],
            [
              17.767716535433067,
              43.692913385826785
            ],
            [
              18.47637795275591,
              44.04724409448818
            ],
            [
              18.594488188976356,
              44.40157480314963
            ],
            [
              19.066929133858252,
              44.75590551181102
            ]
          ],
          [
            [
              20.48425196850394,
              41.33070866141736
            ],
            [
              20.838582677165334,
              41.44881889763781
            ],
            [
              20.12992125984249,
              41.09448818897641
            ],
            [
              20.011811023622045,
              40.62204724409452
            ],
            [
              20.602362204724386,
              40.74015748031496
            ],
            [
              20.956692913385837,
              40.97637795275591
            ],
            [
              20.248031496062993,
              40.38582677165357
            ],
            [
              20.602362204724386,
              40.62204724409452
            ],
            [
              20.72047244094489,
              41.21259842519686
            ],
            [
              20.248031496062993,
              40.503937007874015
            ],
            [
              20.248031496062993,
              41.09448818897641
            ],
            [
              20.838582677165334,
              41.44881889763781
            ]
          ],
          [
            [
              19.066929133858252,
              35.54330708661416
            ],
            [
              20.248031496062993,
              35.661417322834666
            ],
            [
              19.3031496062992,
              35.54330708661416
            ],
            [
              18.35826771653541,
              35.42519685039372
            ],
            [
              17.64960629921262,
              35.42519685039372
            ],
            [
              18.47637795275591,
              35.307086614173215
            ],
            [
              18.948818897637807,
              35.42519685039372
            ],
            [
              17.88582677165357,
              35.307086614173215
            ],
            [
              17.53149606299212,
              34.834645669291376
            ],
            [
              16.70472440944883,
              34.36220472440948
            ],
            [
              16.232283464566933,
              34.24409448818898
            ],
            [
              15.87795275590554,
              34.00787401574803
            ],
            [
              15.759842519685037,
              33.653543307086636
            ],
            [
              15.287401574803141,
              32.82677165354335
            ],
            [
              14.6968503937008,
              32.472440944881896
            ],
            [
              13.870078740157453,
              32.472440944881896
            ],
            [
              14.578740157480297,
              32.35433070866145
            ],
            [
              15.051181102362193,
              32.472440944881896
            ],
            [
              14.6968503937008,
              32.35433070866145
            ],
            [
              13.751968503937007,
              32.23622047244095
            ],
            [
              13.870078740157453,
              31.763779527559052
            ],
            [
              13.988188976377955,
              31.40944881889766
            ],
            [
              13.633858267716505,
              31.291338582677156
            ],
            [
              13.043307086614163,
              30.937007874015762
            ],
            [
              14.106299212598401,
              31.17322834645671
            ],
            [
              13.51574803149606,
              31.17322834645671
            ],
            [
              12.925196850393718,
              30.700787401574814
            ],
            [
              13.161417322834666,
              30.22834645669292
            ],
            [
              13.633858267716505,
              29.874015748031525
            ],
            [
              13.751968503937007,
              29.40157480314963
            ],
            [
              13.988188976377955,
              29.04724409448818
            ],
            [
              14.460629921259851,
              28.929133858267733
            ],
            [
              14.933070866141748,
              28.692913385826785
            ],
            [
              15.759842519685037,
              28.574803149606282
            ],
            [
              16.46850393700788,
              28.929133858267733
            ],
            [
              16.822834645669275,
              29.874015748031525
            ],
            [
              17.29527559055117,
              30.110236220472473
            ],
            [
              16.940944881889777,
              29.519685039370074
            ],
            [
              16.822834645669275,
              29.04724409448818
            ],
            [
              16.46850393700788,
              28.692913385826785
            ],
            [
              15.52362204724409,
              28.33858267716539
            ],
            [
              16.46850393700788,
              28.574803149606282
            ],
            [
              16.822834645669275,
              29.04724409448818
            ],
            [
              16.940944881889777,
              29.519685039370074
            ],
            [
              17.53149606299212,
              30.110236220472473
            ],
            [
              17.767716535433067,
              29.637795275590577
            ],
            [
              18.003937007874015,
              29.283464566929126
            ],
            [
              18.240157480314963,
              28.81102362204723
            ],
            [
              18.594488188976356,
              28.574803149606282
            ],
            [
              18.71259842519686,
              28.102362204724443
            ],
            [
              19.421259842519703,
              28.102362204724443
            ],
            [
              20.011811023622045,
              28.22047244094489
            ],
            [
              19.066929133858252,
              27.866141732283495
            ],
            [
              20.011811023622045,
              28.22047244094489
            ],
            [
              20.48425196850394,
              28.102362204724443
            ],
            [
              21.31102362204723,
              28.22047244094489
            ],
            [
              21.90157480314963,
              29.283464566929126
            ],
            [
              22.72834645669292,
              29.755905511811022
            ],
            [
              22.374015748031525,
              30.937007874015762
            ],
            [
              22.846456692913364,
              31.645669291338606
            ],
            [
              22.019685039370074,
              32.59055118110234
            ],
            [
              21.31102362204723,
              33.653543307086636
            ],
            [
              20.956692913385837,
              34.834645669291376
            ],
            [
              20.838582677165334,
              35.42519685039372
            ],
            [
              21.074803149606282,
              34.59842519685043
            ],
            [
              21.429133858267733,
              33.77165354330708
            ],
            [
              22.019685039370074,
              33.18110236220474
            ],
            [
              22.255905511811022,
              32.59055118110234
            ],
            [
              21.783464566929126,
              32.23622047244095
            ],
            [
              21.192913385826785,
              31.881889763779554
            ],
            [
              22.255905511811022,
              32.0
            ],
            [
              22.846456692913364,
              31.763779527559052
            ],
            [
              23.200787401574814,
              31.17322834645671
            ],
            [
              22.49212598425197,
              30.582677165354312
            ],
            [
              22.846456692913364,
              29.755905511811022
            ],
            [
              22.374015748031525,
              29.16535433070868
            ],
            [
              21.783464566929126,
              28.929133858267733
            ],
            [
              21.54724409448818,
              28.22047244094489
            ],
            [
              21.783464566929126,
              29.04724409448818
            ],
            [
              22.72834645669292,
              29.283464566929126
            ],
            [
              22.72834645669292,
              30.110236220472473
            ],
            [
              22.846456692913364,
              30.582677165354312
            ],
            [
              23.200787401574814,
              30.937007874015762
            ],
            [
              22.964566929133866,
              31.645669291338606
            ],
            [
              22.72834645669292,
              32.0
            ],
            [
              22.13779527559052,
              31.881889763779554
            ],
            [
              21.429133858267733,
              31.645669291338606
            ],
            [
              21.783464566929126,
              32.1181102362205
            ],
            [
              22.13779527559052,
              32.59055118110234
            ],
            [
              22.019685039370074,
              33.18110236220474
            ],
            [
              21.54724409448818,
              33.535433070866134
            ],
            [
              21.31102362204723,
              34.12598425196853
            ],
            [
              21.074803149606282,
              34.834645669291376
            ],
            [
              20.838582677165334,
              35.42519685039372
            ],
            [
              20.838582677165334,
              34.95275590551182
            ],
            [
              21.074803149606282,
              34.12598425196853
            ],
            [
              21.90157480314963,
              33.06299212598424
            ],
            [
              22.374015748031525,
              32.1181102362205
            ],
            [
              23.082677165354312,
              31.055118110236208
            ],
            [
              22.610236220472416,
              30.937007874015762
            ],
            [
              22.374015748031525,
              30.464566929133866
            ],
            [
              22.374015748031525,
              29.283464566929126
            ],
            [
              21.54724409448818,
              28.81102362204723
            ],
            [
              20.838582677165334,
              27.98425196850394
            ],
            [
              20.248031496062993,
              28.22047244094489
            ],
            [
              19.3031496062992,
              27.98425196850394
            ],
            [
              18.594488188976356,
              28.102362204724443
            ],
            [
              18.594488188976356,
              28.574803149606282
            ],
            [
              18.12204724409446,
              28.929133858267733
            ],
            [
              17.88582677165357,
              29.283464566929126
            ],
            [
              17.767716535433067,
              29.755905511811022
            ],
            [
              17.53149606299212,
              30.110236220472473
            ],
            [
              17.059055118110223,
              30.22834645669292
            ],
            [
              16.70472440944883,
              29.04724409448818
            ],
            [
              15.641732283464592,
              28.456692913385837
            ],
            [
              14.933070866141748,
              28.574803149606282
            ],
            [
              14.814960629921245,
              28.929133858267733
            ],
            [
              14.106299212598401,
              29.04724409448818
            ],
            [
              13.751968503937007,
              29.40157480314963
            ],
            [
              13.633858267716505,
              29.874015748031525
            ],
            [
              13.279527559055111,
              30.22834645669292
            ],
            [
              12.807086614173215,
              30.582677165354312
            ],
            [
              13.279527559055111,
              31.17322834645671
            ],
            [
              14.106299212598401,
              31.40944881889766
            ],
            [
              13.988188976377955,
              31.881889763779554
            ],
            [
              13.870078740157453,
              32.23622047244095
            ],
            [
              14.106299212598401,
              32.59055118110234
            ],
            [
              15.169291338582696,
              32.59055118110234
            ],
            [
              15.405511811023644,
              33.06299212598424
            ],
            [
              15.641732283464592,
              33.535433070866134
            ],
            [
              15.87795275590554,
              34.00787401574803
            ],
            [
              16.586614173228327,
              34.24409448818898
            ],
            [
              17.413385826771673,
              34.36220472440948
            ],
            [
              16.586614173228327,
              34.24409448818898
            ],
            [
              17.29527559055117,
              34.59842519685043
            ],
            [
              17.64960629921262,
              35.18897637795277
            ],
            [
              18.003937007874015,
              35.42519685039372
            ],
            [
              19.066929133858252,
              35.54330708661416
            ],
            [
              20.366141732283438,
              35.54330708661416
            ],
            [
              19.775590551181097,
              35.661417322834666
            ],
            [
              19.066929133858252,
              35.661417322834666
            ]
          ],
          [
            [
              27.09842519685037,
              30.464566929133866
            ],
            [
              25.562992125984238,
              28.456692913385837
            ],
            [
              26.153543307086636,
              29.637795275590577
            ],
            [
              26.744094488188978,
              30.110236220472473
            ],
            [
              26.27165354330708,
              29.40157480314963
            ],
            [
              25.917322834645688,
              28.81102362204723
            ],
            [
              25.444881889763792,
              28.22047244094489
            ],
            [
              26.035433070866134,
              27.98425196850394
            ],
            [
              26.625984251968475,
              28.22047244094489
            ],
            [
              26.153543307086636,
              27.98425196850394
            ],
            [
              25.562992125984238,
              28.102362204724443
            ],
            [
              25.799212598425186,
              28.692913385826785
            ],
            [
              26.27165354330708,
              29.283464566929126
            ],
            [
              26.50787401574803,
              29.99212598425197
            ],
            [
              25.562992125984238,
              28.692913385826785
            ],
            [
              26.27165354330708,
              28.22047244094489
            ],
            [
              27.09842519685037,
              28.692913385826785
            ],
            [
              27.570866141732267,
              29.04724409448818
            ],
            [
              27.68897637795277,
              29.519685039370074
            ],
            [
              27.45275590551182,
              29.99212598425197
            ],
            [
              27.33464566929132,
              30.34645669291342
            ]
          ]
        ]
      }
    }
  ]
}