{
  "type": "FeatureCollection",
  "crs": {
    "type": "name",
    "properties": {
      "name": "urn:ogc:def:crs:OGC:1.3:CRS84"
    }
  },
  "features": [
    {
      "type": "Feature",
      "properties": {
        "timestamp": "2026-05-26T19:15:45.920530",
        "country_name": "United States Virgin Islands",
        "author": "Tain",
        "author_id": "9992629b-3288-4cf9-b63d-f8eac5a5bec1",
        "validated": false,
        "ranking": [
          [
            "Falkland Islands",
            0.2166023701429367
          ],
          [
            "Svalbard",
            0.11191205680370331
          ],
          [
            "Guinea-Bissau",
            0.07072975486516953
          ],
          [
            "Greece",
            0.05838030204176903
          ],
          [
            "Papua New Guinea",
            0.05708255618810654
          ],
          [
            "Bangladesh",
            0.05106326937675476
          ],
          [
            "Russia",
            0.027305077761411667
          ],
          [
            "Hong Kong",
            0.026825129985809326
          ],
          [
            "Canada",
            0.022732911631464958
          ],
          [
            "Croatia",
            0.017323734238743782
          ],
          [
            "Mozambique",
            0.012814315035939217
          ],
          [
            "Kyrgyzstan",
            0.012022492475807667
          ],
          [
            "Switzerland",
            0.011062633246183395
          ],
          [
            "Tajikistan",
            0.010580994188785553
          ],
          [
            "India",
            0.009699726477265358
          ],
          [
            "Ukraine",
            0.008659922517836094
          ],
          [
            "Fiji",
            0.008091481402516365
          ],
          [
            "Somalia",
            0.008078666403889656
          ],
          [
            "Panama",
            0.00756274675950408
          ],
          [
            "South Georgia Islands",
            0.007558045908808708
          ],
          [
            "Indonesia",
            0.007287255022674799
          ],
          [
            "Honduras",
            0.006651873234659433
          ],
          [
            "Estonia",
            0.006509256549179554
          ],
          [
            "Burkina Faso",
            0.005701087415218353
          ],
          [
            "Iceland",
            0.005575398448854685
          ],
          [
            "Slovakia",
            0.0052350955083966255
          ],
          [
            "Guadeloupe",
            0.004911561030894518
          ],
          [
            "Turkmenistan",
            0.00490194046869874
          ],
          [
            "Thailand",
            0.004518826026469469
          ],
          [
            "France",
            0.004390561021864414
          ],
          [
            "Netherlands",
            0.004336124751716852
          ],
          [
            "Spain",
            0.00418074568733573
          ],
          [
            "Denmark",
            0.004176218528300524
          ],
          [
            "Uzbekistan",
            0.004132007248699665
          ],
          [
            "Turkey",
            0.0040954588912427425
          ],
          [
            "Italy",
            0.003917683381587267
          ],
          [
            "Philippines",
            0.0037262847181409597
          ],
          [
            "Montenegro",
            0.00368878454901278
          ],
          [
            "Latvia",
            0.0036731979344040155
          ],
          [
            "Kazakhstan",
            0.0034777538385242224
          ],
          [
            "New Caledonia",
            0.003380940994247794
          ],
          [
            "South Korea",
            0.0032653464004397392
          ],
          [
            "China",
            0.0030488783959299326
          ],
          [
            "Cuba",
            0.0028987859841436148
          ],
          [
            "Faroe Islands",
            0.0027924554888159037
          ],
          [
            "Greenland",
            0.00277118431404233
          ],
          [
            "Burundi",
            0.0027165119536221027
          ],
          [
            "Dominican Republic",
            0.0027065149042755365
          ],
          [
            "Belgium",
            0.0025563796516507864
          ],
          [
            "Central African Republic",
            0.0025135420728474855
          ],
          [
            "Peru",
            0.002388194901868701
          ],
          [
            "Georgia",
            0.0023777366150170565
          ],
          [
            "Gabon",
            0.002311091870069504
          ],
          [
            "El Salvador",
            0.002296551363542676
          ],
          [
            "Jamaica",
            0.002270808909088373
          ],
          [
            "Guinea",
            0.0022324330639094114
          ],
          [
            "Senegal",
            0.0021594029385596514
          ],
          [
            "Myanmar",
            0.0020930247846990824
          ],
          [
            "Costa Rica",
            0.0020780880004167557
          ],
          [
            "Mexico",
            0.0020554647780954838
          ],
          [
            "Kuwait",
            0.0020045554265379906
          ],
          [
            "Syria",
            0.0019693225622177124
          ],
          [
            "Ireland",
            0.0019631569739431143
          ],
          [
            "Jordan",
            0.001959121087566018
          ],
          [
            "Mongolia",
            0.0019150195876136422
          ],
          [
            "Laos",
            0.0019068516558036208
          ],
          [
            "Brunei",
            0.0018950968515127897
          ],
          [
            "Congo",
            0.001753918593749404
          ],
          [
            "Mayotte",
            0.001740531879477203
          ],
          [
            "Czech Republic",
            0.0017012603348121047
          ],
          [
            "Armenia",
            0.001693038153462112
          ],
          [
            "Venezuela",
            0.0016862606862559915
          ],
          [
            "Cyprus",
            0.0016825917409732938
          ],
          [
            "Benin",
            0.001653516199439764
          ],
          [
            "Bhutan",
            0.0016313339583575726
          ],
          [
            "Guyana",
            0.0016234684735536575
          ],
          [
            "Yemen",
            0.0016056903405115008
          ],
          [
            "Australia",
            0.0015541170723736286
          ],
          [
            "Timor-Leste",
            0.0015145123470574617
          ],
          [
            "Serbia",
            0.0015122925397008657
          ],
          [
            "United Kingdom",
            0.0014876204077154398
          ],
          [
            "Romania",
            0.0014431937597692013
          ],
          [
            "North Korea",
            0.001436347607523203
          ],
          [
            "Turks and Caicos Islands",
            0.0014249742962419987
          ],
          [
            "Rwanda",
            0.00139874336309731
          ],
          [
            "United States of America",
            0.0012802020646631718
          ],
          [
            "Djibouti",
            0.0012800628319382668
          ],
          [
            "Moldova",
            0.001267988351173699
          ],
          [
            "Puerto Rico",
            0.0012628256808966398
          ],
          [
            "Guam",
            0.0011901904363185167
          ],
          [
            "Azerbaijan",
            0.001169895869679749
          ],
          [
            "Sweden",
            0.0011376149486750364
          ],
          [
            "Saudi Arabia",
            0.0011239497689530253
          ],
          [
            "Lithuania",
            0.0011183577589690685
          ],
          [
            "Afghanistan",
            0.001070438651368022
          ],
          [
            "Slovenia",
            0.001061677117832005
          ],
          [
            "Tunisia",
            0.0010607762960717082
          ],
          [
            "Eritrea",
            0.0010590902529656887
          ],
          [
            "Nepal",
            0.0010458255419507623
          ],
          [
            "Heard and McDonald Islands",
            0.0010413330746814609
          ],
          [
            "Norway",
            0.0010306587209925056
          ],
          [
            "Gambia",
            0.0009874235838651657
          ],
          [
            "Namibia",
            0.0009616971365176141
          ],
          [
            "South Africa",
            0.0009529271628707647
          ],
          [
            "Bahamas",
            0.0009340326650999486
          ],
          [
            "Iran",
            0.0009123870404437184
          ],
          [
            "Bulgaria",
            0.0008915066136978567
          ],
          [
            "Brazil",
            0.0008897976949810982
          ],
          [
            "Malawi",
            0.0008884189883247018
          ],
          [
            "Argentina",
            0.0008034146158024669
          ],
          [
            "Belize",
            0.0007833618437871337
          ],
          [
            "Germany",
            0.000781059789005667
          ],
          [
            "Western Sahara",
            0.0007596485665999353
          ],
          [
            "Angola",
            0.0007440950139425695
          ],
          [
            "Haiti",
            0.0007433205610141158
          ],
          [
            "Malaysia",
            0.000718832656275481
          ],
          [
            "Colombia",
            0.000712674343958497
          ],
          [
            "Belarus",
            0.0006855473620817065
          ],
          [
            "New Zealand",
            0.0006597184692509472
          ],
          [
            "South Sudan",
            0.0006492414977401495
          ],
          [
            "Ecuador",
            0.0006376927485689521
          ],
          [
            "Vietnam",
            0.0006242765812203288
          ],
          [
            "Nigeria",
            0.0006166599923744798
          ],
          [
            "North Macedonia",
            0.0006023566820658743
          ],
          [
            "Mali",
            0.0005814515170641243
          ],
          [
            "Portugal",
            0.0005229195230640471
          ],
          [
            "Togo",
            0.0005186244961805642
          ],
          [
            "Hungary",
            0.0005120019777677953
          ],
          [
            "Zambia",
            0.00048545413301326334
          ],
          [
            "Japan",
            0.0004775888519361615
          ],
          [
            "Finland",
            0.00046765877050347626
          ],
          [
            "Solomon Islands",
            0.0004482922377064824
          ],
          [
            "Austria",
            0.0004480785282794386
          ],
          [
            "Sri Lanka",
            0.00044222435099072754
          ],
          [
            "Albania",
            0.0004338678845670074
          ],
          [
            "Mauritania",
            0.00040183967212215066
          ],
          [
            "Ethiopia",
            0.0004014841979369521
          ],
          [
            "Iraq",
            0.00039943106821738183
          ],
          [
            "Kiribati",
            0.0003950524842366576
          ],
          [
            "Samoa",
            0.00039097238914109766
          ],
          [
            "Taiwan",
            0.00038985765422694385
          ],
          [
            "Madeira Islands",
            0.0003845154424197972
          ],
          [
            "Lebanon",
            0.0003695226041600108
          ],
          [
            "Qatar",
            0.00036509911296889186
          ],
          [
            "Lesotho",
            0.00036251640995033085
          ],
          [
            "Cambodia",
            0.00034395631519146264
          ],
          [
            "Vanuatu",
            0.0003422874433454126
          ],
          [
            "Israel",
            0.0003356119559612125
          ],
          [
            "Bolivia",
            0.000327969464706257
          ],
          [
            "Algeria",
            0.00031848278013058007
          ],
          [
            "Kenya",
            0.00029090646421536803
          ],
          [
            "Uganda",
            0.00028973640291951597
          ],
          [
            "DR Congo",
            0.00027655225130729377
          ],
          [
            "Martinique",
            0.0002763365919236094
          ],
          [
            "Nicaragua",
            0.0002697885793168098
          ],
          [
            "Bosnia & Herzegovina",
            0.0002637128927744925
          ],
          [
            "Niger",
            0.0002632967662066221
          ],
          [
            "Libya",
            0.00026101418188773096
          ],
          [
            "United Arab Emirates",
            0.00025527141406200826
          ],
          [
            "Liberia",
            0.000253939360845834
          ],
          [
            "French Guiana",
            0.00025288615142926574
          ],
          [
            "Guatemala",
            0.0002453479391988367
          ],
          [
            "Saint Lucia",
            0.00024296686751767993
          ],
          [
            "Egypt",
            0.00022767709742765874
          ],
          [
            "Paraguay",
            0.00022025592625141144
          ],
          [
            "Sudan",
            0.00021386613661888987
          ],
          [
            "Chad",
            0.00020771675917785615
          ],
          [
            "Oman",
            0.00020366418175399303
          ],
          [
            "Eswatini",
            0.00018926682241726667
          ],
          [
            "Bahrain",
            0.00018780397658701986
          ],
          [
            "Ghana",
            0.00018706715491134673
          ],
          [
            "Cape Verde",
            0.00018696585902944207
          ],
          [
            "Madagascar",
            0.00018454319797456264
          ],
          [
            "Cameroon",
            0.0001844960352173075
          ],
          [
            "Dominica",
            0.0001806899526854977
          ],
          [
            "Suriname",
            0.00017788827244658023
          ],
          [
            "Netherlands Antilles",
            0.00017090192704927176
          ],
          [
            "Isle of Man",
            0.00017020026280079037
          ],
          [
            "Botswana",
            0.00016976386541500688
          ],
          [
            "Luxembourg",
            0.000168586106155999
          ],
          [
            "Sierra Leone",
            0.00016807561041787267
          ],
          [
            "Trinidad and Tobago",
            0.00016483888612128794
          ],
          [
            "Côte d'Ivoire",
            0.00015838135732337832
          ],
          [
            "Reunion",
            0.0001556067873025313
          ],
          [
            "Pakistan",
            0.0001520709047326818
          ],
          [
            "Morocco",
            0.00014529371401295066
          ],
          [
            "West Bank",
            0.00013691739877685905
          ],
          [
            "Uruguay",
            0.00013314603711478412
          ],
          [
            "Comoros",
            0.00011512526543810964
          ],
          [
            "Tanzania",
            0.00011070600885432214
          ],
          [
            "Zimbabwe",
            0.00010546227713348344
          ],
          [
            "Chile",
            9.776426304597408e-05
          ],
          [
            "Poland",
            8.779927884461358e-05
          ],
          [
            "Equatorial Guinea",
            8.505384175805375e-05
          ],
          [
            "Barbados",
            8.344582602148876e-05
          ],
          [
            "Antigua & Barbuda",
            7.495502359233797e-05
          ],
          [
            "Palau",
            5.5501728638773784e-05
          ],
          [
            "Sao Tome and Principe",
            2.4740280423429795e-05
          ],
          [
            "United States Virgin Islands",
            1.9041457562707365e-05
          ]
        ]
      },
      "geometry": {
        "type": "MultiLineString",
        "coordinates": [
          [
            [
              38.132190942472505,
              45.7331701346389
            ],
            [
              38.132190942472505,
              45.7331701346389
            ],
            [
              37.875152998776,
              44.48470012239903
            ],
            [
              37.91187270501837,
              42.9424724602203
            ],
            [
              38.38922888616895,
              40.996328029375775
            ],
            [
              39.12362301101592,
              38.94002447980415
            ],
            [
              39.711138310893546,
              36.58996328029377
            ],
            [
              40.1150550795594,
              34.01958384332926
            ],
            [
              40.37209302325584,
              31.302325581395337
            ],
            [
              40.44553243574052,
              28.62178702570378
            ],
            [
              40.44553243574052,
              26.235006119951038
            ],
            [
              40.44553243574052,
              24.252141982864146
            ],
            [
              40.44553243574052,
              22.489596083231334
            ],
            [
              40.40881272949821,
              20.984088127294967
            ],
            [
              40.40881272949821,
              19.698898408812738
            ],
            [
              40.40881272949821,
              18.52386780905755
            ],
            [
              40.40881272949821,
              17.422276621787034
            ],
            [
              40.48225214198288,
              16.394124847001194
            ],
            [
              40.665850673194655,
              15.36597307221541
            ],
            [
              40.812729498164,
              14.447980416156668
            ],
            [
              40.959608323133466,
              13.713586291309639
            ],
            [
              41.03304773561814,
              13.015911872705033
            ],
            [
              41.069767441860506,
              12.465116279069775
            ],
            [
              41.069767441860506,
              12.024479804161558
            ],
            [
              41.069767441860506,
              11.730722154222747
            ],
            [
              41.069767441860506,
              11.4736842105263
            ],
            [
              41.069767441860506,
              11.14320685434518
            ],
            [
              41.069767441860506,
              10.849449204406369
            ],
            [
              41.069767441860506,
              10.555691554467558
            ],
            [
              41.21664626682991,
              10.335373317013477
            ],
            [
              41.32680538555695,
              10.11505507955934
            ],
            [
              41.32680538555695,
              10.629130966952289
            ],
            [
              41.32680538555695,
              10.996328029375775
            ],
            [
              41.32680538555695,
              11.4736842105263
            ],
            [
              41.32680538555695,
              11.951040391676884
            ],
            [
              41.32680538555695,
              12.42839657282741
            ],
            [
              41.32680538555695,
              12.942472460220301
            ],
            [
              41.32680538555695,
              13.493268053855559
            ],
            [
              41.32680538555695,
              14.080783353733182
            ],
            [
              41.25336597307222,
              14.815177478580154
            ],
            [
              40.996328029375775,
              15.549571603427182
            ],
            [
              40.73929008567933,
              16.283965728274154
            ],
            [
              40.48225214198288,
              16.908200734394143
            ],
            [
              40.2619339045288,
              17.532435740514074
            ],
            [
              40.07833537331703,
              18.230110159118738
            ],
            [
              39.89473684210526,
              19.111383108935115
            ],
            [
              39.821297429620586,
              20.066095471236224
            ],
            [
              39.747858017135854,
              20.910648714810293
            ],
            [
              39.67441860465118,
              21.68176254589963
            ],
            [
              39.527539779681774,
              22.489596083231334
            ],
            [
              39.4541003671971,
              23.297429620563037
            ],
            [
              39.417380660954734,
              24.141982864137105
            ],
            [
              39.417380660954734,
              24.986536107711117
            ],
            [
              39.417380660954734,
              25.831089351285186
            ],
            [
              39.4541003671971,
              26.602203182374524
            ],
            [
              39.527539779681774,
              27.410036719706227
            ],
            [
              39.527539779681774,
              28.181150550795564
            ],
            [
              39.56425948592414,
              28.988984088127268
            ],
            [
              39.56425948592414,
              29.870257037943702
            ],
            [
              39.56425948592414,
              30.71481028151777
            ],
            [
              39.56425948592414,
              31.559363525091783
            ],
            [
              39.56425948592414,
              32.477356181150526
            ],
            [
              39.56425948592414,
              33.395348837209326
            ],
            [
              39.56425948592414,
              34.386780905752744
            ],
            [
              39.56425948592414,
              35.30477356181149
            ],
            [
              39.527539779681774,
              36.18604651162792
            ],
            [
              39.4541003671971,
              37.0673194614443
            ],
            [
              39.34394124847006,
              37.91187270501837
            ],
            [
              39.197062423500654,
              38.60954712362303
            ],
            [
              39.05018359853125,
              39.30722154222764
            ],
            [
              38.97674418604652,
              39.968176254589935
            ],
            [
              38.86658506731948,
              40.51897184822519
            ],
            [
              38.7931456548348,
              41.03304773561814
            ],
            [
              38.71970624235007,
              41.51040391676867
            ],
            [
              38.682986536107705,
              41.98776009791919
            ],
            [
              38.682986536107705,
              42.465116279069775
            ],
            [
              38.682986536107705,
              42.86903304773563
            ],
            [
              38.682986536107705,
              43.23623011015911
            ],
            [
              38.7931456548348,
              43.56670746634029
            ],
            [
              38.86658506731948,
              43.823745410036736
            ],
            [
              38.94002447980415,
              44.11750305997555
            ],
            [
              38.94002447980415,
              44.37454100367199
            ],
            [
              38.94002447980415,
              44.63157894736844
            ],
            [
              38.90330477356184,
              44.85189718482252
            ]
          ],
          [
            [
              23.66462668298658,
              45.51285189718482
            ],
            [
              23.444308445532442,
              44.5214198286414
            ],
            [
              23.15055079559363,
              43.01591187270503
            ],
            [
              22.966952264381916,
              41.216646266829855
            ],
            [
              22.82007343941251,
              39.38066095471237
            ],
            [
              22.74663402692778,
              37.287637698898436
            ],
            [
              22.59975520195843,
              35.15789473684208
            ],
            [
              22.342717258261928,
              33.321909424724595
            ],
            [
              21.975520195838442,
              31.59608323133415
            ],
            [
              21.388004895960876,
              29.906976744186068
            ],
            [
              20.873929008567927,
              28.181150550795564
            ],
            [
              20.433292533659767,
              26.235006119951038
            ],
            [
              20.066095471236224,
              24.178702570379414
            ],
            [
              19.77233782129747,
              22.159118727050213
            ],
            [
              19.698898408812738,
              20.176254589963264
            ],
            [
              19.698898408812738,
              18.230110159118738
            ],
            [
              19.809057527539778,
              16.541003671970657
            ],
            [
              20.249694002447995,
              14.96205630354956
            ],
            [
              20.72705018359852,
              13.603427172582599
            ],
            [
              21.35128518971851,
              12.354957160342735
            ],
            [
              21.975520195838442,
              11.290085679314586
            ],
            [
              22.489596083231334,
              10.298653610771112
            ],
            [
              22.966952264381916,
              9.380660954712368
            ],
            [
              23.334149326805402,
              8.499388004895991
            ],
            [
              23.517747858017174,
              7.838433292533637
            ],
            [
              23.627906976744214,
              7.324357405140745
            ],
            [
              23.627906976744214,
              6.920440636474893
            ],
            [
              23.627906976744214,
              6.6634026927784475
            ],
            [
              23.627906976744214,
              7.324357405140745
            ],
            [
              23.627906976744214,
              8.352509179926585
            ],
            [
              23.627906976744214,
              9.747858017135854
            ],
            [
              23.481028151774808,
              11.620563035495707
            ],
            [
              23.297429620563037,
              13.603427172582599
            ],
            [
              23.223990208078362,
              15.512851897184817
            ],
            [
              23.187270501835997,
              17.716034271725846
            ],
            [
              23.187270501835997,
              20.176254589963264
            ],
            [
              23.407588739290077,
              22.599755201958374
            ],
            [
              23.77478580171362,
              25.28029375764993
            ],
            [
              24.141982864137105,
              28.144430844553256
            ],
            [
              24.39902080783355,
              31.008567931456525
            ],
            [
              24.50917992656059,
              34.09302325581393
            ],
            [
              24.582619339045323,
              37.36107711138311
            ],
            [
              24.582619339045323,
              40.22521419828644
            ],
            [
              24.582619339045323,
              42.86903304773563
            ],
            [
              24.582619339045323,
              45.0722154222766
            ],
            [
              24.582619339045323,
              46.72460220318237
            ],
            [
              24.582619339045323,
              48.08323133414933
            ],
            [
              24.582619339045323,
              49.111383108935115
            ],
            [
              24.656058751529997,
              49.88249694002445
            ],
            [
              24.72949816401473,
              50.43329253365971
            ],
            [
              24.72949816401473,
              50.80048959608325
            ],
            [
              24.692778457772363,
              51.02080783353733
            ],
            [
              24.39902080783355,
              50.72705018359852
            ],
            [
              24.21542227662178,
              50.43329253365971
            ],
            [
              24.031823745410065,
              50.176254589963264
            ],
            [
              23.88494492044066,
              49.88249694002445
            ],
            [
              23.66462668298658,
              49.51529987760097
            ],
            [
              23.444308445532442,
              49.44186046511629
            ],
            [
              23.223990208078362,
              49.40514075887393
            ],
            [
              22.893512851897185,
              49.14810281517748
            ],
            [
              22.41615667074666,
              48.74418604651163
            ],
            [
              21.57160342717259,
              48.0097919216646
            ],
            [
              20.61689106487148,
              47.05507955936355
            ],
            [
              19.515299877601024,
              45.953488372093034
            ],
            [
              18.340269277845778,
              44.66829865361075
            ],
            [
              17.018359853121183,
              43.12607099143207
            ],
            [
              15.733170134638954,
              41.400244798041626
            ],
            [
              14.337821297429628,
              39.56425948592414
            ],
            [
              12.942472460220358,
              37.434516523867785
            ],
            [
              11.657282741738072,
              35.26805385556918
            ],
            [
              10.518971848225249,
              32.991432068543475
            ],
            [
              9.527539779681774,
              30.494492044063634
            ],
            [
              8.793145654834802,
              28.181150550795564
            ],
            [
              8.499388004895991,
              26.051407588739266
            ],
            [
              8.42594859241126,
              24.39902080783355
            ],
            [
              8.38922888616895,
              23.223990208078362
            ],
            [
              8.38922888616895,
              22.5263157894737
            ],
            [
              8.38922888616895,
              22.195838433292522
            ],
            [
              8.38922888616895,
              22.122399020807848
            ],
            [
              8.20563035495718,
              21.90208078335371
            ],
            [
              8.09547123623014,
              21.68176254589963
            ],
            [
              7.985312117503099,
              21.424724602203185
            ],
            [
              7.8384332925336935,
              21.16768665850674
            ],
            [
              7.728274173806653,
              20.910648714810293
            ]
          ],
          [
            [
              39.49082007343941,
              44.044063647490816
            ],
            [
              39.67441860465118,
              43.529987760097924
            ],
            [
              40.041615667074666,
              42.97919216646267
            ],
            [
              40.48225214198288,
              42.281517747858004
            ],
            [
              40.959608323133466,
              41.51040391676867
            ],
            [
              41.36352509179926,
              40.812729498164
            ],
            [
              41.80416156670748,
              40.07833537331703
            ],
            [
              42.244798041615695,
              39.27050183598533
            ],
            [
              42.72215422276622,
              38.462668298653625
            ],
            [
              43.23623011015911,
              37.54467564259488
            ],
            [
              43.78702570379437,
              36.55324357405141
            ],
            [
              44.41126070991436,
              35.48837209302326
            ],
            [
              45.072215422276656,
              34.31334149326807
            ],
            [
              45.843329253365994,
              33.13831089351288
            ],
            [
              46.57772337821302,
              31.963280293757634
            ],
            [
              47.385556915544726,
              30.678090575275405
            ],
            [
              48.19339045287643,
              29.503059975520216
            ],
            [
              48.891064871481035,
              28.364749082007336
            ],
            [
              49.55201958384333,
              27.336597307221552
            ],
            [
              50.17625458996332,
              26.41860465116281
            ],
            [
              50.76376988984089,
              25.64749082007347
            ],
            [
              51.27784577723378,
              24.876376988984077
            ],
            [
              51.828641370869036,
              24.10526315789474
            ],
            [
              52.26927784577725,
              23.407588739290077
            ],
            [
              52.63647490820074,
              22.85679314565482
            ],
            [
              52.93023255813955,
              22.379436964504293
            ],
            [
              53.22399020807836,
              21.938800489596076
            ],
            [
              53.517747858017174,
              21.49816401468786
            ],
            [
              53.77478580171362,
              21.0575275397797
            ],
            [
              53.9951040391677,
              20.61689106487148
            ],
            [
              54.21542227662178,
              20.249694002447995
            ],
            [
              54.362301101591186,
              19.955936352509184
            ],
            [
              54.50917992656059,
              19.735618115055104
            ],
            [
              54.69277845777236,
              19.515299877600967
            ],
            [
              54.91309669522644,
              19.184822521419846
            ],
            [
              55.13341493268058,
              18.891064871481035
            ],
            [
              55.28029375764993,
              18.707466340269264
            ]
          ],
          [
            [
              55.390452876377026,
              19.478580171358658
            ],
            [
              54.32558139534888,
              19.331701346389252
            ],
            [
              53.848225214198294,
              19.331701346389252
            ],
            [
              53.15055079559363,
              19.331701346389252
            ],
            [
              52.19583843329258,
              19.294981640146887
            ],
            [
              50.80048959608325,
              19.221542227662155
            ],
            [
              49.25826193390458,
              19.07466340269275
            ],
            [
              47.716034271725846,
              18.9277845777234
            ],
            [
              46.32068543451652,
              18.891064871481035
            ],
            [
              44.962056303549616,
              18.891064871481035
            ],
            [
              43.823745410036736,
              18.891064871481035
            ],
            [
              42.72215422276622,
              18.891064871481035
            ],
            [
              41.65728274173807,
              18.891064871481035
            ],
            [
              40.776009791921695,
              18.891064871481035
            ],
            [
              40.041615667074666,
              18.891064871481035
            ],
            [
              39.4541003671971,
              18.891064871481035
            ],
            [
              39.01346389228888,
              18.891064871481035
            ],
            [
              38.71970624235007,
              18.891064871481035
            ]
          ],
          [
            [
              8.242350061199545,
              21.608323133414956
            ],
            [
              9.013463892288883,
              21.90208078335371
            ],
            [
              9.270501835985328,
              21.975520195838442
            ],
            [
              9.600979192166506,
              22.159118727050213
            ],
            [
              10.115055079559397,
              22.41615667074666
            ],
            [
              10.776009791921695,
              22.63647490820074
            ],
            [
              11.547123623011032,
              22.783353733170145
            ],
            [
              12.465116279069775,
              22.85679314565482
            ],
            [
              13.529987760097924,
              22.85679314565482
            ],
            [
              14.741738066095479,
              22.783353733170145
            ],
            [
              16.026927784577765,
              22.489596083231334
            ],
            [
              17.422276621787034,
              22.159118727050213
            ],
            [
              18.85434516523867,
              21.8653610771114
            ],
            [
              20.10281517747859,
              21.608323133414956
            ],
            [
              21.27784577723378,
              21.424724602203185
            ],
            [
              22.232558139534888,
              21.241126070991413
            ],
            [
              23.260709914320728,
              20.9473684210526
            ],
            [
              24.141982864137105,
              20.543451652386807
            ],
            [
              24.72949816401473,
              20.249694002447995
            ],
            [
              24.913096695226443,
              20.10281517747859
            ]
          ],
          [
            [
              41.179926560587546,
              19.14810281517748
            ],
            [
              40.40881272949821,
              18.74418604651163
            ],
            [
              40.041615667074666,
              18.9277845777234
            ],
            [
              39.67441860465118,
              19.184822521419846
            ],
            [
              39.34394124847006,
              19.478580171358658
            ],
            [
              39.01346389228888,
              19.91921664626682
            ],
            [
              38.49938800489599,
              20.543451652386807
            ],
            [
              37.91187270501837,
              21.27784577723378
            ],
            [
              37.214198286413705,
              22.012239902080807
            ],
            [
              36.5165238678091,
              22.783353733170145
            ],
            [
              35.598531211750355,
              23.481028151774808
            ],
            [
              34.75397796817629,
              24.10526315789474
            ],
            [
              33.79926560587518,
              24.692778457772363
            ],
            [
              32.9179926560588,
              25.243574051407563
            ],
            [
              32.036719706242366,
              25.831089351285186
            ],
            [
              31.265605875153028,
              26.41860465116281
            ],
            [
              30.457772337821325,
              27.079559363525107
            ],
            [
              29.686658506731987,
              27.630354957160364
            ],
            [
              28.84210526315792,
              28.181150550795564
            ],
            [
              27.960832313341484,
              28.878824969400227
            ],
            [
              27.116279069767472,
              29.613219094247256
            ],
            [
              26.30844553243577,
              30.494492044063634
            ],
            [
              25.4638922888617,
              31.37576499388007
            ],
            [
              24.692778457772363,
              32.146878824969406
            ],
            [
              23.88494492044066,
              32.991432068543475
            ],
            [
              23.003671970624282,
              33.94614443084458
            ],
            [
              22.159118727050213,
              34.937576499388
            ],
            [
              21.16768665850674,
              35.929008567931476
            ],
            [
              20.28641370869036,
              36.84700122399022
            ],
            [
              19.331701346389252,
              37.7282741738066
            ],
            [
              18.340269277845778,
              38.64626682986534
            ],
            [
              17.422276621787034,
              39.49082007343941
            ],
            [
              16.430844553243617,
              40.261933904528746
            ],
            [
              15.549571603427182,
              40.996328029375775
            ],
            [
              14.594859241126073,
              41.76744186046511
            ],
            [
              13.78702570379437,
              42.50183598531214
            ],
            [
              12.942472460220358,
              43.23623011015911
            ],
            [
              12.134638922888655,
              43.933904528763776
            ],
            [
              11.36352509179926,
              44.55813953488371
            ],
            [
              10.776009791921695,
              45.0722154222766
            ],
            [
              10.115055079559397,
              45.47613219094245
            ],
            [
              9.600979192166506,
              45.80660954712363
            ],
            [
              9.160342717258288,
              46.10036719706244
            ],
            [
              8.646266829865397,
              46.39412484700125
            ],
            [
              8.168910648714814,
              46.687882496940006
            ],
            [
              7.691554467564288,
              47.01835985312118
            ],
            [
              7.2509179926560705,
              47.23867809057526
            ],
            [
              6.810281517747853,
              47.49571603427171
            ],
            [
              6.406364749082002,
              47.78947368421052
            ],
            [
              6.039167686658516,
              48.19339045287637
            ],
            [
              5.56181150550799,
              48.63402692778459
            ],
            [
              5.1211750305997725,
              49.074663402692806
            ],
            [
              4.680538555691555,
              49.51529987760097
            ],
            [
              4.239902080783395,
              49.88249694002445
            ],
            [
              3.8359853121175433,
              50.21297429620563
            ],
            [
              3.542227662178732,
              50.3965728274174
            ],
            [
              3.1015911872705146,
              50.50673194614444
            ],
            [
              2.6609547123622974,
              50.580171358629116
            ],
            [
              2.4039167686658516,
              50.72705018359852
            ],
            [
              2.1468788249694057,
              50.91064871481029
            ],
            [
              2.0367197062423656,
              51.13096695226437
            ],
            [
              2.0367197062423656,
              51.46144430844555
            ],
            [
              2.0367197062423656,
              51.828641370869036
            ],
            [
              2.0,
              52.23255813953489
            ],
            [
              2.0,
              52.599755201958374
            ],
            [
              2.0,
              52.93023255813955
            ]
          ],
          [
            [
              26.19828641370873,
              20.470012239902076
            ],
            [
              25.794369645042877,
              20.763769889840887
            ],
            [
              26.088127294981632,
              20.763769889840887
            ],
            [
              26.49204406364754,
              20.984088127294967
            ],
            [
              27.04283965728274,
              21.424724602203185
            ],
            [
              27.66707466340273,
              22.048959608323116
            ],
            [
              28.4014687882497,
              22.820073439412454
            ],
            [
              29.17258261933904,
              23.664626682986523
            ],
            [
              30.09057527539784,
              24.545899632802957
            ],
            [
              31.155446756425988,
              25.243574051407563
            ],
            [
              32.36719706242354,
              25.904528763769918
            ],
            [
              33.7258261933905,
              26.565483476132215
            ],
            [
              35.08445532435741,
              27.226438188494512
            ],
            [
              36.62668298653614,
              27.99755201958385
            ],
            [
              38.27906976744191,
              28.878824969400227
            ],
            [
              39.85801713586295,
              29.906976744186068
            ],
            [
              41.36352509179926,
              31.008567931456525
            ],
            [
              43.089351285189764,
              32.146878824969406
            ],
            [
              44.81517747858021,
              33.28518971848223
            ],
            [
              46.6511627906977,
              34.496940024479784
            ],
            [
              48.450428396572875,
              35.70869033047734
            ],
            [
              50.28641370869036,
              36.883720930232585
            ],
            [
              52.08567931456548,
              38.058751529987774
            ],
            [
              53.848225214198294,
              39.16034271725829
            ],
            [
              55.427172582619335,
              40.11505507955934
            ],
            [
              56.859241126071026,
              41.106487148102815
            ],
            [
              58.18115055079562,
              42.061199510403924
            ],
            [
              59.319461444308445,
              42.90575275397799
            ],
            [
              60.31089351285192,
              43.640146878824964
            ],
            [
              61.44920440636474,
              44.22766217870259
            ],
            [
              62.0,
              44.778457772337845
            ],
            [
              62.0,
              45.0722154222766
            ]
          ],
          [
            [
              28.328029375765027,
              21.0575275397797
            ],
            [
              27.850673194614444,
              20.470012239902076
            ],
            [
              27.593635250918,
              19.99265605875155
            ],
            [
              27.189718482252147,
              19.698898408812738
            ],
            [
              26.71236230110162,
              19.478580171358658
            ],
            [
              26.161566707466363,
              19.294981640146887
            ],
            [
              25.684210526315837,
              19.184822521419846
            ],
            [
              25.427172582619335,
              19.14810281517748
            ]
          ],
          [
            [
              25.684210526315837,
              19.845777233782144
            ],
            [
              25.977968176254592,
              20.83720930232556
            ],
            [
              26.71236230110162,
              21.755201958384305
            ],
            [
              27.850673194614444,
              22.63647490820074
            ],
            [
              29.17258261933904,
              23.444308445532442
            ],
            [
              29.796817625459028,
              23.81150550795593
            ]
          ],
          [
            [
              26.161566707466363,
              20.50673194614444
            ],
            [
              27.116279069767472,
              21.534883720930225
            ],
            [
              28.4014687882497,
              22.673194614443105
            ],
            [
              29.796817625459028,
              23.848225214198294
            ],
            [
              30.49449204406369,
              24.39902080783355
            ]
          ],
          [
            [
              26.60220318237458,
              20.249694002447995
            ],
            [
              27.04283965728274,
              20.580171358629116
            ],
            [
              28.18115055079562,
              21.0575275397797
            ],
            [
              29.613219094247256,
              21.8653610771114
            ],
            [
              31.228886168910662,
              23.04039167686659
            ],
            [
              32.9179926560588,
              24.362301101591186
            ],
            [
              33.83598531211754,
              25.023255813953483
            ]
          ],
          [
            [
              30.751529987760136,
              54.32558139534882
            ],
            [
              30.017135862913108,
              54.362301101591186
            ],
            [
              29.35618115055081,
              54.362301101591186
            ],
            [
              28.474908200734433,
              54.141982864137105
            ],
            [
              27.410036719706284,
              53.627906976744214
            ],
            [
              26.345165238678135,
              52.85679314565482
            ],
            [
              25.35373317013466,
              51.828641370869036
            ],
            [
              24.582619339045323,
              50.43329253365971
            ],
            [
              23.958384332925334,
              48.670746634026955
            ],
            [
              23.627906976744214,
              46.6511627906977
            ],
            [
              23.591187270501848,
              44.37454100367199
            ],
            [
              24.06854345165243,
              42.281517747858004
            ],
            [
              25.17013463892289,
              40.55569155446756
            ],
            [
              26.859241126071026,
              39.1970624235006
            ],
            [
              29.02570379436969,
              38.793145654834746
            ],
            [
              31.228886168910662,
              38.86658506731948
            ],
            [
              33.468788249694,
              39.637698898408814
            ],
            [
              35.525091799265624,
              40.62913096695229
            ],
            [
              37.14075887392903,
              41.87760097919215
            ],
            [
              38.42594859241126,
              43.45654834761319
            ],
            [
              39.34394124847006,
              45.108935128518965
            ],
            [
              39.821297429620586,
              46.7980416156671
            ],
            [
              39.931456548347626,
              48.41370869033045
            ],
            [
              39.67441860465118,
              49.66217870257037
            ],
            [
              38.6462668298654,
              50.65361077111385
            ],
            [
              37.214198286413705,
              51.534883720930225
            ],
            [
              35.56181150550799,
              52.48959608323133
            ],
            [
              33.98286413708695,
              53.48102815177481
            ],
            [
              32.40391676866585,
              54.32558139534882
            ],
            [
              30.971848225214217,
              54.87637698898408
            ],
            [
              29.723378212974296,
              55.05997552019585
            ],
            [
              28.548347613219107,
              55.05997552019585
            ],
            [
              27.483476132190958,
              54.69277845777236
            ],
            [
              26.675642594859255,
              53.848225214198294
            ],
            [
              26.088127294981632,
              52.893512851897185
            ],
            [
              25.941248470012283,
              52.37943696450429
            ]
          ],
          [
            [
              26.161566707466363,
              46.87148102815178
            ],
            [
              25.794369645042877,
              46.13708690330475
            ],
            [
              25.794369645042877,
              45.69645042839659
            ],
            [
              25.794369645042877,
              45.25581395348837
            ],
            [
              25.794369645042877,
              44.74173806609548
            ],
            [
              25.867809057527552,
              44.22766217870259
            ],
            [
              25.977968176254592,
              43.78702570379437
            ],
            [
              26.014687882496958,
              43.27294981640148
            ],
            [
              26.088127294981632,
              42.75887392900859
            ],
            [
              26.124847001223998,
              42.281517747858004
            ],
            [
              26.161566707466363,
              41.91432068543452
            ],
            [
              26.235006119951038,
              41.69400244798044
            ],
            [
              26.565483476132215,
              41.51040391676867
            ],
            [
              26.9326805385557,
              41.326805385556895
            ],
            [
              27.263157894736878,
              41.326805385556895
            ],
            [
              27.520195838433324,
              41.43696450428399
            ],
            [
              27.593635250918,
              41.80416156670748
            ],
            [
              27.740514075887404,
              42.244798041615695
            ],
            [
              27.88739290085681,
              42.685434516523856
            ],
            [
              28.034271725826216,
              43.0526315789474
            ],
            [
              28.217870257037987,
              43.309669522643844
            ],
            [
              28.438188494492067,
              43.38310893512852
            ],
            [
              28.768665850673187,
              43.45654834761319
            ],
            [
              29.209302325581405,
              43.23623011015911
            ],
            [
              29.53977968176258,
              42.86903304773563
            ],
            [
              29.906976744186068,
              42.465116279069775
            ],
            [
              30.274173806609554,
              42.09791921664629
            ],
            [
              30.678090575275405,
              41.80416156670748
            ],
            [
              31.082007343941257,
              41.58384332925334
            ],
            [
              31.522643818849474,
              41.43696450428399
            ],
            [
              31.853121175030594,
              41.36352509179926
            ],
            [
              32.29375764993881,
              41.326805385556895
            ],
            [
              32.73439412484703,
              41.290085679314586
            ],
            [
              33.06487148102815,
              41.290085679314586
            ],
            [
              33.285189718482286,
              41.400244798041626
            ],
            [
              33.468788249694,
              42.20807833537333
            ],
            [
              33.68910648714814,
              43.12607099143207
            ],
            [
              33.98286413708695,
              43.97062423500614
            ],
            [
              34.20318237454103,
              44.5214198286414
            ],
            [
              34.3867809057528,
              44.85189718482252
            ],
            [
              34.53365973072215,
              45.0722154222766
            ],
            [
              34.71725826193392,
              45.292533659730736
            ],
            [
              34.71725826193392,
              45.62301101591186
            ],
            [
              34.71725826193392,
              45.8800489596083
            ],
            [
              34.75397796817629,
              46.10036719706244
            ],
            [
              34.82741738066096,
              46.467564259485926
            ],
            [
              34.90085679314569,
              46.87148102815178
            ],
            [
              35.0477356181151,
              47.38555691554467
            ],
            [
              35.08445532435741,
              47.752753977968155
            ],
            [
              35.15789473684214,
              48.046511627906966
            ],
            [
              35.15789473684214,
              48.30354957160341
            ],
            [
              34.937576499388,
              48.37698898408814
            ],
            [
              34.460220318237475,
              48.2668298653611
            ],
            [
              34.09302325581399,
              48.156670746634006
            ],
            [
              33.68910648714814,
              48.046511627906966
            ],
            [
              33.285189718482286,
              47.936352509179926
            ],
            [
              32.771113831089394,
              47.78947368421052
            ],
            [
              32.36719706242354,
              47.605875152998806
            ],
            [
              32.0,
              47.38555691554467
            ],
            [
              31.706242350061245,
              47.05507955936355
            ],
            [
              31.48592411260711,
              46.687882496940006
            ],
            [
              31.302325581395394,
              46.32068543451652
            ],
            [
              31.155446756425988,
              46.063647490820074
            ],
            [
              30.898408812729542,
              45.8800489596083
            ],
            [
              30.49449204406369,
              45.80660954712363
            ],
            [
              29.980416156670742,
              45.80660954712363
            ],
            [
              29.686658506731987,
              45.80660954712363
            ],
            [
              29.35618115055081,
              45.80660954712363
            ],
            [
              29.02570379436969,
              45.80660954712363
            ],
            [
              28.658506731946147,
              45.80660954712363
            ],
            [
              28.29130966952266,
              45.80660954712363
            ],
            [
              27.960832313341484,
              45.80660954712363
            ],
            [
              27.66707466340273,
              45.80660954712363
            ],
            [
              27.410036719706284,
              45.80660954712363
            ],
            [
              27.116279069767472,
              45.80660954712363
            ],
            [
              26.969400244798067,
              45.9902080783354
            ],
            [
              26.859241126071026,
              46.247246022031845
            ],
            [
              26.675642594859255,
              46.467564259485926
            ],
            [
              26.52876376988985,
              46.687882496940006
            ]
          ],
          [
            [
              27.520195838433324,
              45.182374541003696
            ],
            [
              27.189718482252147,
              44.48470012239903
            ],
            [
              27.446756425948593,
              44.22766217870259
            ],
            [
              27.70379436964504,
              44.154222766217856
            ],
            [
              27.960832313341484,
              44.08078335373318
            ],
            [
              28.18115055079562,
              44.044063647490816
            ],
            [
              28.474908200734433,
              44.00734394124845
            ],
            [
              28.84210526315792,
              44.00734394124845
            ],
            [
              28.988984088127324,
              44.264381884944896
            ],
            [
              28.988984088127324,
              44.5214198286414
            ],
            [
              28.988984088127324,
              44.81517747858015
            ],
            [
              28.95226438188496,
              45.0722154222766
            ],
            [
              28.658506731946147,
              45.40269277845778
            ],
            [
              28.29130966952266,
              45.54957160342718
            ],
            [
              27.960832313341484,
              45.58629130966955
            ],
            [
              27.593635250918,
              45.58629130966955
            ],
            [
              27.263157894736878,
              45.219094247246005
            ]
          ],
          [
            [
              31.522643818849474,
              44.81517747858015
            ],
            [
              31.228886168910662,
              44.154222766217856
            ],
            [
              31.228886168910662,
              43.713586291309696
            ],
            [
              31.228886168910662,
              43.309669522643844
            ],
            [
              31.339045287637703,
              42.97919216646267
            ],
            [
              31.522643818849474,
              42.795593635250896
            ],
            [
              31.816401468788285,
              42.75887392900859
            ],
            [
              32.036719706242366,
              42.86903304773563
            ],
            [
              32.146878824969406,
              43.08935128518971
            ],
            [
              32.18359853121177,
              43.34638922888615
            ],
            [
              32.146878824969406,
              43.640146878824964
            ],
            [
              31.88984088127296,
              44.00734394124845
            ],
            [
              31.742962056303554,
              44.264381884944896
            ],
            [
              31.66952264381888,
              44.48470012239903
            ]
          ],
          [
            [
              33.468788249694,
              45.25581395348837
            ],
            [
              32.84455324357407,
              44.74173806609548
            ],
            [
              32.73439412484703,
              44.37454100367199
            ],
            [
              32.73439412484703,
              44.044063647490816
            ],
            [
              32.84455324357407,
              43.640146878824964
            ],
            [
              33.06487148102815,
              43.56670746634029
            ],
            [
              33.285189718482286,
              43.45654834761319
            ],
            [
              33.505507955936366,
              43.38310893512852
            ],
            [
              33.7258261933905,
              43.309669522643844
            ],
            [
              34.01958384332926,
              43.309669522643844
            ],
            [
              34.05630354957162,
              43.860465116279045
            ],
            [
              34.01958384332926,
              44.33782129742963
            ],
            [
              33.90942472460222,
              44.778457772337845
            ],
            [
              33.76254589963281,
              45.219094247246005
            ],
            [
              33.615667074663406,
              45.58629130966955
            ],
            [
              33.43206854345169,
              45.80660954712363
            ],
            [
              33.24847001223992,
              45.953488372093034
            ],
            [
              33.02815177478584,
              46.13708690330475
            ],
            [
              32.8078335373317,
              46.21052631578948
            ]
          ],
          [
            [
              27.850673194614444,
              50.066095471236224
            ],
            [
              27.152998776009838,
              49.99265605875155
            ],
            [
              27.152998776009838,
              49.66217870257037
            ],
            [
              27.152998776009838,
              49.221542227662155
            ],
            [
              27.226438188494512,
              48.96450428396571
            ],
            [
              27.410036719706284,
              48.707466340269264
            ],
            [
              27.630354957160364,
              48.45042839657282
            ],
            [
              27.960832313341484,
              48.2668298653611
            ],
            [
              28.29130966952266,
              48.1199510403917
            ],
            [
              28.658506731946147,
              48.08323133414933
            ],
            [
              29.13586291309673,
              48.08323133414933
            ],
            [
              29.35618115055081,
              48.1199510403917
            ],
            [
              29.53977968176258,
              48.37698898408814
            ],
            [
              29.686658506731987,
              48.63402692778459
            ],
            [
              29.796817625459028,
              48.85434516523867
            ],
            [
              29.870257037943702,
              49.111383108935115
            ],
            [
              29.906976744186068,
              49.33170134638925
            ],
            [
              29.906976744186068,
              49.69889840881274
            ],
            [
              29.723378212974296,
              49.91921664626682
            ],
            [
              29.503059975520216,
              50.066095471236224
            ],
            [
              29.209302325581405,
              50.21297429620563
            ],
            [
              28.878824969400284,
              50.286413708690304
            ],
            [
              28.585067319461473,
              50.32313341493267
            ],
            [
              28.18115055079562,
              49.99265605875155
            ],
            [
              28.07099143206858,
              49.40514075887393
            ],
            [
              27.960832313341484,
              48.817625458996304
            ],
            [
              27.850673194614444,
              48.156670746634006
            ],
            [
              27.66707466340273,
              47.642594859241115
            ],
            [
              27.446756425948593,
              47.3488372093023
            ],
            [
              27.226438188494512,
              47.2019583843329
            ],
            [
              27.006119951040432,
              47.23867809057526
            ]
          ],
          [
            [
              29.02570379436969,
              48.0097919216646
            ],
            [
              29.24602203182377,
              48.23011015911874
            ],
            [
              29.24602203182377,
              48.48714810281518
            ],
            [
              29.24602203182377,
              48.817625458996304
            ],
            [
              29.209302325581405,
              49.18482252141985
            ],
            [
              29.062423500612,
              49.51529987760097
            ],
            [
              28.988984088127324,
              49.77233782129741
            ],
            [
              28.878824969400284,
              50.066095471236224
            ],
            [
              28.805385556915553,
              50.286413708690304
            ]
          ],
          [
            [
              28.658506731946147,
              49.69889840881274
            ],
            [
              29.099143206854365,
              49.18482252141985
            ],
            [
              29.099143206854365,
              48.817625458996304
            ],
            [
              29.099143206854365,
              48.52386780905755
            ],
            [
              29.099143206854365,
              48.23011015911874
            ],
            [
              28.84210526315792,
              48.0097919216646
            ]
          ],
          [
            [
              27.77723378212977,
              49.62545899632801
            ],
            [
              27.99755201958385,
              49.51529987760097
            ],
            [
              28.254589963280296,
              49.51529987760097
            ],
            [
              28.51162790697674,
              49.33170134638925
            ],
            [
              28.768665850673187,
              49.074663402692806
            ],
            [
              28.878824969400284,
              48.817625458996304
            ],
            [
              28.878824969400284,
              48.48714810281518
            ],
            [
              28.878824969400284,
              48.156670746634006
            ]
          ],
          [
            [
              34.53365973072215,
              51.718482252141996
            ],
            [
              33.94614443084458,
              51.38800489596082
            ],
            [
              33.79926560587518,
              51.09424724602201
            ],
            [
              33.7258261933905,
              50.72705018359852
            ],
            [
              33.65238678090577,
              50.32313341493267
            ],
            [
              33.65238678090577,
              49.88249694002445
            ],
            [
              33.65238678090577,
              49.40514075887393
            ],
            [
              33.65238678090577,
              49.001223990208075
            ],
            [
              33.79926560587518,
              48.59730722154222
            ],
            [
              33.98286413708695,
              48.30354957160341
            ],
            [
              34.20318237454103,
              48.1199510403917
            ],
            [
              34.49694002447984,
              48.1199510403917
            ],
            [
              34.79069767441865,
              48.1199510403917
            ],
            [
              35.12117503059977,
              48.1199510403917
            ],
            [
              35.45165238678095,
              48.30354957160341
            ],
            [
              35.635250917992664,
              48.56058751529986
            ],
            [
              35.78212974296207,
              48.85434516523867
            ],
            [
              35.89228886168911,
              49.18482252141985
            ],
            [
              35.89228886168911,
              49.51529987760097
            ],
            [
              35.89228886168911,
              49.845777233782144
            ],
            [
              35.89228886168911,
              50.10281517747859
            ],
            [
              35.78212974296207,
              50.3965728274174
            ],
            [
              35.48837209302326,
              50.61689106487148
            ],
            [
              35.15789473684214,
              50.91064871481029
            ],
            [
              34.79069767441865,
              51.13096695226437
            ],
            [
              34.460220318237475,
              51.204406364749104
            ],
            [
              34.1297429620563,
              51.24112607099141
            ],
            [
              33.83598531211754,
              51.24112607099141
            ],
            [
              33.505507955936366,
              51.24112607099141
            ],
            [
              33.24847001223992,
              51.13096695226437
            ]
          ],
          [
            [
              33.02815177478584,
              50.580171358629116
            ],
            [
              33.24847001223992,
              50.32313341493267
            ],
            [
              33.5789473684211,
              50.32313341493267
            ],
            [
              33.87270501835985,
              50.286413708690304
            ],
            [
              34.1297429620563,
              50.066095471236224
            ],
            [
              34.350061199510435,
              49.735618115055104
            ],
            [
              34.460220318237475,
              49.51529987760097
            ],
            [
              34.53365973072215,
              49.25826193390452
            ],
            [
              34.64381884944925,
              48.9277845777234
            ],
            [
              34.680538555691555,
              48.59730722154222
            ],
            [
              34.680538555691555,
              48.2668298653611
            ],
            [
              34.680538555691555,
              47.89963280293756
            ],
            [
              34.680538555691555,
              47.605875152998806
            ],
            [
              34.680538555691555,
              47.3488372093023
            ]
          ],
          [
            [
              35.635250917992664,
              51.718482252141996
            ],
            [
              35.45165238678095,
              51.314565483476144
            ],
            [
              35.304773561811544,
              51.02080783353733
            ],
            [
              35.23133414932681,
              50.76376988984089
            ],
            [
              35.15789473684214,
              50.470012239902076
            ],
            [
              35.12117503059977,
              50.176254589963264
            ],
            [
              35.12117503059977,
              49.88249694002445
            ],
            [
              35.12117503059977,
              49.5887392900857
            ],
            [
              35.15789473684214,
              49.25826193390452
            ],
            [
              35.34149326805385,
              49.001223990208075
            ],
            [
              35.56181150550799,
              48.74418604651163
            ],
            [
              35.78212974296207,
              48.52386780905755
            ],
            [
              35.96572827417384,
              48.37698898408814
            ],
            [
              36.29620563035496,
              48.156670746634006
            ],
            [
              36.5165238678091,
              48.1199510403917
            ]
          ],
          [
            [
              25.096695226438214,
              53.66462668298652
            ],
            [
              24.802937576499403,
              53.07711138310896
            ],
            [
              24.802937576499403,
              52.783353733170145
            ],
            [
              24.913096695226443,
              52.5263157894737
            ],
            [
              25.096695226438214,
              52.26927784577725
            ],
            [
              25.28029375764993,
              52.08567931456548
            ],
            [
              25.500611995104066,
              51.938800489596076
            ],
            [
              25.794369645042877,
              51.8653610771114
            ],
            [
              25.941248470012283,
              52.15911872705021
            ],
            [
              25.977968176254592,
              52.5263157894737
            ],
            [
              25.977968176254592,
              52.893512851897185
            ],
            [
              25.977968176254592,
              53.44430844553244
            ],
            [
              25.904528763769918,
              53.9951040391677
            ],
            [
              25.684210526315837,
              54.39902080783355
            ],
            [
              25.53733170134643,
              54.582619339045266
            ],
            [
              25.390452876377026,
              54.32558139534882
            ],
            [
              25.390452876377026,
              53.92166462668297
            ],
            [
              25.390452876377026,
              53.66462668298652
            ],
            [
              25.684210526315837,
              53.81150550795593
            ],
            [
              25.831089351285186,
              54.178702570379414
            ],
            [
              25.977968176254592,
              54.582619339045266
            ],
            [
              26.051407588739323,
              54.87637698898408
            ],
            [
              26.051407588739323,
              54.32558139534882
            ],
            [
              26.051407588739323,
              53.9951040391677
            ],
            [
              26.051407588739323,
              53.738066095471254
            ],
            [
              26.19828641370873,
              53.9951040391677
            ],
            [
              26.235006119951038,
              54.472460220318226
            ],
            [
              26.345165238678135,
              54.98653610771112
            ],
            [
              26.41860465116281,
              55.24357405140756
            ]
          ],
          [
            [
              28.548347613219107,
              56.45532435740512
            ],
            [
              27.740514075887404,
              55.39045287637697
            ],
            [
              27.630354957160364,
              54.87637698898408
            ],
            [
              27.630354957160364,
              54.32558139534882
            ],
            [
              27.66707466340273,
              53.9951040391677
            ],
            [
              27.66707466340273,
              54.50917992656059
            ],
            [
              27.410036719706284,
              55.02325581395348
            ],
            [
              27.226438188494512,
              55.4638922888617
            ],
            [
              27.152998776009838,
              55.720930232558146
            ],
            [
              27.116279069767472,
              55.427172582619335
            ],
            [
              27.152998776009838,
              54.98653610771112
            ],
            [
              27.226438188494512,
              54.50917992656059
            ],
            [
              27.336597307221552,
              54.10526315789474
            ],
            [
              27.410036719706284,
              53.848225214198294
            ],
            [
              27.813953488372135,
              53.92166462668297
            ]
          ],
          [
            [
              29.649938800489622,
              56.565483476132215
            ],
            [
              29.062423500612,
              56.051407588739266
            ],
            [
              28.84210526315792,
              55.79436964504282
            ],
            [
              28.658506731946147,
              55.500611995104066
            ],
            [
              28.548347613219107,
              55.28029375764993
            ],
            [
              28.474908200734433,
              55.57405140758874
            ],
            [
              28.474908200734433,
              55.941248470012226
            ],
            [
              28.364749082007393,
              55.647490820073415
            ],
            [
              28.62178702570384,
              55.57405140758874
            ]
          ],
          [
            [
              32.771113831089394,
              57.33659730722155
            ],
            [
              31.853121175030594,
              56.45532435740512
            ],
            [
              31.37576499388007,
              55.941248470012226
            ],
            [
              31.008567931456582,
              55.317013463892295
            ],
            [
              30.82496940024481,
              54.72949816401467
            ],
            [
              30.751529987760136,
              54.141982864137105
            ],
            [
              30.71481028151777,
              53.77478580171356
            ],
            [
              30.71481028151777,
              54.32558139534882
            ],
            [
              30.64137086903304,
              54.87637698898408
            ],
            [
              30.531211750306,
              55.35373317013466
            ],
            [
              30.42105263157896,
              55.90452876376992
            ],
            [
              30.31089351285192,
              56.41860465116281
            ],
            [
              30.31089351285192,
              56.85924112607097
            ]
          ],
          [
            [
              32.991432068543475,
              56.16156670746636
            ],
            [
              32.40391676866585,
              55.941248470012226
            ],
            [
              32.07343941248473,
              55.75764993880051
            ],
            [
              31.96328029375769,
              55.317013463892295
            ],
            [
              31.96328029375769,
              54.69277845777236
            ],
            [
              32.07343941248473,
              53.92166462668297
            ],
            [
              32.36719706242354,
              53.37086903304771
            ],
            [
              32.62423500611999,
              53.07711138310896
            ],
            [
              32.881272949816434,
              52.96695226438186
            ],
            [
              33.13831089351288,
              53.003671970624225
            ],
            [
              33.13831089351288,
              53.40758873929008
            ],
            [
              33.13831089351288,
              54.031823745410065
            ],
            [
              32.991432068543475,
              54.83965728274171
            ],
            [
              32.8078335373317,
              55.537331701346375
            ],
            [
              32.69767441860466,
              56.051407588739266
            ],
            [
              32.6609547123623,
              56.492044063647484
            ]
          ],
          [
            [
              36.29620563035496,
              55.57405140758874
            ],
            [
              35.598531211750355,
              55.35373317013466
            ],
            [
              35.37821297429622,
              55.24357405140756
            ],
            [
              35.37821297429622,
              54.87637698898408
            ],
            [
              35.635250917992664,
              54.21542227662178
            ],
            [
              35.96572827417384,
              53.66462668298652
            ],
            [
              36.18604651162792,
              53.26070991432067
            ],
            [
              36.149326805385556,
              53.627906976744214
            ],
            [
              35.708690330477395,
              54.252141982864146
            ],
            [
              35.12117503059977,
              55.05997552019585
            ],
            [
              34.60709914320688,
              55.75764993880051
            ],
            [
              34.31334149326807,
              56.2717258261934
            ],
            [
              34.20318237454103,
              56.602203182374524
            ]
          ],
          [
            [
              36.73684210526318,
              55.05997552019585
            ],
            [
              36.11260709914325,
              55.05997552019585
            ],
            [
              35.818849449204436,
              55.05997552019585
            ],
            [
              36.11260709914325,
              54.50917992656059
            ],
            [
              36.73684210526318,
              53.77478580171356
            ],
            [
              37.36107711138311,
              53.04039167686659
            ],
            [
              37.76499388004896,
              52.5263157894737
            ],
            [
              37.91187270501837,
              52.34271725826193
            ],
            [
              37.80171358629133,
              52.56303549571601
            ],
            [
              37.3243574051408,
              53.07711138310896
            ],
            [
              36.70012239902081,
              53.81150550795593
            ],
            [
              36.07588739290088,
              54.65605875153
            ],
            [
              35.67197062423503,
              55.427172582619335
            ],
            [
              35.56181150550799,
              55.90452876376992
            ]
          ],
          [
            [
              39.89473684210526,
              53.187270501836
            ],
            [
              39.711138310893546,
              52.599755201958374
            ],
            [
              39.38066095471237,
              52.673194614443105
            ],
            [
              39.01346389228888,
              53.187270501836
            ],
            [
              38.6462668298654,
              53.77478580171356
            ],
            [
              38.462668298653625,
              54.10526315789474
            ],
            [
              38.38922888616895,
              53.738066095471254
            ],
            [
              38.682986536107705,
              52.82007343941251
            ],
            [
              39.086903304773614,
              51.828641370869036
            ],
            [
              39.527539779681774,
              50.94736842105266
            ],
            [
              39.931456548347626,
              50.43329253365971
            ],
            [
              40.22521419828644,
              50.43329253365971
            ],
            [
              40.2619339045288,
              51.46144430844555
            ],
            [
              39.78457772337822,
              52.783353733170145
            ],
            [
              39.01346389228888,
              54.69277845777236
            ]
          ],
          [
            [
              6.516523867809099,
              47.2019583843329
            ],
            [
              6.296205630354962,
              46.50428396572829
            ],
            [
              6.479804161566733,
              46.283965728274154
            ],
            [
              7.14075887392903,
              46.21052631578948
            ],
            [
              8.058751529987774,
              46.21052631578948
            ],
            [
              8.866585067319477,
              46.577723378212966
            ],
            [
              9.4541003671971,
              47.12851897184822
            ],
            [
              9.747858017135854,
              47.826193390452886
            ],
            [
              9.747858017135854,
              48.56058751529986
            ],
            [
              9.490820073439409,
              49.29498164014689
            ],
            [
              8.866585067319477,
              49.955936352509184
            ],
            [
              8.168910648714814,
              50.43329253365971
            ],
            [
              7.361077111383111,
              50.690330477356156
            ],
            [
              6.700122399020813,
              50.72705018359852
            ],
            [
              6.222766217870287,
              50.50673194614444
            ],
            [
              5.855569155446801,
              49.845777233782144
            ],
            [
              5.7086903304773955,
              49.074663402692806
            ],
            [
              5.67197062423503,
              48.37698898408814
            ],
            [
              5.67197062423503,
              47.826193390452886
            ],
            [
              6.149326805385556,
              47.49571603427171
            ],
            [
              6.7735618115055445,
              47.38555691554467
            ],
            [
              7.14075887392903,
              47.38555691554467
            ]
          ],
          [
            [
              8.20563035495718,
              51.534883720930225
            ],
            [
              7.985312117503099,
              50.91064871481029
            ],
            [
              7.948592411260734,
              49.955936352509184
            ],
            [
              7.948592411260734,
              49.25826193390452
            ],
            [
              8.31578947368422,
              48.96450428396571
            ],
            [
              8.719706242350071,
              48.96450428396571
            ],
            [
              9.123623011015923,
              49.221542227662155
            ],
            [
              9.380660954712368,
              49.91921664626682
            ],
            [
              9.380660954712368,
              50.80048959608325
            ],
            [
              9.380660954712368,
              51.68176254589963
            ],
            [
              9.086903304773557,
              52.5263157894737
            ],
            [
              8.719706242350071,
              52.96695226438186
            ],
            [
              8.42594859241126,
              53.04039167686659
            ],
            [
              8.132190942472505,
              52.93023255813955
            ],
            [
              7.801713586291328,
              52.30599755201956
            ],
            [
              7.507955936352516,
              51.38800489596082
            ],
            [
              7.214198286413705,
              50.249694002447995
            ],
            [
              6.957160342717259,
              49.001223990208075
            ]
          ],
          [
            [
              9.417380660954734,
              52.19583843329252
            ],
            [
              9.123623011015923,
              51.0575275397797
            ],
            [
              9.050183598531248,
              49.77233782129741
            ],
            [
              9.050183598531248,
              49.18482252141985
            ],
            [
              9.4541003671971,
              49.14810281517748
            ],
            [
              9.711138310893546,
              49.69889840881274
            ],
            [
              9.89473684210526,
              50.54345165238681
            ],
            [
              10.078335373317032,
              51.46144430844555
            ],
            [
              10.188494492044072,
              52.26927784577725
            ],
            [
              10.225214198286437,
              52.96695226438186
            ],
            [
              10.225214198286437,
              53.44430844553244
            ],
            [
              9.78457772337822,
              53.55446756425948
            ],
            [
              9.417380660954734,
              53.26070991432067
            ],
            [
              9.197062423500654,
              53.003671970624225
            ]
          ],
          [
            [
              50.029375764993915,
              39.30722154222764
            ],
            [
              49.88249694002451,
              38.903304773561786
            ],
            [
              49.845777233782144,
              38.13219094247245
            ],
            [
              49.80905752753978,
              37.7282741738066
            ],
            [
              50.28641370869036,
              38.31578947368422
            ],
            [
              50.54345165238681,
              39.12362301101592
            ],
            [
              50.72705018359852,
              40.041615667074666
            ],
            [
              50.76376988984089,
              40.812729498164
            ],
            [
              50.76376988984089,
              41.54712362301103
            ],
            [
              50.3965728274174,
              42.02447980416156
            ],
            [
              49.80905752753978,
              42.1346389228886
            ],
            [
              48.964504283965766,
              42.061199510403924
            ],
            [
              48.1199510403917,
              41.51040391676867
            ],
            [
              47.422276621787034,
              40.812729498164
            ],
            [
              46.87148102815178,
              39.968176254589935
            ],
            [
              46.72460220318237,
              39.05018359853119
            ],
            [
              46.72460220318237,
              38.20563035495718
            ],
            [
              47.01835985312118,
              37.54467564259488
            ],
            [
              47.605875152998806,
              37.17747858017134
            ],
            [
              47.936352509179926,
              37.0673194614443
            ]
          ],
          [
            [
              48.34026927784578,
              41.51040391676867
            ],
            [
              48.670746634026955,
              41.179926560587546
            ],
            [
              49.515299877601024,
              41.80416156670748
            ],
            [
              50.359853121175036,
              43.12607099143207
            ],
            [
              50.94736842105266,
              44.74173806609548
            ],
            [
              51.13096695226443,
              45.9902080783354
            ],
            [
              51.13096695226443,
              46.90820073439414
            ],
            [
              50.94736842105266,
              47.312117503059994
            ],
            [
              50.3965728274174,
              47.3488372093023
            ],
            [
              49.735618115055104,
              47.2019583843329
            ],
            [
              49.03794369645044,
              46.61444308445533
            ],
            [
              48.37698898408814,
              45.843329253365994
            ],
            [
              47.716034271725846,
              45.108935128518965
            ],
            [
              47.27539779681763,
              44.63157894736844
            ]
          ],
          [
            [
              48.2668298653611,
              46.83476132190941
            ],
            [
              48.23011015911874,
              46.43084455324356
            ],
            [
              48.23011015911874,
              45.51285189718482
            ],
            [
              48.37698898408814,
              44.888616891064885
            ],
            [
              48.74418604651163,
              44.55813953488371
            ],
            [
              49.22154222766221,
              44.5214198286414
            ],
            [
              49.80905752753978,
              44.74173806609548
            ],
            [
              50.32313341493273,
              45.47613219094245
            ],
            [
              50.65361077111385,
              46.61444308445533
            ],
            [
              50.76376988984089,
              47.78947368421052
            ],
            [
              50.76376988984089,
              48.63402692778459
            ],
            [
              50.54345165238681,
              48.891064871481035
            ],
            [
              50.10281517747859,
              48.9277845777234
            ],
            [
              49.515299877601024,
              48.9277845777234
            ],
            [
              49.14810281517748,
              48.817625458996304
            ]
          ],
          [
            [
              55.4638922888617,
              42.31823745410037
            ],
            [
              55.500611995104066,
              41.69400244798044
            ],
            [
              55.57405140758874,
              41.14320685434518
            ],
            [
              55.97796817625459,
              40.70257037943696
            ],
            [
              56.49204406364754,
              40.51897184822519
            ],
            [
              56.9326805385557,
              40.51897184822519
            ],
            [
              57.33659730722155,
              40.812729498164
            ],
            [
              57.66707466340273,
              41.54712362301103
            ],
            [
              57.77723378212977,
              42.42839657282741
            ],
            [
              57.77723378212977,
              43.38310893512852
            ],
            [
              57.48347613219096,
              44.11750305997555
            ],
            [
              57.00611995104043,
              44.4112607099143
            ],
            [
              56.49204406364754,
              44.44798041615667
            ],
            [
              55.94124847001228,
              44.33782129742963
            ],
            [
              55.390452876377026,
              43.823745410036736
            ],
            [
              55.096695226438214,
              43.45654834761319
            ]
          ],
          [
            [
              56.01468788249696,
              46.577723378212966
            ],
            [
              55.57405140758874,
              46.13708690330475
            ],
            [
              55.57405140758874,
              45.36597307221541
            ],
            [
              55.57405140758874,
              44.66829865361075
            ],
            [
              55.75764993880051,
              44.22766217870259
            ],
            [
              56.345165238678135,
              44.154222766217856
            ],
            [
              56.895960832313335,
              44.154222766217856
            ],
            [
              57.26315789473688,
              44.74173806609548
            ],
            [
              57.33659730722155,
              45.51285189718482
            ],
            [
              57.33659730722155,
              46.283965728274154
            ],
            [
              57.00611995104043,
              47.05507955936355
            ],
            [
              56.455324357405175,
              47.642594859241115
            ],
            [
              56.01468788249696,
              47.86291309669525
            ],
            [
              55.610771113831106,
              47.89963280293756
            ]
          ],
          [
            [
              55.64749082007347,
              48.156670746634006
            ],
            [
              55.500611995104066,
              47.605875152998806
            ],
            [
              55.500611995104066,
              47.12851897184822
            ],
            [
              55.831089351285186,
              47.27539779681763
            ],
            [
              56.08812729498163,
              47.716034271725846
            ],
            [
              56.30844553243577,
              48.2668298653611
            ],
            [
              56.455324357405175,
              48.9277845777234
            ],
            [
              56.49204406364754,
              49.51529987760097
            ],
            [
              56.49204406364754,
              49.88249694002445
            ],
            [
              56.08812729498163,
              50.02937576499386
            ],
            [
              55.75764993880051,
              49.91921664626682
            ],
            [
              55.390452876377026,
              49.735618115055104
            ],
            [
              54.91309669522644,
              49.51529987760097
            ],
            [
              54.39902080783355,
              49.33170134638925
            ]
          ],
          [
            [
              15.292533659730736,
              43.309669522643844
            ],
            [
              15.182374541003696,
              42.575275397796815
            ],
            [
              15.182374541003696,
              41.51040391676867
            ],
            [
              15.182374541003696,
              40.73929008567933
            ],
            [
              15.219094247246062,
              40.33537331701348
            ],
            [
              15.402692778457777,
              40.55569155446756
            ],
            [
              15.439412484700142,
              41.179926560587546
            ],
            [
              15.439412484700142,
              41.91432068543452
            ],
            [
              15.439412484700142,
              42.50183598531214
            ],
            [
              15.402692778457777,
              42.97919216646267
            ],
            [
              15.182374541003696,
              43.34638922888615
            ],
            [
              14.778457772337845,
              43.529987760097924
            ],
            [
              14.264381884944953,
              43.67686658506733
            ],
            [
              13.78702570379437,
              43.750305997552005
            ],
            [
              13.419828641370884,
              43.78702570379437
            ],
            [
              13.162790697674438,
              43.713586291309696
            ],
            [
              12.979192166462667,
              43.34638922888615
            ],
            [
              12.869033047735627,
              42.9424724602203
            ],
            [
              12.795593635250953,
              42.64871481028149
            ]
          ],
          [
            [
              15.14565483476133,
              48.45042839657282
            ],
            [
              14.778457772337845,
              47.38555691554467
            ],
            [
              14.962056303549616,
              45.76988984088126
            ],
            [
              15.623011015911914,
              44.22766217870259
            ],
            [
              16.28396572827421,
              43.27294981640148
            ],
            [
              16.908200734394143,
              42.72215422276622
            ],
            [
              17.27539779681763,
              42.50183598531214
            ],
            [
              17.532435740514074,
              42.465116279069775
            ],
            [
              17.64259485924117,
              43.12607099143207
            ],
            [
              17.56915544675644,
              43.823745410036736
            ],
            [
              17.27539779681763,
              44.63157894736844
            ],
            [
              16.908200734394143,
              45.51285189718482
            ],
            [
              16.541003671970657,
              46.283965728274154
            ],
            [
              16.39412484700125,
              46.687882496940006
            ],
            [
              16.17380660954717,
              46.5410036719706
            ],
            [
              16.10036719706244,
              46.21052631578948
            ]
          ],
          [
            [
              17.716034271725846,
              45.91676866585067
            ],
            [
              17.605875152998806,
              45.54957160342718
            ],
            [
              17.605875152998806,
              45.219094247246005
            ],
            [
              17.67931456548348,
              45.80660954712363
            ],
            [
              17.67931456548348,
              46.43084455324356
            ],
            [
              17.67931456548348,
              47.01835985312118
            ],
            [
              17.56915544675644,
              47.605875152998806
            ],
            [
              17.312117503059994,
              48.046511627906966
            ],
            [
              17.091799265605914,
              48.23011015911874
            ],
            [
              16.72460220318237,
              48.30354957160341
            ],
            [
              16.28396572827421,
              48.30354957160341
            ],
            [
              15.843329253365994,
              48.30354957160341
            ],
            [
              15.329253365973102,
              48.0097919216646
            ],
            [
              14.70501835985317,
              47.532435740514074
            ]
          ],
          [
            [
              13.78702570379437,
              43.78702570379437
            ],
            [
              13.34638922888621,
              42.795593635250896
            ],
            [
              13.897184822521467,
              42.20807833537333
            ],
            [
              14.741738066095479,
              41.65728274173807
            ],
            [
              15.659730722154222,
              41.36352509179926
            ],
            [
              16.541003671970657,
              41.326805385556895
            ],
            [
              17.23867809057532,
              41.36352509179926
            ],
            [
              17.64259485924117,
              41.69400244798044
            ],
            [
              17.86291309669525,
              42.09791921664629
            ],
            [
              17.899632802937617,
              42.575275397796815
            ],
            [
              17.86291309669525,
              42.97919216646267
            ],
            [
              17.422276621787034,
              43.49326805385556
            ],
            [
              16.72460220318237,
              44.11750305997555
            ],
            [
              15.953488372093034,
              44.70501835985311
            ],
            [
              15.219094247246062,
              45.292533659730736
            ],
            [
              14.888616891064885,
              45.62301101591186
            ]
          ],
          [
            [
              11.840881272949844,
              27.483476132190958
            ],
            [
              11.547123623011032,
              26.785801713586295
            ],
            [
              11.547123623011032,
              26.52876376988985
            ],
            [
              11.547123623011032,
              26.235006119951038
            ],
            [
              11.547123623011032,
              25.867809057527552
            ],
            [
              11.547123623011032,
              25.427172582619335
            ],
            [
              11.620563035495763,
              25.05997552019585
            ],
            [
              11.914320685434518,
              24.986536107711117
            ],
            [
              12.391676866585101,
              24.986536107711117
            ],
            [
              12.648714810281547,
              24.986536107711117
            ],
            [
              12.942472460220358,
              24.986536107711117
            ],
            [
              13.199510403916804,
              24.986536107711117
            ],
            [
              13.529987760097924,
              24.986536107711117
            ],
            [
              13.34638922888621,
              25.68421052631578
            ],
            [
              13.199510403916804,
              26.345165238678078
            ],
            [
              13.089351285189764,
              26.9326805385557
            ],
            [
              13.015911872705033,
              27.37331701346386
            ],
            [
              12.979192166462667,
              27.667074663402673
            ],
            [
              12.795593635250953,
              27.81395348837208
            ],
            [
              12.28151774785806,
              27.77723378212977
            ],
            [
              11.951040391676884,
              27.740514075887404
            ],
            [
              11.583843329253398,
              27.740514075887404
            ],
            [
              11.326805385556952,
              27.740514075887404
            ]
          ],
          [
            [
              15.659730722154222,
              27.99755201958385
            ],
            [
              15.659730722154222,
              27.37331701346386
            ],
            [
              15.659730722154222,
              27.079559363525107
            ],
            [
              15.659730722154222,
              26.74908200734393
            ],
            [
              15.659730722154222,
              26.235006119951038
            ],
            [
              15.659730722154222,
              25.68421052631578
            ],
            [
              15.659730722154222,
              25.17013463892289
            ],
            [
              15.659730722154222,
              24.83965728274177
            ],
            [
              16.10036719706244,
              24.83965728274177
            ],
            [
              16.357405140758885,
              24.94981640146881
            ],
            [
              16.72460220318237,
              24.986536107711117
            ],
            [
              17.128518971848223,
              25.05997552019585
            ],
            [
              17.532435740514074,
              25.096695226438214
            ],
            [
              17.899632802937617,
              25.17013463892289
            ],
            [
              18.266829865361103,
              25.206854345165254
            ],
            [
              18.560587515299915,
              25.243574051407563
            ],
            [
              18.780905752753995,
              25.28029375764993
            ],
            [
              18.85434516523867,
              25.68421052631578
            ],
            [
              18.63402692778459,
              26.051407588739266
            ],
            [
              18.41370869033051,
              26.381884944920444
            ],
            [
              18.266829865361103,
              26.63892288861689
            ],
            [
              18.156670746634063,
              26.85924112607097
            ],
            [
              18.119951040391697,
              27.116279069767415
            ],
            [
              17.97307221542229,
              27.299877600979187
            ],
            [
              17.605875152998806,
              27.299877600979187
            ],
            [
              17.34883720930236,
              27.299877600979187
            ],
            [
              17.018359853121183,
              27.299877600979187
            ],
            [
              16.651162790697697,
              27.15299877600978
            ],
            [
              16.357405140758885,
              27.04283965728274
            ],
            [
              16.063647490820074,
              27.006119951040375
            ]
          ],
          [
            [
              12.171358629130964,
              32.44063647490822
            ],
            [
              12.244798041615695,
              31.926560587515326
            ],
            [
              12.31823745410037,
              31.48592411260711
            ],
            [
              12.31823745410037,
              31.192166462668297
            ],
            [
              12.31823745410037,
              30.82496940024481
            ],
            [
              12.31823745410037,
              30.494492044063634
            ],
            [
              12.31823745410037,
              30.164014687882513
            ],
            [
              12.28151774785806,
              29.943696450428376
            ],
            [
              12.171358629130964,
              29.723378212974296
            ],
            [
              12.465116279069775,
              29.68665850673193
            ],
            [
              12.795593635250953,
              29.68665850673193
            ],
            [
              13.126070991432073,
              29.723378212974296
            ],
            [
              13.34638922888621,
              29.79681762545897
            ],
            [
              13.45654834761325,
              30.017135862913108
            ],
            [
              13.493268053855616,
              30.31089351285192
            ],
            [
              13.529987760097924,
              30.678090575275405
            ],
            [
              13.529987760097924,
              31.082007343941257
            ],
            [
              13.56670746634029,
              31.522643818849474
            ],
            [
              13.603427172582656,
              32.036719706242366
            ],
            [
              13.640146878824964,
              32.51407588739289
            ],
            [
              13.713586291309696,
              32.991432068543475
            ],
            [
              13.78702570379437,
              33.395348837209326
            ],
            [
              13.860465116279101,
              33.65238678090577
            ],
            [
              13.897184822521467,
              33.87270501835985
            ],
            [
              13.640146878824964,
              33.87270501835985
            ],
            [
              13.45654834761325,
              33.725826193390446
            ],
            [
              13.199510403916804,
              33.57894736842104
            ],
            [
              12.905752753977993,
              33.321909424724595
            ],
            [
              12.611995104039181,
              33.02815177478578
            ],
            [
              12.28151774785806,
              32.77111383108934
            ],
            [
              12.061199510403924,
              32.62423500611993
            ]
          ],
          [
            [
              16.61444308445533,
              33.395348837209326
            ],
            [
              16.541003671970657,
              32.8078335373317
            ],
            [
              16.541003671970657,
              32.40391676866585
            ],
            [
              16.61444308445533,
              31.88984088127296
            ],
            [
              16.798041615667103,
              31.37576499388007
            ],
            [
              17.05507955936355,
              30.86168910648712
            ],
            [
              17.27539779681763,
              30.457772337821325
            ],
            [
              17.422276621787034,
              29.980416156670742
            ],
            [
              17.605875152998806,
              29.649938800489622
            ],
            [
              17.78947368421052,
              29.503059975520216
            ],
            [
              18.156670746634063,
              29.503059975520216
            ],
            [
              18.52386780905755,
              29.503059975520216
            ],
            [
              18.9277845777234,
              29.539779681762525
            ],
            [
              19.258261933904578,
              29.79681762545897
            ],
            [
              19.368421052631618,
              30.127294981640148
            ],
            [
              19.368421052631618,
              30.42105263157896
            ],
            [
              19.368421052631618,
              30.75152998776008
            ],
            [
              19.258261933904578,
              31.192166462668297
            ],
            [
              19.03794369645044,
              31.742962056303554
            ],
            [
              18.85434516523867,
              32.257037943696446
            ],
            [
              18.74418604651163,
              32.6609547123623
            ],
            [
              18.670746634026955,
              32.91799265605874
            ],
            [
              18.156670746634063,
              33.02815177478578
            ],
            [
              17.605875152998806,
              33.02815177478578
            ],
            [
              16.94492044063651,
              33.02815177478578
            ],
            [
              16.28396572827421,
              33.101591187270515
            ],
            [
              15.76988984088132,
              33.321909424724595
            ]
          ],
          [
            [
              41.7307221542228,
              27.77723378212977
            ],
            [
              41.14320685434518,
              27.04283965728274
            ],
            [
              41.179926560587546,
              26.602203182374524
            ],
            [
              41.32680538555695,
              26.124847001223998
            ],
            [
              41.400244798041626,
              25.867809057527552
            ],
            [
              41.400244798041626,
              25.610771113831106
            ],
            [
              41.43696450428399,
              25.35373317013466
            ],
            [
              41.65728274173807,
              25.28029375764993
            ],
            [
              41.98776009791925,
              25.206854345165254
            ],
            [
              42.20807833537333,
              25.17013463892289
            ],
            [
              42.575275397796815,
              25.17013463892289
            ],
            [
              42.86903304773563,
              25.17013463892289
            ],
            [
              42.94247246022036,
              25.39045287637697
            ],
            [
              42.94247246022036,
              25.68421052631578
            ],
            [
              42.94247246022036,
              26.088127294981632
            ],
            [
              42.94247246022036,
              26.492044063647484
            ],
            [
              42.90575275397799,
              26.82252141982866
            ],
            [
              42.90575275397799,
              27.116279069767415
            ],
            [
              42.90575275397799,
              27.37331701346386
            ],
            [
              42.79559363525095,
              27.593635250918
            ],
            [
              42.28151774785806,
              27.593635250918
            ],
            [
              41.840881272949844,
              27.593635250918
            ],
            [
              41.400244798041626,
              27.593635250918
            ],
            [
              40.959608323133466,
              27.630354957160364
            ]
          ],
          [
            [
              45.76988984088132,
              28.51162790697674
            ],
            [
              45.43941248470014,
              27.740514075887404
            ],
            [
              45.43941248470014,
              27.37331701346386
            ],
            [
              45.43941248470014,
              27.006119951040375
            ],
            [
              45.62301101591191,
              26.63892288861689
            ],
            [
              45.80660954712363,
              26.235006119951038
            ],
            [
              45.953488372093034,
              25.79436964504282
            ],
            [
              46.026927784577765,
              25.317013463892295
            ],
            [
              46.063647490820074,
              24.94981640146881
            ],
            [
              46.063647490820074,
              24.61933904528763
            ],
            [
              46.063647490820074,
              24.362301101591186
            ],
            [
              46.32068543451652,
              24.32558139534882
            ],
            [
              46.7980416156671,
              24.32558139534882
            ],
            [
              47.16523867809059,
              24.32558139534882
            ],
            [
              47.532435740514074,
              24.32558139534882
            ],
            [
              47.78947368421052,
              24.32558139534882
            ],
            [
              48.00979192166466,
              24.362301101591186
            ],
            [
              48.08323133414933,
              24.61933904528763
            ],
            [
              47.89963280293762,
              24.94981640146881
            ],
            [
              47.716034271725846,
              25.17013463892289
            ],
            [
              47.605875152998806,
              25.427172582619335
            ],
            [
              47.532435740514074,
              25.68421052631578
            ],
            [
              47.4589963280294,
              25.977968176254592
            ],
            [
              47.422276621787034,
              26.235006119951038
            ],
            [
              47.422276621787034,
              26.492044063647484
            ],
            [
              47.422276621787034,
              26.74908200734393
            ],
            [
              47.422276621787034,
              27.079559363525107
            ],
            [
              47.495716034271766,
              27.446756425948593
            ],
            [
              47.56915544675644,
              27.70379436964504
            ],
            [
              47.34883720930236,
              27.92411260709912
            ],
            [
              47.05507955936355,
              27.92411260709912
            ],
            [
              46.72460220318237,
              27.92411260709912
            ],
            [
              46.357405140758885,
              27.92411260709912
            ],
            [
              46.063647490820074,
              27.92411260709912
            ]
          ],
          [
            [
              42.53855569155451,
              22.85679314565482
            ],
            [
              42.3916768665851,
              22.122399020807848
            ],
            [
              42.3916768665851,
              21.79192166462667
            ],
            [
              42.3916768665851,
              21.16768665850674
            ],
            [
              42.3916768665851,
              20.470012239902076
            ],
            [
              42.20807833537333,
              19.809057527539778
            ],
            [
              41.951040391676884,
              19.331701346389252
            ],
            [
              41.80416156670748,
              19.07466340269275
            ],
            [
              42.024479804161615,
              18.96450428396571
            ],
            [
              42.50183598531214,
              19.001223990208075
            ],
            [
              43.0526315789474,
              19.07466340269275
            ],
            [
              43.56670746634029,
              19.14810281517748
            ],
            [
              44.00734394124851,
              19.294981640146887
            ],
            [
              44.33782129742963,
              19.36842105263156
            ],
            [
              44.558139534883765,
              19.478580171358658
            ],
            [
              44.63157894736844,
              19.809057527539778
            ],
            [
              44.59485924112607,
              20.066095471236224
            ],
            [
              44.37454100367199,
              20.470012239902076
            ],
            [
              44.19094247246022,
              20.984088127294967
            ],
            [
              44.11750305997555,
              21.534883720930225
            ],
            [
              44.044063647490816,
              21.975520195838442
            ],
            [
              44.044063647490816,
              22.342717258261928
            ],
            [
              44.044063647490816,
              22.63647490820074
            ],
            [
              43.75030599755206,
              22.5263157894737
            ],
            [
              43.45654834761325,
              22.379436964504293
            ],
            [
              43.01591187270503,
              22.305997552019562
            ],
            [
              42.42839657282741,
              22.269277845777253
            ]
          ],
          [
            [
              46.87148102815178,
              23.297429620563037
            ],
            [
              46.6511627906977,
              22.489596083231334
            ],
            [
              46.6511627906977,
              22.048959608323116
            ],
            [
              46.6511627906977,
              21.534883720930225
            ],
            [
              46.6511627906977,
              20.9473684210526
            ],
            [
              46.6511627906977,
              20.359853121175036
            ],
            [
              46.6511627906977,
              20.02937576499386
            ],
            [
              46.83476132190947,
              19.882496940024453
            ],
            [
              47.16523867809059,
              19.91921664626682
            ],
            [
              47.56915544675644,
              19.99265605875155
            ],
            [
              48.046511627906966,
              20.066095471236224
            ],
            [
              48.560587515299915,
              20.139534883720955
            ],
            [
              49.11138310893517,
              20.176254589963264
            ],
            [
              49.55201958384333,
              20.176254589963264
            ],
            [
              49.955936352509184,
              20.176254589963264
            ],
            [
              50.21297429620563,
              20.176254589963264
            ],
            [
              50.21297429620563,
              20.690330477356156
            ],
            [
              49.88249694002451,
              21.130966952264373
            ],
            [
              49.515299877601024,
              21.57160342717259
            ],
            [
              49.22154222766221,
              21.975520195838442
            ],
            [
              49.001223990208075,
              22.305997552019562
            ],
            [
              48.891064871481035,
              22.709914320685414
            ],
            [
              48.81762545899636,
              23.04039167686659
            ],
            [
              48.81762545899636,
              23.444308445532442
            ],
            [
              48.81762545899636,
              23.738066095471254
            ],
            [
              48.52386780905755,
              23.848225214198294
            ],
            [
              48.15667074663406,
              23.848225214198294
            ],
            [
              47.75275397796821,
              23.738066095471254
            ],
            [
              47.34883720930236,
              23.627906976744157
            ],
            [
              46.90820073439414,
              23.627906976744157
            ]
          ],
          [
            [
              27.410036719706284,
              37.25091799265607
            ],
            [
              26.785801713586295,
              36.62668298653614
            ],
            [
              26.381884944920444,
              36.47980416156673
            ],
            [
              26.088127294981632,
              36.18604651162792
            ],
            [
              25.831089351285186,
              35.78212974296207
            ],
            [
              25.64749082007347,
              35.37821297429622
            ],
            [
              25.53733170134643,
              34.937576499388
            ],
            [
              25.500611995104066,
              34.496940024479784
            ],
            [
              25.500611995104066,
              34.05630354957162
            ],
            [
              25.610771113831106,
              33.65238678090577
            ],
            [
              25.941248470012283,
              33.28518971848223
            ],
            [
              26.381884944920444,
              32.991432068543475
            ],
            [
              27.006119951040432,
              32.73439412484697
            ],
            [
              27.630354957160364,
              32.44063647490822
            ],
            [
              28.29130966952266,
              32.146878824969406
            ],
            [
              28.84210526315792,
              31.77968176254592
            ],
            [
              29.209302325581405,
              31.412484700122377
            ],
            [
              29.319461444308445,
              30.898408812729485
            ],
            [
              29.319461444308445,
              30.347613219094228
            ],
            [
              29.099143206854365,
              29.943696450428376
            ],
            [
              28.474908200734433,
              29.68665850673193
            ],
            [
              27.593635250918,
              29.68665850673193
            ],
            [
              26.675642594859255,
              30.090575275397782
            ],
            [
              26.051407588739323,
              30.898408812729485
            ]
          ],
          [
            [
              30.531211750306,
              29.57649938800489
            ],
            [
              30.09057527539784,
              29.649938800489622
            ],
            [
              29.906976744186068,
              30.604651162790674
            ],
            [
              29.53977968176258,
              32.073439412484674
            ],
            [
              29.319461444308445,
              33.87270501835985
            ],
            [
              29.282741738066136,
              35.37821297429622
            ],
            [
              29.319461444308445,
              36.406364749082
            ],
            [
              29.503059975520216,
              37.0673194614443
            ],
            [
              29.649938800489622,
              37.324357405140745
            ],
            [
              29.980416156670742,
              37.36107711138311
            ],
            [
              30.274173806609554,
              36.73684210526318
            ],
            [
              30.71481028151777,
              35.48837209302326
            ],
            [
              31.412484700122434,
              33.79926560587518
            ],
            [
              32.22031823745414,
              32.036719706242366
            ],
            [
              32.881272949816434,
              30.75152998776008
            ],
            [
              33.285189718482286,
              30.164014687882513
            ],
            [
              33.468788249694,
              29.980416156670742
            ],
            [
              33.505507955936366,
              30.384332925336594
            ],
            [
              33.285189718482286,
              31.59608323133415
            ],
            [
              32.84455324357407,
              33.321909424724595
            ],
            [
              32.58751529987762,
              35.37821297429622
            ],
            [
              32.58751529987762,
              37.25091799265607
            ],
            [
              32.95471236230111,
              38.682986536107705
            ]
          ],
          [
            [
              35.08445532435741,
              36.55324357405141
            ],
            [
              34.75397796817629,
              35.745410036719704
            ],
            [
              34.460220318237475,
              34.680538555691555
            ],
            [
              34.3867809057528,
              33.76254589963281
            ],
            [
              34.570379436964515,
              33.02815177478578
            ],
            [
              35.19461444308445,
              32.44063647490822
            ],
            [
              35.929008567931476,
              32.11015911872704
            ],
            [
              36.58996328029377,
              32.036719706242366
            ],
            [
              37.214198286413705,
              32.036719706242366
            ],
            [
              37.69155446756429,
              32.40391676866585
            ],
            [
              37.875152998776,
              32.991432068543475
            ],
            [
              37.875152998776,
              33.76254589963281
            ],
            [
              37.72827417380665,
              34.64381884944919
            ],
            [
              37.214198286413705,
              35.5985312117503
            ],
            [
              36.5165238678091,
              36.44308445532437
            ],
            [
              35.929008567931476,
              37.0673194614443
            ],
            [
              35.45165238678095,
              37.25091799265607
            ],
            [
              35.01101591187273,
              37.25091799265607
            ],
            [
              34.71725826193392,
              37.25091799265607
            ]
          ],
          [
            [
              37.397796817625476,
              36.29620563035496
            ],
            [
              37.83843329253369,
              36.18604651162792
            ],
            [
              38.49938800489599,
              36.18604651162792
            ],
            [
              39.38066095471237,
              36.18604651162792
            ],
            [
              40.22521419828644,
              36.18604651162792
            ],
            [
              40.776009791921695,
              36.18604651162792
            ]
          ],
          [
            [
              38.97674418604652,
              36.55324357405141
            ],
            [
              38.90330477356184,
              35.635250917992664
            ],
            [
              39.12362301101592,
              35.12117503059977
            ],
            [
              39.307221542227694,
              34.570379436964515
            ],
            [
              39.417380660954734,
              33.98286413708689
            ],
            [
              39.4541003671971,
              33.35862913096696
            ],
            [
              39.4541003671971,
              32.69767441860466
            ],
            [
              39.417380660954734,
              32.146878824969406
            ],
            [
              39.34394124847006,
              31.88984088127296
            ]
          ]
        ]
      }
    }
  ]
}