{
  "type": "FeatureCollection",
  "crs": {
    "type": "name",
    "properties": {
      "name": "urn:ogc:def:crs:OGC:1.3:CRS84"
    }
  },
  "features": [
    {
      "type": "Feature",
      "properties": {
        "timestamp": "2026-07-19T18:08:38.398752",
        "country_name": "United States of America",
        "author": "",
        "author_id": "24d81ca3-ddd0-4971-b4ed-1decfde2a52f",
        "validated": false,
        "ranking": [
          [
            "United States of America",
            0.11947979032993317
          ],
          [
            "Turks and Caicos Islands",
            0.09905553609132767
          ],
          [
            "Uzbekistan",
            0.09333499521017075
          ],
          [
            "Mexico",
            0.043063949793577194
          ],
          [
            "Tajikistan",
            0.031711265444755554
          ],
          [
            "Italy",
            0.028604162856936455
          ],
          [
            "Samoa",
            0.024357063695788383
          ],
          [
            "Nepal",
            0.023679763078689575
          ],
          [
            "Indonesia",
            0.02253463678061962
          ],
          [
            "New Caledonia",
            0.019875353202223778
          ],
          [
            "Cuba",
            0.019036589190363884
          ],
          [
            "Georgia",
            0.01686652936041355
          ],
          [
            "Bahamas",
            0.01669459231197834
          ],
          [
            "Eritrea",
            0.015565108507871628
          ],
          [
            "Turkmenistan",
            0.015260791406035423
          ],
          [
            "Turkey",
            0.015132705681025982
          ],
          [
            "Bangladesh",
            0.0130001250654459
          ],
          [
            "Russia",
            0.01247227843850851
          ],
          [
            "Solomon Islands",
            0.0123097263276577
          ],
          [
            "Malaysia",
            0.01230106595903635
          ],
          [
            "El Salvador",
            0.012240798212587833
          ],
          [
            "Heard and McDonald Islands",
            0.011213543824851513
          ],
          [
            "Puerto Rico",
            0.010944614186882973
          ],
          [
            "Jamaica",
            0.010804321616888046
          ],
          [
            "Costa Rica",
            0.009901600889861584
          ],
          [
            "Saudi Arabia",
            0.008533955551683903
          ],
          [
            "Papua New Guinea",
            0.008344617672264576
          ],
          [
            "Mongolia",
            0.007920214906334877
          ],
          [
            "Ukraine",
            0.007738012354820967
          ],
          [
            "Comoros",
            0.007583758793771267
          ],
          [
            "Laos",
            0.006487858947366476
          ],
          [
            "Guinea-Bissau",
            0.0061389384791255
          ],
          [
            "Czech Republic",
            0.006096081342548132
          ],
          [
            "Sierra Leone",
            0.006047488190233707
          ],
          [
            "Guinea",
            0.0058508035726845264
          ],
          [
            "Dominican Republic",
            0.005416767671704292
          ],
          [
            "Ecuador",
            0.005204437766224146
          ],
          [
            "Equatorial Guinea",
            0.005178268067538738
          ],
          [
            "Panama",
            0.0050051831640303135
          ],
          [
            "Madeira Islands",
            0.004719824064522982
          ],
          [
            "Hong Kong",
            0.004674357827752829
          ],
          [
            "Barbados",
            0.004537859000265598
          ],
          [
            "Lithuania",
            0.004451252054423094
          ],
          [
            "Kazakhstan",
            0.004431767389178276
          ],
          [
            "Timor-Leste",
            0.004055903758853674
          ],
          [
            "Sudan",
            0.004049928393214941
          ],
          [
            "Switzerland",
            0.00384008907712996
          ],
          [
            "Iceland",
            0.0037255501374602318
          ],
          [
            "France",
            0.003478175960481167
          ],
          [
            "Ethiopia",
            0.0034302594140172005
          ],
          [
            "Gambia",
            0.0032564005814492702
          ],
          [
            "Romania",
            0.003229882102459669
          ],
          [
            "Slovakia",
            0.003220734652131796
          ],
          [
            "Netherlands Antilles",
            0.0031723319552838802
          ],
          [
            "Latvia",
            0.002976710442453623
          ],
          [
            "Guatemala",
            0.00276642432436347
          ],
          [
            "Venezuela",
            0.0027548824436962605
          ],
          [
            "Kyrgyzstan",
            0.0026941110845655203
          ],
          [
            "Cambodia",
            0.0026854919269680977
          ],
          [
            "Armenia",
            0.0026751342229545116
          ],
          [
            "Senegal",
            0.0025920183397829533
          ],
          [
            "Burundi",
            0.0025106321554630995
          ],
          [
            "Guadeloupe",
            0.002475308021530509
          ],
          [
            "Gabon",
            0.002422246616333723
          ],
          [
            "Cape Verde",
            0.0023759668692946434
          ],
          [
            "Bulgaria",
            0.002372665563598275
          ],
          [
            "Denmark",
            0.002320352476090193
          ],
          [
            "Zambia",
            0.0022262404672801495
          ],
          [
            "Belgium",
            0.0022239701356738806
          ],
          [
            "Luxembourg",
            0.002205556258559227
          ],
          [
            "Falkland Islands",
            0.0021792040206491947
          ],
          [
            "South Georgia Islands",
            0.002170712221413851
          ],
          [
            "Uganda",
            0.0021668816916644573
          ],
          [
            "Martinique",
            0.0020481646060943604
          ],
          [
            "India",
            0.0020475825294852257
          ],
          [
            "Cyprus",
            0.0020364357624202967
          ],
          [
            "United Arab Emirates",
            0.002031233860179782
          ],
          [
            "Bolivia",
            0.0019003766356036067
          ],
          [
            "Serbia",
            0.001866077771410346
          ],
          [
            "Suriname",
            0.0018656898755580187
          ],
          [
            "Guyana",
            0.0017960586119443178
          ],
          [
            "Australia",
            0.0017828940181061625
          ],
          [
            "Syria",
            0.0017716025467962027
          ],
          [
            "Moldova",
            0.0017713423585519195
          ],
          [
            "Azerbaijan",
            0.0017459802329540253
          ],
          [
            "Brazil",
            0.0016539220232516527
          ],
          [
            "China",
            0.0016466068336740136
          ],
          [
            "Paraguay",
            0.0016415206482633948
          ],
          [
            "Côte d'Ivoire",
            0.0016241486882790923
          ],
          [
            "North Macedonia",
            0.0016087916446849704
          ],
          [
            "Nigeria",
            0.0015593478456139565
          ],
          [
            "Peru",
            0.0014324398944154382
          ],
          [
            "Djibouti",
            0.0013859474565833807
          ],
          [
            "Burkina Faso",
            0.0013551905285567045
          ],
          [
            "Philippines",
            0.0013281197752803564
          ],
          [
            "South Africa",
            0.0012845280580222607
          ],
          [
            "Bhutan",
            0.001257639960385859
          ],
          [
            "Albania",
            0.001255878247320652
          ],
          [
            "Vanuatu",
            0.0012402836000546813
          ],
          [
            "Iran",
            0.0012364359572529793
          ],
          [
            "Honduras",
            0.0012171297566965222
          ],
          [
            "Angola",
            0.0012009873753413558
          ],
          [
            "Rwanda",
            0.0011761441128328443
          ],
          [
            "French Guiana",
            0.0011403972748667002
          ],
          [
            "Malawi",
            0.0010947531554847956
          ],
          [
            "Montenegro",
            0.0010745825711637735
          ],
          [
            "Liberia",
            0.001028482336550951
          ],
          [
            "Yemen",
            0.0010247442405670881
          ],
          [
            "Bosnia & Herzegovina",
            0.001003240467980504
          ],
          [
            "Central African Republic",
            0.0009932161774486303
          ],
          [
            "Croatia",
            0.000974027905613184
          ],
          [
            "South Sudan",
            0.0009736768552102149
          ],
          [
            "Slovenia",
            0.0009573462302796543
          ],
          [
            "Lesotho",
            0.0009545474895276129
          ],
          [
            "Niger",
            0.0009401627467013896
          ],
          [
            "Uruguay",
            0.0009141824557445943
          ],
          [
            "South Korea",
            0.0009103057673200965
          ],
          [
            "Canada",
            0.0008632569806650281
          ],
          [
            "Austria",
            0.0008576212567277253
          ],
          [
            "Hungary",
            0.0008557764813303947
          ],
          [
            "Vietnam",
            0.0008547862526029348
          ],
          [
            "Botswana",
            0.0008252115803770721
          ],
          [
            "Kiribati",
            0.000809522345662117
          ],
          [
            "Kenya",
            0.000764266646001488
          ],
          [
            "Estonia",
            0.0007577508804388344
          ],
          [
            "Somalia",
            0.0007142632966861129
          ],
          [
            "Trinidad and Tobago",
            0.000706314982380718
          ],
          [
            "Mali",
            0.0007003427017480135
          ],
          [
            "DR Congo",
            0.0006898084538988769
          ],
          [
            "Namibia",
            0.0006896479171700776
          ],
          [
            "Iraq",
            0.0006848960765637457
          ],
          [
            "Reunion",
            0.0006698067882098258
          ],
          [
            "Sri Lanka",
            0.0006571886478923261
          ],
          [
            "Kuwait",
            0.0006403836305253208
          ],
          [
            "Ghana",
            0.0006323352572508156
          ],
          [
            "Spain",
            0.0006313687190413475
          ],
          [
            "Bahrain",
            0.0006182129727676511
          ],
          [
            "Svalbard",
            0.0006077027646824718
          ],
          [
            "Germany",
            0.0005888383602723479
          ],
          [
            "Belarus",
            0.0005836611962877214
          ],
          [
            "Greece",
            0.000534628052264452
          ],
          [
            "Togo",
            0.0005211388925090432
          ],
          [
            "Belize",
            0.000518667686264962
          ],
          [
            "Nicaragua",
            0.0005004913546144962
          ],
          [
            "Thailand",
            0.0004919618950225413
          ],
          [
            "Dominica",
            0.00048407335998490453
          ],
          [
            "Poland",
            0.0004579846281558275
          ],
          [
            "Eswatini",
            0.00044212370994500816
          ],
          [
            "Libya",
            0.00043977214954793453
          ],
          [
            "United Kingdom",
            0.000438155431766063
          ],
          [
            "Congo",
            0.00042878426029346883
          ],
          [
            "Tunisia",
            0.00040393421659246087
          ],
          [
            "Colombia",
            0.00039921223651617765
          ],
          [
            "Jordan",
            0.00039162818575277925
          ],
          [
            "Benin",
            0.0003853558446280658
          ],
          [
            "Algeria",
            0.00036441083648242056
          ],
          [
            "Mozambique",
            0.0003408858028706163
          ],
          [
            "Isle of Man",
            0.00032554735662415624
          ],
          [
            "Myanmar",
            0.0003207962145097554
          ],
          [
            "Mauritania",
            0.00031691131880506873
          ],
          [
            "Oman",
            0.0003063115000259131
          ],
          [
            "Egypt",
            0.0003052663232665509
          ],
          [
            "Finland",
            0.00029886956326663494
          ],
          [
            "Faroe Islands",
            0.0002892122429329902
          ],
          [
            "Fiji",
            0.00028734386432915926
          ],
          [
            "Tanzania",
            0.00027664279332384467
          ],
          [
            "Portugal",
            0.00027289881836622953
          ],
          [
            "Zimbabwe",
            0.00026336387963965535
          ],
          [
            "Brunei",
            0.00025516172172501683
          ],
          [
            "Japan",
            0.00024725086404941976
          ],
          [
            "Greenland",
            0.0002456081274431199
          ],
          [
            "Mayotte",
            0.000244195107370615
          ],
          [
            "United States Virgin Islands",
            0.00023714971030130982
          ],
          [
            "Israel",
            0.0002307525573996827
          ],
          [
            "Pakistan",
            0.00023044468252919614
          ],
          [
            "Chile",
            0.0002246127842226997
          ],
          [
            "Argentina",
            0.0002184733748435974
          ],
          [
            "West Bank",
            0.00021417254174593836
          ],
          [
            "Qatar",
            0.00020077174121979624
          ],
          [
            "Cameroon",
            0.00020056353241670877
          ],
          [
            "Sao Tome and Principe",
            0.00020015386689919978
          ],
          [
            "North Korea",
            0.00019633084593806416
          ],
          [
            "Netherlands",
            0.00019596943457145244
          ],
          [
            "New Zealand",
            0.0001800454774638638
          ],
          [
            "Guam",
            0.0001556972274556756
          ],
          [
            "Sweden",
            0.00014857585483696312
          ],
          [
            "Haiti",
            0.0001365508942399174
          ],
          [
            "Ireland",
            0.00013472340651787817
          ],
          [
            "Antigua & Barbuda",
            0.00013079849304631352
          ],
          [
            "Morocco",
            0.00011490887845866382
          ],
          [
            "Lebanon",
            0.00011377743066987023
          ],
          [
            "Afghanistan",
            0.00011226371861994267
          ],
          [
            "Saint Lucia",
            8.670303941471502e-05
          ],
          [
            "Chad",
            7.479560008505359e-05
          ],
          [
            "Western Sahara",
            7.370527600869536e-05
          ],
          [
            "Taiwan",
            6.239913636818528e-05
          ],
          [
            "Norway",
            5.275974763208069e-05
          ],
          [
            "Palau",
            4.519309368333779e-05
          ],
          [
            "Madagascar",
            1.7948408640222624e-05
          ]
        ]
      },
      "geometry": {
        "type": "MultiLineString",
        "coordinates": [
          [
            [
              12.844919786096284,
              35.27272727272725
            ],
            [
              13.101604278074888,
              35.27272727272725
            ],
            [
              13.358288770053491,
              35.27272727272725
            ],
            [
              13.679144385026746,
              35.27272727272725
            ],
            [
              13.93582887700535,
              35.2085561497326
            ],
            [
              14.192513368983953,
              35.0802139037433
            ],
            [
              14.449197860962556,
              35.01604278074865
            ],
            [
              14.89839572192517,
              35.01604278074865
            ],
            [
              15.090909090909122,
              34.951871657754
            ],
            [
              15.411764705882376,
              34.88770053475935
            ],
            [
              15.66844919786098,
              34.759358288770045
            ],
            [
              16.053475935828885,
              34.56684491978609
            ],
            [
              16.245989304812838,
              34.50267379679144
            ],
            [
              16.50267379679144,
              34.43850267379679
            ],
            [
              16.759358288770045,
              34.43850267379679
            ],
            [
              17.144385026738007,
              34.43850267379679
            ],
            [
              17.593582887700563,
              34.43850267379679
            ],
            [
              18.04278074866312,
              34.43850267379679
            ],
            [
              18.491978609625676,
              34.43850267379679
            ],
            [
              18.74866310160428,
              34.43850267379679
            ],
            [
              19.133689839572185,
              34.43850267379679
            ],
            [
              19.518716577540147,
              34.43850267379679
            ],
            [
              19.8395721925134,
              34.43850267379679
            ],
            [
              20.288770053475957,
              34.43850267379679
            ],
            [
              20.54545454545456,
              34.43850267379679
            ],
            [
              20.802139037433165,
              34.43850267379679
            ],
            [
              21.443850267379673,
              34.43850267379679
            ],
            [
              21.828877005347636,
              34.43850267379679
            ],
            [
              22.08556149732624,
              34.43850267379679
            ],
            [
              22.470588235294144,
              34.43850267379679
            ],
            [
              22.727272727272748,
              34.43850267379679
            ],
            [
              23.048128342246002,
              34.43850267379679
            ],
            [
              23.49732620320856,
              34.43850267379679
            ],
            [
              23.754010695187162,
              34.37433155080214
            ],
            [
              24.203208556149775,
              34.37433155080214
            ],
            [
              24.52406417112303,
              34.37433155080214
            ],
            [
              24.780748663101633,
              34.31016042780749
            ],
            [
              25.037433155080237,
              34.31016042780749
            ],
            [
              25.486631016042793,
              34.31016042780749
            ],
            [
              25.679144385026746,
              34.24598930481284
            ],
            [
              26.0,
              34.24598930481284
            ],
            [
              26.256684491978604,
              34.18181818181819
            ],
            [
              26.577540106951915,
              34.18181818181819
            ],
            [
              26.96256684491982,
              34.18181818181819
            ],
            [
              27.283422459893075,
              34.18181818181819
            ],
            [
              27.60427807486633,
              34.18181818181819
            ],
            [
              27.925133689839583,
              34.053475935828885
            ],
            [
              28.245989304812838,
              34.053475935828885
            ],
            [
              28.50267379679144,
              33.989304812834234
            ],
            [
              28.759358288770045,
              33.989304812834234
            ],
            [
              29.080213903743356,
              33.989304812834234
            ],
            [
              29.40106951871661,
              33.86096256684493
            ],
            [
              29.850267379679167,
              33.86096256684493
            ],
            [
              30.10695187165777,
              33.79679144385028
            ],
            [
              30.363636363636374,
              33.79679144385028
            ],
            [
              30.68449197860963,
              33.79679144385028
            ],
            [
              31.005347593582883,
              33.79679144385028
            ],
            [
              31.326203208556194,
              33.79679144385028
            ],
            [
              31.582887700534798,
              33.79679144385028
            ],
            [
              31.8395721925134,
              33.79679144385028
            ],
            [
              32.41711229946526,
              33.79679144385028
            ],
            [
              32.737967914438514,
              33.79679144385028
            ],
            [
              33.12299465240642,
              33.79679144385028
            ],
            [
              33.508021390374324,
              33.79679144385028
            ],
            [
              33.76470588235293,
              33.79679144385028
            ],
            [
              34.14973262032089,
              33.79679144385028
            ],
            [
              34.598930481283446,
              33.79679144385028
            ],
            [
              34.9197860962567,
              33.79679144385028
            ],
            [
              35.304812834224606,
              33.79679144385028
            ],
            [
              35.56149732620321,
              33.79679144385028
            ],
            [
              35.882352941176464,
              33.79679144385028
            ],
            [
              36.267379679144426,
              33.79679144385028
            ],
            [
              36.71657754010698,
              33.79679144385028
            ],
            [
              37.03743315508024,
              33.79679144385028
            ],
            [
              37.29411764705884,
              33.79679144385028
            ],
            [
              37.679144385026746,
              33.79679144385028
            ],
            [
              37.93582887700535,
              33.79679144385028
            ],
            [
              38.19251336898395,
              33.79679144385028
            ],
            [
              38.385026737967905,
              33.347593582887725
            ],
            [
              38.51336898395721,
              33.15508021390377
            ],
            [
              38.577540106951915,
              32.96256684491982
            ],
            [
              38.77005347593587,
              32.77005347593581
            ],
            [
              38.641711229946566,
              32.385026737967905
            ],
            [
              38.577540106951915,
              32.19251336898395
            ],
            [
              38.385026737967905,
              31.93582887700535
            ],
            [
              38.1283422459893,
              31.679144385026746
            ],
            [
              37.93582887700535,
              31.550802139037444
            ],
            [
              37.7433155080214,
              31.35828877005349
            ],
            [
              37.550802139037444,
              31.29411764705884
            ],
            [
              37.35828877005349,
              31.22994652406419
            ],
            [
              37.29411764705884,
              30.780748663101633
            ],
            [
              37.22994652406419,
              30.58823529411768
            ],
            [
              37.10160427807489,
              30.20320855614972
            ],
            [
              37.10160427807489,
              29.818181818181813
            ],
            [
              37.10160427807489,
              29.49732620320856
            ],
            [
              37.10160427807489,
              29.176470588235304
            ],
            [
              37.10160427807489,
              28.9197860962567
            ],
            [
              37.16577540106954,
              28.727272727272748
            ],
            [
              37.16577540106954,
              28.470588235294144
            ],
            [
              37.10160427807489,
              28.21390374331554
            ],
            [
              37.10160427807489,
              27.89304812834223
            ],
            [
              37.10160427807489,
              27.572192513368975
            ],
            [
              37.10160427807489,
              27.25133689839572
            ],
            [
              37.10160427807489,
              26.994652406417117
            ],
            [
              37.10160427807489,
              26.737967914438514
            ],
            [
              37.10160427807489,
              26.48128342245991
            ],
            [
              37.10160427807489,
              26.224598930481307
            ],
            [
              37.10160427807489,
              25.903743315507995
            ],
            [
              37.16577540106954,
              25.58288770053474
            ],
            [
              37.42245989304814,
              25.58288770053474
            ],
            [
              37.7433155080214,
              25.58288770053474
            ],
            [
              38.06417112299465,
              25.58288770053474
            ],
            [
              38.385026737967905,
              25.58288770053474
            ],
            [
              38.641711229946566,
              25.58288770053474
            ],
            [
              38.89839572192517,
              25.58288770053474
            ],
            [
              39.283422459893075,
              25.58288770053474
            ],
            [
              39.54010695187168,
              25.58288770053474
            ],
            [
              39.92513368983958,
              25.775401069518693
            ],
            [
              40.053475935828885,
              25.967914438502703
            ],
            [
              40.18181818181819,
              26.160427807486656
            ],
            [
              40.18181818181819,
              26.41711229946526
            ],
            [
              40.31016042780749,
              26.802139037433165
            ],
            [
              40.43850267379679,
              27.058823529411768
            ],
            [
              40.56684491978609,
              27.508021390374324
            ],
            [
              40.63101604278074,
              27.82887700534758
            ],
            [
              40.759358288770045,
              28.149732620320833
            ],
            [
              40.88770053475935,
              28.470588235294144
            ],
            [
              40.951871657754054,
              28.663101604278097
            ],
            [
              41.016042780748705,
              28.85561497326205
            ],
            [
              40.759358288770045,
              29.368983957219257
            ],
            [
              40.56684491978609,
              29.62566844919786
            ],
            [
              40.50267379679144,
              29.882352941176464
            ],
            [
              40.43850267379679,
              30.26737967914437
            ],
            [
              40.43850267379679,
              30.524064171122973
            ],
            [
              40.37433155080214,
              30.909090909090935
            ],
            [
              40.37433155080214,
              31.22994652406419
            ],
            [
              40.37433155080214,
              31.614973262032095
            ],
            [
              40.50267379679144,
              32.1283422459893
            ],
            [
              40.63101604278074,
              32.320855614973254
            ],
            [
              40.695187165775394,
              32.57754010695186
            ],
            [
              40.759358288770045,
              32.77005347593581
            ],
            [
              40.951871657754054,
              32.89839572192511
            ],
            [
              41.080213903743356,
              33.09090909090912
            ],
            [
              41.40106951871661,
              33.09090909090912
            ],
            [
              41.657754010695214,
              33.09090909090912
            ],
            [
              41.91443850267382,
              33.09090909090912
            ],
            [
              42.17112299465242,
              32.96256684491982
            ],
            [
              42.491978609625676,
              32.89839572192511
            ],
            [
              42.74866310160428,
              32.83422459893046
            ],
            [
              43.133689839572185,
              32.83422459893046
            ],
            [
              43.51871657754015,
              32.83422459893046
            ],
            [
              43.8395721925134,
              32.83422459893046
            ],
            [
              44.160427807486656,
              32.83422459893046
            ],
            [
              44.54545454545456,
              32.83422459893046
            ],
            [
              44.737967914438514,
              32.70588235294116
            ],
            [
              44.930481283422466,
              32.57754010695186
            ],
            [
              45.18716577540107,
              32.320855614973254
            ],
            [
              45.25133689839572,
              32.1283422459893
            ],
            [
              45.31550802139037,
              31.93582887700535
            ],
            [
              45.44385026737967,
              31.679144385026746
            ],
            [
              45.508021390374324,
              31.486631016042793
            ],
            [
              45.636363636363626,
              31.037433155080237
            ],
            [
              45.700534759358334,
              30.780748663101633
            ],
            [
              45.76470588235293,
              30.58823529411768
            ],
            [
              45.76470588235293,
              30.33155080213902
            ],
            [
              45.76470588235293,
              30.074866310160417
            ],
            [
              45.76470588235293,
              29.68983957219251
            ],
            [
              45.76470588235293,
              29.433155080213908
            ],
            [
              45.76470588235293,
              29.176470588235304
            ],
            [
              45.828877005347636,
              28.98395721925135
            ],
            [
              46.02139037433159,
              28.9197860962567
            ],
            [
              46.40641711229949,
              28.9197860962567
            ],
            [
              46.72727272727275,
              28.9197860962567
            ],
            [
              46.98395721925135,
              28.9197860962567
            ],
            [
              46.85561497326205,
              28.08556149732624
            ],
            [
              46.7914438502674,
              27.700534759358277
            ],
            [
              46.6631016042781,
              27.25133689839572
            ],
            [
              46.534759358288795,
              26.994652406417117
            ],
            [
              46.40641711229949,
              26.737967914438514
            ],
            [
              46.14973262032089,
              26.54545454545456
            ],
            [
              46.02139037433159,
              26.35294117647061
            ],
            [
              45.95721925133694,
              26.160427807486656
            ],
            [
              45.893048128342286,
              25.967914438502703
            ],
            [
              46.02139037433159,
              25.775401069518693
            ],
            [
              46.21390374331554,
              25.58288770053474
            ],
            [
              46.534759358288795,
              25.45454545454544
            ],
            [
              46.9197860962567,
              25.45454545454544
            ],
            [
              47.240641711229955,
              25.51871657754009
            ],
            [
              47.43315508021391,
              25.58288770053474
            ],
            [
              47.68983957219251,
              25.7112299465241
            ],
            [
              47.94652406417117,
              25.775401069518693
            ],
            [
              48.13903743315507,
              25.8395721925134
            ],
            [
              48.33155080213908,
              25.903743315507995
            ],
            [
              48.52406417112303,
              26.032085561497354
            ],
            [
              48.65240641711233,
              26.288770053475957
            ],
            [
              48.844919786096284,
              26.48128342245991
            ],
            [
              49.10160427807489,
              26.802139037433165
            ],
            [
              49.22994652406419,
              27.12299465240642
            ],
            [
              49.42245989304814,
              27.31550802139037
            ],
            [
              49.48663101604279,
              27.508021390374324
            ],
            [
              49.614973262032095,
              27.89304812834223
            ],
            [
              49.679144385026746,
              28.08556149732624
            ],
            [
              49.93582887700535,
              28.406417112299494
            ],
            [
              50.0,
              28.663101604278097
            ],
            [
              50.1283422459893,
              28.98395721925135
            ],
            [
              50.44919786096261,
              29.304812834224606
            ],
            [
              50.641711229946566,
              29.62566844919786
            ],
            [
              50.83422459893052,
              29.946524064171115
            ],
            [
              51.09090909090912,
              30.33155080213902
            ],
            [
              51.283422459893075,
              30.652406417112275
            ],
            [
              51.347593582887725,
              30.844919786096284
            ],
            [
              51.411764705882376,
              31.037433155080237
            ],
            [
              51.60427807486633,
              31.16577540106954
            ],
            [
              51.86096256684493,
              31.35828877005349
            ],
            [
              51.92513368983958,
              31.550802139037444
            ],
            [
              52.18181818181819,
              31.614973262032095
            ],
            [
              52.37433155080214,
              31.743315508021396
            ],
            [
              52.56684491978609,
              31.8716577540107
            ],
            [
              52.759358288770045,
              32.06417112299465
            ],
            [
              53.080213903743356,
              32.19251336898395
            ],
            [
              53.46524064171126,
              32.320855614973254
            ],
            [
              53.85026737967917,
              32.51336898395721
            ],
            [
              54.23529411764707,
              32.64171122994651
            ],
            [
              54.491978609625676,
              32.70588235294116
            ],
            [
              54.74866310160428,
              32.77005347593581
            ],
            [
              55.19786096256689,
              32.83422459893046
            ],
            [
              55.5828877005348,
              32.96256684491982
            ],
            [
              55.8395721925134,
              33.026737967914414
            ],
            [
              56.28877005347596,
              33.15508021390377
            ],
            [
              56.48128342245991,
              33.283422459893075
            ],
            [
              56.802139037433165,
              33.347593582887725
            ],
            [
              57.05882352941177,
              33.47593582887703
            ],
            [
              57.37967914438502,
              33.47593582887703
            ],
            [
              57.57219251336903,
              33.66844919786098
            ],
            [
              57.893048128342286,
              33.73262032085563
            ],
            [
              58.14973262032089,
              33.86096256684493
            ],
            [
              58.40641711229949,
              33.92513368983958
            ],
            [
              58.598930481283446,
              34.053475935828885
            ],
            [
              58.7914438502674,
              34.18181818181819
            ],
            [
              58.98395721925135,
              34.24598930481284
            ],
            [
              59.304812834224606,
              34.50267379679144
            ],
            [
              59.56149732620321,
              34.759358288770045
            ],
            [
              59.81818181818187,
              35.0802139037433
            ],
            [
              60.07486631016047,
              35.46524064171126
            ],
            [
              60.267379679144426,
              35.786096256684516
            ],
            [
              60.39572192513373,
              35.97860962566847
            ],
            [
              60.58823529411768,
              36.10695187165777
            ],
            [
              60.71657754010698,
              36.29946524064172
            ],
            [
              60.909090909090935,
              36.427807486631025
            ],
            [
              61.42245989304814,
              36.04278074866312
            ],
            [
              61.679144385026746,
              35.85026737967917
            ],
            [
              61.80748663101605,
              35.657754010695214
            ],
            [
              62.0,
              35.46524064171126
            ],
            [
              62.0,
              35.14438502673795
            ],
            [
              62.0,
              34.695187165775394
            ],
            [
              62.0,
              34.43850267379679
            ],
            [
              62.0,
              34.117647058823536
            ],
            [
              61.93582887700535,
              33.86096256684493
            ],
            [
              61.8716577540107,
              33.60427807486633
            ],
            [
              61.80748663101605,
              33.347593582887725
            ],
            [
              61.7433155080214,
              33.09090909090912
            ],
            [
              61.614973262032095,
              32.83422459893046
            ],
            [
              61.48663101604279,
              32.51336898395721
            ],
            [
              61.35828877005349,
              32.2566844919786
            ],
            [
              61.10160427807489,
              31.807486631016047
            ],
            [
              60.909090909090935,
              31.679144385026746
            ],
            [
              60.78074866310163,
              31.486631016042793
            ],
            [
              60.58823529411768,
              31.29411764705884
            ],
            [
              60.39572192513373,
              31.16577540106954
            ],
            [
              60.267379679144426,
              30.973262032085586
            ],
            [
              60.07486631016047,
              30.844919786096284
            ],
            [
              59.81818181818187,
              30.652406417112275
            ],
            [
              59.62566844919786,
              30.39572192513367
            ],
            [
              59.304812834224606,
              30.20320855614972
            ],
            [
              59.11229946524065,
              30.074866310160417
            ],
            [
              58.98395721925135,
              29.882352941176464
            ],
            [
              58.72727272727275,
              29.68983957219251
            ],
            [
              58.470588235294144,
              29.49732620320856
            ],
            [
              58.27807486631019,
              29.240641711229955
            ],
            [
              58.08556149732624,
              28.98395721925135
            ],
            [
              58.02139037433159,
              28.7914438502674
            ],
            [
              57.764705882352985,
              28.598930481283446
            ],
            [
              57.508021390374324,
              28.278074866310135
            ],
            [
              57.37967914438502,
              28.02139037433153
            ],
            [
              57.18716577540107,
              27.764705882352928
            ],
            [
              57.05882352941177,
              27.572192513368975
            ],
            [
              56.930481283422466,
              27.25133689839572
            ],
            [
              56.67379679144386,
              26.994652406417117
            ],
            [
              56.48128342245991,
              26.673796791443863
            ],
            [
              56.35294117647061,
              26.48128342245991
            ],
            [
              56.096256684492005,
              26.160427807486656
            ],
            [
              55.9679144385027,
              25.967914438502703
            ],
            [
              55.8395721925134,
              25.775401069518693
            ],
            [
              55.64705882352945,
              25.64705882352939
            ],
            [
              55.454545454545496,
              25.51871657754009
            ],
            [
              55.262032085561486,
              25.326203208556137
            ],
            [
              55.06951871657759,
              25.262032085561486
            ],
            [
              54.94117647058823,
              25.069518716577534
            ],
            [
              54.74866310160428,
              24.941176470588232
            ],
            [
              54.491978609625676,
              24.81283422459893
            ],
            [
              54.29946524064172,
              24.620320855614978
            ],
            [
              54.04278074866312,
              24.556149732620327
            ],
            [
              53.85026737967917,
              24.427807486631025
            ],
            [
              53.52941176470591,
              24.235294117647072
            ],
            [
              53.27272727272731,
              24.04278074866312
            ],
            [
              52.951871657754054,
              23.850267379679167
            ],
            [
              52.759358288770045,
              23.786096256684516
            ],
            [
              52.43850267379679,
              23.46524064171126
            ],
            [
              52.18181818181819,
              23.33689839572196
            ],
            [
              52.117647058823536,
              23.14438502673795
            ],
            [
              51.989304812834234,
              22.951871657753998
            ],
            [
              51.92513368983958,
              22.759358288770045
            ],
            [
              51.86096256684493,
              22.50267379679144
            ],
            [
              51.86096256684493,
              22.245989304812838
            ],
            [
              51.79679144385028,
              21.925133689839583
            ],
            [
              51.79679144385028,
              21.60427807486633
            ],
            [
              51.79679144385028,
              21.219251336898424
            ],
            [
              51.79679144385028,
              20.77005347593581
            ],
            [
              51.79679144385028,
              20.385026737967905
            ],
            [
              51.79679144385028,
              20.06417112299465
            ],
            [
              51.79679144385028,
              19.807486631016047
            ],
            [
              51.79679144385028,
              19.486631016042793
            ],
            [
              51.86096256684493,
              19.22994652406419
            ],
            [
              51.86096256684493,
              18.909090909090935
            ],
            [
              51.86096256684493,
              18.524064171122973
            ],
            [
              51.86096256684493,
              18.139037433155067
            ],
            [
              51.92513368983958,
              17.946524064171115
            ],
            [
              51.92513368983958,
              17.68983957219251
            ],
            [
              52.053475935828885,
              17.433155080213908
            ],
            [
              52.053475935828885,
              16.98395721925135
            ],
            [
              52.053475935828885,
              16.598930481283446
            ],
            [
              52.053475935828885,
              16.149732620320833
            ],
            [
              52.053475935828885,
              15.828877005347579
            ],
            [
              52.117647058823536,
              15.443850267379673
            ],
            [
              52.117647058823536,
              14.930481283422466
            ],
            [
              51.989304812834234,
              14.41711229946526
            ],
            [
              51.989304812834234,
              14.160427807486656
            ],
            [
              51.92513368983958,
              13.839572192513401
            ],
            [
              51.86096256684493,
              13.454545454545439
            ],
            [
              51.79679144385028,
              13.197860962566835
            ],
            [
              51.79679144385028,
              12.81283422459893
            ],
            [
              51.73262032085563,
              12.556149732620327
            ],
            [
              51.66844919786098,
              12.235294117647072
            ],
            [
              51.60427807486633,
              12.04278074866312
            ],
            [
              51.47593582887703,
              11.721925133689865
            ],
            [
              51.411764705882376,
              11.336898395721903
            ],
            [
              51.347593582887725,
              11.14438502673795
            ],
            [
              51.219251336898424,
              10.951871657753998
            ],
            [
              51.15508021390377,
              10.695187165775394
            ],
            [
              50.89839572192517,
              10.502673796791441
            ],
            [
              50.77005347593587,
              10.245989304812838
            ],
            [
              50.577540106951915,
              10.181818181818187
            ],
            [
              50.385026737967905,
              10.117647058823536
            ],
            [
              50.1283422459893,
              10.053475935828885
            ],
            [
              49.7433155080214,
              9.989304812834234
            ],
            [
              49.48663101604279,
              9.989304812834234
            ],
            [
              49.22994652406419,
              9.989304812834234
            ],
            [
              48.71657754010698,
              9.989304812834234
            ],
            [
              48.45989304812838,
              9.989304812834234
            ],
            [
              48.203208556149775,
              9.989304812834234
            ],
            [
              48.010695187165766,
              10.053475935828885
            ],
            [
              47.75401069518716,
              10.245989304812838
            ],
            [
              47.56149732620321,
              10.43850267379679
            ],
            [
              47.176470588235304,
              10.566844919786092
            ],
            [
              46.9197860962567,
              10.759358288770045
            ],
            [
              46.7914438502674,
              11.016042780748649
            ],
            [
              46.7914438502674,
              11.272727272727252
            ],
            [
              46.6631016042781,
              11.593582887700563
            ],
            [
              46.6631016042781,
              11.978609625668469
            ],
            [
              46.598930481283446,
              12.171122994652421
            ],
            [
              46.598930481283446,
              12.491978609625676
            ],
            [
              46.470588235294144,
              12.74866310160428
            ],
            [
              46.14973262032089,
              13.133689839572185
            ],
            [
              45.95721925133694,
              13.326203208556137
            ],
            [
              45.828877005347636,
              13.51871657754009
            ],
            [
              45.57219251336903,
              13.775401069518693
            ],
            [
              45.44385026737967,
              14.096256684492005
            ],
            [
              45.25133689839572,
              14.288770053475957
            ],
            [
              45.05882352941177,
              14.41711229946526
            ],
            [
              44.930481283422466,
              14.609625668449212
            ],
            [
              44.737967914438514,
              14.737967914438514
            ],
            [
              44.54545454545456,
              14.866310160427815
            ],
            [
              44.28877005347596,
              15.18716577540107
            ],
            [
              44.160427807486656,
              15.379679144385022
            ],
            [
              43.90374331550805,
              15.508021390374324
            ],
            [
              43.8395721925134,
              15.700534759358277
            ],
            [
              43.51871657754015,
              15.95721925133688
            ],
            [
              43.326203208556194,
              16.21390374331554
            ],
            [
              43.069518716577534,
              16.342245989304843
            ],
            [
              42.87700534759358,
              16.470588235294144
            ],
            [
              42.23529411764707,
              16.470588235294144
            ],
            [
              41.786096256684516,
              16.470588235294144
            ],
            [
              41.40106951871661,
              16.470588235294144
            ],
            [
              41.14438502673801,
              16.470588235294144
            ],
            [
              40.82352941176475,
              16.470588235294144
            ],
            [
              40.24598930481284,
              16.470588235294144
            ],
            [
              39.989304812834234,
              16.470588235294144
            ],
            [
              39.60427807486633,
              16.534759358288795
            ],
            [
              39.15508021390377,
              16.598930481283446
            ],
            [
              38.83422459893052,
              16.727272727272748
            ],
            [
              38.51336898395721,
              16.727272727272748
            ],
            [
              38.32085561497331,
              16.7914438502674
            ],
            [
              38.06417112299465,
              16.7914438502674
            ],
            [
              37.8716577540107,
              16.85561497326205
            ],
            [
              37.614973262032095,
              16.85561497326205
            ],
            [
              37.35828877005349,
              16.7914438502674
            ],
            [
              37.29411764705884,
              16.406417112299437
            ],
            [
              37.10160427807489,
              16.149732620320833
            ],
            [
              36.973262032085586,
              15.764705882352928
            ],
            [
              36.909090909090935,
              15.508021390374324
            ],
            [
              36.844919786096284,
              15.25133689839572
            ],
            [
              36.78074866310163,
              14.994652406417117
            ],
            [
              36.58823529411768,
              14.802139037433165
            ],
            [
              36.45989304812838,
              14.545454545454561
            ],
            [
              36.39572192513373,
              14.352941176470608
            ],
            [
              36.267379679144426,
              14.160427807486656
            ],
            [
              36.010695187165766,
              13.839572192513401
            ],
            [
              35.81818181818181,
              13.58288770053474
            ],
            [
              35.68983957219251,
              13.390374331550788
            ],
            [
              35.49732620320856,
              13.262032085561486
            ],
            [
              35.36898395721926,
              13.069518716577534
            ],
            [
              35.304812834224606,
              12.81283422459893
            ],
            [
              35.176470588235304,
              12.620320855614978
            ],
            [
              35.048128342246,
              12.427807486631025
            ],
            [
              34.9197860962567,
              12.235294117647072
            ],
            [
              34.7914438502674,
              12.04278074866312
            ],
            [
              34.6631016042781,
              11.786096256684516
            ],
            [
              34.40641711229949,
              11.529411764705856
            ],
            [
              34.21390374331554,
              11.272727272727252
            ],
            [
              34.08556149732624,
              11.0802139037433
            ],
            [
              33.893048128342286,
              10.951871657753998
            ],
            [
              33.76470588235293,
              10.759358288770045
            ],
            [
              33.636363636363626,
              10.566844919786092
            ],
            [
              33.44385026737967,
              10.310160427807489
            ],
            [
              33.31550802139037,
              10.117647058823536
            ],
            [
              33.12299465240642,
              9.860962566844933
            ],
            [
              32.866310160427815,
              9.604278074866329
            ],
            [
              32.67379679144386,
              9.411764705882376
            ],
            [
              32.54545454545456,
              9.219251336898424
            ],
            [
              32.28877005347596,
              9.090909090909122
            ],
            [
              32.032085561497354,
              9.026737967914414
            ],
            [
              31.582887700534798,
              9.026737967914414
            ],
            [
              31.262032085561486,
              9.026737967914414
            ],
            [
              31.069518716577534,
              9.090909090909122
            ],
            [
              30.87700534759358,
              9.411764705882376
            ],
            [
              30.74866310160428,
              9.796791443850282
            ],
            [
              30.68449197860963,
              10.053475935828885
            ],
            [
              30.620320855614978,
              10.43850267379679
            ],
            [
              30.620320855614978,
              10.695187165775394
            ],
            [
              30.620320855614978,
              11.016042780748649
            ],
            [
              30.556149732620327,
              11.208556149732601
            ],
            [
              30.491978609625676,
              11.465240641711262
            ],
            [
              30.427807486631025,
              11.786096256684516
            ],
            [
              30.363636363636374,
              12.10695187165777
            ],
            [
              30.235294117647072,
              12.299465240641723
            ],
            [
              30.235294117647072,
              12.620320855614978
            ],
            [
              30.17112299465242,
              12.81283422459893
            ],
            [
              30.17112299465242,
              13.069518716577534
            ],
            [
              30.04278074866312,
              13.326203208556137
            ],
            [
              29.97860962566847,
              13.58288770053474
            ],
            [
              29.914438502673818,
              13.775401069518693
            ],
            [
              29.721925133689865,
              14.096256684492005
            ],
            [
              29.657754010695214,
              14.288770053475957
            ],
            [
              29.593582887700563,
              14.48128342245991
            ],
            [
              29.529411764705912,
              14.673796791443863
            ],
            [
              29.33689839572196,
              14.737967914438514
            ],
            [
              29.080213903743356,
              14.737967914438514
            ],
            [
              28.759358288770045,
              14.737967914438514
            ],
            [
              28.43850267379679,
              14.737967914438514
            ],
            [
              28.117647058823536,
              14.737967914438514
            ],
            [
              27.860962566844933,
              14.737967914438514
            ],
            [
              27.540106951871678,
              14.673796791443863
            ],
            [
              27.219251336898424,
              14.673796791443863
            ],
            [
              26.96256684491982,
              14.673796791443863
            ],
            [
              26.641711229946566,
              14.802139037433165
            ],
            [
              26.320855614973254,
              14.930481283422466
            ],
            [
              26.0,
              14.994652406417117
            ],
            [
              25.743315508021396,
              15.18716577540107
            ],
            [
              25.486631016042793,
              15.25133689839572
            ],
            [
              25.16577540106954,
              15.315508021390372
            ],
            [
              24.909090909090935,
              15.379679144385022
            ],
            [
              24.65240641711233,
              15.443850267379673
            ],
            [
              24.395721925133728,
              15.443850267379673
            ],
            [
              23.818181818181813,
              15.443850267379673
            ],
            [
              23.240641711229955,
              15.25133689839572
            ],
            [
              22.7914438502674,
              14.994652406417117
            ],
            [
              22.27807486631019,
              14.802139037433165
            ],
            [
              21.893048128342286,
              14.673796791443863
            ],
            [
              21.572192513368975,
              14.545454545454561
            ],
            [
              21.18716577540107,
              14.545454545454561
            ],
            [
              20.930481283422466,
              14.545454545454561
            ],
            [
              20.54545454545456,
              14.48128342245991
            ],
            [
              20.288770053475957,
              14.48128342245991
            ],
            [
              20.032085561497354,
              14.48128342245991
            ],
            [
              19.64705882352945,
              14.48128342245991
            ],
            [
              19.390374331550788,
              14.48128342245991
            ],
            [
              19.133689839572185,
              14.48128342245991
            ],
            [
              18.87700534759358,
              14.673796791443863
            ],
            [
              18.620320855614978,
              14.737967914438514
            ],
            [
              18.235294117647072,
              14.737967914438514
            ],
            [
              17.850267379679167,
              14.802139037433165
            ],
            [
              17.529411764705912,
              14.802139037433165
            ],
            [
              17.208556149732658,
              14.930481283422466
            ],
            [
              16.951871657754054,
              14.994652406417117
            ],
            [
              16.759358288770045,
              15.122994652406419
            ],
            [
              16.566844919786092,
              15.18716577540107
            ],
            [
              16.37433155080214,
              15.25133689839572
            ],
            [
              15.925133689839583,
              15.25133689839572
            ],
            [
              15.411764705882376,
              15.315508021390372
            ],
            [
              15.155080213903773,
              15.315508021390372
            ],
            [
              14.89839572192517,
              15.443850267379673
            ],
            [
              14.705882352941217,
              15.508021390374324
            ],
            [
              14.513368983957207,
              15.764705882352928
            ],
            [
              14.320855614973254,
              15.89304812834223
            ],
            [
              14.128342245989302,
              16.085561497326182
            ],
            [
              14.0,
              16.278074866310135
            ],
            [
              13.807486631016047,
              16.406417112299437
            ],
            [
              13.743315508021396,
              16.598930481283446
            ],
            [
              13.614973262032095,
              16.7914438502674
            ],
            [
              13.550802139037444,
              16.98395721925135
            ],
            [
              13.29411764705884,
              17.368983957219257
            ],
            [
              13.101604278074888,
              17.62566844919786
            ],
            [
              12.973262032085586,
              17.946524064171115
            ],
            [
              12.780748663101633,
              18.33155080213902
            ],
            [
              12.716577540106982,
              18.524064171122973
            ],
            [
              12.652406417112331,
              18.716577540106982
            ],
            [
              12.652406417112331,
              18.973262032085586
            ],
            [
              12.58823529411768,
              19.35828877005349
            ],
            [
              12.52406417112303,
              19.614973262032095
            ],
            [
              12.52406417112303,
              19.93582887700535
            ],
            [
              12.459893048128379,
              20.192513368983953
            ],
            [
              12.459893048128379,
              20.577540106951858
            ],
            [
              12.395721925133728,
              20.83422459893046
            ],
            [
              12.331550802139077,
              21.155080213903716
            ],
            [
              12.331550802139077,
              21.540106951871678
            ],
            [
              12.203208556149775,
              21.73262032085563
            ],
            [
              12.139037433155067,
              22.181818181818187
            ],
            [
              12.074866310160417,
              22.37433155080214
            ],
            [
              12.074866310160417,
              22.759358288770045
            ],
            [
              12.010695187165766,
              22.951871657753998
            ],
            [
              12.010695187165766,
              23.2085561497326
            ],
            [
              11.946524064171115,
              23.46524064171126
            ],
            [
              11.946524064171115,
              23.721925133689865
            ],
            [
              11.946524064171115,
              23.97860962566847
            ],
            [
              11.882352941176464,
              24.363636363636374
            ],
            [
              11.882352941176464,
              24.68449197860963
            ],
            [
              11.818181818181813,
              24.87700534759358
            ],
            [
              11.689839572192511,
              25.262032085561486
            ],
            [
              11.689839572192511,
              25.775401069518693
            ],
            [
              11.689839572192511,
              26.032085561497354
            ],
            [
              11.689839572192511,
              26.48128342245991
            ],
            [
              11.754010695187162,
              26.802139037433165
            ],
            [
              11.818181818181813,
              27.12299465240642
            ],
            [
              11.946524064171115,
              27.572192513368975
            ],
            [
              12.074866310160417,
              28.02139037433153
            ],
            [
              12.267379679144426,
              28.470588235294144
            ],
            [
              12.395721925133728,
              28.9197860962567
            ],
            [
              12.459893048128379,
              29.240641711229955
            ],
            [
              12.459893048128379,
              29.56149732620321
            ],
            [
              12.52406417112303,
              29.754010695187162
            ],
            [
              12.52406417112303,
              30.139037433155067
            ],
            [
              12.52406417112303,
              30.652406417112275
            ],
            [
              12.52406417112303,
              31.101604278074888
            ],
            [
              12.52406417112303,
              31.35828877005349
            ],
            [
              12.52406417112303,
              31.614973262032095
            ],
            [
              12.52406417112303,
              31.8716577540107
            ],
            [
              12.52406417112303,
              32.19251336898395
            ],
            [
              12.459893048128379,
              32.385026737967905
            ],
            [
              12.459893048128379,
              32.64171122994651
            ],
            [
              12.395721925133728,
              32.89839572192511
            ],
            [
              12.395721925133728,
              33.15508021390377
            ],
            [
              12.331550802139077,
              33.411764705882376
            ],
            [
              12.331550802139077,
              33.73262032085563
            ],
            [
              12.203208556149775,
              33.989304812834234
            ],
            [
              12.203208556149775,
              34.31016042780749
            ],
            [
              12.203208556149775,
              34.823529411764696
            ],
            [
              12.139037433155067,
              35.01604278074865
            ],
            [
              12.139037433155067,
              35.33689839572196
            ],
            [
              12.139037433155067,
              35.59358288770056
            ],
            [
              12.139037433155067,
              35.91443850267382
            ],
            [
              12.139037433155067,
              36.29946524064172
            ],
            [
              12.331550802139077,
              36.363636363636374
            ]
          ],
          [
            [
              13.550802139037444,
              42.20320855614972
            ],
            [
              13.422459893048142,
              42.65240641711233
            ],
            [
              13.29411764705884,
              42.909090909090935
            ],
            [
              13.165775401069538,
              43.22994652406419
            ],
            [
              13.101604278074888,
              43.48663101604279
            ],
            [
              13.037433155080237,
              43.7433155080214
            ],
            [
              12.909090909090935,
              44.0
            ],
            [
              12.909090909090935,
              44.320855614973254
            ],
            [
              12.909090909090935,
              44.57754010695186
            ],
            [
              12.780748663101633,
              44.96256684491982
            ],
            [
              12.780748663101633,
              45.219251336898424
            ],
            [
              12.780748663101633,
              45.54010695187168
            ],
            [
              12.716577540106982,
              45.86096256684493
            ],
            [
              12.652406417112331,
              46.37433155080214
            ],
            [
              12.652406417112331,
              46.63101604278074
            ],
            [
              12.652406417112331,
              46.951871657754
            ],
            [
              12.652406417112331,
              47.2085561497326
            ],
            [
              12.716577540106982,
              47.52941176470591
            ],
            [
              12.909090909090935,
              47.786096256684516
            ],
            [
              12.973262032085586,
              48.10695187165777
            ],
            [
              13.101604278074888,
              48.29946524064172
            ],
            [
              13.22994652406419,
              48.55614973262033
            ],
            [
              13.358288770053491,
              48.74866310160428
            ],
            [
              13.486631016042793,
              49.069518716577534
            ],
            [
              13.679144385026746,
              49.32620320855614
            ],
            [
              13.743315508021396,
              49.58288770053474
            ],
            [
              14.0,
              49.90374331550805
            ],
            [
              14.128342245989302,
              50.22459893048131
            ],
            [
              14.256684491978604,
              50.48128342245991
            ],
            [
              14.449197860962556,
              50.737967914438514
            ],
            [
              14.513368983957207,
              50.930481283422466
            ],
            [
              14.705882352941217,
              51.25133689839572
            ],
            [
              14.770053475935867,
              51.44385026737967
            ],
            [
              14.96256684491982,
              51.76470588235293
            ],
            [
              15.090909090909122,
              51.95721925133688
            ],
            [
              15.219251336898424,
              52.21390374331554
            ],
            [
              15.283422459893075,
              52.470588235294144
            ],
            [
              15.475935828877027,
              52.72727272727275
            ],
            [
              15.66844919786098,
              52.98395721925135
            ],
            [
              15.796791443850282,
              53.36898395721926
            ],
            [
              15.989304812834234,
              53.56149732620321
            ],
            [
              16.117647058823536,
              53.81818181818181
            ],
            [
              16.181818181818187,
              54.010695187165766
            ],
            [
              16.31016042780749,
              54.20320855614972
            ],
            [
              16.43850267379679,
              54.52406417112297
            ],
            [
              16.631016042780743,
              54.909090909090935
            ],
            [
              16.695187165775394,
              55.10160427807489
            ],
            [
              16.823529411764696,
              55.29411764705884
            ],
            [
              16.887700534759347,
              55.614973262032095
            ],
            [
              17.080213903743356,
              55.80748663101605
            ],
            [
              17.080213903743356,
              56.06417112299465
            ],
            [
              17.144385026738007,
              56.2566844919786
            ],
            [
              17.208556149732658,
              56.449197860962556
            ],
            [
              17.208556149732658,
              56.70588235294116
            ],
            [
              17.208556149732658,
              57.02673796791447
            ],
            [
              16.887700534759347,
              57.02673796791447
            ],
            [
              16.695187165775394,
              57.15508021390377
            ],
            [
              16.50267379679144,
              57.283422459893075
            ],
            [
              16.31016042780749,
              57.411764705882376
            ],
            [
              16.181818181818187,
              57.60427807486633
            ],
            [
              15.925133689839583,
              57.60427807486633
            ],
            [
              15.604278074866329,
              57.60427807486633
            ],
            [
              15.283422459893075,
              57.60427807486633
            ],
            [
              14.705882352941217,
              57.47593582887703
            ],
            [
              14.449197860962556,
              57.347593582887725
            ],
            [
              14.192513368983953,
              57.283422459893075
            ],
            [
              14.0,
              57.219251336898424
            ],
            [
              13.743315508021396,
              57.219251336898424
            ],
            [
              13.29411764705884,
              57.219251336898424
            ],
            [
              13.037433155080237,
              57.15508021390377
            ],
            [
              12.716577540106982,
              56.89839572192511
            ],
            [
              12.459893048128379,
              56.96256684491982
            ],
            [
              12.074866310160417,
              57.15508021390377
            ],
            [
              11.882352941176464,
              57.219251336898424
            ],
            [
              11.62566844919786,
              57.219251336898424
            ],
            [
              11.304812834224606,
              57.219251336898424
            ],
            [
              11.048128342246002,
              57.347593582887725
            ],
            [
              10.85561497326205,
              57.411764705882376
            ],
            [
              10.598930481283446,
              57.411764705882376
            ],
            [
              10.21390374331554,
              57.411764705882376
            ],
            [
              9.828877005347636,
              57.411764705882376
            ],
            [
              9.508021390374324,
              57.283422459893075
            ],
            [
              9.315508021390372,
              57.219251336898424
            ],
            [
              8.802139037433165,
              56.77005347593581
            ],
            [
              7.77540106951875,
              56.06417112299465
            ],
            [
              7.1978609625668355,
              55.614973262032095
            ],
            [
              6.81283422459893,
              55.22994652406419
            ],
            [
              6.556149732620327,
              55.16577540106954
            ],
            [
              6.299465240641723,
              55.03743315508024
            ],
            [
              5.914438502673818,
              54.973262032085586
            ],
            [
              5.657754010695214,
              54.973262032085586
            ],
            [
              5.33689839572196,
              54.909090909090935
            ],
            [
              4.951871657753998,
              54.52406417112297
            ],
            [
              4.823529411764696,
              54.07486631016042
            ],
            [
              4.695187165775394,
              53.62566844919786
            ],
            [
              4.631016042780743,
              53.36898395721926
            ],
            [
              4.631016042780743,
              53.11229946524065
            ],
            [
              4.695187165775394,
              52.9197860962567
            ],
            [
              4.887700534759347,
              52.7914438502674
            ],
            [
              5.144385026738007,
              52.72727272727275
            ],
            [
              5.401069518716611,
              52.534759358288795
            ],
            [
              5.657754010695214,
              52.470588235294144
            ],
            [
              5.914438502673818,
              52.40641711229949
            ],
            [
              6.299465240641723,
              52.27807486631019
            ],
            [
              6.684491978609628,
              52.21390374331554
            ],
            [
              6.748663101604279,
              52.02139037433153
            ],
            [
              6.748663101604279,
              51.44385026737967
            ],
            [
              6.556149732620327,
              50.99465240641712
            ],
            [
              6.299465240641723,
              50.41711229946526
            ],
            [
              5.978609625668469,
              49.8395721925134
            ],
            [
              5.850267379679167,
              49.64705882352939
            ],
            [
              5.657754010695214,
              49.39037433155079
            ],
            [
              5.465240641711262,
              49.197860962566835
            ],
            [
              5.208556149732658,
              49.069518716577534
            ],
            [
              4.951871657753998,
              48.87700534759358
            ],
            [
              4.759358288770045,
              48.74866310160428
            ],
            [
              4.4385026737967905,
              48.62032085561498
            ],
            [
              4.181818181818187,
              48.491978609625676
            ],
            [
              3.8609625668449326,
              48.29946524064172
            ],
            [
              3.540106951871678,
              48.17112299465242
            ],
            [
              3.2834224598930746,
              48.10695187165777
            ],
            [
              3.090909090909122,
              48.04278074866312
            ],
            [
              2.8342245989305184,
              48.04278074866312
            ],
            [
              2.513368983957207,
              47.786096256684516
            ],
            [
              2.2566844919786035,
              47.721925133689865
            ],
            [
              2.3850267379679053,
              47.46524064171126
            ],
            [
              2.577540106951858,
              47.27272727272725
            ],
            [
              2.7700534759358675,
              47.14438502673795
            ],
            [
              3.026737967914471,
              47.0802139037433
            ],
            [
              3.3475935828877255,
              46.951871657754
            ],
            [
              3.604278074866329,
              46.759358288770045
            ],
            [
              3.9893048128342343,
              46.695187165775394
            ],
            [
              4.181818181818187,
              46.63101604278074
            ],
            [
              4.37433155080214,
              46.56684491978609
            ],
            [
              4.631016042780743,
              46.56684491978609
            ],
            [
              5.080213903743356,
              46.56684491978609
            ],
            [
              5.33689839572196,
              46.56684491978609
            ],
            [
              5.657754010695214,
              46.56684491978609
            ],
            [
              5.978609625668469,
              46.56684491978609
            ],
            [
              6.299465240641723,
              46.56684491978609
            ],
            [
              6.491978609625676,
              46.63101604278074
            ],
            [
              6.81283422459893,
              46.63101604278074
            ],
            [
              7.133689839572185,
              46.63101604278074
            ],
            [
              7.454545454545496,
              46.63101604278074
            ],
            [
              7.711229946524099,
              46.56684491978609
            ],
            [
              7.903743315508052,
              46.37433155080214
            ],
            [
              7.967914438502703,
              46.18181818181819
            ],
            [
              8.032085561497354,
              45.989304812834234
            ],
            [
              8.096256684492005,
              45.66844919786098
            ],
            [
              8.096256684492005,
              45.411764705882376
            ],
            [
              7.903743315508052,
              45.09090909090912
            ],
            [
              7.518716577540147,
              44.77005347593581
            ],
            [
              7.262032085561486,
              44.385026737967905
            ],
            [
              6.877005347593581,
              44.06417112299465
            ],
            [
              6.684491978609628,
              43.8716577540107
            ],
            [
              6.363636363636374,
              43.7433155080214
            ],
            [
              6.235294117647072,
              43.550802139037444
            ],
            [
              6.0427807486631195,
              43.48663101604279
            ],
            [
              5.786096256684516,
              43.42245989304814
            ],
            [
              5.465240641711262,
              43.35828877005349
            ],
            [
              5.080213903743356,
              43.29411764705884
            ],
            [
              4.695187165775394,
              43.22994652406419
            ],
            [
              4.310160427807489,
              43.03743315508024
            ],
            [
              3.8609625668449326,
              42.909090909090935
            ],
            [
              3.3475935828877255,
              42.78074866310163
            ],
            [
              3.026737967914471,
              42.52406417112297
            ],
            [
              2.577540106951858,
              42.39572192513367
            ],
            [
              2.2566844919786035,
              42.13903743315507
            ],
            [
              2.064171122994651,
              41.946524064171115
            ],
            [
              2.0,
              41.56149732620321
            ],
            [
              2.064171122994651,
              41.36898395721926
            ],
            [
              2.449197860962556,
              41.36898395721926
            ],
            [
              2.7058823529412166,
              41.36898395721926
            ],
            [
              3.090909090909122,
              41.304812834224606
            ],
            [
              3.540106951871678,
              41.304812834224606
            ],
            [
              3.9893048128342343,
              41.304812834224606
            ],
            [
              4.310160427807489,
              41.304812834224606
            ],
            [
              4.631016042780743,
              41.304812834224606
            ],
            [
              5.0160427807486485,
              41.49732620320856
            ],
            [
              5.33689839572196,
              41.56149732620321
            ],
            [
              5.657754010695214,
              41.68983957219251
            ],
            [
              5.850267379679167,
              41.81818181818181
            ],
            [
              6.10695187165777,
              41.882352941176464
            ],
            [
              6.299465240641723,
              41.946524064171115
            ],
            [
              6.491978609625676,
              42.13903743315507
            ],
            [
              6.748663101604279,
              42.13903743315507
            ],
            [
              7.133689839572185,
              42.39572192513367
            ],
            [
              7.454545454545496,
              42.65240641711233
            ],
            [
              7.711229946524099,
              42.844919786096284
            ],
            [
              7.903743315508052,
              42.973262032085586
            ],
            [
              8.224598930481307,
              43.16577540106954
            ],
            [
              8.48128342245991,
              43.35828877005349
            ],
            [
              8.737967914438514,
              43.48663101604279
            ],
            [
              8.866310160427815,
              43.679144385026746
            ],
            [
              9.058823529411768,
              43.80748663101605
            ],
            [
              9.25133689839572,
              44.0
            ],
            [
              9.508021390374324,
              44.2566844919786
            ],
            [
              9.700534759358277,
              44.51336898395721
            ],
            [
              9.893048128342286,
              44.57754010695186
            ],
            [
              10.085561497326239,
              44.77005347593581
            ],
            [
              10.342245989304843,
              44.77005347593581
            ],
            [
              10.727272727272748,
              44.83422459893046
            ],
            [
              10.9197860962567,
              44.96256684491982
            ],
            [
              11.240641711229955,
              44.96256684491982
            ],
            [
              11.433155080213908,
              45.02673796791447
            ],
            [
              11.62566844919786,
              45.09090909090912
            ],
            [
              11.689839572192511,
              44.83422459893046
            ],
            [
              11.689839572192511,
              44.449197860962556
            ],
            [
              11.689839572192511,
              44.1283422459893
            ],
            [
              11.689839572192511,
              43.8716577540107
            ],
            [
              11.689839572192511,
              43.42245989304814
            ],
            [
              11.754010695187162,
              43.16577540106954
            ],
            [
              11.818181818181813,
              42.973262032085586
            ],
            [
              12.074866310160417,
              42.71657754010698
            ],
            [
              12.203208556149775,
              42.52406417112297
            ],
            [
              12.52406417112303,
              42.26737967914437
            ],
            [
              12.780748663101633,
              42.010695187165766
            ],
            [
              12.973262032085586,
              41.81818181818181
            ],
            [
              13.101604278074888,
              41.43315508021391
            ],
            [
              13.22994652406419,
              41.240641711229955
            ],
            [
              13.486631016042793,
              41.11229946524065
            ],
            [
              13.614973262032095,
              40.85561497326205
            ],
            [
              13.743315508021396,
              40.6631016042781
            ],
            [
              14.06417112299465,
              40.34224598930484
            ],
            [
              14.256684491978604,
              40.14973262032083
            ],
            [
              14.449197860962556,
              39.82887700534758
            ],
            [
              14.641711229946566,
              39.76470588235293
            ],
            [
              14.770053475935867,
              39.572192513368975
            ],
            [
              15.090909090909122,
              39.25133689839572
            ],
            [
              15.155080213903773,
              39.05882352941177
            ],
            [
              15.283422459893075,
              38.802139037433165
            ],
            [
              15.475935828877027,
              38.48128342245991
            ],
            [
              15.66844919786098,
              38.28877005347596
            ],
            [
              15.860962566844933,
              38.032085561497354
            ],
            [
              15.989304812834234,
              37.77540106951869
            ],
            [
              16.245989304812838,
              37.45454545454544
            ],
            [
              16.43850267379679,
              37.197860962566835
            ],
            [
              16.43850267379679,
              37.58288770053474
            ],
            [
              16.31016042780749,
              38.032085561497354
            ],
            [
              16.245989304812838,
              38.41711229946526
            ],
            [
              16.117647058823536,
              38.67379679144386
            ],
            [
              16.053475935828885,
              38.99465240641712
            ],
            [
              16.053475935828885,
              39.37967914438502
            ],
            [
              15.925133689839583,
              39.70053475935828
            ],
            [
              15.860962566844933,
              40.08556149732618
            ],
            [
              15.796791443850282,
              40.470588235294144
            ],
            [
              15.73262032085563,
              40.6631016042781
            ],
            [
              15.475935828877027,
              40.7914438502674
            ],
            [
              15.219251336898424,
              40.7914438502674
            ],
            [
              14.96256684491982,
              40.7914438502674
            ],
            [
              14.705882352941217,
              40.7914438502674
            ],
            [
              14.449197860962556,
              40.7914438502674
            ],
            [
              14.256684491978604,
              40.98395721925135
            ],
            [
              13.93582887700535,
              41.11229946524065
            ],
            [
              13.743315508021396,
              41.304812834224606
            ],
            [
              13.614973262032095,
              41.49732620320856
            ],
            [
              13.422459893048142,
              41.75401069518716
            ],
            [
              13.22994652406419,
              41.946524064171115
            ],
            [
              13.101604278074888,
              42.20320855614972
            ],
            [
              12.844919786096284,
              42.33155080213902
            ],
            [
              12.652406417112331,
              42.45989304812832
            ]
          ],
          [
            [
              12.074866310160417,
              6.395721925133671
            ],
            [
              11.818181818181813,
              6.395721925133671
            ],
            [
              11.56149732620321,
              6.395721925133671
            ],
            [
              11.304812834224606,
              6.395721925133671
            ],
            [
              10.9197860962567,
              6.395721925133671
            ],
            [
              10.663101604278097,
              6.395721925133671
            ],
            [
              10.9197860962567,
              6.395721925133671
            ],
            [
              10.663101604278097,
              6.395721925133671
            ],
            [
              11.176470588235304,
              6.395721925133671
            ],
            [
              11.497326203208559,
              6.459893048128322
            ],
            [
              11.754010695187162,
              6.524064171122973
            ],
            [
              12.074866310160417,
              6.524064171122973
            ],
            [
              12.52406417112303,
              6.459893048128322
            ],
            [
              12.203208556149775,
              6.524064171122973
            ],
            [
              12.010695187165766,
              6.5882352941176805
            ],
            [
              11.497326203208559,
              6.844919786096284
            ],
            [
              10.85561497326205,
              7.037433155080237
            ]
          ],
          [
            [
              9.443850267379673,
              7.550802139037444
            ],
            [
              9.058823529411768,
              7.550802139037444
            ],
            [
              8.673796791443863,
              7.486631016042793
            ],
            [
              8.41711229946526,
              7.422459893048142
            ],
            [
              8.096256684492005,
              7.29411764705884
            ],
            [
              7.903743315508052,
              7.1657754010695385
            ],
            [
              7.6470588235294485,
              7.037433155080237
            ],
            [
              7.77540106951875,
              6.780748663101576
            ],
            [
              8.096256684492005,
              6.6524064171122745
            ],
            [
              8.41711229946526,
              6.524064171122973
            ],
            [
              8.802139037433165,
              6.524064171122973
            ],
            [
              9.058823529411768,
              6.459893048128322
            ],
            [
              9.379679144385022,
              6.524064171122973
            ],
            [
              9.572192513368975,
              6.844919786096284
            ],
            [
              9.700534759358277,
              7.037433155080237
            ],
            [
              9.700534759358277,
              7.29411764705884
            ],
            [
              9.636363636363626,
              7.486631016042793
            ],
            [
              9.18716577540107,
              7.486631016042793
            ],
            [
              8.930481283422466,
              7.486631016042793
            ],
            [
              8.673796791443863,
              7.486631016042793
            ]
          ]
        ]
      }
    }
  ]
}