{
  "type": "FeatureCollection",
  "crs": {
    "type": "name",
    "properties": {
      "name": "urn:ogc:def:crs:OGC:1.3:CRS84"
    }
  },
  "features": [
    {
      "type": "Feature",
      "properties": {
        "timestamp": "2026-07-19T21:10:03.783500",
        "country_name": "United States of America",
        "author": "",
        "author_id": "dd138438-a597-44a8-8e36-2a8bed04e941",
        "validated": false,
        "ranking": [
          [
            "Lithuania",
            0.12373731285333633
          ],
          [
            "Iran",
            0.06981237977743149
          ],
          [
            "Ukraine",
            0.05350807309150696
          ],
          [
            "Czech Republic",
            0.03377828374505043
          ],
          [
            "Saudi Arabia",
            0.029991386458277702
          ],
          [
            "Turkmenistan",
            0.029246000573039055
          ],
          [
            "Turkey",
            0.028141619637608528
          ],
          [
            "Nigeria",
            0.02382601611316204
          ],
          [
            "Ecuador",
            0.019607627764344215
          ],
          [
            "Kazakhstan",
            0.017510397359728813
          ],
          [
            "Mongolia",
            0.017339780926704407
          ],
          [
            "Dominican Republic",
            0.015818238258361816
          ],
          [
            "Belgium",
            0.014454256743192673
          ],
          [
            "Bhutan",
            0.013444226235151291
          ],
          [
            "Venezuela",
            0.01326726097613573
          ],
          [
            "Bulgaria",
            0.013067999854683876
          ],
          [
            "Romania",
            0.013036084361374378
          ],
          [
            "Switzerland",
            0.012399205006659031
          ],
          [
            "Madeira Islands",
            0.012377514503896236
          ],
          [
            "El Salvador",
            0.012352891266345978
          ],
          [
            "Heard and McDonald Islands",
            0.011138482950627804
          ],
          [
            "Latvia",
            0.010863590054214
          ],
          [
            "Libya",
            0.010795921087265015
          ],
          [
            "Cape Verde",
            0.010036156512796879
          ],
          [
            "Guinea",
            0.009600506164133549
          ],
          [
            "Syria",
            0.009544272907078266
          ],
          [
            "Cambodia",
            0.008917951956391335
          ],
          [
            "North Macedonia",
            0.008577046915888786
          ],
          [
            "Georgia",
            0.008517217822372913
          ],
          [
            "India",
            0.008496190421283245
          ],
          [
            "Estonia",
            0.008123589679598808
          ],
          [
            "Armenia",
            0.0075868950225412846
          ],
          [
            "Iceland",
            0.007398616522550583
          ],
          [
            "Honduras",
            0.007377887610346079
          ],
          [
            "Bosnia & Herzegovina",
            0.007316577713936567
          ],
          [
            "Montenegro",
            0.006963029038161039
          ],
          [
            "Puerto Rico",
            0.006919207517057657
          ],
          [
            "Australia",
            0.006769038736820221
          ],
          [
            "Uzbekistan",
            0.006676307879388332
          ],
          [
            "Poland",
            0.006499374285340309
          ],
          [
            "Sudan",
            0.00611802376806736
          ],
          [
            "Brazil",
            0.0059522055089473724
          ],
          [
            "Malaysia",
            0.005793842952698469
          ],
          [
            "Burkina Faso",
            0.005480490624904633
          ],
          [
            "Papua New Guinea",
            0.005331952124834061
          ],
          [
            "Colombia",
            0.0052632736042141914
          ],
          [
            "Bangladesh",
            0.005072426050901413
          ],
          [
            "Hungary",
            0.005010089837014675
          ],
          [
            "Gabon",
            0.004779648967087269
          ],
          [
            "Burundi",
            0.004661498591303825
          ],
          [
            "Spain",
            0.004475802648812532
          ],
          [
            "Slovakia",
            0.0043724458664655685
          ],
          [
            "Rwanda",
            0.004360977094620466
          ],
          [
            "Comoros",
            0.00417568814009428
          ],
          [
            "Angola",
            0.004153217654675245
          ],
          [
            "Austria",
            0.0041407751850783825
          ],
          [
            "Yemen",
            0.004059222061187029
          ],
          [
            "Netherlands Antilles",
            0.00389658915810287
          ],
          [
            "Tanzania",
            0.003848482621833682
          ],
          [
            "Botswana",
            0.003623398719355464
          ],
          [
            "South Sudan",
            0.0035750563256442547
          ],
          [
            "Ethiopia",
            0.003558871103450656
          ],
          [
            "Moldova",
            0.0035209732595831156
          ],
          [
            "Kenya",
            0.00351468613371253
          ],
          [
            "Reunion",
            0.0035127894952893257
          ],
          [
            "Senegal",
            0.0034600375220179558
          ],
          [
            "Mali",
            0.003440689295530319
          ],
          [
            "Liberia",
            0.0033764902036637068
          ],
          [
            "Bolivia",
            0.0032185527961701155
          ],
          [
            "New Caledonia",
            0.0032032665330916643
          ],
          [
            "Egypt",
            0.00310621690005064
          ],
          [
            "Guadeloupe",
            0.0029587934259325266
          ],
          [
            "Uruguay",
            0.0029558432288467884
          ],
          [
            "Jamaica",
            0.0029338086023926735
          ],
          [
            "Martinique",
            0.002872167620807886
          ],
          [
            "South Georgia Islands",
            0.002802328672260046
          ],
          [
            "Suriname",
            0.0028008322697132826
          ],
          [
            "Mexico",
            0.002665989799425006
          ],
          [
            "Paraguay",
            0.002641894854605198
          ],
          [
            "Serbia",
            0.0025884893257170916
          ],
          [
            "Timor-Leste",
            0.0025332383811473846
          ],
          [
            "United Arab Emirates",
            0.002527158008888364
          ],
          [
            "Russia",
            0.0024590061511844397
          ],
          [
            "Kyrgyzstan",
            0.00242276256904006
          ],
          [
            "Côte d'Ivoire",
            0.002138684270903468
          ],
          [
            "Namibia",
            0.002130289562046528
          ],
          [
            "Eritrea",
            0.0021111045498400927
          ],
          [
            "Sierra Leone",
            0.002102044178172946
          ],
          [
            "Turks and Caicos Islands",
            0.002101362682878971
          ],
          [
            "Guinea-Bissau",
            0.0020833362359553576
          ],
          [
            "Solomon Islands",
            0.0020112013444304466
          ],
          [
            "Falkland Islands",
            0.0019962696824222803
          ],
          [
            "Indonesia",
            0.0019732757937163115
          ],
          [
            "Hong Kong",
            0.0019594139885157347
          ],
          [
            "Bahamas",
            0.001927193603478372
          ],
          [
            "Croatia",
            0.0019144659163430333
          ],
          [
            "Niger",
            0.0018947729840874672
          ],
          [
            "Lesotho",
            0.0018458286067470908
          ],
          [
            "Central African Republic",
            0.0018147177761420608
          ],
          [
            "France",
            0.0018140844767913222
          ],
          [
            "Peru",
            0.0017826006514951587
          ],
          [
            "Costa Rica",
            0.001695999875664711
          ],
          [
            "Equatorial Guinea",
            0.0016651737969368696
          ],
          [
            "China",
            0.0016592040192335844
          ],
          [
            "Kuwait",
            0.0016554896719753742
          ],
          [
            "Panama",
            0.0015779868699610233
          ],
          [
            "Nicaragua",
            0.0015154844149947166
          ],
          [
            "Azerbaijan",
            0.0014731084229424596
          ],
          [
            "Eswatini",
            0.0014597863191738725
          ],
          [
            "Cyprus",
            0.0014305716613307595
          ],
          [
            "Iraq",
            0.0014265633653849363
          ],
          [
            "DR Congo",
            0.001411092234775424
          ],
          [
            "Somalia",
            0.0013995609479025006
          ],
          [
            "Nepal",
            0.0013513208832591772
          ],
          [
            "Fiji",
            0.0013405082281678915
          ],
          [
            "United States of America",
            0.001314264489337802
          ],
          [
            "Vietnam",
            0.0012180372141301632
          ],
          [
            "Belize",
            0.0011527877068147063
          ],
          [
            "Algeria",
            0.001094637787900865
          ],
          [
            "Faroe Islands",
            0.0010915687307715416
          ],
          [
            "New Zealand",
            0.0010532309534028172
          ],
          [
            "Malawi",
            0.0009840513812378049
          ],
          [
            "Vanuatu",
            0.0009713780600577593
          ],
          [
            "Dominica",
            0.0009637121111154556
          ],
          [
            "Antigua & Barbuda",
            0.0009420703281648457
          ],
          [
            "French Guiana",
            0.0009375656372867525
          ],
          [
            "Togo",
            0.0009255316108465195
          ],
          [
            "Uganda",
            0.0008920924738049507
          ],
          [
            "Slovenia",
            0.000883372500538826
          ],
          [
            "Italy",
            0.0008817850612103939
          ],
          [
            "Svalbard",
            0.0008799352799542248
          ],
          [
            "Mayotte",
            0.0008461689576506615
          ],
          [
            "Tajikistan",
            0.0008082474814727902
          ],
          [
            "Thailand",
            0.0008081550477072597
          ],
          [
            "Barbados",
            0.0008046589209698141
          ],
          [
            "Benin",
            0.0007949810242280364
          ],
          [
            "Zimbabwe",
            0.0007852712296880782
          ],
          [
            "Greenland",
            0.0007846259977668524
          ],
          [
            "Brunei",
            0.0007591117755509913
          ],
          [
            "South Korea",
            0.000733388471417129
          ],
          [
            "Cuba",
            0.0007275923853740096
          ],
          [
            "Myanmar",
            0.0006926109781488776
          ],
          [
            "Zambia",
            0.0006787574966438115
          ],
          [
            "Jordan",
            0.0006687226705253124
          ],
          [
            "Guyana",
            0.0006432036752812564
          ],
          [
            "Oman",
            0.0005989579949527979
          ],
          [
            "Samoa",
            0.0005940237315371633
          ],
          [
            "Chile",
            0.0005888582672923803
          ],
          [
            "Sao Tome and Principe",
            0.0005782049265690148
          ],
          [
            "Laos",
            0.0005659279995597899
          ],
          [
            "Bahrain",
            0.000557530380319804
          ],
          [
            "Japan",
            0.0005540818674489856
          ],
          [
            "Israel",
            0.0005416338099166751
          ],
          [
            "South Africa",
            0.0005363139207474887
          ],
          [
            "Congo",
            0.0005086868768557906
          ],
          [
            "Mozambique",
            0.0004788927035406232
          ],
          [
            "Afghanistan",
            0.00047876121243461967
          ],
          [
            "Tunisia",
            0.0004782400792464614
          ],
          [
            "Argentina",
            0.0004231351485941559
          ],
          [
            "United States Virgin Islands",
            0.00040497773443348706
          ],
          [
            "Haiti",
            0.00040457240538671613
          ],
          [
            "Belarus",
            0.0004043116932734847
          ],
          [
            "Qatar",
            0.0003970538673456758
          ],
          [
            "Djibouti",
            0.0003830882196780294
          ],
          [
            "Guatemala",
            0.00036952990922145545
          ],
          [
            "Sri Lanka",
            0.0003664766263682395
          ],
          [
            "Portugal",
            0.0003373771905899048
          ],
          [
            "Albania",
            0.000320640072459355
          ],
          [
            "Germany",
            0.00030502109439112246
          ],
          [
            "Finland",
            0.0002919138059951365
          ],
          [
            "Netherlands",
            0.0002899007813539356
          ],
          [
            "Sweden",
            0.00028037812444381416
          ],
          [
            "Mauritania",
            0.0002766342367976904
          ],
          [
            "Cameroon",
            0.00025364523753523827
          ],
          [
            "Guam",
            0.00024869374465197325
          ],
          [
            "Gambia",
            0.0002454609493725002
          ],
          [
            "Taiwan",
            0.0002387093409197405
          ],
          [
            "North Korea",
            0.0002232966071460396
          ],
          [
            "Saint Lucia",
            0.00021945305343251675
          ],
          [
            "Luxembourg",
            0.00021779177768621594
          ],
          [
            "Greece",
            0.00019501105998642743
          ],
          [
            "United Kingdom",
            0.00019446542137302458
          ],
          [
            "Pakistan",
            0.00018701094086281955
          ],
          [
            "Morocco",
            0.00017816887702792883
          ],
          [
            "Philippines",
            0.00017646569176577032
          ],
          [
            "Isle of Man",
            0.00017487580771557987
          ],
          [
            "West Bank",
            0.00017194802057929337
          ],
          [
            "Ireland",
            0.00014801685756538063
          ],
          [
            "Canada",
            0.0001455043238820508
          ],
          [
            "Chad",
            0.00014017322973813862
          ],
          [
            "Ghana",
            0.00013218610547482967
          ],
          [
            "Palau",
            0.00012934980622958392
          ],
          [
            "Kiribati",
            0.00011912376794498414
          ],
          [
            "Western Sahara",
            0.00011815167090389878
          ],
          [
            "Norway",
            0.00011159224959556013
          ],
          [
            "Trinidad and Tobago",
            9.120254253502935e-05
          ],
          [
            "Lebanon",
            7.038196054054424e-05
          ],
          [
            "Denmark",
            6.293962360359728e-05
          ],
          [
            "Madagascar",
            5.2832529036095366e-05
          ]
        ]
      },
      "geometry": {
        "type": "MultiLineString",
        "coordinates": [
          [
            [
              2.569259962049273,
              52.777988614800734
            ],
            [
              2.910815939278905,
              52.72106261859585
            ],
            [
              3.537001897533173,
              52.607210626185974
            ],
            [
              3.764705882352928,
              52.607210626185974
            ],
            [
              4.1631878557874415,
              52.607210626185974
            ],
            [
              5.0170777988614645,
              52.607210626185974
            ],
            [
              6.041745730550247,
              52.55028462998109
            ],
            [
              6.7248576850095105,
              52.55028462998109
            ],
            [
              7.066413662239029,
              52.436432637571215
            ],
            [
              7.351043643263779,
              52.32258064516134
            ],
            [
              7.635673624288415,
              52.26565464895634
            ],
            [
              8.091081593927925,
              52.09487666034158
            ],
            [
              8.603415559772316,
              52.03795066413659
            ],
            [
              8.944971537001834,
              51.924098671726824
            ],
            [
              9.400379506641343,
              51.924098671726824
            ],
            [
              9.855787476280852,
              51.924098671726824
            ],
            [
              10.311195445920248,
              51.86717267552183
            ],
            [
              10.538899430740003,
              51.86717267552183
            ],
            [
              10.823529411764639,
              51.81024667931695
            ],
            [
              11.222011385199266,
              51.75332068311195
            ],
            [
              11.677419354838662,
              51.639468690702074
            ],
            [
              11.905123339658417,
              51.639468690702074
            ],
            [
              12.246679316888049,
              51.639468690702074
            ],
            [
              12.531309297912685,
              51.639468690702074
            ],
            [
              12.929791271347199,
              51.639468690702074
            ],
            [
              13.27134724857683,
              51.639468690702074
            ],
            [
              13.612903225806463,
              51.639468690702074
            ],
            [
              14.068311195445858,
              51.639468690702074
            ],
            [
              14.523719165085367,
              51.639468690702074
            ],
            [
              14.979127134724877,
              51.58254269449719
            ],
            [
              15.206831119544631,
              51.58254269449719
            ],
            [
              15.54838709677415,
              51.5256166982922
            ],
            [
              15.776091081593904,
              51.5256166982922
            ],
            [
              16.06072106261854,
              51.468690702087315
            ],
            [
              16.51612903225805,
              51.41176470588232
            ],
            [
              16.914611005692564,
              51.35483870967744
            ],
            [
              17.199240986717314,
              51.35483870967744
            ],
            [
              17.48387096774195,
              51.35483870967744
            ],
            [
              17.82542694497147,
              51.297912713472556
            ],
            [
              18.1669829222011,
              51.297912713472556
            ],
            [
              18.337760910815973,
              51.24098671726756
            ],
            [
              18.736242884250487,
              51.24098671726756
            ],
            [
              19.191650853889882,
              51.18406072106268
            ],
            [
              20.045540796963905,
              51.0702087286528
            ],
            [
              21.639468690702074,
              50.956356736242924
            ],
            [
              23.176470588235247,
              50.956356736242924
            ],
            [
              24.428842504743784,
              51.013282732447806
            ],
            [
              25.111954459203048,
              51.0702087286528
            ],
            [
              25.282732447817807,
              51.12713472485768
            ],
            [
              25.795066413662198,
              51.12713472485768
            ],
            [
              26.705882352941217,
              51.12713472485768
            ],
            [
              27.388994307400367,
              50.956356736242924
            ],
            [
              27.958254269449753,
              50.956356736242924
            ],
            [
              28.29981024667927,
              50.956356736242924
            ],
            [
              28.527514231499026,
              50.956356736242924
            ],
            [
              28.982922201138535,
              50.956356736242924
            ],
            [
              29.21062618595829,
              50.956356736242924
            ],
            [
              29.38140417457305,
              51.013282732447806
            ],
            [
              29.609108159392804,
              51.013282732447806
            ],
            [
              29.950664136622436,
              51.013282732447806
            ],
            [
              30.235294117647072,
              51.013282732447806
            ],
            [
              30.462998102466827,
              51.013282732447806
            ],
            [
              30.690702087286468,
              51.013282732447806
            ],
            [
              30.86148007590134,
              51.0702087286528
            ],
            [
              31.0322580645161,
              51.12713472485768
            ],
            [
              31.0322580645161,
              51.41176470588232
            ],
            [
              31.146110056925977,
              51.58254269449719
            ],
            [
              31.316888045540736,
              51.639468690702074
            ],
            [
              31.54459203036049,
              51.639468690702074
            ],
            [
              31.82922201138524,
              51.639468690702074
            ],
            [
              32.05692599620488,
              51.639468690702074
            ],
            [
              32.17077798861476,
              51.468690702087315
            ],
            [
              32.17077798861476,
              51.18406072106268
            ],
            [
              32.227703984819755,
              51.013282732447806
            ],
            [
              32.398481973434514,
              50.956356736242924
            ],
            [
              32.62618595825427,
              50.89943074003793
            ],
            [
              32.79696394686903,
              50.84250474383305
            ],
            [
              33.08159392789378,
              50.84250474383305
            ],
            [
              33.30929791271342,
              50.84250474383305
            ],
            [
              33.53700189753317,
              50.84250474383305
            ],
            [
              33.707779886148046,
              50.72865275142317
            ],
            [
              33.93548387096769,
              50.72865275142317
            ],
            [
              34.27703984819732,
              50.61480075901329
            ],
            [
              34.44781783681219,
              50.55787476280841
            ],
            [
              34.67552182163183,
              50.55787476280841
            ],
            [
              34.90322580645159,
              50.55787476280841
            ],
            [
              35.074003795066346,
              50.61480075901329
            ],
            [
              35.24478178368122,
              50.67172675521829
            ],
            [
              35.529411764705856,
              50.67172675521829
            ],
            [
              35.70018975332073,
              50.55787476280841
            ],
            [
              35.529411764705856,
              50.38709677419354
            ],
            [
              35.3586337760911,
              50.21631878557878
            ],
            [
              35.24478178368122,
              50.04554079696402
            ],
            [
              35.074003795066346,
              49.874762808349146
            ],
            [
              34.90322580645159,
              49.70398481973439
            ],
            [
              34.90322580645159,
              49.41935483870975
            ],
            [
              34.846299810246705,
              49.134724857685
            ],
            [
              34.78937381404171,
              48.907020872865246
            ],
            [
              34.78937381404171,
              48.679316888045605
            ],
            [
              34.78937381404171,
              48.45161290322585
            ],
            [
              34.78937381404171,
              48.223908918406096
            ],
            [
              34.78937381404171,
              47.99620493358634
            ],
            [
              34.73244781783683,
              47.82542694497158
            ],
            [
              34.846299810246705,
              47.99620493358634
            ],
            [
              35.017077798861465,
              48.166982922201214
            ],
            [
              35.187855787476224,
              48.28083491461098
            ],
            [
              35.3586337760911,
              48.33776091081597
            ],
            [
              35.529411764705856,
              48.45161290322585
            ],
            [
              35.70018975332073,
              48.56546489563573
            ],
            [
              35.87096774193549,
              48.679316888045605
            ],
            [
              36.09867172675524,
              48.679316888045605
            ],
            [
              36.497153700189756,
              48.679316888045605
            ],
            [
              36.83870967741939,
              48.679316888045605
            ],
            [
              37.06641366223903,
              48.679316888045605
            ],
            [
              37.29411764705878,
              48.679316888045605
            ],
            [
              37.57874762808342,
              48.679316888045605
            ],
            [
              37.806451612903174,
              48.73624288425049
            ],
            [
              37.92030360531305,
              48.907020872865246
            ],
            [
              38.091081593927925,
              49.02087286527512
            ],
            [
              38.261859582542684,
              49.07779886148012
            ],
            [
              38.43263757115744,
              49.191650853889996
            ],
            [
              38.603415559772316,
              49.24857685009488
            ],
            [
              38.774193548387075,
              49.362428842504755
            ],
            [
              39.00189753320683,
              49.41935483870975
            ],
            [
              39.17267552182159,
              49.47628083491463
            ],
            [
              39.40037950664134,
              49.59013282732451
            ],
            [
              39.5711574952561,
              49.64705882352939
            ],
            [
              39.912713472485734,
              49.64705882352939
            ],
            [
              40.14041745730549,
              49.64705882352939
            ],
            [
              40.36812144212524,
              49.64705882352939
            ],
            [
              40.595825426945,
              49.64705882352939
            ],
            [
              40.880455407969635,
              49.64705882352939
            ],
            [
              41.16508538899427,
              49.64705882352939
            ],
            [
              41.392789373814026,
              49.59013282732451
            ],
            [
              41.67741935483866,
              49.59013282732451
            ],
            [
              41.848197343453535,
              49.533206831119514
            ],
            [
              42.018975332068294,
              49.47628083491463
            ],
            [
              42.18975332068305,
              49.41935483870975
            ],
            [
              42.360531309297926,
              49.362428842504755
            ],
            [
              42.64516129032256,
              49.362428842504755
            ],
            [
              42.4743833017078,
              49.24857685009488
            ],
            [
              42.30360531309293,
              49.134724857685
            ],
            [
              42.13282732447817,
              49.02087286527512
            ],
            [
              41.96204933586341,
              48.96394686907024
            ],
            [
              41.79127134724854,
              48.907020872865246
            ],
            [
              41.62049335863378,
              48.850094876660364
            ],
            [
              41.44971537001902,
              48.79316888045537
            ],
            [
              41.222011385199266,
              48.79316888045537
            ],
            [
              40.99430740037951,
              48.73624288425049
            ],
            [
              40.82352941176464,
              48.679316888045605
            ],
            [
              40.709677419354875,
              48.50853889943073
            ],
            [
              40.65275142314988,
              48.28083491461098
            ],
            [
              40.595825426945,
              48.11005692599622
            ],
            [
              40.48197343453512,
              47.93927893738146
            ],
            [
              40.425047438330125,
              47.76850094876659
            ],
            [
              40.36812144212524,
              47.59772296015183
            ],
            [
              40.31119544592025,
              47.42694497153707
            ],
            [
              40.197343453510484,
              47.256166982922196
            ],
            [
              40.14041745730549,
              47.085388994307436
            ],
            [
              40.14041745730549,
              46.85768500948768
            ],
            [
              40.08349146110061,
              46.68690702087292
            ],
            [
              40.02656546489561,
              46.51612903225805
            ],
            [
              40.02656546489561,
              46.288425047438295
            ],
            [
              40.02656546489561,
              45.94686907020878
            ],
            [
              40.02656546489561,
              45.71916508538902
            ],
            [
              40.02656546489561,
              45.49146110056927
            ],
            [
              40.02656546489561,
              45.26375711574951
            ],
            [
              40.02656546489561,
              45.03605313092976
            ],
            [
              40.08349146110061,
              44.80834914611012
            ],
            [
              40.14041745730549,
              44.58064516129036
            ],
            [
              40.14041745730549,
              44.35294117647061
            ],
            [
              40.14041745730549,
              44.125237191650854
            ],
            [
              40.14041745730549,
              43.8975332068311
            ],
            [
              40.197343453510484,
              43.72675521821634
            ],
            [
              40.254269449715366,
              43.55597722960158
            ],
            [
              40.36812144212524,
              43.38519924098671
            ],
            [
              40.36812144212524,
              43.15749525616695
            ],
            [
              40.425047438330125,
              42.92979127134731
            ],
            [
              40.48197343453512,
              42.75901328273244
            ],
            [
              40.595825426945,
              42.58823529411768
            ],
            [
              40.65275142314988,
              42.41745730550292
            ],
            [
              40.82352941176464,
              42.303605313093044
            ],
            [
              40.99430740037951,
              42.18975332068317
            ],
            [
              41.16508538899427,
              42.07590132827329
            ],
            [
              41.392789373814026,
              42.07590132827329
            ],
            [
              41.62049335863378,
              42.07590132827329
            ],
            [
              41.79127134724854,
              42.18975332068317
            ],
            [
              41.96204933586341,
              42.303605313093044
            ],
            [
              42.075901328273176,
              42.4743833017078
            ],
            [
              42.18975332068305,
              42.64516129032256
            ],
            [
              42.30360531309293,
              42.815939278937435
            ],
            [
              42.360531309297926,
              42.986717267552194
            ],
            [
              42.41745730550281,
              43.21442125237195
            ],
            [
              42.531309297912685,
              43.38519924098671
            ],
            [
              42.64516129032256,
              43.55597722960158
            ],
            [
              42.64516129032256,
              43.84060721062622
            ],
            [
              42.75901328273244,
              44.011385199240976
            ],
            [
              42.81593927893732,
              44.29601518026573
            ],
            [
              42.87286527514232,
              44.52371916508537
            ],
            [
              42.87286527514232,
              44.75142314990512
            ],
            [
              42.87286527514232,
              45.03605313092976
            ],
            [
              42.87286527514232,
              45.26375711574951
            ],
            [
              42.9297912713472,
              45.434535104364386
            ],
            [
              42.9297912713472,
              45.66223908918403
            ],
            [
              42.9297912713472,
              45.88994307400378
            ],
            [
              42.9297912713472,
              46.117647058823536
            ],
            [
              42.986717267552194,
              46.288425047438295
            ],
            [
              42.986717267552194,
              46.51612903225805
            ],
            [
              42.986717267552194,
              46.8007590132828
            ],
            [
              42.986717267552194,
              47.02846299810244
            ],
            [
              43.043643263757076,
              47.199240986717314
            ],
            [
              43.043643263757076,
              47.42694497153707
            ],
            [
              43.10056925996207,
              47.59772296015183
            ],
            [
              43.10056925996207,
              47.882352941176464
            ],
            [
              43.27134724857683,
              47.99620493358634
            ],
            [
              43.32827324478171,
              48.166982922201214
            ],
            [
              43.499051233396585,
              48.223908918406096
            ],
            [
              43.669829222011344,
              48.33776091081597
            ],
            [
              43.84060721062622,
              48.394686907020855
            ],
            [
              44.06831119544586,
              48.394686907020855
            ],
            [
              44.29601518026561,
              48.394686907020855
            ],
            [
              44.466793168880486,
              48.33776091081597
            ],
            [
              44.637571157495245,
              48.223908918406096
            ],
            [
              44.75142314990512,
              48.05313092979134
            ],
            [
              44.865275142315,
              47.882352941176464
            ],
            [
              44.97912713472488,
              47.711574952561705
            ],
            [
              45.092979127134754,
              47.54079696394683
            ],
            [
              45.149905123339636,
              47.31309297912719
            ],
            [
              45.20683111954463,
              47.14231499051232
            ],
            [
              45.20683111954463,
              46.91461100569268
            ],
            [
              45.26375711574951,
              46.62998102466793
            ],
            [
              45.26375711574951,
              46.40227703984817
            ],
            [
              45.26375711574951,
              46.17457305502853
            ],
            [
              45.26375711574951,
              45.94686907020878
            ],
            [
              45.26375711574951,
              45.71916508538902
            ],
            [
              45.49146110056927,
              45.71916508538902
            ],
            [
              45.776091081593904,
              45.71916508538902
            ],
            [
              46.00379506641366,
              45.66223908918403
            ],
            [
              46.117647058823536,
              45.49146110056927
            ],
            [
              46.17457305502842,
              45.26375711574951
            ],
            [
              46.23149905123341,
              45.03605313092976
            ],
            [
              46.288425047438295,
              44.865275142315
            ],
            [
              46.288425047438295,
              44.637571157495245
            ],
            [
              46.288425047438295,
              44.40986717267549
            ],
            [
              46.288425047438295,
              44.125237191650854
            ],
            [
              46.288425047438295,
              43.8975332068311
            ],
            [
              46.288425047438295,
              43.61290322580646
            ],
            [
              46.288425047438295,
              43.15749525616695
            ],
            [
              46.23149905123341,
              42.815939278937435
            ],
            [
              46.23149905123341,
              42.531309297912685
            ],
            [
              46.23149905123341,
              42.303605313093044
            ],
            [
              46.23149905123341,
              42.07590132827329
            ],
            [
              46.23149905123341,
              41.848197343453535
            ],
            [
              46.40227703984817,
              41.79127134724854
            ],
            [
              46.51612903225805,
              41.62049335863378
            ],
            [
              46.743833017077804,
              41.62049335863378
            ],
            [
              46.97153700189756,
              41.62049335863378
            ],
            [
              47.199240986717314,
              41.62049335863378
            ],
            [
              47.37001897533207,
              41.677419354838776
            ],
            [
              47.59772296015183,
              41.73434535104366
            ],
            [
              47.76850094876659,
              41.79127134724854
            ],
            [
              47.939278937381346,
              41.848197343453535
            ],
            [
              48.11005692599622,
              41.90512333965842
            ],
            [
              48.33776091081597,
              41.96204933586341
            ],
            [
              48.565464895635614,
              42.07590132827329
            ],
            [
              48.73624288425049,
              42.18975332068317
            ],
            [
              48.96394686907024,
              42.303605313093044
            ],
            [
              49.134724857685,
              42.531309297912685
            ],
            [
              49.24857685009488,
              42.70208728652756
            ],
            [
              49.362428842504755,
              42.87286527514232
            ],
            [
              49.47628083491463,
              43.043643263757076
            ],
            [
              49.47628083491463,
              43.27134724857683
            ],
            [
              49.47628083491463,
              43.499051233396585
            ],
            [
              49.59013282732451,
              43.66982922201146
            ],
            [
              49.70398481973439,
              43.84060721062622
            ],
            [
              49.874762808349146,
              43.8975332068311
            ],
            [
              50.045540796963905,
              43.954459203036095
            ],
            [
              50.21631878557878,
              44.011385199240976
            ],
            [
              50.38709677419354,
              44.06831119544597
            ],
            [
              50.5578747628083,
              44.125237191650854
            ],
            [
              50.78557874762805,
              44.18216318785585
            ],
            [
              51.013282732447806,
              44.29601518026573
            ],
            [
              51.184060721062565,
              44.35294117647061
            ],
            [
              51.35483870967744,
              44.466793168880486
            ],
            [
              51.5256166982922,
              44.52371916508537
            ],
            [
              51.696394686906956,
              44.58064516129036
            ],
            [
              51.86717267552183,
              44.69449715370024
            ],
            [
              52.03795066413659,
              44.80834914611012
            ],
            [
              52.20872865275146,
              44.865275142315
            ],
            [
              52.26565464895634,
              45.03605313092976
            ],
            [
              52.4364326375711,
              45.20683111954463
            ],
            [
              52.55028462998098,
              45.37760910815939
            ],
            [
              52.664136622390856,
              45.54838709677426
            ],
            [
              52.72106261859585,
              45.71916508538902
            ],
            [
              52.89184060721061,
              45.88994307400378
            ],
            [
              52.948766603415606,
              46.117647058823536
            ],
            [
              53.00569259962049,
              46.288425047438295
            ],
            [
              53.119544592030365,
              46.45920303605317
            ],
            [
              53.23339658444024,
              46.62998102466793
            ],
            [
              53.46110056926,
              46.62998102466793
            ],
            [
              53.68880455407964,
              46.62998102466793
            ],
            [
              53.85958254269451,
              46.68690702087292
            ],
            [
              54.258064516129025,
              46.68690702087292
            ],
            [
              54.428842504743784,
              46.743833017077804
            ],
            [
              54.59962049335866,
              46.8007590132828
            ],
            [
              54.770398481973416,
              46.85768500948768
            ],
            [
              54.941176470588175,
              46.91461100569268
            ],
            [
              55.11195445920305,
              47.02846299810244
            ],
            [
              55.28273244781781,
              47.085388994307436
            ],
            [
              55.51043643263756,
              47.085388994307436
            ],
            [
              55.68121442125232,
              47.256166982922196
            ],
            [
              55.851992409867194,
              47.31309297912719
            ],
            [
              56.02277039848195,
              47.48387096774195
            ],
            [
              56.079696394686835,
              47.65464895635671
            ],
            [
              56.19354838709671,
              47.82542694497158
            ],
            [
              56.30740037950659,
              47.99620493358634
            ],
            [
              56.47817836812146,
              48.11005692599622
            ],
            [
              56.64895635673622,
              48.28083491461098
            ],
            [
              56.70588235294122,
              48.45161290322585
            ],
            [
              56.876660341555976,
              48.62239089184061
            ],
            [
              57.047438330170735,
              48.73624288425049
            ],
            [
              57.21821631878561,
              48.850094876660364
            ],
            [
              57.38899430740037,
              48.96394686907024
            ],
            [
              57.502846299810244,
              49.134724857685
            ],
            [
              57.673624288425,
              49.191650853889996
            ],
            [
              57.844402277039876,
              49.30550284629987
            ],
            [
              58.015180265654635,
              49.362428842504755
            ],
            [
              58.185958254269394,
              49.41935483870975
            ],
            [
              58.35673624288427,
              49.47628083491463
            ],
            [
              58.527514231499026,
              49.59013282732451
            ],
            [
              58.75521821631878,
              49.76091081593927
            ],
            [
              58.86907020872866,
              49.93168880455414
            ],
            [
              58.982922201138535,
              50.15939278937378
            ],
            [
              59.03984819734342,
              50.330170777988656
            ],
            [
              59.153700189753295,
              50.500948766603415
            ],
            [
              59.324478178368054,
              50.67172675521829
            ],
            [
              59.49525616698293,
              50.72865275142317
            ],
            [
              59.666034155597686,
              50.84250474383305
            ],
            [
              59.89373814041744,
              50.84250474383305
            ],
            [
              60.0645161290322,
              50.89943074003793
            ],
            [
              60.292220113851954,
              50.89943074003793
            ],
            [
              60.46299810246683,
              50.78557874762805
            ],
            [
              60.633776091081586,
              50.61480075901329
            ],
            [
              60.69070208728647,
              50.44402277039853
            ],
            [
              60.74762808349146,
              50.27324478178366
            ],
            [
              60.804554079696345,
              50.1024667931689
            ],
            [
              60.86148007590134,
              49.93168880455414
            ],
            [
              60.91840607210622,
              49.76091081593927
            ],
            [
              61.089184060721095,
              49.59013282732451
            ],
            [
              61.089184060721095,
              49.362428842504755
            ],
            [
              61.14611005692598,
              49.134724857685
            ],
            [
              61.316888045540736,
              48.96394686907024
            ],
            [
              61.37381404174573,
              48.79316888045537
            ],
            [
              61.54459203036049,
              48.679316888045605
            ],
            [
              61.601518026565486,
              48.50853889943073
            ],
            [
              61.715370018975364,
              48.33776091081597
            ],
            [
              61.82922201138513,
              48.166982922201214
            ],
            [
              61.88614800759012,
              47.99620493358634
            ],
            [
              61.943074003795005,
              47.82542694497158
            ],
            [
              62.0,
              47.59772296015183
            ],
            [
              62.0,
              47.31309297912719
            ],
            [
              61.82922201138513,
              47.14231499051232
            ],
            [
              61.65844402277037,
              47.085388994307436
            ],
            [
              61.48766603415561,
              47.02846299810244
            ],
            [
              61.316888045540736,
              46.91461100569268
            ],
            [
              61.089184060721095,
              46.8007590132828
            ],
            [
              61.0322580645161,
              46.62998102466793
            ],
            [
              60.91840607210622,
              46.45920303605317
            ],
            [
              60.86148007590134,
              46.288425047438295
            ],
            [
              60.804554079696345,
              46.117647058823536
            ],
            [
              60.74762808349146,
              45.94686907020878
            ],
            [
              60.69070208728647,
              45.776091081593904
            ],
            [
              60.633776091081586,
              45.605313092979145
            ],
            [
              60.51992409867171,
              45.434535104364386
            ],
            [
              60.40607210626183,
              45.26375711574951
            ],
            [
              60.292220113851954,
              45.03605313092976
            ],
            [
              60.17836812144208,
              44.865275142315
            ],
            [
              60.121442125237195,
              44.69449715370024
            ],
            [
              60.00759013282732,
              44.52371916508537
            ],
            [
              59.950664136622436,
              44.35294117647061
            ],
            [
              59.77988614800756,
              44.29601518026573
            ],
            [
              59.72296015180268,
              44.125237191650854
            ],
            [
              59.89373814041744,
              44.06831119544597
            ],
            [
              60.121442125237195,
              44.06831119544597
            ],
            [
              60.292220113851954,
              44.125237191650854
            ],
            [
              60.46299810246683,
              44.18216318785585
            ],
            [
              60.633776091081586,
              44.23908918406073
            ],
            [
              60.86148007590134,
              44.29601518026573
            ],
            [
              61.0322580645161,
              44.35294117647061
            ],
            [
              60.97533206831122,
              44.125237191650854
            ],
            [
              60.804554079696345,
              43.954459203036095
            ],
            [
              60.633776091081586,
              43.8975332068311
            ],
            [
              60.46299810246683,
              43.78368121442122
            ],
            [
              60.23529411764707,
              43.66982922201146
            ],
            [
              60.0645161290322,
              43.55597722960158
            ],
            [
              59.89373814041744,
              43.4421252371917
            ],
            [
              59.666034155597686,
              43.4421252371917
            ],
            [
              59.49525616698293,
              43.38519924098671
            ],
            [
              59.26755218216317,
              43.328273244781826
            ],
            [
              59.38140417457305,
              43.499051233396585
            ],
            [
              59.43833017077793,
              43.66982922201146
            ],
            [
              59.26755218216317,
              43.61290322580646
            ],
            [
              59.153700189753295,
              43.4421252371917
            ],
            [
              58.982922201138535,
              43.27134724857683
            ],
            [
              58.81214421252366,
              43.043643263757076
            ],
            [
              58.86907020872866,
              42.87286527514232
            ],
            [
              58.982922201138535,
              42.70208728652756
            ],
            [
              58.982922201138535,
              42.4743833017078
            ],
            [
              58.92599620493354,
              42.303605313093044
            ],
            [
              58.81214421252366,
              42.13282732447817
            ],
            [
              58.6982922201139,
              41.96204933586341
            ],
            [
              58.58444022770402,
              41.79127134724854
            ],
            [
              58.41366223908915,
              41.677419354838776
            ],
            [
              58.24288425047439,
              41.5635673624289
            ],
            [
              58.12903225806451,
              41.392789373814026
            ],
            [
              58.015180265654635,
              41.222011385199266
            ],
            [
              57.844402277039876,
              41.05123339658451
            ],
            [
              57.673624288425,
              40.99430740037951
            ],
            [
              57.673624288425,
              40.76660341555976
            ],
            [
              57.61669829222012,
              40.595825426945
            ],
            [
              57.61669829222012,
              40.36812144212524
            ],
            [
              57.673624288425,
              40.14041745730549
            ],
            [
              57.73055028463,
              39.96963946869073
            ],
            [
              57.78747628083488,
              39.79886148007597
            ],
            [
              57.844402277039876,
              39.6280834914611
            ],
            [
              57.90132827324476,
              39.45730550284634
            ],
            [
              57.95825426944975,
              39.286527514231466
            ],
            [
              58.07210626185952,
              39.11574952561671
            ],
            [
              58.185958254269394,
              38.94497153700195
            ],
            [
              58.35673624288427,
              38.774193548387075
            ],
            [
              58.41366223908915,
              38.546489563567434
            ],
            [
              58.527514231499026,
              38.37571157495256
            ],
            [
              58.58444022770402,
              38.2049335863378
            ],
            [
              58.6413662239089,
              38.03415559772293
            ],
            [
              58.6413662239089,
              37.80645161290329
            ],
            [
              58.6413662239089,
              37.57874762808353
            ],
            [
              58.6413662239089,
              37.29411764705878
            ],
            [
              58.58444022770402,
              37.123339658444024
            ],
            [
              58.58444022770402,
              36.89563567362427
            ],
            [
              58.527514231499026,
              36.72485768500951
            ],
            [
              58.470588235294144,
              36.55407969639475
            ],
            [
              58.35673624288427,
              36.38330170777988
            ],
            [
              58.24288425047439,
              36.155597722960124
            ],
            [
              58.12903225806451,
              35.92789373814048
            ],
            [
              58.12903225806451,
              36.155597722960124
            ],
            [
              58.12903225806451,
              36.38330170777988
            ],
            [
              58.12903225806451,
              36.61100569259963
            ],
            [
              58.12903225806451,
              36.83870967741939
            ],
            [
              58.12903225806451,
              37.06641366223914
            ],
            [
              58.12903225806451,
              37.29411764705878
            ],
            [
              58.07210626185952,
              37.464895635673656
            ],
            [
              57.90132827324476,
              37.52182163187854
            ],
            [
              57.78747628083488,
              37.69259962049341
            ],
            [
              57.61669829222012,
              37.80645161290329
            ],
            [
              57.559772296015126,
              37.97722960151805
            ],
            [
              57.332068311195485,
              38.148007590132806
            ],
            [
              57.21821631878561,
              38.31878557874768
            ],
            [
              57.10436432637573,
              38.48956356736244
            ],
            [
              56.99051233396585,
              38.31878557874768
            ],
            [
              56.99051233396585,
              38.091081593927925
            ],
            [
              56.99051233396585,
              37.86337760910817
            ],
            [
              56.99051233396585,
              37.635673624288415
            ],
            [
              56.99051233396585,
              37.40796963946866
            ],
            [
              57.10436432637573,
              37.2371916508539
            ],
            [
              57.16129032258061,
              37.06641366223914
            ],
            [
              57.21821631878561,
              36.83870967741939
            ],
            [
              57.27514231499049,
              36.61100569259963
            ],
            [
              57.332068311195485,
              36.440227703984874
            ],
            [
              57.38899430740037,
              36.26944971537
            ],
            [
              57.44592030360525,
              36.09867172675524
            ],
            [
              57.44592030360525,
              35.87096774193549
            ],
            [
              57.502846299810244,
              35.70018975332073
            ],
            [
              57.502846299810244,
              35.472485768500974
            ],
            [
              57.502846299810244,
              35.24478178368122
            ],
            [
              57.502846299810244,
              35.017077798861465
            ],
            [
              57.502846299810244,
              34.78937381404171
            ],
            [
              57.44592030360525,
              34.61859582542695
            ],
            [
              57.44592030360525,
              34.390891840607196
            ],
            [
              57.38899430740037,
              34.22011385199244
            ],
            [
              57.27514231499049,
              34.04933586337768
            ],
            [
              57.21821631878561,
              33.878557874762805
            ],
            [
              57.16129032258061,
              33.707779886148046
            ],
            [
              57.047438330170735,
              33.48007590132829
            ],
            [
              56.99051233396585,
              33.30929791271353
            ],
            [
              56.81973434535098,
              33.13851992409866
            ],
            [
              56.70588235294122,
              32.9677419354839
            ],
            [
              56.59203036053134,
              32.79696394686914
            ],
            [
              56.47817836812146,
              32.56925996204939
            ],
            [
              56.30740037950659,
              32.45540796963951
            ],
            [
              56.25047438330171,
              32.284629981024636
            ],
            [
              56.13662239089183,
              32.11385199240988
            ],
            [
              56.02277039848195,
              31.943074003795118
            ],
            [
              55.851992409867194,
              31.772296015180245
            ],
            [
              55.7950664136622,
              31.601518026565486
            ],
            [
              55.68121442125232,
              31.430740037950727
            ],
            [
              55.56736242884244,
              31.203036053130973
            ],
            [
              55.45351043643268,
              31.0322580645161
            ],
            [
              55.396584440227684,
              30.86148007590134
            ],
            [
              55.28273244781781,
              30.69070208728658
            ],
            [
              55.225806451612925,
              30.462998102466827
            ],
            [
              55.16888045540793,
              30.292220113851954
            ],
            [
              55.11195445920305,
              30.121442125237195
            ],
            [
              54.99810246679317,
              29.89373814041744
            ],
            [
              54.941176470588175,
              29.72296015180268
            ],
            [
              54.88425047438329,
              29.552182163187922
            ],
            [
              54.713472485768534,
              29.324478178368167
            ],
            [
              54.65654648956354,
              29.153700189753295
            ],
            [
              54.48576850094878,
              28.869070208728658
            ],
            [
              54.258064516129025,
              28.58444022770402
            ],
            [
              53.97343453510439,
              28.185958254269508
            ],
            [
              53.802656546489516,
              27.958254269449753
            ],
            [
              53.63187855787476,
              27.73055028463
            ],
            [
              53.51802656546488,
              27.502846299810244
            ],
            [
              53.46110056926,
              27.332068311195485
            ],
            [
              53.34724857685012,
              27.161290322580726
            ],
            [
              53.23339658444024,
              26.990512333965853
            ],
            [
              53.119544592030365,
              26.7628083491461
            ],
            [
              53.00569259962049,
              26.59203036053134
            ],
            [
              52.948766603415606,
              26.307400379506703
            ],
            [
              52.83491461100573,
              26.022770398481953
            ],
            [
              52.777988614800734,
              25.795066413662312
            ],
            [
              52.664136622390856,
              25.45351043643268
            ],
            [
              52.664136622390856,
              25.225806451612925
            ],
            [
              52.4933586337761,
              24.884250474383293
            ],
            [
              52.4933586337761,
              24.599620493358657
            ],
            [
              52.4364326375711,
              24.371916508538902
            ],
            [
              52.4364326375711,
              24.144212523719148
            ],
            [
              52.37950664136622,
              23.97343453510439
            ],
            [
              52.322580645161224,
              23.80265654648963
            ],
            [
              52.26565464895634,
              23.631878557874757
            ],
            [
              52.26565464895634,
              23.404174573055002
            ],
            [
              52.20872865275146,
              23.17647058823536
            ],
            [
              52.20872865275146,
              22.89184060721061
            ],
            [
              52.20872865275146,
              22.550284629981093
            ],
            [
              52.20872865275146,
              22.265654648956342
            ],
            [
              52.20872865275146,
              22.037950664136588
            ],
            [
              52.151802656546465,
              21.69639468690707
            ],
            [
              52.151802656546465,
              21.468690702087315
            ],
            [
              52.151802656546465,
              21.18406072106268
            ],
            [
              52.151802656546465,
              20.956356736242924
            ],
            [
              52.20872865275146,
              20.72865275142317
            ],
            [
              52.20872865275146,
              20.444022770398533
            ],
            [
              52.26565464895634,
              20.21631878557878
            ],
            [
              52.37950664136622,
              19.988614800759024
            ],
            [
              52.4933586337761,
              19.76091081593927
            ],
            [
              52.664136622390856,
              19.533206831119514
            ],
            [
              52.72106261859585,
              19.305502846299873
            ],
            [
              52.83491461100573,
              19.134724857685
            ],
            [
              53.00569259962049,
              18.907020872865246
            ],
            [
              53.17647058823525,
              18.679316888045605
            ],
            [
              53.290322580645125,
              18.45161290322585
            ],
            [
              53.34724857685012,
              18.280834914610978
            ],
            [
              53.51802656546488,
              18.11005692599622
            ],
            [
              53.57495256166976,
              17.93927893738146
            ],
            [
              53.745730550284634,
              17.65464895635671
            ],
            [
              53.802656546489516,
              17.48387096774195
            ],
            [
              53.85958254269451,
              17.256166982922196
            ],
            [
              53.91650853889939,
              17.085388994307436
            ],
            [
              54.03036053130927,
              16.857685009487682
            ],
            [
              54.087286527514266,
              16.573055028463045
            ],
            [
              54.14421252371915,
              16.402277039848173
            ],
            [
              54.258064516129025,
              16.117647058823536
            ],
            [
              54.31499051233391,
              15.889943074003781
            ],
            [
              54.3719165085389,
              15.719165085389022
            ],
            [
              54.428842504743784,
              15.548387096774263
            ],
            [
              54.48576850094878,
              15.206831119544631
            ],
            [
              54.59962049335866,
              14.979127134724877
            ],
            [
              54.59962049335866,
              14.751423149905122
            ],
            [
              54.713472485768534,
              14.523719165085367
            ],
            [
              54.770398481973416,
              14.352941176470608
            ],
            [
              54.88425047438329,
              14.068311195445972
            ],
            [
              54.941176470588175,
              13.840607210626217
            ],
            [
              54.941176470588175,
              13.612903225806463
            ],
            [
              54.99810246679317,
              13.442125237191703
            ],
            [
              55.11195445920305,
              13.157495256166953
            ],
            [
              55.16888045540793,
              12.929791271347312
            ],
            [
              55.225806451612925,
              12.702087286527558
            ],
            [
              55.28273244781781,
              12.531309297912685
            ],
            [
              55.28273244781781,
              12.303605313093044
            ],
            [
              55.28273244781781,
              12.07590132827329
            ],
            [
              55.16888045540793,
              11.905123339658417
            ],
            [
              55.05502846299805,
              11.677419354838776
            ],
            [
              54.941176470588175,
              11.449715370019021
            ],
            [
              54.770398481973416,
              11.392789373814026
            ],
            [
              54.59962049335866,
              11.335863377609144
            ],
            [
              54.3719165085389,
              11.335863377609144
            ],
            [
              54.03036053130927,
              11.335863377609144
            ],
            [
              53.802656546489516,
              11.278937381404148
            ],
            [
              53.63187855787476,
              11.222011385199266
            ],
            [
              53.46110056926,
              11.278937381404148
            ],
            [
              53.17647058823525,
              11.335863377609144
            ],
            [
              53.119544592030365,
              11.506641366223903
            ],
            [
              52.948766603415606,
              11.62049335863378
            ],
            [
              52.89184060721061,
              11.79127134724854
            ],
            [
              52.72106261859585,
              11.962049335863412
            ],
            [
              52.607210626185974,
              12.132827324478171
            ],
            [
              52.4933586337761,
              12.360531309297926
            ],
            [
              52.37950664136622,
              12.531309297912685
            ],
            [
              52.26565464895634,
              12.702087286527558
            ],
            [
              52.20872865275146,
              12.929791271347312
            ],
            [
              52.03795066413659,
              13.100569259962072
            ],
            [
              51.981024667931706,
              13.27134724857683
            ],
            [
              51.92409867172671,
              13.499051233396585
            ],
            [
              51.81024667931683,
              13.72675521821634
            ],
            [
              51.696394686906956,
              13.897533206831099
            ],
            [
              51.639468690702074,
              14.068311195445972
            ],
            [
              51.5256166982922,
              14.296015180265726
            ],
            [
              51.41176470588232,
              14.523719165085367
            ],
            [
              51.29791271347244,
              14.69449715370024
            ],
            [
              51.24098671726756,
              14.865275142315
            ],
            [
              51.184060721062565,
              15.036053130929758
            ],
            [
              51.12713472485768,
              15.206831119544631
            ],
            [
              51.07020872865269,
              15.434535104364386
            ],
            [
              51.013282732447806,
              15.66223908918414
            ],
            [
              50.89943074003793,
              15.8330170777989
            ],
            [
              50.84250474383305,
              16.00379506641366
            ],
            [
              50.72865275142317,
              16.17457305502853
            ],
            [
              50.671726755218174,
              16.34535104364329
            ],
            [
              50.5578747628083,
              16.51612903225805
            ],
            [
              50.38709677419354,
              16.629981024667927
            ],
            [
              50.330170777988656,
              16.8007590132828
            ],
            [
              50.15939278937378,
              16.97153700189756
            ],
            [
              50.045540796963905,
              17.142314990512318
            ],
            [
              49.93168880455403,
              17.31309297912719
            ],
            [
              49.81783681214415,
              17.48387096774195
            ],
            [
              49.64705882352939,
              17.711574952561705
            ],
            [
              49.533206831119514,
              17.882352941176464
            ],
            [
              49.47628083491463,
              18.053130929791337
            ],
            [
              49.41935483870964,
              18.280834914610978
            ],
            [
              49.24857685009488,
              18.565464895635728
            ],
            [
              49.134724857685,
              18.79316888045537
            ],
            [
              49.02087286527512,
              19.020872865275123
            ],
            [
              48.96394686907024,
              19.191650853889996
            ],
            [
              48.79316888045537,
              19.362428842504755
            ],
            [
              48.73624288425049,
              19.533206831119514
            ],
            [
              48.565464895635614,
              19.64705882352939
            ],
            [
              48.394686907020855,
              19.703984819734387
            ],
            [
              48.223908918406096,
              19.817836812144265
            ],
            [
              48.05313092979122,
              19.874762808349146
            ],
            [
              47.882352941176464,
              19.931688804554142
            ],
            [
              47.59772296015183,
              19.988614800759024
            ],
            [
              47.256166982922196,
              20.04554079696402
            ],
            [
              46.97153700189756,
              20.04554079696402
            ],
            [
              46.743833017077804,
              20.04554079696402
            ],
            [
              46.51612903225805,
              19.988614800759024
            ],
            [
              46.288425047438295,
              19.988614800759024
            ],
            [
              46.06072106261854,
              19.988614800759024
            ],
            [
              45.8330170777989,
              19.988614800759024
            ],
            [
              45.605313092979145,
              19.874762808349146
            ],
            [
              45.43453510436427,
              19.76091081593927
            ],
            [
              45.320683111954395,
              19.931688804554142
            ],
            [
              45.320683111954395,
              20.159392789373783
            ],
            [
              45.149905123339636,
              20.21631878557878
            ],
            [
              44.92220113851988,
              20.21631878557878
            ],
            [
              44.69449715370013,
              20.1024667931689
            ],
            [
              44.466793168880486,
              20.04554079696402
            ],
            [
              44.29601518026561,
              19.988614800759024
            ],
            [
              44.125237191650854,
              19.931688804554142
            ],
            [
              44.011385199240976,
              19.76091081593927
            ],
            [
              44.182163187855735,
              19.703984819734387
            ],
            [
              44.29601518026561,
              19.533206831119514
            ],
            [
              44.182163187855735,
              19.305502846299873
            ],
            [
              44.011385199240976,
              19.248576850094878
            ],
            [
              43.84060721062622,
              19.191650853889996
            ],
            [
              43.61290322580646,
              19.248576850094878
            ],
            [
              43.44212523719159,
              19.305502846299873
            ],
            [
              43.21442125237195,
              19.305502846299873
            ],
            [
              42.9297912713472,
              19.362428842504755
            ],
            [
              42.75901328273244,
              19.41935483870975
            ],
            [
              42.531309297912685,
              19.41935483870975
            ],
            [
              42.30360531309293,
              19.476280834914633
            ],
            [
              42.13282732447817,
              19.533206831119514
            ],
            [
              41.848197343453535,
              19.533206831119514
            ]
          ],
          [
            [
              2.7400379506641457,
              52.607210626185974
            ],
            [
              2.7400379506641457,
              52.37950664136622
            ],
            [
              2.7400379506641457,
              52.151802656546465
            ],
            [
              2.7400379506641457,
              51.86717267552183
            ],
            [
              2.7400379506641457,
              51.639468690702074
            ],
            [
              2.7400379506641457,
              51.297912713472556
            ],
            [
              2.7969639468690275,
              51.12713472485768
            ],
            [
              2.7969639468690275,
              50.78557874762805
            ],
            [
              2.853889943074023,
              50.61480075901329
            ],
            [
              2.910815939278905,
              50.44402277039853
            ],
            [
              2.7400379506641457,
              50.500948766603415
            ],
            [
              2.569259962049273,
              50.61480075901329
            ],
            [
              2.3984819734345137,
              50.72865275142317
            ],
            [
              2.341555977229632,
              50.55787476280841
            ],
            [
              2.2846299810246364,
              50.330170777988656
            ],
            [
              2.2277039848197546,
              50.15939278937378
            ],
            [
              2.2277039848197546,
              49.93168880455414
            ],
            [
              2.2277039848197546,
              49.70398481973439
            ],
            [
              2.170777988614759,
              49.533206831119514
            ],
            [
              2.170777988614759,
              49.30550284629987
            ],
            [
              2.1138519924098773,
              49.134724857685
            ],
            [
              2.1138519924098773,
              48.907020872865246
            ],
            [
              2.056925996204882,
              48.679316888045605
            ],
            [
              2.0,
              48.45161290322585
            ],
            [
              2.0,
              48.223908918406096
            ],
            [
              2.0,
              47.99620493358634
            ],
            [
              2.0,
              47.76850094876659
            ],
            [
              2.0,
              47.54079696394683
            ],
            [
              2.0,
              47.31309297912719
            ],
            [
              2.0,
              47.085388994307436
            ],
            [
              2.056925996204882,
              46.85768500948768
            ],
            [
              2.056925996204882,
              46.62998102466793
            ],
            [
              2.1138519924098773,
              46.45920303605317
            ],
            [
              2.1138519924098773,
              46.23149905123341
            ],
            [
              2.1138519924098773,
              46.00379506641366
            ],
            [
              2.1138519924098773,
              45.776091081593904
            ],
            [
              2.1138519924098773,
              45.49146110056927
            ],
            [
              2.170777988614759,
              45.26375711574951
            ],
            [
              2.170777988614759,
              45.03605313092976
            ],
            [
              2.2277039848197546,
              44.80834914611012
            ],
            [
              2.2846299810246364,
              44.637571157495245
            ],
            [
              2.2846299810246364,
              44.40986717267549
            ],
            [
              2.341555977229632,
              44.125237191650854
            ],
            [
              2.3984819734345137,
              43.8975332068311
            ],
            [
              2.4554079696395092,
              43.66982922201146
            ],
            [
              2.4554079696395092,
              43.4421252371917
            ],
            [
              2.512333965844391,
              43.21442125237195
            ],
            [
              2.512333965844391,
              42.986717267552194
            ],
            [
              2.569259962049273,
              42.815939278937435
            ],
            [
              2.569259962049273,
              42.531309297912685
            ],
            [
              2.6261859582542684,
              42.360531309297926
            ],
            [
              2.68311195445915,
              42.07590132827329
            ],
            [
              2.7400379506641457,
              41.848197343453535
            ],
            [
              2.7969639468690275,
              41.677419354838776
            ],
            [
              2.7969639468690275,
              41.44971537001902
            ],
            [
              2.853889943074023,
              41.222011385199266
            ],
            [
              2.910815939278905,
              41.05123339658451
            ],
            [
              2.9677419354839003,
              40.880455407969635
            ],
            [
              3.024667931688782,
              40.709677419354875
            ],
            [
              3.1954459203035412,
              40.880455407969635
            ],
            [
              3.3092979127134186,
              41.05123339658451
            ],
            [
              3.4800759013282914,
              41.165085388994385
            ],
            [
              3.6508538899430505,
              41.10815939278939
            ],
            [
              3.764705882352928,
              40.93738140417463
            ],
            [
              3.8216318785578096,
              40.76660341555976
            ],
            [
              3.935483870967687,
              40.595825426945
            ],
            [
              3.935483870967687,
              40.36812144212524
            ],
            [
              3.9924098671726824,
              40.197343453510484
            ],
            [
              3.9924098671726824,
              39.96963946869073
            ],
            [
              3.9924098671726824,
              39.741935483870975
            ],
            [
              3.9924098671726824,
              39.51423149905122
            ],
            [
              3.9924098671726824,
              39.229601518026584
            ],
            [
              3.8216318785578096,
              39.11574952561671
            ],
            [
              3.6508538899430505,
              39.058823529411825
            ],
            [
              3.4800759013282914,
              39.00189753320683
            ],
            [
              3.3092979127134186,
              38.94497153700195
            ],
            [
              3.3092979127134186,
              38.71726755218219
            ],
            [
              3.366223908918414,
              38.546489563567434
            ],
            [
              3.4800759013282914,
              38.31878557874768
            ],
            [
              3.537001897533173,
              38.148007590132806
            ],
            [
              3.5939278937381687,
              37.920303605313165
            ],
            [
              3.6508538899430505,
              37.74952561669829
            ],
            [
              3.6508538899430505,
              37.52182163187854
            ],
            [
              3.707779886148046,
              37.35104364326378
            ],
            [
              3.707779886148046,
              37.123339658444024
            ],
            [
              3.707779886148046,
              36.89563567362427
            ],
            [
              3.707779886148046,
              36.66793168880463
            ],
            [
              3.707779886148046,
              36.440227703984874
            ],
            [
              3.707779886148046,
              36.21252371916512
            ],
            [
              3.707779886148046,
              35.92789373814048
            ],
            [
              3.707779886148046,
              35.70018975332073
            ],
            [
              3.707779886148046,
              35.472485768500974
            ],
            [
              3.707779886148046,
              35.24478178368122
            ],
            [
              3.707779886148046,
              35.017077798861465
            ],
            [
              3.707779886148046,
              34.73244781783683
            ],
            [
              3.707779886148046,
              34.50474383301707
            ],
            [
              3.707779886148046,
              34.22011385199244
            ],
            [
              3.6508538899430505,
              34.04933586337768
            ],
            [
              3.6508538899430505,
              33.82163187855792
            ],
            [
              3.5939278937381687,
              33.59392789373817
            ],
            [
              3.5939278937381687,
              33.25237191650854
            ],
            [
              3.537001897533173,
              33.02466793168878
            ],
            [
              3.537001897533173,
              32.740037950664146
            ],
            [
              3.4800759013282914,
              32.56925996204939
            ],
            [
              3.4800759013282914,
              32.34155597722963
            ],
            [
              3.4800759013282914,
              32.056925996204995
            ],
            [
              3.4800759013282914,
              31.82922201138524
            ],
            [
              3.4800759013282914,
              31.601518026565486
            ],
            [
              3.5939278937381687,
              31.430740037950727
            ],
            [
              3.707779886148046,
              31.203036053130973
            ],
            [
              3.8216318785578096,
              31.0322580645161
            ],
            [
              3.935483870967687,
              30.86148007590134
            ],
            [
              4.10626185958256,
              30.69070208728658
            ],
            [
              4.333965844402314,
              30.51992409867171
            ],
            [
              4.5047438330170735,
              30.40607210626183
            ],
            [
              4.561669829221955,
              30.235294117647072
            ],
            [
              4.618595825426951,
              30.064516129032313
            ],
            [
              4.675521821631833,
              29.89373814041744
            ],
            [
              4.78937381404171,
              29.72296015180268
            ],
            [
              4.846299810246705,
              29.552182163187922
            ],
            [
              4.846299810246705,
              29.324478178368167
            ],
            [
              4.903225806451587,
              29.153700189753295
            ],
            [
              4.960151802656583,
              28.982922201138535
            ],
            [
              5.0170777988614645,
              28.75521821631878
            ],
            [
              5.0170777988614645,
              28.527514231499026
            ],
            [
              5.074003795066346,
              28.356736242884267
            ],
            [
              5.244781783681219,
              28.185958254269508
            ],
            [
              5.3586337760910965,
              28.015180265654635
            ],
            [
              5.529411764705856,
              27.78747628083488
            ],
            [
              5.700189753320728,
              27.61669829222012
            ],
            [
              5.8709677419354875,
              27.445920303605362
            ],
            [
              6.098671726755242,
              27.388994307400367
            ],
            [
              6.269449715370001,
              27.27514231499049
            ],
            [
              6.497153700189756,
              27.27514231499049
            ],
            [
              6.667931688804515,
              27.161290322580726
            ],
            [
              6.838709677419388,
              27.04743833017085
            ],
            [
              7.066413662239029,
              27.04743833017085
            ],
            [
              7.294117647058783,
              26.819734345351094
            ],
            [
              7.464895635673656,
              26.705882352941217
            ],
            [
              7.635673624288415,
              26.64895635673622
            ],
            [
              7.8064516129031745,
              26.59203036053134
            ],
            [
              8.034155597722929,
              26.59203036053134
            ],
            [
              8.261859582542684,
              26.59203036053134
            ],
            [
              8.432637571157443,
              26.535104364326344
            ],
            [
              8.660341555977197,
              26.535104364326344
            ],
            [
              8.944971537001834,
              26.535104364326344
            ],
            [
              9.172675521821589,
              26.535104364326344
            ],
            [
              9.400379506641343,
              26.535104364326344
            ],
            [
              9.571157495256102,
              26.59203036053134
            ],
            [
              9.798861480075857,
              26.535104364326344
            ],
            [
              10.026565464895612,
              26.535104364326344
            ],
            [
              10.19734345351037,
              26.478178368121462
            ],
            [
              10.538899430740003,
              26.478178368121462
            ],
            [
              10.766603415559757,
              26.478178368121462
            ],
            [
              10.994307400379512,
              26.478178368121462
            ],
            [
              11.222011385199266,
              26.42125237191658
            ],
            [
              11.449715370019021,
              26.42125237191658
            ],
            [
              11.62049335863378,
              26.364326375711585
            ],
            [
              11.905123339658417,
              26.364326375711585
            ],
            [
              12.132827324478171,
              26.364326375711585
            ],
            [
              12.132827324478171,
              26.13662239089183
            ],
            [
              12.246679316888049,
              25.96584440227707
            ],
            [
              12.417457305502808,
              25.795066413662312
            ],
            [
              12.58823529411768,
              25.62428842504744
            ],
            [
              12.702087286527558,
              25.45351043643268
            ],
            [
              12.872865275142317,
              25.339658444022803
            ],
            [
              13.043643263757076,
              25.225806451612925
            ],
            [
              13.157495256166953,
              25.055028462998166
            ],
            [
              13.385199240986708,
              24.94117647058829
            ],
            [
              13.499051233396585,
              24.770398481973416
            ],
            [
              13.669829222011344,
              24.54269449715366
            ],
            [
              13.954459203036095,
              24.371916508538902
            ],
            [
              14.125237191650854,
              24.31499051233402
            ],
            [
              14.239089184060731,
              24.144212523719148
            ],
            [
              14.40986717267549,
              24.03036053130927
            ],
            [
              14.580645161290363,
              23.916508538899507
            ],
            [
              14.808349146110004,
              23.80265654648963
            ],
            [
              14.979127134724877,
              23.745730550284634
            ],
            [
              15.263757115749513,
              23.745730550284634
            ],
            [
              15.434535104364272,
              23.80265654648963
            ],
            [
              15.719165085389022,
              23.80265654648963
            ],
            [
              16.00379506641366,
              23.80265654648963
            ],
            [
              16.174573055028418,
              23.85958254269451
            ],
            [
              16.459203036053168,
              23.85958254269451
            ],
            [
              16.743833017077804,
              23.85958254269451
            ],
            [
              16.914611005692564,
              23.80265654648963
            ],
            [
              17.085388994307436,
              23.745730550284634
            ],
            [
              17.313092979127077,
              23.745730550284634
            ],
            [
              17.48387096774195,
              23.631878557874757
            ],
            [
              17.711574952561705,
              23.631878557874757
            ],
            [
              17.882352941176464,
              23.574952561669875
            ],
            [
              18.053130929791223,
              23.51802656546488
            ],
            [
              18.280834914610978,
              23.51802656546488
            ],
            [
              18.508538899430732,
              23.461100569259997
            ],
            [
              18.736242884250487,
              23.404174573055002
            ],
            [
              18.96394686907024,
              23.404174573055002
            ],
            [
              19.191650853889882,
              23.404174573055002
            ],
            [
              19.419354838709637,
              23.404174573055002
            ],
            [
              19.64705882352939,
              23.404174573055002
            ],
            [
              19.81783681214415,
              23.34724857685012
            ],
            [
              19.988614800759024,
              23.290322580645125
            ],
            [
              20.21631878557878,
              23.233396584440243
            ],
            [
              20.387096774193537,
              23.17647058823536
            ],
            [
              20.387096774193537,
              22.948766603415606
            ],
            [
              20.387096774193537,
              22.72106261859585
            ],
            [
              20.387096774193537,
              22.493358633776097
            ],
            [
              20.500948766603415,
              22.322580645161338
            ],
            [
              20.557874762808297,
              22.151802656546465
            ],
            [
              20.671726755218174,
              21.924098671726824
            ],
            [
              20.78557874762805,
              21.75332068311195
            ],
            [
              20.842504743833047,
              21.582542694497192
            ],
            [
              21.013282732447806,
              21.468690702087315
            ],
            [
              21.24098671726756,
              21.297912713472556
            ],
            [
              21.354838709677438,
              21.127134724857683
            ],
            [
              21.639468690702074,
              21.013282732447806
            ],
            [
              21.810246679316833,
              20.89943074003793
            ],
            [
              22.094876660341583,
              20.78557874762805
            ],
            [
              22.265654648956342,
              20.72865275142317
            ],
            [
              22.4364326375711,
              20.671726755218288
            ],
            [
              22.607210626185974,
              20.614800759013292
            ],
            [
              22.83491461100573,
              20.55787476280841
            ],
            [
              23.005692599620488,
              20.500948766603415
            ],
            [
              23.290322580645125,
              20.444022770398533
            ],
            [
              23.51802656546488,
              20.387096774193537
            ],
            [
              23.745730550284634,
              20.21631878557878
            ],
            [
              23.916508538899393,
              20.159392789373783
            ],
            [
              24.087286527514266,
              19.988614800759024
            ],
            [
              24.314990512333907,
              19.931688804554142
            ],
            [
              24.48576850094878,
              19.76091081593927
            ],
            [
              24.65654648956354,
              19.703984819734387
            ],
            [
              24.82732447817841,
              19.533206831119514
            ],
            [
              25.055028462998052,
              19.41935483870975
            ],
            [
              25.225806451612925,
              19.191650853889996
            ],
            [
              25.396584440227684,
              19.020872865275123
            ],
            [
              25.567362428842443,
              18.79316888045537
            ],
            [
              25.738140417457316,
              18.62239089184061
            ],
            [
              25.795066413662198,
              18.45161290322585
            ],
            [
              25.96584440227707,
              18.394686907020855
            ],
            [
              26.022770398481953,
              18.223908918406096
            ],
            [
              26.13662239089183,
              18.053130929791337
            ],
            [
              26.193548387096712,
              17.882352941176464
            ],
            [
              26.250474383301707,
              17.711574952561705
            ],
            [
              26.364326375711585,
              17.48387096774195
            ],
            [
              26.478178368121462,
              17.31309297912719
            ],
            [
              26.59203036053134,
              17.142314990512318
            ],
            [
              26.705882352941217,
              16.914611005692677
            ],
            [
              26.7628083491461,
              16.743833017077804
            ],
            [
              26.876660341555976,
              16.51612903225805
            ],
            [
              26.933586337760858,
              16.34535104364329
            ],
            [
              26.990512333965853,
              16.117647058823536
            ],
            [
              27.10436432637573,
              15.946869070208777
            ],
            [
              27.161290322580612,
              15.776091081593904
            ],
            [
              27.388994307400367,
              15.66223908918414
            ],
            [
              27.559772296015126,
              15.491461100569268
            ],
            [
              27.73055028463,
              15.37760910815939
            ],
            [
              27.958254269449753,
              15.206831119544631
            ],
            [
              28.24288425047439,
              15.149905123339636
            ],
            [
              28.527514231499026,
              14.979127134724877
            ],
            [
              28.75521821631878,
              14.808349146110118
            ],
            [
              28.982922201138535,
              14.751423149905122
            ],
            [
              29.21062618595829,
              14.69449715370024
            ],
            [
              29.43833017077793,
              14.580645161290363
            ],
            [
              29.666034155597686,
              14.523719165085367
            ],
            [
              29.83681214421256,
              14.466793168880486
            ],
            [
              30.007590132827318,
              14.40986717267549
            ],
            [
              30.292220113851954,
              14.296015180265726
            ],
            [
              30.633776091081586,
              14.18216318785585
            ],
            [
              31.146110056925977,
              14.068311195445972
            ],
            [
              31.48766603415561,
              14.068311195445972
            ],
            [
              31.601518026565486,
              14.239089184060731
            ],
            [
              31.601518026565486,
              14.466793168880486
            ],
            [
              31.601518026565486,
              14.751423149905122
            ],
            [
              31.601518026565486,
              14.979127134724877
            ],
            [
              31.54459203036049,
              15.206831119544631
            ],
            [
              31.48766603415561,
              15.37760910815939
            ],
            [
              31.430740037950613,
              15.605313092979145
            ],
            [
              31.430740037950613,
              15.889943074003781
            ],
            [
              31.37381404174573,
              16.117647058823536
            ],
            [
              31.259962049335854,
              16.288425047438295
            ],
            [
              31.259962049335854,
              16.573055028463045
            ],
            [
              31.146110056925977,
              16.8007590132828
            ],
            [
              31.089184060721095,
              17.02846299810244
            ],
            [
              31.0322580645161,
              17.199240986717314
            ],
            [
              31.0322580645161,
              17.48387096774195
            ],
            [
              31.0322580645161,
              17.711574952561705
            ],
            [
              31.0322580645161,
              17.93927893738146
            ],
            [
              31.089184060721095,
              18.166982922201214
            ],
            [
              31.146110056925977,
              18.337760910815973
            ],
            [
              31.203036053130973,
              18.508538899430732
            ],
            [
              31.259962049335854,
              18.679316888045605
            ],
            [
              31.37381404174573,
              18.850094876660364
            ],
            [
              31.54459203036049,
              18.907020872865246
            ],
            [
              31.715370018975364,
              18.96394686907024
            ],
            [
              31.943074003795005,
              19.07779886148012
            ],
            [
              32.17077798861476,
              19.07779886148012
            ],
            [
              32.398481973434514,
              19.07779886148012
            ],
            [
              32.62618595825427,
              19.07779886148012
            ],
            [
              32.85388994307402,
              19.07779886148012
            ],
            [
              33.08159392789378,
              19.07779886148012
            ],
            [
              33.25237191650854,
              19.134724857685
            ],
            [
              33.53700189753317,
              19.134724857685
            ],
            [
              33.76470588235293,
              19.191650853889996
            ],
            [
              33.93548387096769,
              19.248576850094878
            ],
            [
              34.22011385199244,
              19.248576850094878
            ],
            [
              34.390891840607196,
              19.305502846299873
            ],
            [
              34.61859582542695,
              19.305502846299873
            ],
            [
              34.78937381404171,
              19.362428842504755
            ],
            [
              35.017077798861465,
              19.362428842504755
            ],
            [
              35.24478178368122,
              19.362428842504755
            ],
            [
              35.529411764705856,
              19.41935483870975
            ],
            [
              35.75711574952561,
              19.41935483870975
            ],
            [
              35.984819734345365,
              19.41935483870975
            ],
            [
              36.26944971537,
              19.41935483870975
            ],
            [
              36.497153700189756,
              19.305502846299873
            ],
            [
              36.78178368121439,
              19.305502846299873
            ],
            [
              36.83870967741939,
              19.533206831119514
            ],
            [
              36.83870967741939,
              19.76091081593927
            ],
            [
              36.78178368121439,
              19.931688804554142
            ],
            [
              36.78178368121439,
              20.159392789373783
            ],
            [
              36.952561669829265,
              20.27324478178366
            ],
            [
              37.35104364326378,
              20.330170777988656
            ],
            [
              37.635673624288415,
              20.387096774193537
            ],
            [
              37.92030360531305,
              20.387096774193537
            ],
            [
              38.148007590132806,
              20.387096774193537
            ],
            [
              38.54648956356732,
              20.387096774193537
            ],
            [
              38.71726755218219,
              20.330170777988656
            ],
            [
              38.774193548387075,
              20.1024667931689
            ],
            [
              38.71726755218219,
              19.874762808349146
            ],
            [
              38.71726755218219,
              19.533206831119514
            ],
            [
              38.71726755218219,
              19.305502846299873
            ],
            [
              39.00189753320683,
              19.305502846299873
            ],
            [
              39.286527514231466,
              19.248576850094878
            ],
            [
              39.5711574952561,
              19.248576850094878
            ],
            [
              39.85578747628085,
              19.248576850094878
            ],
            [
              40.08349146110061,
              19.248576850094878
            ],
            [
              40.595825426945,
              19.305502846299873
            ],
            [
              41.051233396584394,
              19.305502846299873
            ],
            [
              41.222011385199266,
              19.362428842504755
            ],
            [
              41.392789373814026,
              19.41935483870975
            ],
            [
              41.563567362428785,
              19.533206831119514
            ],
            [
              41.90512333965842,
              19.533206831119514
            ],
            [
              42.13282732447817,
              19.533206831119514
            ],
            [
              42.30360531309293,
              19.476280834914633
            ]
          ]
        ]
      }
    }
  ]
}